{"Lambert's Bay": [18.3085, -32.09694], "Norotshama River Resort, Namibia": [17.410637, -28.394788], "Fish River Canyon": [17.529217, -27.869629], "Keetmanshoop": [18.104627, -26.531289], "Noordoewer Border Post": [17.615762, -28.736911], "Border Posts - Vioolsdrift": [-69.134082, -21.993193], "Sesriem": [15.79702, -24.489648], "Walvis Bay": [14.500107, -22.946833], "Kokerboomwoud": [18.23333, -26.46667], "Sesriem Canyon": [15.792472, -24.519332], "Dead Vlei": [15.292845, -24.762299], "Deadvlei": [15.290664, -24.747648], "Dune 45": [-72.551051, 40.820803], "Giant's Playground": [18.272487, -26.466253], "Bethanien, Namibia": [17.15, -26.48333], "Helmeringhausen": [16.81667, -25.88333], "JFK New York Airport": [40.642947899999996, -73.7793733748521], "Seattle Airport": [47.4475673, -122.3080158569515]}