{"Lambert's Bay": [18.3085, -32.09694], "Norotshama River Resort, Namibia": [17.410637, -28.394788], "Fish River Canyon": [17.529217, -27.869629], "Keetmanshoop": [18.104627, -26.531289], "Noordoewer Border Post": [17.615762, -28.736911], "Border Posts - Vioolsdrift": [-69.134082, -21.993193], "Sesriem": [15.79702, -24.489648], "Walvis Bay": [14.500107, -22.946833], "Kokerboomwoud": [18.23333, -26.46667], "Sesriem Canyon": [15.792472, -24.519332], "Dead Vlei": [15.292845, -24.762299], "Deadvlei": [15.290664, -24.747648], "Dune 45": [-72.551051, 40.820803], "Giant's Playground": [18.272487, -26.466253], "Bethanien, Namibia": [17.15, -26.48333], "Helmeringhausen": [16.81667, -25.88333], "JFK New York Airport": [40.642947899999996, -73.7793733748521], "Seattle Airport": [47.4475673, -122.3080158569515], "SJD": [23.1451694, -109.7180129], "Ronald Reagan Washington National Airport": [38.8512894, -77.0396889], "Todos Santos, B.C.S., Mexico": [-109.719588, 23.069077], "Los Cabos Airport": [-109.70719, 23.135839], "Aeropuerto Internacional de Los Cabos": [-109.717533, 23.154408], "La Paz, Mexico": [-110.32305, 24.132766], "Plaza del Pueblo, Todos Santos": [-5.268927, 36.300293], "Iglesia Mision Todos Santos": [-80.52021, 7.84101], "Letras Todos Santos": [-122.035608, 37.977101], "Cancun Airport, Mexico": [21.0406984, -86.881759], "Mexico City Airport": [19.4358083, -99.0712891], "Colon, Costa Rica": [-84.2417, 9.91491], "Universidad para la Paz": [-76.951065, -12.080029]}