{
    "type": "FeatureCollection",
    "bbox": [
        -91.163172,
        14.560747,
        -90.734233,
        14.767356
    ],
    "features": [
        {
            "bbox": [
                -91.163172,
                14.560747,
                -90.734233,
                14.767356
            ],
            "type": "Feature",
            "properties": {
                "segments": [
                    {
                        "distance": 76254.9,
                        "duration": 5046.3,
                        "steps": [
                            {
                                "distance": 23.0,
                                "duration": 5.5,
                                "type": 11,
                                "instruction": "Head south on 5a Avenida Norte",
                                "name": "5a Avenida Norte",
                                "way_points": [
                                    0,
                                    1
                                ]
                            },
                            {
                                "distance": 337.2,
                                "duration": 60.7,
                                "type": 1,
                                "instruction": "Turn right onto 1a Calle Poniente",
                                "name": "1a Calle Poniente",
                                "way_points": [
                                    1,
                                    5
                                ]
                            },
                            {
                                "distance": 530.5,
                                "duration": 54.6,
                                "type": 1,
                                "instruction": "Turn right onto Avenida del Desenga\u00f1o, RN-14",
                                "name": "Avenida del Desenga\u00f1o, RN-14",
                                "way_points": [
                                    5,
                                    12
                                ]
                            },
                            {
                                "distance": 1222.6,
                                "duration": 110.7,
                                "type": 0,
                                "instruction": "Turn left onto Calle Ancha de los Herreros, RN-14",
                                "name": "Calle Ancha de los Herreros, RN-14",
                                "way_points": [
                                    12,
                                    47
                                ]
                            },
                            {
                                "distance": 323.1,
                                "duration": 33.2,
                                "type": 0,
                                "instruction": "Turn left onto 1a Calle",
                                "name": "1a Calle",
                                "way_points": [
                                    47,
                                    59
                                ]
                            },
                            {
                                "distance": 1353.8,
                                "duration": 125.8,
                                "type": 1,
                                "instruction": "Turn right onto Calle de La Azotea",
                                "name": "Calle de La Azotea",
                                "way_points": [
                                    59,
                                    82
                                ]
                            },
                            {
                                "distance": 672.6,
                                "duration": 69.2,
                                "type": 0,
                                "instruction": "Turn left onto Calle Real de Jocotenango, RN-14-02",
                                "name": "Calle Real de Jocotenango, RN-14-02",
                                "way_points": [
                                    82,
                                    94
                                ]
                            },
                            {
                                "distance": 2335.9,
                                "duration": 157.9,
                                "type": 6,
                                "instruction": "Continue straight onto RN-14",
                                "name": "RN-14",
                                "way_points": [
                                    94,
                                    159
                                ]
                            },
                            {
                                "distance": 4573.7,
                                "duration": 277.2,
                                "type": 4,
                                "instruction": "Turn slight left onto RN-14",
                                "name": "RN-14",
                                "way_points": [
                                    159,
                                    250
                                ]
                            },
                            {
                                "distance": 2958.5,
                                "duration": 221.2,
                                "type": 1,
                                "instruction": "Turn right onto Avenida Valle de los Pinos, RN-14",
                                "name": "Avenida Valle de los Pinos, RN-14",
                                "way_points": [
                                    250,
                                    314
                                ]
                            },
                            {
                                "distance": 304.7,
                                "duration": 28.7,
                                "type": 0,
                                "instruction": "Turn left onto Carretera Los Aposentos - San Andr\u00e9s Itzapa, RD CHM-26",
                                "name": "Carretera Los Aposentos - San Andr\u00e9s Itzapa, RD CHM-26",
                                "way_points": [
                                    314,
                                    320
                                ]
                            },
                            {
                                "distance": 14376.1,
                                "duration": 922.3,
                                "type": 13,
                                "instruction": "Keep right",
                                "name": "-",
                                "way_points": [
                                    320,
                                    563
                                ]
                            },
                            {
                                "distance": 41.5,
                                "duration": 8.0,
                                "type": 0,
                                "instruction": "Turn left",
                                "name": "-",
                                "way_points": [
                                    563,
                                    567
                                ]
                            },
                            {
                                "distance": 13269.0,
                                "duration": 773.7,
                                "type": 1,
                                "instruction": "Turn right onto 3a Calle, RN-1",
                                "name": "3a Calle, RN-1",
                                "way_points": [
                                    567,
                                    810
                                ]
                            },
                            {
                                "distance": 1126.3,
                                "duration": 73.3,
                                "type": 7,
                                "instruction": "Enter the roundabout and take the 3rd exit onto 2a Calle, RN-1",
                                "name": "2a Calle, RN-1",
                                "exit_number": 3,
                                "way_points": [
                                    810,
                                    826
                                ]
                            },
                            {
                                "distance": 101.5,
                                "duration": 12.2,
                                "type": 0,
                                "instruction": "Turn left onto 8a Avenida",
                                "name": "8a Avenida",
                                "way_points": [
                                    826,
                                    827
                                ]
                            },
                            {
                                "distance": 15987.0,
                                "duration": 970.8,
                                "type": 3,
                                "instruction": "Turn sharp right onto 3a Calle, RN-1",
                                "name": "3a Calle, RN-1",
                                "way_points": [
                                    827,
                                    1361
                                ]
                            },
                            {
                                "distance": 75.9,
                                "duration": 13.7,
                                "type": 13,
                                "instruction": "Keep right",
                                "name": "-",
                                "way_points": [
                                    1361,
                                    1367
                                ]
                            },
                            {
                                "distance": 3845.6,
                                "duration": 230.7,
                                "type": 5,
                                "instruction": "Turn slight right onto Carretera Las Trampas - God\u00ednez, RN-11",
                                "name": "Carretera Las Trampas - God\u00ednez, RN-11",
                                "way_points": [
                                    1367,
                                    1438
                                ]
                            },
                            {
                                "distance": 7816.3,
                                "duration": 454.8,
                                "type": 12,
                                "instruction": "Keep left onto Carretera San Andr\u00e9s Semetabaj - Las Cruces, RD SOL-15",
                                "name": "Carretera San Andr\u00e9s Semetabaj - Las Cruces, RD SOL-15",
                                "way_points": [
                                    1438,
                                    1671
                                ]
                            },
                            {
                                "distance": 3568.1,
                                "duration": 244.2,
                                "type": 0,
                                "instruction": "Turn left onto Carretera Solol\u00e1 - Patzic\u00eda, RN-1",
                                "name": "Carretera Solol\u00e1 - Patzic\u00eda, RN-1",
                                "way_points": [
                                    1671,
                                    1753
                                ]
                            },
                            {
                                "distance": 101.2,
                                "duration": 24.3,
                                "type": 1,
                                "instruction": "Turn right onto Calle del Campanario, RN-1",
                                "name": "Calle del Campanario, RN-1",
                                "way_points": [
                                    1753,
                                    1755
                                ]
                            },
                            {
                                "distance": 301.0,
                                "duration": 31.0,
                                "type": 0,
                                "instruction": "Turn left onto Avenida Los \u00c1rboles, RN-1",
                                "name": "Avenida Los \u00c1rboles, RN-1",
                                "way_points": [
                                    1755,
                                    1762
                                ]
                            },
                            {
                                "distance": 588.3,
                                "duration": 35.3,
                                "type": 5,
                                "instruction": "Turn slight right onto Calle Real, RN-1",
                                "name": "Calle Real, RN-1",
                                "way_points": [
                                    1762,
                                    1782
                                ]
                            },
                            {
                                "distance": 36.8,
                                "duration": 13.3,
                                "type": 0,
                                "instruction": "Turn left",
                                "name": "-",
                                "way_points": [
                                    1782,
                                    1784
                                ]
                            },
                            {
                                "distance": 262.6,
                                "duration": 64.9,
                                "type": 1,
                                "instruction": "Turn right onto Calle del Embarcadero",
                                "name": "Calle del Embarcadero",
                                "way_points": [
                                    1784,
                                    1791
                                ]
                            },
                            {
                                "distance": 40.9,
                                "duration": 9.8,
                                "type": 1,
                                "instruction": "Turn right",
                                "name": "-",
                                "way_points": [
                                    1791,
                                    1792
                                ]
                            },
                            {
                                "distance": 81.2,
                                "duration": 19.5,
                                "type": 13,
                                "instruction": "Keep right",
                                "name": "-",
                                "way_points": [
                                    1792,
                                    1796
                                ]
                            },
                            {
                                "distance": 0.0,
                                "duration": 0.0,
                                "type": 10,
                                "instruction": "Arrive at your destination, on the right",
                                "name": "-",
                                "way_points": [
                                    1796,
                                    1796
                                ]
                            }
                        ]
                    }
                ],
                "extras": {
                    "roadaccessrestrictions": {
                        "values": [
                            [
                                0,
                                1791,
                                0
                            ],
                            [
                                1791,
                                1792,
                                32
                            ],
                            [
                                1792,
                                1796,
                                0
                            ]
                        ],
                        "summary": [
                            {
                                "value": 0.0,
                                "distance": 76214.0,
                                "amount": 99.95
                            },
                            {
                                "value": 32.0,
                                "distance": 40.9,
                                "amount": 0.05
                            }
                        ]
                    }
                },
                "warnings": [
                    {
                        "code": 1,
                        "message": "There may be restrictions on some roads"
                    }
                ],
                "way_points": [
                    0,
                    1796
                ],
                "summary": {
                    "distance": 76254.9,
                    "duration": 5046.3
                }
            },
            "geometry": {
                "coordinates": [
                    [
                        -90.734233,
                        14.56098
                    ],
                    [
                        -90.734233,
                        14.560773
                    ],
                    [
                        -90.735277,
                        14.560767
                    ],
                    [
                        -90.736299,
                        14.560756
                    ],
                    [
                        -90.736417,
                        14.560755
                    ],
                    [
                        -90.737366,
                        14.560747
                    ],
                    [
                        -90.73733,
                        14.561744
                    ],
                    [
                        -90.737311,
                        14.562019
                    ],
                    [
                        -90.737293,
                        14.562362
                    ],
                    [
                        -90.737299,
                        14.562796
                    ],
                    [
                        -90.737329,
                        14.563911
                    ],
                    [
                        -90.73735,
                        14.564578
                    ],
                    [
                        -90.737416,
                        14.565514
                    ],
                    [
                        -90.73747,
                        14.565534
                    ],
                    [
                        -90.737578,
                        14.565569
                    ],
                    [
                        -90.738309,
                        14.565704
                    ],
                    [
                        -90.738479,
                        14.565752
                    ],
                    [
                        -90.738751,
                        14.565874
                    ],
                    [
                        -90.738955,
                        14.566053
                    ],
                    [
                        -90.739184,
                        14.566312
                    ],
                    [
                        -90.739363,
                        14.566553
                    ],
                    [
                        -90.739477,
                        14.566745
                    ],
                    [
                        -90.739578,
                        14.567003
                    ],
                    [
                        -90.739636,
                        14.567155
                    ],
                    [
                        -90.73981,
                        14.567877
                    ],
                    [
                        -90.739891,
                        14.568175
                    ],
                    [
                        -90.740045,
                        14.568529
                    ],
                    [
                        -90.740292,
                        14.56906
                    ],
                    [
                        -90.740319,
                        14.569122
                    ],
                    [
                        -90.740503,
                        14.56947
                    ],
                    [
                        -90.740937,
                        14.570006
                    ],
                    [
                        -90.741186,
                        14.57037
                    ],
                    [
                        -90.74127,
                        14.570494
                    ],
                    [
                        -90.741361,
                        14.570629
                    ],
                    [
                        -90.7415,
                        14.570886
                    ],
                    [
                        -90.741557,
                        14.570989
                    ],
                    [
                        -90.741572,
                        14.571044
                    ],
                    [
                        -90.741626,
                        14.571295
                    ],
                    [
                        -90.741631,
                        14.571368
                    ],
                    [
                        -90.741611,
                        14.572085
                    ],
                    [
                        -90.74161,
                        14.572375
                    ],
                    [
                        -90.741612,
                        14.572502
                    ],
                    [
                        -90.741597,
                        14.572886
                    ],
                    [
                        -90.741599,
                        14.573095
                    ],
                    [
                        -90.741623,
                        14.573442
                    ],
                    [
                        -90.741752,
                        14.573999
                    ],
                    [
                        -90.741786,
                        14.574185
                    ],
                    [
                        -90.741918,
                        14.574723
                    ],
                    [
                        -90.742323,
                        14.574683
                    ],
                    [
                        -90.742576,
                        14.574658
                    ],
                    [
                        -90.742686,
                        14.574647
                    ],
                    [
                        -90.743273,
                        14.574588
                    ],
                    [
                        -90.743428,
                        14.574573
                    ],
                    [
                        -90.743577,
                        14.574558
                    ],
                    [
                        -90.743636,
                        14.574552
                    ],
                    [
                        -90.74372,
                        14.574548
                    ],
                    [
                        -90.743923,
                        14.574531
                    ],
                    [
                        -90.744429,
                        14.574496
                    ],
                    [
                        -90.744692,
                        14.574479
                    ],
                    [
                        -90.744908,
                        14.574461
                    ],
                    [
                        -90.744958,
                        14.574567
                    ],
                    [
                        -90.745397,
                        14.575481
                    ],
                    [
                        -90.745732,
                        14.576173
                    ],
                    [
                        -90.745821,
                        14.576432
                    ],
                    [
                        -90.745957,
                        14.577153
                    ],
                    [
                        -90.746015,
                        14.577925
                    ],
                    [
                        -90.746041,
                        14.578537
                    ],
                    [
                        -90.746044,
                        14.578904
                    ],
                    [
                        -90.746063,
                        14.579217
                    ],
                    [
                        -90.746182,
                        14.580141
                    ],
                    [
                        -90.746235,
                        14.580462
                    ],
                    [
                        -90.746357,
                        14.581211
                    ],
                    [
                        -90.746503,
                        14.582139
                    ],
                    [
                        -90.746529,
                        14.582314
                    ],
                    [
                        -90.746615,
                        14.582681
                    ],
                    [
                        -90.746677,
                        14.582938
                    ],
                    [
                        -90.74684,
                        14.583618
                    ],
                    [
                        -90.747055,
                        14.584443
                    ],
                    [
                        -90.747162,
                        14.584868
                    ],
                    [
                        -90.7472,
                        14.585136
                    ],
                    [
                        -90.747212,
                        14.585851
                    ],
                    [
                        -90.747197,
                        14.586174
                    ],
                    [
                        -90.747155,
                        14.586317
                    ],
                    [
                        -90.747573,
                        14.58669
                    ],
                    [
                        -90.747946,
                        14.587094
                    ],
                    [
                        -90.748377,
                        14.587535
                    ],
                    [
                        -90.748612,
                        14.587829
                    ],
                    [
                        -90.748816,
                        14.588122
                    ],
                    [
                        -90.749055,
                        14.588736
                    ],
                    [
                        -90.749172,
                        14.589217
                    ],
                    [
                        -90.749308,
                        14.589544
                    ],
                    [
                        -90.749568,
                        14.590045
                    ],
                    [
                        -90.749931,
                        14.590765
                    ],
                    [
                        -90.750049,
                        14.590994
                    ],
                    [
                        -90.750308,
                        14.591432
                    ],
                    [
                        -90.750422,
                        14.591565
                    ],
                    [
                        -90.750835,
                        14.591983
                    ],
                    [
                        -90.751022,
                        14.592146
                    ],
                    [
                        -90.751118,
                        14.592229
                    ],
                    [
                        -90.751173,
                        14.592277
                    ],
                    [
                        -90.751592,
                        14.592645
                    ],
                    [
                        -90.751926,
                        14.593024
                    ],
                    [
                        -90.752169,
                        14.593234
                    ],
                    [
                        -90.752347,
                        14.593346
                    ],
                    [
                        -90.752885,
                        14.593653
                    ],
                    [
                        -90.753342,
                        14.594
                    ],
                    [
                        -90.75392,
                        14.594449
                    ],
                    [
                        -90.753974,
                        14.594507
                    ],
                    [
                        -90.754034,
                        14.594623
                    ],
                    [
                        -90.754058,
                        14.594755
                    ],
                    [
                        -90.754101,
                        14.595225
                    ],
                    [
                        -90.754432,
                        14.595727
                    ],
                    [
                        -90.754736,
                        14.596124
                    ],
                    [
                        -90.755055,
                        14.596408
                    ],
                    [
                        -90.755431,
                        14.596943
                    ],
                    [
                        -90.755585,
                        14.597153
                    ],
                    [
                        -90.755637,
                        14.597222
                    ],
                    [
                        -90.75611,
                        14.597987
                    ],
                    [
                        -90.756298,
                        14.598195
                    ],
                    [
                        -90.756501,
                        14.598272
                    ],
                    [
                        -90.756889,
                        14.598322
                    ],
                    [
                        -90.757113,
                        14.598337
                    ],
                    [
                        -90.757489,
                        14.598363
                    ],
                    [
                        -90.757952,
                        14.598423
                    ],
                    [
                        -90.758149,
                        14.598429
                    ],
                    [
                        -90.758643,
                        14.598379
                    ],
                    [
                        -90.758904,
                        14.598331
                    ],
                    [
                        -90.759018,
                        14.598328
                    ],
                    [
                        -90.759284,
                        14.598387
                    ],
                    [
                        -90.759524,
                        14.598506
                    ],
                    [
                        -90.759859,
                        14.598703
                    ],
                    [
                        -90.760021,
                        14.59884
                    ],
                    [
                        -90.760135,
                        14.598995
                    ],
                    [
                        -90.760166,
                        14.599092
                    ],
                    [
                        -90.760235,
                        14.599654
                    ],
                    [
                        -90.760239,
                        14.599802
                    ],
                    [
                        -90.760209,
                        14.600329
                    ],
                    [
                        -90.760277,
                        14.601041
                    ],
                    [
                        -90.760347,
                        14.601268
                    ],
                    [
                        -90.760486,
                        14.601478
                    ],
                    [
                        -90.760645,
                        14.601625
                    ],
                    [
                        -90.760783,
                        14.60171
                    ],
                    [
                        -90.761023,
                        14.601802
                    ],
                    [
                        -90.76116,
                        14.601807
                    ],
                    [
                        -90.76171,
                        14.601758
                    ],
                    [
                        -90.761816,
                        14.601779
                    ],
                    [
                        -90.761908,
                        14.601841
                    ],
                    [
                        -90.762007,
                        14.601934
                    ],
                    [
                        -90.762137,
                        14.602084
                    ],
                    [
                        -90.762437,
                        14.602609
                    ],
                    [
                        -90.762554,
                        14.602746
                    ],
                    [
                        -90.762818,
                        14.602996
                    ],
                    [
                        -90.763047,
                        14.603139
                    ],
                    [
                        -90.763191,
                        14.603281
                    ],
                    [
                        -90.76324,
                        14.603387
                    ],
                    [
                        -90.7633,
                        14.603717
                    ],
                    [
                        -90.763694,
                        14.604414
                    ],
                    [
                        -90.763809,
                        14.604701
                    ],
                    [
                        -90.763926,
                        14.604956
                    ],
                    [
                        -90.763988,
                        14.605052
                    ],
                    [
                        -90.7643,
                        14.605121
                    ],
                    [
                        -90.764912,
                        14.605421
                    ],
                    [
                        -90.765344,
                        14.605637
                    ],
                    [
                        -90.765457,
                        14.605712
                    ],
                    [
                        -90.765847,
                        14.606077
                    ],
                    [
                        -90.766046,
                        14.606224
                    ],
                    [
                        -90.766486,
                        14.606453
                    ],
                    [
                        -90.766836,
                        14.606722
                    ],
                    [
                        -90.767445,
                        14.607297
                    ],
                    [
                        -90.767812,
                        14.607489
                    ],
                    [
                        -90.768171,
                        14.607707
                    ],
                    [
                        -90.768535,
                        14.608089
                    ],
                    [
                        -90.769081,
                        14.608356
                    ],
                    [
                        -90.769507,
                        14.608734
                    ],
                    [
                        -90.769942,
                        14.608965
                    ],
                    [
                        -90.770067,
                        14.609085
                    ],
                    [
                        -90.770151,
                        14.609332
                    ],
                    [
                        -90.770227,
                        14.609723
                    ],
                    [
                        -90.770312,
                        14.609872
                    ],
                    [
                        -90.770423,
                        14.609987
                    ],
                    [
                        -90.770551,
                        14.610076
                    ],
                    [
                        -90.771061,
                        14.610316
                    ],
                    [
                        -90.771192,
                        14.610407
                    ],
                    [
                        -90.771319,
                        14.610516
                    ],
                    [
                        -90.771592,
                        14.610819
                    ],
                    [
                        -90.77187,
                        14.611265
                    ],
                    [
                        -90.772047,
                        14.611398
                    ],
                    [
                        -90.772279,
                        14.611441
                    ],
                    [
                        -90.772459,
                        14.61143
                    ],
                    [
                        -90.772688,
                        14.611366
                    ],
                    [
                        -90.773019,
                        14.611142
                    ],
                    [
                        -90.773402,
                        14.610939
                    ],
                    [
                        -90.774478,
                        14.610579
                    ],
                    [
                        -90.774634,
                        14.610551
                    ],
                    [
                        -90.774822,
                        14.610568
                    ],
                    [
                        -90.77556,
                        14.610808
                    ],
                    [
                        -90.776196,
                        14.610849
                    ],
                    [
                        -90.77702,
                        14.610784
                    ],
                    [
                        -90.777211,
                        14.610743
                    ],
                    [
                        -90.778205,
                        14.61053
                    ],
                    [
                        -90.778424,
                        14.610518
                    ],
                    [
                        -90.778578,
                        14.610547
                    ],
                    [
                        -90.778687,
                        14.610585
                    ],
                    [
                        -90.77937,
                        14.610908
                    ],
                    [
                        -90.779717,
                        14.61105
                    ],
                    [
                        -90.78007,
                        14.611198
                    ],
                    [
                        -90.78027,
                        14.611277
                    ],
                    [
                        -90.7806,
                        14.611413
                    ],
                    [
                        -90.780945,
                        14.611555
                    ],
                    [
                        -90.781002,
                        14.611574
                    ],
                    [
                        -90.781315,
                        14.611666
                    ],
                    [
                        -90.781589,
                        14.611723
                    ],
                    [
                        -90.781683,
                        14.611731
                    ],
                    [
                        -90.782388,
                        14.611808
                    ],
                    [
                        -90.783041,
                        14.611897
                    ],
                    [
                        -90.78357,
                        14.611886
                    ],
                    [
                        -90.783899,
                        14.611868
                    ],
                    [
                        -90.784042,
                        14.611855
                    ],
                    [
                        -90.784496,
                        14.61181
                    ],
                    [
                        -90.784855,
                        14.61178
                    ],
                    [
                        -90.78511,
                        14.611759
                    ],
                    [
                        -90.785153,
                        14.611756
                    ],
                    [
                        -90.785556,
                        14.611718
                    ],
                    [
                        -90.785768,
                        14.611698
                    ],
                    [
                        -90.786027,
                        14.611679
                    ],
                    [
                        -90.787499,
                        14.611623
                    ],
                    [
                        -90.787671,
                        14.61163
                    ],
                    [
                        -90.788444,
                        14.611597
                    ],
                    [
                        -90.789213,
                        14.611515
                    ],
                    [
                        -90.789373,
                        14.611498
                    ],
                    [
                        -90.790149,
                        14.611419
                    ],
                    [
                        -90.790564,
                        14.611374
                    ],
                    [
                        -90.790692,
                        14.611358
                    ],
                    [
                        -90.790882,
                        14.611335
                    ],
                    [
                        -90.792341,
                        14.611135
                    ],
                    [
                        -90.793019,
                        14.611035
                    ],
                    [
                        -90.793439,
                        14.610978
                    ],
                    [
                        -90.795442,
                        14.610691
                    ],
                    [
                        -90.795996,
                        14.610614
                    ],
                    [
                        -90.796292,
                        14.610555
                    ],
                    [
                        -90.796394,
                        14.61053
                    ],
                    [
                        -90.796548,
                        14.610446
                    ],
                    [
                        -90.796945,
                        14.610229
                    ],
                    [
                        -90.798247,
                        14.609534
                    ],
                    [
                        -90.798429,
                        14.609515
                    ],
                    [
                        -90.798699,
                        14.60955
                    ],
                    [
                        -90.799123,
                        14.609618
                    ],
                    [
                        -90.800017,
                        14.609716
                    ],
                    [
                        -90.800918,
                        14.60981
                    ],
                    [
                        -90.801812,
                        14.609916
                    ],
                    [
                        -90.802912,
                        14.610038
                    ],
                    [
                        -90.802889,
                        14.610265
                    ],
                    [
                        -90.802876,
                        14.610384
                    ],
                    [
                        -90.802852,
                        14.610622
                    ],
                    [
                        -90.80282,
                        14.610927
                    ],
                    [
                        -90.802722,
                        14.611777
                    ],
                    [
                        -90.802647,
                        14.612633
                    ],
                    [
                        -90.802675,
                        14.612791
                    ],
                    [
                        -90.80274,
                        14.613158
                    ],
                    [
                        -90.802906,
                        14.61401
                    ],
                    [
                        -90.802932,
                        14.61415
                    ],
                    [
                        -90.803114,
                        14.615098
                    ],
                    [
                        -90.803244,
                        14.615789
                    ],
                    [
                        -90.803291,
                        14.615898
                    ],
                    [
                        -90.803337,
                        14.616003
                    ],
                    [
                        -90.80352,
                        14.616269
                    ],
                    [
                        -90.803721,
                        14.616507
                    ],
                    [
                        -90.804046,
                        14.616892
                    ],
                    [
                        -90.804196,
                        14.617035
                    ],
                    [
                        -90.804275,
                        14.617079
                    ],
                    [
                        -90.804384,
                        14.617099
                    ],
                    [
                        -90.80464,
                        14.617076
                    ],
                    [
                        -90.804865,
                        14.617004
                    ],
                    [
                        -90.805081,
                        14.61691
                    ],
                    [
                        -90.80531,
                        14.616733
                    ],
                    [
                        -90.805539,
                        14.616582
                    ],
                    [
                        -90.80571,
                        14.616554
                    ],
                    [
                        -90.805879,
                        14.616545
                    ],
                    [
                        -90.806227,
                        14.616578
                    ],
                    [
                        -90.806456,
                        14.616629
                    ],
                    [
                        -90.806668,
                        14.616744
                    ],
                    [
                        -90.806787,
                        14.616931
                    ],
                    [
                        -90.806823,
                        14.617052
                    ],
                    [
                        -90.806828,
                        14.617169
                    ],
                    [
                        -90.806763,
                        14.617353
                    ],
                    [
                        -90.806603,
                        14.61771
                    ],
                    [
                        -90.806073,
                        14.618742
                    ],
                    [
                        -90.80592,
                        14.619153
                    ],
                    [
                        -90.805767,
                        14.619466
                    ],
                    [
                        -90.805412,
                        14.619879
                    ],
                    [
                        -90.805376,
                        14.619966
                    ],
                    [
                        -90.805373,
                        14.620156
                    ],
                    [
                        -90.805411,
                        14.620252
                    ],
                    [
                        -90.805515,
                        14.620333
                    ],
                    [
                        -90.805697,
                        14.620424
                    ],
                    [
                        -90.805928,
                        14.620568
                    ],
                    [
                        -90.806156,
                        14.620794
                    ],
                    [
                        -90.806475,
                        14.621206
                    ],
                    [
                        -90.807569,
                        14.622716
                    ],
                    [
                        -90.80772,
                        14.622924
                    ],
                    [
                        -90.807767,
                        14.622989
                    ],
                    [
                        -90.809452,
                        14.62528
                    ],
                    [
                        -90.809478,
                        14.625316
                    ],
                    [
                        -90.811175,
                        14.62762
                    ],
                    [
                        -90.811487,
                        14.628048
                    ],
                    [
                        -90.811783,
                        14.628452
                    ],
                    [
                        -90.81197,
                        14.628737
                    ],
                    [
                        -90.81218,
                        14.629103
                    ],
                    [
                        -90.812268,
                        14.629319
                    ],
                    [
                        -90.812435,
                        14.629813
                    ],
                    [
                        -90.812463,
                        14.629956
                    ],
                    [
                        -90.812488,
                        14.630192
                    ],
                    [
                        -90.812473,
                        14.630286
                    ],
                    [
                        -90.81244,
                        14.630368
                    ],
                    [
                        -90.812212,
                        14.630649
                    ],
                    [
                        -90.812798,
                        14.631095
                    ],
                    [
                        -90.812975,
                        14.631204
                    ],
                    [
                        -90.813138,
                        14.631255
                    ],
                    [
                        -90.81331,
                        14.631245
                    ],
                    [
                        -90.814183,
                        14.631013
                    ],
                    [
                        -90.814791,
                        14.630859
                    ],
                    [
                        -90.814897,
                        14.630856
                    ],
                    [
                        -90.815228,
                        14.63078
                    ],
                    [
                        -90.81544,
                        14.630778
                    ],
                    [
                        -90.81568,
                        14.630843
                    ],
                    [
                        -90.815902,
                        14.630938
                    ],
                    [
                        -90.81608,
                        14.630963
                    ],
                    [
                        -90.816454,
                        14.63121
                    ],
                    [
                        -90.81694,
                        14.631616
                    ],
                    [
                        -90.818913,
                        14.633627
                    ],
                    [
                        -90.819126,
                        14.633845
                    ],
                    [
                        -90.821437,
                        14.63622
                    ],
                    [
                        -90.824317,
                        14.639163
                    ],
                    [
                        -90.824746,
                        14.639595
                    ],
                    [
                        -90.824941,
                        14.639797
                    ],
                    [
                        -90.82806,
                        14.64302
                    ],
                    [
                        -90.828499,
                        14.643424
                    ],
                    [
                        -90.829026,
                        14.643788
                    ],
                    [
                        -90.829833,
                        14.644247
                    ],
                    [
                        -90.830594,
                        14.644522
                    ],
                    [
                        -90.831103,
                        14.64465
                    ],
                    [
                        -90.83165,
                        14.644742
                    ],
                    [
                        -90.832113,
                        14.644778
                    ],
                    [
                        -90.832521,
                        14.644784
                    ],
                    [
                        -90.832986,
                        14.64476
                    ],
                    [
                        -90.833386,
                        14.644713
                    ],
                    [
                        -90.833686,
                        14.644656
                    ],
                    [
                        -90.834048,
                        14.644561
                    ],
                    [
                        -90.834517,
                        14.644413
                    ],
                    [
                        -90.836145,
                        14.643777
                    ],
                    [
                        -90.836206,
                        14.643756
                    ],
                    [
                        -90.836612,
                        14.643542
                    ],
                    [
                        -90.837511,
                        14.642941
                    ],
                    [
                        -90.83781,
                        14.64279
                    ],
                    [
                        -90.838623,
                        14.64251
                    ],
                    [
                        -90.839095,
                        14.642376
                    ],
                    [
                        -90.839428,
                        14.642311
                    ],
                    [
                        -90.839821,
                        14.64226
                    ],
                    [
                        -90.840255,
                        14.64224
                    ],
                    [
                        -90.840775,
                        14.64224
                    ],
                    [
                        -90.841407,
                        14.642295
                    ],
                    [
                        -90.841803,
                        14.642345
                    ],
                    [
                        -90.842342,
                        14.642455
                    ],
                    [
                        -90.843286,
                        14.642773
                    ],
                    [
                        -90.843688,
                        14.642945
                    ],
                    [
                        -90.844269,
                        14.643262
                    ],
                    [
                        -90.8468,
                        14.644759
                    ],
                    [
                        -90.847667,
                        14.645203
                    ],
                    [
                        -90.848224,
                        14.645406
                    ],
                    [
                        -90.848549,
                        14.645505
                    ],
                    [
                        -90.8495,
                        14.645696
                    ],
                    [
                        -90.849825,
                        14.645736
                    ],
                    [
                        -90.850296,
                        14.645767
                    ],
                    [
                        -90.850845,
                        14.645761
                    ],
                    [
                        -90.851834,
                        14.645611
                    ],
                    [
                        -90.852353,
                        14.645463
                    ],
                    [
                        -90.8544,
                        14.644755
                    ],
                    [
                        -90.854689,
                        14.644682
                    ],
                    [
                        -90.854921,
                        14.644642
                    ],
                    [
                        -90.855177,
                        14.644652
                    ],
                    [
                        -90.855426,
                        14.644697
                    ],
                    [
                        -90.855667,
                        14.64479
                    ],
                    [
                        -90.855889,
                        14.644928
                    ],
                    [
                        -90.856097,
                        14.645132
                    ],
                    [
                        -90.856302,
                        14.645461
                    ],
                    [
                        -90.856403,
                        14.64575
                    ],
                    [
                        -90.856886,
                        14.647337
                    ],
                    [
                        -90.857054,
                        14.647652
                    ],
                    [
                        -90.857249,
                        14.647931
                    ],
                    [
                        -90.857383,
                        14.648083
                    ],
                    [
                        -90.857733,
                        14.648369
                    ],
                    [
                        -90.857999,
                        14.648543
                    ],
                    [
                        -90.858313,
                        14.648702
                    ],
                    [
                        -90.858763,
                        14.648841
                    ],
                    [
                        -90.86109,
                        14.649485
                    ],
                    [
                        -90.861616,
                        14.649673
                    ],
                    [
                        -90.861924,
                        14.649757
                    ],
                    [
                        -90.862069,
                        14.649793
                    ],
                    [
                        -90.8624,
                        14.649824
                    ],
                    [
                        -90.863049,
                        14.649815
                    ],
                    [
                        -90.863306,
                        14.649799
                    ],
                    [
                        -90.863473,
                        14.649789
                    ],
                    [
                        -90.863715,
                        14.649763
                    ],
                    [
                        -90.86437,
                        14.649695
                    ],
                    [
                        -90.864739,
                        14.649655
                    ],
                    [
                        -90.865516,
                        14.64957
                    ],
                    [
                        -90.867135,
                        14.649362
                    ],
                    [
                        -90.867305,
                        14.649324
                    ],
                    [
                        -90.867668,
                        14.649228
                    ],
                    [
                        -90.868685,
                        14.648941
                    ],
                    [
                        -90.869766,
                        14.648509
                    ],
                    [
                        -90.869968,
                        14.648408
                    ],
                    [
                        -90.870371,
                        14.64817
                    ],
                    [
                        -90.871273,
                        14.647604
                    ],
                    [
                        -90.871666,
                        14.647357
                    ],
                    [
                        -90.873114,
                        14.646459
                    ],
                    [
                        -90.873474,
                        14.646235
                    ],
                    [
                        -90.874514,
                        14.645589
                    ],
                    [
                        -90.875245,
                        14.645118
                    ],
                    [
                        -90.875752,
                        14.644792
                    ],
                    [
                        -90.877053,
                        14.643956
                    ],
                    [
                        -90.877447,
                        14.643709
                    ],
                    [
                        -90.877521,
                        14.643664
                    ],
                    [
                        -90.877988,
                        14.643372
                    ],
                    [
                        -90.878292,
                        14.643183
                    ],
                    [
                        -90.878516,
                        14.643044
                    ],
                    [
                        -90.879492,
                        14.642437
                    ],
                    [
                        -90.880242,
                        14.64197
                    ],
                    [
                        -90.880376,
                        14.641886
                    ],
                    [
                        -90.881275,
                        14.641326
                    ],
                    [
                        -90.88139,
                        14.641255
                    ],
                    [
                        -90.881598,
                        14.641124
                    ],
                    [
                        -90.88194,
                        14.640908
                    ],
                    [
                        -90.88298,
                        14.64025
                    ],
                    [
                        -90.883478,
                        14.639969
                    ],
                    [
                        -90.88379,
                        14.639786
                    ],
                    [
                        -90.883827,
                        14.639764
                    ],
                    [
                        -90.883944,
                        14.639691
                    ],
                    [
                        -90.884062,
                        14.639596
                    ],
                    [
                        -90.884195,
                        14.639502
                    ],
                    [
                        -90.884424,
                        14.639318
                    ],
                    [
                        -90.885869,
                        14.638411
                    ],
                    [
                        -90.887248,
                        14.637564
                    ],
                    [
                        -90.887345,
                        14.637517
                    ],
                    [
                        -90.887457,
                        14.637477
                    ],
                    [
                        -90.887754,
                        14.637436
                    ],
                    [
                        -90.887921,
                        14.637438
                    ],
                    [
                        -90.888222,
                        14.637512
                    ],
                    [
                        -90.888534,
                        14.637706
                    ],
                    [
                        -90.888706,
                        14.637851
                    ],
                    [
                        -90.888795,
                        14.637961
                    ],
                    [
                        -90.888935,
                        14.638183
                    ],
                    [
                        -90.889364,
                        14.639121
                    ],
                    [
                        -90.889658,
                        14.639525
                    ],
                    [
                        -90.889937,
                        14.639822
                    ],
                    [
                        -90.890106,
                        14.639958
                    ],
                    [
                        -90.890327,
                        14.640105
                    ],
                    [
                        -90.890587,
                        14.640253
                    ],
                    [
                        -90.890843,
                        14.640364
                    ],
                    [
                        -90.89112,
                        14.640448
                    ],
                    [
                        -90.891369,
                        14.64049
                    ],
                    [
                        -90.891666,
                        14.640526
                    ],
                    [
                        -90.89194,
                        14.640539
                    ],
                    [
                        -90.892476,
                        14.640485
                    ],
                    [
                        -90.892742,
                        14.640424
                    ],
                    [
                        -90.893053,
                        14.640303
                    ],
                    [
                        -90.893374,
                        14.640156
                    ],
                    [
                        -90.893676,
                        14.639985
                    ],
                    [
                        -90.893946,
                        14.639756
                    ],
                    [
                        -90.89411,
                        14.639577
                    ],
                    [
                        -90.894349,
                        14.639303
                    ],
                    [
                        -90.894483,
                        14.639088
                    ],
                    [
                        -90.894696,
                        14.638652
                    ],
                    [
                        -90.894767,
                        14.638415
                    ],
                    [
                        -90.894936,
                        14.637374
                    ],
                    [
                        -90.895032,
                        14.636588
                    ],
                    [
                        -90.895109,
                        14.636263
                    ],
                    [
                        -90.895182,
                        14.636061
                    ],
                    [
                        -90.895249,
                        14.635899
                    ],
                    [
                        -90.89539,
                        14.635676
                    ],
                    [
                        -90.895706,
                        14.635371
                    ],
                    [
                        -90.89607,
                        14.635192
                    ],
                    [
                        -90.896558,
                        14.63512
                    ],
                    [
                        -90.89693,
                        14.635184
                    ],
                    [
                        -90.897291,
                        14.635315
                    ],
                    [
                        -90.897553,
                        14.635503
                    ],
                    [
                        -90.897754,
                        14.635726
                    ],
                    [
                        -90.897947,
                        14.6361
                    ],
                    [
                        -90.898119,
                        14.636549
                    ],
                    [
                        -90.898458,
                        14.637573
                    ],
                    [
                        -90.898681,
                        14.637953
                    ],
                    [
                        -90.899045,
                        14.638249
                    ],
                    [
                        -90.899452,
                        14.638377
                    ],
                    [
                        -90.899739,
                        14.638382
                    ],
                    [
                        -90.900039,
                        14.638323
                    ],
                    [
                        -90.90033,
                        14.638167
                    ],
                    [
                        -90.900546,
                        14.637975
                    ],
                    [
                        -90.900713,
                        14.637739
                    ],
                    [
                        -90.900832,
                        14.637404
                    ],
                    [
                        -90.900827,
                        14.637039
                    ],
                    [
                        -90.900676,
                        14.636676
                    ],
                    [
                        -90.900273,
                        14.636033
                    ],
                    [
                        -90.900015,
                        14.635545
                    ],
                    [
                        -90.89985,
                        14.635076
                    ],
                    [
                        -90.899793,
                        14.634525
                    ],
                    [
                        -90.89981,
                        14.634056
                    ],
                    [
                        -90.89989,
                        14.633701
                    ],
                    [
                        -90.90003,
                        14.63333
                    ],
                    [
                        -90.900243,
                        14.632913
                    ],
                    [
                        -90.900723,
                        14.632336
                    ],
                    [
                        -90.900987,
                        14.632107
                    ],
                    [
                        -90.901508,
                        14.631822
                    ],
                    [
                        -90.902083,
                        14.631596
                    ],
                    [
                        -90.902578,
                        14.631519
                    ],
                    [
                        -90.902977,
                        14.631522
                    ],
                    [
                        -90.903101,
                        14.631536
                    ],
                    [
                        -90.903698,
                        14.631627
                    ],
                    [
                        -90.904191,
                        14.63183
                    ],
                    [
                        -90.904689,
                        14.632065
                    ],
                    [
                        -90.905459,
                        14.632443
                    ],
                    [
                        -90.905841,
                        14.63259
                    ],
                    [
                        -90.906094,
                        14.63264
                    ],
                    [
                        -90.906457,
                        14.632685
                    ],
                    [
                        -90.90683,
                        14.632684
                    ],
                    [
                        -90.907336,
                        14.632589
                    ],
                    [
                        -90.907437,
                        14.63255
                    ],
                    [
                        -90.90785,
                        14.632392
                    ],
                    [
                        -90.908251,
                        14.632153
                    ],
                    [
                        -90.908635,
                        14.63192
                    ],
                    [
                        -90.910435,
                        14.630843
                    ],
                    [
                        -90.91056,
                        14.630799
                    ],
                    [
                        -90.910706,
                        14.630782
                    ],
                    [
                        -90.910957,
                        14.630801
                    ],
                    [
                        -90.911106,
                        14.630845
                    ],
                    [
                        -90.911559,
                        14.631101
                    ],
                    [
                        -90.911919,
                        14.631357
                    ],
                    [
                        -90.912446,
                        14.631699
                    ],
                    [
                        -90.912852,
                        14.631937
                    ],
                    [
                        -90.913028,
                        14.632007
                    ],
                    [
                        -90.913285,
                        14.632071
                    ],
                    [
                        -90.913589,
                        14.632103
                    ],
                    [
                        -90.913908,
                        14.632078
                    ],
                    [
                        -90.91419,
                        14.632011
                    ],
                    [
                        -90.914525,
                        14.631865
                    ],
                    [
                        -90.914811,
                        14.631673
                    ],
                    [
                        -90.914998,
                        14.631478
                    ],
                    [
                        -90.915165,
                        14.631258
                    ],
                    [
                        -90.915383,
                        14.630915
                    ],
                    [
                        -90.915574,
                        14.630614
                    ],
                    [
                        -90.916269,
                        14.629522
                    ],
                    [
                        -90.916441,
                        14.629339
                    ],
                    [
                        -90.916514,
                        14.629288
                    ],
                    [
                        -90.916647,
                        14.629197
                    ],
                    [
                        -90.916802,
                        14.629123
                    ],
                    [
                        -90.916984,
                        14.629073
                    ],
                    [
                        -90.917251,
                        14.629091
                    ],
                    [
                        -90.917506,
                        14.629176
                    ],
                    [
                        -90.917672,
                        14.629274
                    ],
                    [
                        -90.917829,
                        14.629398
                    ],
                    [
                        -90.917962,
                        14.629547
                    ],
                    [
                        -90.918075,
                        14.62967
                    ],
                    [
                        -90.918151,
                        14.629753
                    ],
                    [
                        -90.918373,
                        14.629993
                    ],
                    [
                        -90.918469,
                        14.630097
                    ],
                    [
                        -90.91852,
                        14.630038
                    ],
                    [
                        -90.918549,
                        14.629928
                    ],
                    [
                        -90.918583,
                        14.629876
                    ],
                    [
                        -90.918687,
                        14.62981
                    ],
                    [
                        -90.918978,
                        14.629885
                    ],
                    [
                        -90.919261,
                        14.629961
                    ],
                    [
                        -90.91954,
                        14.630039
                    ],
                    [
                        -90.920288,
                        14.63025
                    ],
                    [
                        -90.921103,
                        14.630606
                    ],
                    [
                        -90.921465,
                        14.630764
                    ],
                    [
                        -90.922588,
                        14.631288
                    ],
                    [
                        -90.924002,
                        14.631943
                    ],
                    [
                        -90.924689,
                        14.632225
                    ],
                    [
                        -90.925374,
                        14.632556
                    ],
                    [
                        -90.926113,
                        14.632889
                    ],
                    [
                        -90.926777,
                        14.633212
                    ],
                    [
                        -90.927441,
                        14.633529
                    ],
                    [
                        -90.928122,
                        14.63385
                    ],
                    [
                        -90.929279,
                        14.634381
                    ],
                    [
                        -90.929571,
                        14.634516
                    ],
                    [
                        -90.930152,
                        14.634785
                    ],
                    [
                        -90.9313,
                        14.635317
                    ],
                    [
                        -90.931895,
                        14.635593
                    ],
                    [
                        -90.932528,
                        14.635894
                    ],
                    [
                        -90.934009,
                        14.636636
                    ],
                    [
                        -90.935656,
                        14.637443
                    ],
                    [
                        -90.936229,
                        14.637735
                    ],
                    [
                        -90.936638,
                        14.638008
                    ],
                    [
                        -90.937698,
                        14.638847
                    ],
                    [
                        -90.938898,
                        14.639709
                    ],
                    [
                        -90.938925,
                        14.639728
                    ],
                    [
                        -90.939909,
                        14.640419
                    ],
                    [
                        -90.940199,
                        14.640641
                    ],
                    [
                        -90.940355,
                        14.640793
                    ],
                    [
                        -90.940556,
                        14.641062
                    ],
                    [
                        -90.940717,
                        14.641348
                    ],
                    [
                        -90.941359,
                        14.642564
                    ],
                    [
                        -90.942379,
                        14.644762
                    ],
                    [
                        -90.942528,
                        14.645043
                    ],
                    [
                        -90.942717,
                        14.645283
                    ],
                    [
                        -90.943153,
                        14.645722
                    ],
                    [
                        -90.944834,
                        14.646989
                    ],
                    [
                        -90.945721,
                        14.647599
                    ],
                    [
                        -90.947946,
                        14.648976
                    ],
                    [
                        -90.95078,
                        14.650925
                    ],
                    [
                        -90.95148,
                        14.651509
                    ],
                    [
                        -90.95214,
                        14.652122
                    ],
                    [
                        -90.952419,
                        14.652348
                    ],
                    [
                        -90.953685,
                        14.653257
                    ],
                    [
                        -90.953799,
                        14.653321
                    ],
                    [
                        -90.954549,
                        14.653532
                    ],
                    [
                        -90.956857,
                        14.654418
                    ],
                    [
                        -90.959143,
                        14.655115
                    ],
                    [
                        -90.960015,
                        14.655392
                    ],
                    [
                        -90.961078,
                        14.655802
                    ],
                    [
                        -90.961395,
                        14.655962
                    ],
                    [
                        -90.962008,
                        14.656392
                    ],
                    [
                        -90.962353,
                        14.656609
                    ],
                    [
                        -90.962673,
                        14.656779
                    ],
                    [
                        -90.96405,
                        14.65741
                    ],
                    [
                        -90.964184,
                        14.657501
                    ],
                    [
                        -90.964292,
                        14.6576
                    ],
                    [
                        -90.964373,
                        14.657714
                    ],
                    [
                        -90.964458,
                        14.65791
                    ],
                    [
                        -90.964861,
                        14.659845
                    ],
                    [
                        -90.964909,
                        14.660014
                    ],
                    [
                        -90.964987,
                        14.660141
                    ],
                    [
                        -90.965043,
                        14.660194
                    ],
                    [
                        -90.965101,
                        14.66023
                    ],
                    [
                        -90.965418,
                        14.660363
                    ],
                    [
                        -90.965561,
                        14.66047
                    ],
                    [
                        -90.965637,
                        14.660552
                    ],
                    [
                        -90.96672,
                        14.662119
                    ],
                    [
                        -90.966885,
                        14.662227
                    ],
                    [
                        -90.96695,
                        14.662251
                    ],
                    [
                        -90.96707,
                        14.662263
                    ],
                    [
                        -90.967422,
                        14.662138
                    ],
                    [
                        -90.967761,
                        14.662099
                    ],
                    [
                        -90.967859,
                        14.662069
                    ],
                    [
                        -90.967928,
                        14.662022
                    ],
                    [
                        -90.967993,
                        14.661939
                    ],
                    [
                        -90.968135,
                        14.661681
                    ],
                    [
                        -90.968246,
                        14.661589
                    ],
                    [
                        -90.968351,
                        14.661573
                    ],
                    [
                        -90.968684,
                        14.661651
                    ],
                    [
                        -90.968764,
                        14.661641
                    ],
                    [
                        -90.968873,
                        14.661577
                    ],
                    [
                        -90.969166,
                        14.66124
                    ],
                    [
                        -90.969336,
                        14.661162
                    ],
                    [
                        -90.969774,
                        14.661136
                    ],
                    [
                        -90.969933,
                        14.661096
                    ],
                    [
                        -90.970838,
                        14.660588
                    ],
                    [
                        -90.970986,
                        14.660518
                    ],
                    [
                        -90.971249,
                        14.660432
                    ],
                    [
                        -90.971436,
                        14.660436
                    ],
                    [
                        -90.971573,
                        14.6605
                    ],
                    [
                        -90.971739,
                        14.660509
                    ],
                    [
                        -90.971875,
                        14.660456
                    ],
                    [
                        -90.971973,
                        14.660349
                    ],
                    [
                        -90.97204,
                        14.66019
                    ],
                    [
                        -90.972063,
                        14.659788
                    ],
                    [
                        -90.972034,
                        14.659644
                    ],
                    [
                        -90.97199,
                        14.659557
                    ],
                    [
                        -90.971744,
                        14.659254
                    ],
                    [
                        -90.971081,
                        14.658605
                    ],
                    [
                        -90.971057,
                        14.658542
                    ],
                    [
                        -90.971062,
                        14.658505
                    ],
                    [
                        -90.971098,
                        14.658475
                    ],
                    [
                        -90.971153,
                        14.65847
                    ],
                    [
                        -90.971217,
                        14.658496
                    ],
                    [
                        -90.971515,
                        14.658789
                    ],
                    [
                        -90.97197,
                        14.659048
                    ],
                    [
                        -90.972126,
                        14.659157
                    ],
                    [
                        -90.972608,
                        14.659674
                    ],
                    [
                        -90.972686,
                        14.659789
                    ],
                    [
                        -90.972719,
                        14.659901
                    ],
                    [
                        -90.972729,
                        14.660027
                    ],
                    [
                        -90.972688,
                        14.6604
                    ],
                    [
                        -90.972685,
                        14.660597
                    ],
                    [
                        -90.972709,
                        14.660725
                    ],
                    [
                        -90.972758,
                        14.660816
                    ],
                    [
                        -90.972848,
                        14.660889
                    ],
                    [
                        -90.972918,
                        14.660911
                    ],
                    [
                        -90.972989,
                        14.660903
                    ],
                    [
                        -90.973107,
                        14.660882
                    ],
                    [
                        -90.974139,
                        14.660702
                    ],
                    [
                        -90.974262,
                        14.660648
                    ],
                    [
                        -90.974349,
                        14.660561
                    ],
                    [
                        -90.974681,
                        14.660397
                    ],
                    [
                        -90.975002,
                        14.660392
                    ],
                    [
                        -90.975472,
                        14.660506
                    ],
                    [
                        -90.975617,
                        14.660507
                    ],
                    [
                        -90.977834,
                        14.659962
                    ],
                    [
                        -90.978018,
                        14.65993
                    ],
                    [
                        -90.978846,
                        14.659986
                    ],
                    [
                        -90.979027,
                        14.660022
                    ],
                    [
                        -90.979341,
                        14.660123
                    ],
                    [
                        -90.979693,
                        14.660332
                    ],
                    [
                        -90.979952,
                        14.660449
                    ],
                    [
                        -90.980149,
                        14.660488
                    ],
                    [
                        -90.981488,
                        14.660681
                    ],
                    [
                        -90.9822,
                        14.660911
                    ],
                    [
                        -90.982321,
                        14.661008
                    ],
                    [
                        -90.982607,
                        14.661446
                    ],
                    [
                        -90.982818,
                        14.661702
                    ],
                    [
                        -90.983076,
                        14.661915
                    ],
                    [
                        -90.983405,
                        14.662057
                    ],
                    [
                        -90.983509,
                        14.662135
                    ],
                    [
                        -90.98363,
                        14.662328
                    ],
                    [
                        -90.983795,
                        14.662519
                    ],
                    [
                        -90.984193,
                        14.662753
                    ],
                    [
                        -90.984524,
                        14.663032
                    ],
                    [
                        -90.984651,
                        14.663087
                    ],
                    [
                        -90.985242,
                        14.663225
                    ],
                    [
                        -90.985473,
                        14.663322
                    ],
                    [
                        -90.985759,
                        14.663613
                    ],
                    [
                        -90.985907,
                        14.663716
                    ],
                    [
                        -90.986197,
                        14.663789
                    ],
                    [
                        -90.986345,
                        14.663851
                    ],
                    [
                        -90.986473,
                        14.663925
                    ],
                    [
                        -90.986696,
                        14.664159
                    ],
                    [
                        -90.987092,
                        14.664914
                    ],
                    [
                        -90.987189,
                        14.665066
                    ],
                    [
                        -90.987272,
                        14.665156
                    ],
                    [
                        -90.988183,
                        14.665839
                    ],
                    [
                        -90.988834,
                        14.666397
                    ],
                    [
                        -90.988982,
                        14.66646
                    ],
                    [
                        -90.989374,
                        14.666478
                    ],
                    [
                        -90.989604,
                        14.666629
                    ],
                    [
                        -90.98975,
                        14.666852
                    ],
                    [
                        -90.99018,
                        14.668052
                    ],
                    [
                        -90.990646,
                        14.668872
                    ],
                    [
                        -90.990734,
                        14.66897
                    ],
                    [
                        -90.991037,
                        14.669252
                    ],
                    [
                        -90.99167,
                        14.669745
                    ],
                    [
                        -90.991872,
                        14.669856
                    ],
                    [
                        -90.992557,
                        14.669904
                    ],
                    [
                        -90.993267,
                        14.670083
                    ],
                    [
                        -90.993649,
                        14.670034
                    ],
                    [
                        -90.994097,
                        14.670077
                    ],
                    [
                        -90.994364,
                        14.670129
                    ],
                    [
                        -90.994941,
                        14.670352
                    ],
                    [
                        -90.995068,
                        14.670356
                    ],
                    [
                        -90.995188,
                        14.670286
                    ],
                    [
                        -90.995289,
                        14.670135
                    ],
                    [
                        -90.995371,
                        14.669633
                    ],
                    [
                        -90.995418,
                        14.669545
                    ],
                    [
                        -90.995894,
                        14.669347
                    ],
                    [
                        -90.996063,
                        14.669174
                    ],
                    [
                        -90.996382,
                        14.668294
                    ],
                    [
                        -90.996709,
                        14.667982
                    ],
                    [
                        -90.997021,
                        14.667754
                    ],
                    [
                        -90.997236,
                        14.667734
                    ],
                    [
                        -90.997442,
                        14.66777
                    ],
                    [
                        -90.997615,
                        14.667869
                    ],
                    [
                        -90.998025,
                        14.668223
                    ],
                    [
                        -90.998487,
                        14.668521
                    ],
                    [
                        -90.998873,
                        14.668811
                    ],
                    [
                        -90.999159,
                        14.669164
                    ],
                    [
                        -90.999279,
                        14.669349
                    ],
                    [
                        -90.999564,
                        14.669911
                    ],
                    [
                        -90.999693,
                        14.669999
                    ],
                    [
                        -90.999878,
                        14.670039
                    ],
                    [
                        -91.000132,
                        14.670054
                    ],
                    [
                        -91.00039,
                        14.670009
                    ],
                    [
                        -91.000528,
                        14.669951
                    ],
                    [
                        -91.000673,
                        14.669836
                    ],
                    [
                        -91.000804,
                        14.669657
                    ],
                    [
                        -91.000884,
                        14.669503
                    ],
                    [
                        -91.000925,
                        14.669391
                    ],
                    [
                        -91.000965,
                        14.669066
                    ],
                    [
                        -91.001029,
                        14.668969
                    ],
                    [
                        -91.001099,
                        14.668932
                    ],
                    [
                        -91.001188,
                        14.668932
                    ],
                    [
                        -91.001488,
                        14.669083
                    ],
                    [
                        -91.001619,
                        14.669118
                    ],
                    [
                        -91.00197,
                        14.669142
                    ],
                    [
                        -91.002127,
                        14.66918
                    ],
                    [
                        -91.002273,
                        14.669235
                    ],
                    [
                        -91.002578,
                        14.66948
                    ],
                    [
                        -91.002725,
                        14.669559
                    ],
                    [
                        -91.00339,
                        14.669681
                    ],
                    [
                        -91.003562,
                        14.669744
                    ],
                    [
                        -91.003838,
                        14.670052
                    ],
                    [
                        -91.004353,
                        14.670753
                    ],
                    [
                        -91.004704,
                        14.671222
                    ],
                    [
                        -91.005091,
                        14.671616
                    ],
                    [
                        -91.005374,
                        14.671824
                    ],
                    [
                        -91.005587,
                        14.671942
                    ],
                    [
                        -91.006107,
                        14.672158
                    ],
                    [
                        -91.00624,
                        14.672226
                    ],
                    [
                        -91.006435,
                        14.672381
                    ],
                    [
                        -91.006567,
                        14.672555
                    ],
                    [
                        -91.006978,
                        14.673364
                    ],
                    [
                        -91.007269,
                        14.673895
                    ],
                    [
                        -91.007496,
                        14.67419
                    ],
                    [
                        -91.007821,
                        14.674529
                    ],
                    [
                        -91.008223,
                        14.674971
                    ],
                    [
                        -91.008258,
                        14.675026
                    ],
                    [
                        -91.008305,
                        14.675158
                    ],
                    [
                        -91.008317,
                        14.675381
                    ],
                    [
                        -91.008305,
                        14.67565
                    ],
                    [
                        -91.007959,
                        14.678676
                    ],
                    [
                        -91.00793,
                        14.679097
                    ],
                    [
                        -91.007954,
                        14.679276
                    ],
                    [
                        -91.008022,
                        14.679413
                    ],
                    [
                        -91.008089,
                        14.679478
                    ],
                    [
                        -91.008063,
                        14.679503
                    ],
                    [
                        -91.00805,
                        14.679573
                    ],
                    [
                        -91.008065,
                        14.679606
                    ],
                    [
                        -91.008091,
                        14.679631
                    ],
                    [
                        -91.008163,
                        14.679644
                    ],
                    [
                        -91.008223,
                        14.679604
                    ],
                    [
                        -91.008807,
                        14.679923
                    ],
                    [
                        -91.009637,
                        14.680349
                    ],
                    [
                        -91.010697,
                        14.680904
                    ],
                    [
                        -91.011195,
                        14.681251
                    ],
                    [
                        -91.011584,
                        14.681585
                    ],
                    [
                        -91.012476,
                        14.682448
                    ],
                    [
                        -91.013397,
                        14.683333
                    ],
                    [
                        -91.014098,
                        14.684078
                    ],
                    [
                        -91.015044,
                        14.684945
                    ],
                    [
                        -91.015912,
                        14.685865
                    ],
                    [
                        -91.0166,
                        14.68524
                    ],
                    [
                        -91.016838,
                        14.686206
                    ],
                    [
                        -91.016998,
                        14.686328
                    ],
                    [
                        -91.017535,
                        14.686617
                    ],
                    [
                        -91.017728,
                        14.686774
                    ],
                    [
                        -91.018131,
                        14.687154
                    ],
                    [
                        -91.018599,
                        14.687615
                    ],
                    [
                        -91.018753,
                        14.687813
                    ],
                    [
                        -91.018828,
                        14.687961
                    ],
                    [
                        -91.0189,
                        14.688096
                    ],
                    [
                        -91.019006,
                        14.688232
                    ],
                    [
                        -91.019592,
                        14.688775
                    ],
                    [
                        -91.019865,
                        14.689058
                    ],
                    [
                        -91.02055,
                        14.689809
                    ],
                    [
                        -91.020859,
                        14.690136
                    ],
                    [
                        -91.021805,
                        14.691224
                    ],
                    [
                        -91.022954,
                        14.692605
                    ],
                    [
                        -91.023261,
                        14.692962
                    ],
                    [
                        -91.023475,
                        14.693184
                    ],
                    [
                        -91.023655,
                        14.69344
                    ],
                    [
                        -91.024845,
                        14.695129
                    ],
                    [
                        -91.025035,
                        14.695339
                    ],
                    [
                        -91.025539,
                        14.695803
                    ],
                    [
                        -91.026036,
                        14.69629
                    ],
                    [
                        -91.026865,
                        14.697281
                    ],
                    [
                        -91.027291,
                        14.697924
                    ],
                    [
                        -91.029344,
                        14.701218
                    ],
                    [
                        -91.029424,
                        14.701311
                    ],
                    [
                        -91.029495,
                        14.701352
                    ],
                    [
                        -91.02958,
                        14.701354
                    ],
                    [
                        -91.029656,
                        14.701322
                    ],
                    [
                        -91.029701,
                        14.701263
                    ],
                    [
                        -91.029723,
                        14.701165
                    ],
                    [
                        -91.029715,
                        14.701057
                    ],
                    [
                        -91.029681,
                        14.700921
                    ],
                    [
                        -91.029457,
                        14.700165
                    ],
                    [
                        -91.029449,
                        14.699901
                    ],
                    [
                        -91.029637,
                        14.69929
                    ],
                    [
                        -91.029666,
                        14.699241
                    ],
                    [
                        -91.0299,
                        14.699069
                    ],
                    [
                        -91.030183,
                        14.698895
                    ],
                    [
                        -91.030433,
                        14.698591
                    ],
                    [
                        -91.030513,
                        14.698372
                    ],
                    [
                        -91.03052,
                        14.698277
                    ],
                    [
                        -91.030491,
                        14.698131
                    ],
                    [
                        -91.030426,
                        14.69795
                    ],
                    [
                        -91.030415,
                        14.697836
                    ],
                    [
                        -91.030426,
                        14.697749
                    ],
                    [
                        -91.030474,
                        14.697587
                    ],
                    [
                        -91.030537,
                        14.697465
                    ],
                    [
                        -91.030628,
                        14.697335
                    ],
                    [
                        -91.031005,
                        14.696948
                    ],
                    [
                        -91.031272,
                        14.69663
                    ],
                    [
                        -91.031448,
                        14.696465
                    ],
                    [
                        -91.031567,
                        14.696395
                    ],
                    [
                        -91.031981,
                        14.696225
                    ],
                    [
                        -91.032121,
                        14.69613
                    ],
                    [
                        -91.032256,
                        14.696004
                    ],
                    [
                        -91.032653,
                        14.695462
                    ],
                    [
                        -91.032852,
                        14.695238
                    ],
                    [
                        -91.032962,
                        14.695081
                    ],
                    [
                        -91.033139,
                        14.694657
                    ],
                    [
                        -91.033219,
                        14.694527
                    ],
                    [
                        -91.033298,
                        14.694437
                    ],
                    [
                        -91.033497,
                        14.694277
                    ],
                    [
                        -91.033558,
                        14.694252
                    ],
                    [
                        -91.033659,
                        14.694267
                    ],
                    [
                        -91.034033,
                        14.694422
                    ],
                    [
                        -91.034075,
                        14.69446
                    ],
                    [
                        -91.034095,
                        14.694504
                    ],
                    [
                        -91.034047,
                        14.69501
                    ],
                    [
                        -91.03403,
                        14.695069
                    ],
                    [
                        -91.033777,
                        14.695518
                    ],
                    [
                        -91.03379,
                        14.695641
                    ],
                    [
                        -91.033935,
                        14.695969
                    ],
                    [
                        -91.033932,
                        14.696046
                    ],
                    [
                        -91.033899,
                        14.696104
                    ],
                    [
                        -91.033729,
                        14.696252
                    ],
                    [
                        -91.033714,
                        14.696296
                    ],
                    [
                        -91.033725,
                        14.696746
                    ],
                    [
                        -91.03383,
                        14.697121
                    ],
                    [
                        -91.033826,
                        14.697184
                    ],
                    [
                        -91.033782,
                        14.697254
                    ],
                    [
                        -91.033726,
                        14.697268
                    ],
                    [
                        -91.033658,
                        14.697261
                    ],
                    [
                        -91.033255,
                        14.697137
                    ],
                    [
                        -91.033205,
                        14.697154
                    ],
                    [
                        -91.033186,
                        14.697198
                    ],
                    [
                        -91.033213,
                        14.697256
                    ],
                    [
                        -91.033251,
                        14.697287
                    ],
                    [
                        -91.033873,
                        14.697482
                    ],
                    [
                        -91.033956,
                        14.697499
                    ],
                    [
                        -91.034038,
                        14.69749
                    ],
                    [
                        -91.034097,
                        14.697463
                    ],
                    [
                        -91.034132,
                        14.697425
                    ],
                    [
                        -91.034188,
                        14.697237
                    ],
                    [
                        -91.034188,
                        14.697162
                    ],
                    [
                        -91.03418,
                        14.697114
                    ],
                    [
                        -91.034069,
                        14.696896
                    ],
                    [
                        -91.034045,
                        14.696782
                    ],
                    [
                        -91.034079,
                        14.696698
                    ],
                    [
                        -91.034135,
                        14.696661
                    ],
                    [
                        -91.034218,
                        14.696648
                    ],
                    [
                        -91.034266,
                        14.696666
                    ],
                    [
                        -91.034438,
                        14.696857
                    ],
                    [
                        -91.034571,
                        14.696892
                    ],
                    [
                        -91.034765,
                        14.697003
                    ],
                    [
                        -91.034839,
                        14.697067
                    ],
                    [
                        -91.034911,
                        14.697156
                    ],
                    [
                        -91.035017,
                        14.697376
                    ],
                    [
                        -91.03502,
                        14.697487
                    ],
                    [
                        -91.034945,
                        14.697649
                    ],
                    [
                        -91.034834,
                        14.697815
                    ],
                    [
                        -91.034531,
                        14.698084
                    ],
                    [
                        -91.034451,
                        14.698166
                    ],
                    [
                        -91.0344,
                        14.698253
                    ],
                    [
                        -91.034289,
                        14.698524
                    ],
                    [
                        -91.034296,
                        14.698817
                    ],
                    [
                        -91.034268,
                        14.698965
                    ],
                    [
                        -91.034172,
                        14.699233
                    ],
                    [
                        -91.034017,
                        14.699436
                    ],
                    [
                        -91.033973,
                        14.699517
                    ],
                    [
                        -91.033934,
                        14.699659
                    ],
                    [
                        -91.033931,
                        14.699777
                    ],
                    [
                        -91.034061,
                        14.700241
                    ],
                    [
                        -91.034146,
                        14.700397
                    ],
                    [
                        -91.034298,
                        14.700568
                    ],
                    [
                        -91.034628,
                        14.700739
                    ],
                    [
                        -91.034687,
                        14.700799
                    ],
                    [
                        -91.034706,
                        14.700843
                    ],
                    [
                        -91.034706,
                        14.700916
                    ],
                    [
                        -91.034666,
                        14.700996
                    ],
                    [
                        -91.034363,
                        14.701173
                    ],
                    [
                        -91.034328,
                        14.701289
                    ],
                    [
                        -91.034331,
                        14.701362
                    ],
                    [
                        -91.034406,
                        14.701567
                    ],
                    [
                        -91.034658,
                        14.701886
                    ],
                    [
                        -91.034913,
                        14.701953
                    ],
                    [
                        -91.035068,
                        14.702021
                    ],
                    [
                        -91.035071,
                        14.702171
                    ],
                    [
                        -91.034915,
                        14.702389
                    ],
                    [
                        -91.034929,
                        14.702485
                    ],
                    [
                        -91.034999,
                        14.702576
                    ],
                    [
                        -91.035133,
                        14.70267
                    ],
                    [
                        -91.03531,
                        14.702755
                    ],
                    [
                        -91.035846,
                        14.702825
                    ],
                    [
                        -91.03624,
                        14.702921
                    ],
                    [
                        -91.036479,
                        14.702939
                    ],
                    [
                        -91.036715,
                        14.702825
                    ],
                    [
                        -91.037163,
                        14.702472
                    ],
                    [
                        -91.037276,
                        14.702433
                    ],
                    [
                        -91.037405,
                        14.702441
                    ],
                    [
                        -91.037461,
                        14.702518
                    ],
                    [
                        -91.037416,
                        14.702668
                    ],
                    [
                        -91.037185,
                        14.703057
                    ],
                    [
                        -91.037223,
                        14.703177
                    ],
                    [
                        -91.03734,
                        14.703297
                    ],
                    [
                        -91.03739,
                        14.703437
                    ],
                    [
                        -91.037401,
                        14.703662
                    ],
                    [
                        -91.037465,
                        14.704135
                    ],
                    [
                        -91.03743,
                        14.704431
                    ],
                    [
                        -91.037408,
                        14.70481
                    ],
                    [
                        -91.037428,
                        14.705008
                    ],
                    [
                        -91.037476,
                        14.705231
                    ],
                    [
                        -91.037522,
                        14.705324
                    ],
                    [
                        -91.037556,
                        14.705348
                    ],
                    [
                        -91.037646,
                        14.705373
                    ],
                    [
                        -91.037839,
                        14.705368
                    ],
                    [
                        -91.037922,
                        14.705425
                    ],
                    [
                        -91.037902,
                        14.705612
                    ],
                    [
                        -91.037921,
                        14.705734
                    ],
                    [
                        -91.038093,
                        14.705994
                    ],
                    [
                        -91.038992,
                        14.706961
                    ],
                    [
                        -91.039133,
                        14.707295
                    ],
                    [
                        -91.039232,
                        14.707445
                    ],
                    [
                        -91.039297,
                        14.707542
                    ],
                    [
                        -91.039471,
                        14.707699
                    ],
                    [
                        -91.039652,
                        14.707798
                    ],
                    [
                        -91.03975,
                        14.70782
                    ],
                    [
                        -91.039903,
                        14.707813
                    ],
                    [
                        -91.040444,
                        14.707665
                    ],
                    [
                        -91.040756,
                        14.707702
                    ],
                    [
                        -91.040948,
                        14.70765
                    ],
                    [
                        -91.041244,
                        14.70763
                    ],
                    [
                        -91.041307,
                        14.707641
                    ],
                    [
                        -91.041341,
                        14.707663
                    ],
                    [
                        -91.041425,
                        14.707939
                    ],
                    [
                        -91.041503,
                        14.708075
                    ],
                    [
                        -91.041626,
                        14.708184
                    ],
                    [
                        -91.041833,
                        14.70831
                    ],
                    [
                        -91.042034,
                        14.708568
                    ],
                    [
                        -91.042098,
                        14.708597
                    ],
                    [
                        -91.04228,
                        14.708618
                    ],
                    [
                        -91.0426,
                        14.708526
                    ],
                    [
                        -91.042721,
                        14.708439
                    ],
                    [
                        -91.042832,
                        14.708465
                    ],
                    [
                        -91.043064,
                        14.708679
                    ],
                    [
                        -91.043107,
                        14.708786
                    ],
                    [
                        -91.043079,
                        14.708897
                    ],
                    [
                        -91.042973,
                        14.709074
                    ],
                    [
                        -91.042713,
                        14.70929
                    ],
                    [
                        -91.042471,
                        14.709352
                    ],
                    [
                        -91.042292,
                        14.709461
                    ],
                    [
                        -91.042152,
                        14.709628
                    ],
                    [
                        -91.042086,
                        14.709744
                    ],
                    [
                        -91.042069,
                        14.709816
                    ],
                    [
                        -91.042113,
                        14.709932
                    ],
                    [
                        -91.042196,
                        14.709973
                    ],
                    [
                        -91.042701,
                        14.709817
                    ],
                    [
                        -91.043197,
                        14.709693
                    ],
                    [
                        -91.043714,
                        14.709636
                    ],
                    [
                        -91.044415,
                        14.709462
                    ],
                    [
                        -91.044769,
                        14.709449
                    ],
                    [
                        -91.045361,
                        14.70948
                    ],
                    [
                        -91.045962,
                        14.709548
                    ],
                    [
                        -91.046531,
                        14.709546
                    ],
                    [
                        -91.047652,
                        14.70942
                    ],
                    [
                        -91.04769,
                        14.709435
                    ],
                    [
                        -91.047902,
                        14.709667
                    ],
                    [
                        -91.048102,
                        14.709862
                    ],
                    [
                        -91.04816,
                        14.710001
                    ],
                    [
                        -91.048288,
                        14.710153
                    ],
                    [
                        -91.048352,
                        14.710224
                    ],
                    [
                        -91.048528,
                        14.710332
                    ],
                    [
                        -91.048773,
                        14.71041
                    ],
                    [
                        -91.049084,
                        14.710448
                    ],
                    [
                        -91.049148,
                        14.710449
                    ],
                    [
                        -91.049343,
                        14.710409
                    ],
                    [
                        -91.049612,
                        14.710244
                    ],
                    [
                        -91.050099,
                        14.710107
                    ],
                    [
                        -91.050466,
                        14.709929
                    ],
                    [
                        -91.050558,
                        14.709917
                    ],
                    [
                        -91.050672,
                        14.70993
                    ],
                    [
                        -91.05116,
                        14.710056
                    ],
                    [
                        -91.051418,
                        14.710096
                    ],
                    [
                        -91.051625,
                        14.71012
                    ],
                    [
                        -91.05177,
                        14.710101
                    ],
                    [
                        -91.051879,
                        14.710025
                    ],
                    [
                        -91.051897,
                        14.70999
                    ],
                    [
                        -91.051963,
                        14.709697
                    ],
                    [
                        -91.052024,
                        14.709583
                    ],
                    [
                        -91.052103,
                        14.709512
                    ],
                    [
                        -91.052238,
                        14.709455
                    ],
                    [
                        -91.052333,
                        14.709459
                    ],
                    [
                        -91.052453,
                        14.709488
                    ],
                    [
                        -91.053063,
                        14.709852
                    ],
                    [
                        -91.053194,
                        14.709955
                    ],
                    [
                        -91.05344,
                        14.710019
                    ],
                    [
                        -91.054061,
                        14.710007
                    ],
                    [
                        -91.054393,
                        14.709935
                    ],
                    [
                        -91.05458,
                        14.709808
                    ],
                    [
                        -91.055478,
                        14.708867
                    ],
                    [
                        -91.05575,
                        14.708613
                    ],
                    [
                        -91.055897,
                        14.7085
                    ],
                    [
                        -91.056319,
                        14.70839
                    ],
                    [
                        -91.056595,
                        14.708294
                    ],
                    [
                        -91.056921,
                        14.708221
                    ],
                    [
                        -91.057113,
                        14.708194
                    ],
                    [
                        -91.05722,
                        14.708187
                    ],
                    [
                        -91.05749,
                        14.708206
                    ],
                    [
                        -91.057844,
                        14.708287
                    ],
                    [
                        -91.058028,
                        14.708353
                    ],
                    [
                        -91.058245,
                        14.708458
                    ],
                    [
                        -91.058639,
                        14.708683
                    ],
                    [
                        -91.059465,
                        14.709202
                    ],
                    [
                        -91.059577,
                        14.709256
                    ],
                    [
                        -91.059744,
                        14.709272
                    ],
                    [
                        -91.059975,
                        14.709207
                    ],
                    [
                        -91.060043,
                        14.709158
                    ],
                    [
                        -91.060076,
                        14.709114
                    ],
                    [
                        -91.060102,
                        14.709016
                    ],
                    [
                        -91.06007,
                        14.708753
                    ],
                    [
                        -91.060074,
                        14.70866
                    ],
                    [
                        -91.060113,
                        14.708569
                    ],
                    [
                        -91.060206,
                        14.708496
                    ],
                    [
                        -91.060451,
                        14.708361
                    ],
                    [
                        -91.061425,
                        14.707903
                    ],
                    [
                        -91.061732,
                        14.70768
                    ],
                    [
                        -91.061895,
                        14.707525
                    ],
                    [
                        -91.061966,
                        14.707246
                    ],
                    [
                        -91.061953,
                        14.706744
                    ],
                    [
                        -91.061976,
                        14.706597
                    ],
                    [
                        -91.062129,
                        14.706207
                    ],
                    [
                        -91.062308,
                        14.705852
                    ],
                    [
                        -91.062466,
                        14.705391
                    ],
                    [
                        -91.062473,
                        14.705229
                    ],
                    [
                        -91.062366,
                        14.704961
                    ],
                    [
                        -91.062336,
                        14.704836
                    ],
                    [
                        -91.06235,
                        14.704673
                    ],
                    [
                        -91.062446,
                        14.704411
                    ],
                    [
                        -91.062792,
                        14.703699
                    ],
                    [
                        -91.062848,
                        14.703656
                    ],
                    [
                        -91.062899,
                        14.703639
                    ],
                    [
                        -91.062999,
                        14.703632
                    ],
                    [
                        -91.063257,
                        14.703677
                    ],
                    [
                        -91.063858,
                        14.703716
                    ],
                    [
                        -91.063989,
                        14.703734
                    ],
                    [
                        -91.064202,
                        14.703795
                    ],
                    [
                        -91.064349,
                        14.703869
                    ],
                    [
                        -91.064473,
                        14.703968
                    ],
                    [
                        -91.064809,
                        14.704425
                    ],
                    [
                        -91.064951,
                        14.704543
                    ],
                    [
                        -91.065147,
                        14.704633
                    ],
                    [
                        -91.065651,
                        14.70478
                    ],
                    [
                        -91.065874,
                        14.704876
                    ],
                    [
                        -91.065998,
                        14.704954
                    ],
                    [
                        -91.066054,
                        14.705007
                    ],
                    [
                        -91.066141,
                        14.705127
                    ],
                    [
                        -91.066178,
                        14.705295
                    ],
                    [
                        -91.066138,
                        14.705358
                    ],
                    [
                        -91.066001,
                        14.705478
                    ],
                    [
                        -91.065945,
                        14.705563
                    ],
                    [
                        -91.065897,
                        14.705701
                    ],
                    [
                        -91.06591,
                        14.705822
                    ],
                    [
                        -91.066044,
                        14.705984
                    ],
                    [
                        -91.066243,
                        14.70608
                    ],
                    [
                        -91.066347,
                        14.706151
                    ],
                    [
                        -91.066641,
                        14.706458
                    ],
                    [
                        -91.066702,
                        14.706504
                    ],
                    [
                        -91.066748,
                        14.70651
                    ],
                    [
                        -91.066818,
                        14.706494
                    ],
                    [
                        -91.066856,
                        14.706465
                    ],
                    [
                        -91.066891,
                        14.706402
                    ],
                    [
                        -91.066897,
                        14.70631
                    ],
                    [
                        -91.066848,
                        14.705903
                    ],
                    [
                        -91.066854,
                        14.705803
                    ],
                    [
                        -91.066893,
                        14.705695
                    ],
                    [
                        -91.067184,
                        14.705242
                    ],
                    [
                        -91.067294,
                        14.705145
                    ],
                    [
                        -91.067631,
                        14.704967
                    ],
                    [
                        -91.067752,
                        14.704942
                    ],
                    [
                        -91.067843,
                        14.704974
                    ],
                    [
                        -91.068024,
                        14.705233
                    ],
                    [
                        -91.06826,
                        14.705734
                    ],
                    [
                        -91.06842,
                        14.705957
                    ],
                    [
                        -91.068497,
                        14.706106
                    ],
                    [
                        -91.068577,
                        14.706885
                    ],
                    [
                        -91.068609,
                        14.706964
                    ],
                    [
                        -91.068669,
                        14.707005
                    ],
                    [
                        -91.068747,
                        14.706999
                    ],
                    [
                        -91.0688,
                        14.706945
                    ],
                    [
                        -91.069041,
                        14.706378
                    ],
                    [
                        -91.069217,
                        14.706183
                    ],
                    [
                        -91.069227,
                        14.706074
                    ],
                    [
                        -91.069152,
                        14.705888
                    ],
                    [
                        -91.069137,
                        14.705823
                    ],
                    [
                        -91.069147,
                        14.705768
                    ],
                    [
                        -91.069424,
                        14.70557
                    ],
                    [
                        -91.069451,
                        14.705504
                    ],
                    [
                        -91.069397,
                        14.705343
                    ],
                    [
                        -91.069278,
                        14.705215
                    ],
                    [
                        -91.069239,
                        14.705099
                    ],
                    [
                        -91.06923,
                        14.704994
                    ],
                    [
                        -91.069262,
                        14.704557
                    ],
                    [
                        -91.069164,
                        14.704288
                    ],
                    [
                        -91.069176,
                        14.704133
                    ],
                    [
                        -91.069241,
                        14.703964
                    ],
                    [
                        -91.069292,
                        14.703905
                    ],
                    [
                        -91.069378,
                        14.703853
                    ],
                    [
                        -91.069467,
                        14.703831
                    ],
                    [
                        -91.069824,
                        14.703929
                    ],
                    [
                        -91.070196,
                        14.703968
                    ],
                    [
                        -91.070334,
                        14.703964
                    ],
                    [
                        -91.070442,
                        14.703929
                    ],
                    [
                        -91.070529,
                        14.703842
                    ],
                    [
                        -91.070714,
                        14.703473
                    ],
                    [
                        -91.070775,
                        14.703441
                    ],
                    [
                        -91.070854,
                        14.703432
                    ],
                    [
                        -91.071136,
                        14.703468
                    ],
                    [
                        -91.071489,
                        14.703414
                    ],
                    [
                        -91.071699,
                        14.70343
                    ],
                    [
                        -91.072135,
                        14.703412
                    ],
                    [
                        -91.072348,
                        14.703324
                    ],
                    [
                        -91.07241,
                        14.703277
                    ],
                    [
                        -91.072551,
                        14.703023
                    ],
                    [
                        -91.072648,
                        14.702948
                    ],
                    [
                        -91.073234,
                        14.702783
                    ],
                    [
                        -91.073319,
                        14.702784
                    ],
                    [
                        -91.073478,
                        14.702813
                    ],
                    [
                        -91.073547,
                        14.702798
                    ],
                    [
                        -91.073624,
                        14.702724
                    ],
                    [
                        -91.073885,
                        14.702279
                    ],
                    [
                        -91.073992,
                        14.702183
                    ],
                    [
                        -91.074173,
                        14.702063
                    ],
                    [
                        -91.074319,
                        14.701967
                    ],
                    [
                        -91.074448,
                        14.701855
                    ],
                    [
                        -91.07503,
                        14.701173
                    ],
                    [
                        -91.075138,
                        14.700999
                    ],
                    [
                        -91.07555,
                        14.699911
                    ],
                    [
                        -91.075584,
                        14.69988
                    ],
                    [
                        -91.075716,
                        14.699846
                    ],
                    [
                        -91.075757,
                        14.699855
                    ],
                    [
                        -91.075781,
                        14.699892
                    ],
                    [
                        -91.075785,
                        14.700023
                    ],
                    [
                        -91.075721,
                        14.700478
                    ],
                    [
                        -91.07569,
                        14.701201
                    ],
                    [
                        -91.075622,
                        14.701565
                    ],
                    [
                        -91.075661,
                        14.701911
                    ],
                    [
                        -91.075483,
                        14.702277
                    ],
                    [
                        -91.075421,
                        14.702449
                    ],
                    [
                        -91.075447,
                        14.702992
                    ],
                    [
                        -91.075472,
                        14.70316
                    ],
                    [
                        -91.075594,
                        14.703339
                    ],
                    [
                        -91.075899,
                        14.70356
                    ],
                    [
                        -91.075977,
                        14.703669
                    ],
                    [
                        -91.076071,
                        14.70391
                    ],
                    [
                        -91.076136,
                        14.704017
                    ],
                    [
                        -91.076252,
                        14.704078
                    ],
                    [
                        -91.0766,
                        14.704112
                    ],
                    [
                        -91.076781,
                        14.704169
                    ],
                    [
                        -91.076885,
                        14.704178
                    ],
                    [
                        -91.076949,
                        14.704154
                    ],
                    [
                        -91.07698,
                        14.704073
                    ],
                    [
                        -91.076808,
                        14.703431
                    ],
                    [
                        -91.07672,
                        14.703277
                    ],
                    [
                        -91.076353,
                        14.702838
                    ],
                    [
                        -91.076299,
                        14.702701
                    ],
                    [
                        -91.076314,
                        14.702623
                    ],
                    [
                        -91.07647,
                        14.702344
                    ],
                    [
                        -91.076527,
                        14.701976
                    ],
                    [
                        -91.076562,
                        14.701923
                    ],
                    [
                        -91.076627,
                        14.701895
                    ],
                    [
                        -91.076676,
                        14.701919
                    ],
                    [
                        -91.076694,
                        14.701967
                    ],
                    [
                        -91.076649,
                        14.702486
                    ],
                    [
                        -91.076663,
                        14.702591
                    ],
                    [
                        -91.076714,
                        14.702718
                    ],
                    [
                        -91.076808,
                        14.702839
                    ],
                    [
                        -91.077346,
                        14.703271
                    ],
                    [
                        -91.077448,
                        14.703422
                    ],
                    [
                        -91.077616,
                        14.703833
                    ],
                    [
                        -91.077683,
                        14.703937
                    ],
                    [
                        -91.077736,
                        14.703978
                    ],
                    [
                        -91.078163,
                        14.704149
                    ],
                    [
                        -91.078322,
                        14.704164
                    ],
                    [
                        -91.078668,
                        14.704026
                    ],
                    [
                        -91.07874,
                        14.704013
                    ],
                    [
                        -91.078976,
                        14.70403
                    ],
                    [
                        -91.07909,
                        14.704021
                    ],
                    [
                        -91.079182,
                        14.703978
                    ],
                    [
                        -91.0793,
                        14.703881
                    ],
                    [
                        -91.079432,
                        14.703804
                    ],
                    [
                        -91.07977,
                        14.703773
                    ],
                    [
                        -91.080664,
                        14.7039
                    ],
                    [
                        -91.081424,
                        14.703804
                    ],
                    [
                        -91.081887,
                        14.703829
                    ],
                    [
                        -91.082204,
                        14.704068
                    ],
                    [
                        -91.082488,
                        14.704129
                    ],
                    [
                        -91.082751,
                        14.704113
                    ],
                    [
                        -91.083468,
                        14.703894
                    ],
                    [
                        -91.083761,
                        14.703878
                    ],
                    [
                        -91.083883,
                        14.703825
                    ],
                    [
                        -91.084294,
                        14.703546
                    ],
                    [
                        -91.084471,
                        14.703494
                    ],
                    [
                        -91.084812,
                        14.703711
                    ],
                    [
                        -91.084833,
                        14.703773
                    ],
                    [
                        -91.084833,
                        14.703839
                    ],
                    [
                        -91.084707,
                        14.704135
                    ],
                    [
                        -91.084683,
                        14.704283
                    ],
                    [
                        -91.084709,
                        14.705065
                    ],
                    [
                        -91.084733,
                        14.705127
                    ],
                    [
                        -91.084785,
                        14.705199
                    ],
                    [
                        -91.085052,
                        14.705426
                    ],
                    [
                        -91.085111,
                        14.70544
                    ],
                    [
                        -91.085143,
                        14.705436
                    ],
                    [
                        -91.085216,
                        14.705356
                    ],
                    [
                        -91.085224,
                        14.704861
                    ],
                    [
                        -91.085264,
                        14.704689
                    ],
                    [
                        -91.085331,
                        14.704579
                    ],
                    [
                        -91.085429,
                        14.704497
                    ],
                    [
                        -91.085698,
                        14.704387
                    ],
                    [
                        -91.085935,
                        14.704265
                    ],
                    [
                        -91.086344,
                        14.703889
                    ],
                    [
                        -91.086456,
                        14.703824
                    ],
                    [
                        -91.086699,
                        14.703723
                    ],
                    [
                        -91.086865,
                        14.703615
                    ],
                    [
                        -91.08693,
                        14.703595
                    ],
                    [
                        -91.087017,
                        14.703619
                    ],
                    [
                        -91.087068,
                        14.703662
                    ],
                    [
                        -91.087184,
                        14.703835
                    ],
                    [
                        -91.087322,
                        14.703933
                    ],
                    [
                        -91.087462,
                        14.703946
                    ],
                    [
                        -91.087606,
                        14.703916
                    ],
                    [
                        -91.088082,
                        14.703658
                    ],
                    [
                        -91.088243,
                        14.703649
                    ],
                    [
                        -91.088401,
                        14.70368
                    ],
                    [
                        -91.088516,
                        14.703671
                    ],
                    [
                        -91.088917,
                        14.70355
                    ],
                    [
                        -91.08909,
                        14.70354
                    ],
                    [
                        -91.089533,
                        14.703603
                    ],
                    [
                        -91.089649,
                        14.703637
                    ],
                    [
                        -91.089737,
                        14.703687
                    ],
                    [
                        -91.090442,
                        14.704503
                    ],
                    [
                        -91.090524,
                        14.704581
                    ],
                    [
                        -91.090725,
                        14.704681
                    ],
                    [
                        -91.091063,
                        14.704719
                    ],
                    [
                        -91.091217,
                        14.704795
                    ],
                    [
                        -91.091311,
                        14.704886
                    ],
                    [
                        -91.091378,
                        14.705011
                    ],
                    [
                        -91.091428,
                        14.705268
                    ],
                    [
                        -91.091499,
                        14.705361
                    ],
                    [
                        -91.091637,
                        14.705441
                    ],
                    [
                        -91.092378,
                        14.705689
                    ],
                    [
                        -91.092463,
                        14.705732
                    ],
                    [
                        -91.092538,
                        14.705829
                    ],
                    [
                        -91.092781,
                        14.706235
                    ],
                    [
                        -91.092828,
                        14.706349
                    ],
                    [
                        -91.092815,
                        14.706693
                    ],
                    [
                        -91.092828,
                        14.706939
                    ],
                    [
                        -91.092808,
                        14.707583
                    ],
                    [
                        -91.092883,
                        14.708512
                    ],
                    [
                        -91.092793,
                        14.708815
                    ],
                    [
                        -91.092804,
                        14.708885
                    ],
                    [
                        -91.092842,
                        14.708929
                    ],
                    [
                        -91.092921,
                        14.708944
                    ],
                    [
                        -91.092978,
                        14.708926
                    ],
                    [
                        -91.093046,
                        14.708828
                    ],
                    [
                        -91.093067,
                        14.708673
                    ],
                    [
                        -91.093102,
                        14.707783
                    ],
                    [
                        -91.09313,
                        14.707602
                    ],
                    [
                        -91.093399,
                        14.706491
                    ],
                    [
                        -91.093598,
                        14.706006
                    ],
                    [
                        -91.093667,
                        14.705917
                    ],
                    [
                        -91.093752,
                        14.705856
                    ],
                    [
                        -91.09381,
                        14.70584
                    ],
                    [
                        -91.093912,
                        14.705843
                    ],
                    [
                        -91.094368,
                        14.705957
                    ],
                    [
                        -91.094498,
                        14.705965
                    ],
                    [
                        -91.094624,
                        14.705942
                    ],
                    [
                        -91.094733,
                        14.70589
                    ],
                    [
                        -91.094813,
                        14.705816
                    ],
                    [
                        -91.094939,
                        14.705644
                    ],
                    [
                        -91.095081,
                        14.705545
                    ],
                    [
                        -91.09526,
                        14.705479
                    ],
                    [
                        -91.095589,
                        14.705407
                    ],
                    [
                        -91.095856,
                        14.705448
                    ],
                    [
                        -91.095929,
                        14.705481
                    ],
                    [
                        -91.095973,
                        14.705528
                    ],
                    [
                        -91.095999,
                        14.705581
                    ],
                    [
                        -91.096002,
                        14.705644
                    ],
                    [
                        -91.095973,
                        14.705799
                    ],
                    [
                        -91.095249,
                        14.706557
                    ],
                    [
                        -91.095117,
                        14.706675
                    ],
                    [
                        -91.094991,
                        14.70675
                    ],
                    [
                        -91.094924,
                        14.706771
                    ],
                    [
                        -91.094331,
                        14.706831
                    ],
                    [
                        -91.094263,
                        14.706854
                    ],
                    [
                        -91.094086,
                        14.706965
                    ],
                    [
                        -91.093965,
                        14.707126
                    ],
                    [
                        -91.09392,
                        14.707251
                    ],
                    [
                        -91.093752,
                        14.70849
                    ],
                    [
                        -91.093759,
                        14.708642
                    ],
                    [
                        -91.093796,
                        14.708789
                    ],
                    [
                        -91.093903,
                        14.708992
                    ],
                    [
                        -91.094022,
                        14.709123
                    ],
                    [
                        -91.094092,
                        14.709179
                    ],
                    [
                        -91.094167,
                        14.709227
                    ],
                    [
                        -91.094332,
                        14.709298
                    ],
                    [
                        -91.09628,
                        14.709756
                    ],
                    [
                        -91.096629,
                        14.709917
                    ],
                    [
                        -91.096963,
                        14.710104
                    ],
                    [
                        -91.097449,
                        14.710443
                    ],
                    [
                        -91.097895,
                        14.710846
                    ],
                    [
                        -91.098107,
                        14.711114
                    ],
                    [
                        -91.098575,
                        14.711862
                    ],
                    [
                        -91.098638,
                        14.711936
                    ],
                    [
                        -91.098783,
                        14.712065
                    ],
                    [
                        -91.098952,
                        14.712166
                    ],
                    [
                        -91.099138,
                        14.712234
                    ],
                    [
                        -91.099235,
                        14.712254
                    ],
                    [
                        -91.100137,
                        14.712293
                    ],
                    [
                        -91.100339,
                        14.712323
                    ],
                    [
                        -91.100626,
                        14.712423
                    ],
                    [
                        -91.100881,
                        14.712586
                    ],
                    [
                        -91.101026,
                        14.712725
                    ],
                    [
                        -91.101196,
                        14.712971
                    ],
                    [
                        -91.101829,
                        14.714335
                    ],
                    [
                        -91.102132,
                        14.714696
                    ],
                    [
                        -91.102415,
                        14.714956
                    ],
                    [
                        -91.10256,
                        14.71507
                    ],
                    [
                        -91.103622,
                        14.715907
                    ],
                    [
                        -91.104292,
                        14.716459
                    ],
                    [
                        -91.104986,
                        14.717088
                    ],
                    [
                        -91.105197,
                        14.7174
                    ],
                    [
                        -91.105904,
                        14.718643
                    ],
                    [
                        -91.106181,
                        14.71914
                    ],
                    [
                        -91.106489,
                        14.719702
                    ],
                    [
                        -91.106566,
                        14.7199
                    ],
                    [
                        -91.106604,
                        14.720091
                    ],
                    [
                        -91.106616,
                        14.72031
                    ],
                    [
                        -91.106586,
                        14.720566
                    ],
                    [
                        -91.106522,
                        14.720806
                    ],
                    [
                        -91.10637,
                        14.721225
                    ],
                    [
                        -91.106055,
                        14.72213
                    ],
                    [
                        -91.105932,
                        14.722547
                    ],
                    [
                        -91.105685,
                        14.723789
                    ],
                    [
                        -91.105526,
                        14.725063
                    ],
                    [
                        -91.105498,
                        14.725304
                    ],
                    [
                        -91.10549,
                        14.725659
                    ],
                    [
                        -91.105549,
                        14.726019
                    ],
                    [
                        -91.105655,
                        14.726321
                    ],
                    [
                        -91.105841,
                        14.726629
                    ],
                    [
                        -91.105954,
                        14.726769
                    ],
                    [
                        -91.106538,
                        14.727397
                    ],
                    [
                        -91.107027,
                        14.727953
                    ],
                    [
                        -91.107207,
                        14.728252
                    ],
                    [
                        -91.10737,
                        14.728733
                    ],
                    [
                        -91.10743,
                        14.729306
                    ],
                    [
                        -91.107568,
                        14.729895
                    ],
                    [
                        -91.107842,
                        14.730319
                    ],
                    [
                        -91.108142,
                        14.730701
                    ],
                    [
                        -91.108912,
                        14.731603
                    ],
                    [
                        -91.10903,
                        14.731642
                    ],
                    [
                        -91.109331,
                        14.731728
                    ],
                    [
                        -91.109653,
                        14.731755
                    ],
                    [
                        -91.109907,
                        14.731741
                    ],
                    [
                        -91.111691,
                        14.73152
                    ],
                    [
                        -91.112445,
                        14.73152
                    ],
                    [
                        -91.112654,
                        14.731569
                    ],
                    [
                        -91.113344,
                        14.731971
                    ],
                    [
                        -91.11344,
                        14.732021
                    ],
                    [
                        -91.113526,
                        14.732047
                    ],
                    [
                        -91.114258,
                        14.732179
                    ],
                    [
                        -91.114776,
                        14.732358
                    ],
                    [
                        -91.115039,
                        14.732412
                    ],
                    [
                        -91.115135,
                        14.73242
                    ],
                    [
                        -91.115457,
                        14.732405
                    ],
                    [
                        -91.116195,
                        14.732558
                    ],
                    [
                        -91.11628,
                        14.732586
                    ],
                    [
                        -91.116559,
                        14.732752
                    ],
                    [
                        -91.117179,
                        14.732996
                    ],
                    [
                        -91.117301,
                        14.733058
                    ],
                    [
                        -91.117738,
                        14.733216
                    ],
                    [
                        -91.118374,
                        14.733589
                    ],
                    [
                        -91.119575,
                        14.734029
                    ],
                    [
                        -91.120434,
                        14.734577
                    ],
                    [
                        -91.121412,
                        14.735125
                    ],
                    [
                        -91.121824,
                        14.735399
                    ],
                    [
                        -91.122442,
                        14.735723
                    ],
                    [
                        -91.12282,
                        14.736088
                    ],
                    [
                        -91.123086,
                        14.73642
                    ],
                    [
                        -91.123217,
                        14.736897
                    ],
                    [
                        -91.123277,
                        14.737593
                    ],
                    [
                        -91.123324,
                        14.737786
                    ],
                    [
                        -91.123363,
                        14.737874
                    ],
                    [
                        -91.123614,
                        14.738299
                    ],
                    [
                        -91.123721,
                        14.738711
                    ],
                    [
                        -91.123828,
                        14.738958
                    ],
                    [
                        -91.12414,
                        14.739485
                    ],
                    [
                        -91.124234,
                        14.739541
                    ],
                    [
                        -91.124416,
                        14.739601
                    ],
                    [
                        -91.124891,
                        14.739664
                    ],
                    [
                        -91.125082,
                        14.739648
                    ],
                    [
                        -91.12535,
                        14.739581
                    ],
                    [
                        -91.125433,
                        14.739568
                    ],
                    [
                        -91.125666,
                        14.73957
                    ],
                    [
                        -91.126099,
                        14.739667
                    ],
                    [
                        -91.126263,
                        14.739724
                    ],
                    [
                        -91.126459,
                        14.739815
                    ],
                    [
                        -91.126603,
                        14.739847
                    ],
                    [
                        -91.12675,
                        14.739851
                    ],
                    [
                        -91.127055,
                        14.739824
                    ],
                    [
                        -91.127429,
                        14.739815
                    ],
                    [
                        -91.127771,
                        14.73985
                    ],
                    [
                        -91.128111,
                        14.739952
                    ],
                    [
                        -91.12866,
                        14.740135
                    ],
                    [
                        -91.129147,
                        14.7403
                    ],
                    [
                        -91.129454,
                        14.740411
                    ],
                    [
                        -91.129956,
                        14.740718
                    ],
                    [
                        -91.130256,
                        14.740951
                    ],
                    [
                        -91.130364,
                        14.741018
                    ],
                    [
                        -91.130511,
                        14.741093
                    ],
                    [
                        -91.130656,
                        14.74111
                    ],
                    [
                        -91.130729,
                        14.741108
                    ],
                    [
                        -91.131615,
                        14.741092
                    ],
                    [
                        -91.131759,
                        14.741104
                    ],
                    [
                        -91.132221,
                        14.741134
                    ],
                    [
                        -91.133147,
                        14.741138
                    ],
                    [
                        -91.133359,
                        14.741159
                    ],
                    [
                        -91.133832,
                        14.741278
                    ],
                    [
                        -91.133882,
                        14.741306
                    ],
                    [
                        -91.133999,
                        14.741446
                    ],
                    [
                        -91.134062,
                        14.741587
                    ],
                    [
                        -91.134274,
                        14.742245
                    ],
                    [
                        -91.13428,
                        14.742308
                    ],
                    [
                        -91.134265,
                        14.742398
                    ],
                    [
                        -91.134201,
                        14.74247
                    ],
                    [
                        -91.133969,
                        14.742658
                    ],
                    [
                        -91.133749,
                        14.742821
                    ],
                    [
                        -91.133561,
                        14.742996
                    ],
                    [
                        -91.133542,
                        14.74303
                    ],
                    [
                        -91.133497,
                        14.743241
                    ],
                    [
                        -91.133461,
                        14.743861
                    ],
                    [
                        -91.133497,
                        14.743944
                    ],
                    [
                        -91.133542,
                        14.744016
                    ],
                    [
                        -91.133621,
                        14.744075
                    ],
                    [
                        -91.133681,
                        14.744093
                    ],
                    [
                        -91.133778,
                        14.74407
                    ],
                    [
                        -91.134111,
                        14.74392
                    ],
                    [
                        -91.134226,
                        14.743894
                    ],
                    [
                        -91.134375,
                        14.743903
                    ],
                    [
                        -91.134544,
                        14.743958
                    ],
                    [
                        -91.134753,
                        14.74412
                    ],
                    [
                        -91.134858,
                        14.744252
                    ],
                    [
                        -91.134932,
                        14.744432
                    ],
                    [
                        -91.134977,
                        14.744723
                    ],
                    [
                        -91.135064,
                        14.744911
                    ],
                    [
                        -91.135137,
                        14.745002
                    ],
                    [
                        -91.135233,
                        14.745061
                    ],
                    [
                        -91.13531,
                        14.74507
                    ],
                    [
                        -91.135386,
                        14.745055
                    ],
                    [
                        -91.135452,
                        14.745008
                    ],
                    [
                        -91.135681,
                        14.744757
                    ],
                    [
                        -91.135823,
                        14.744681
                    ],
                    [
                        -91.136092,
                        14.744575
                    ],
                    [
                        -91.136263,
                        14.74459
                    ],
                    [
                        -91.136418,
                        14.744632
                    ],
                    [
                        -91.136815,
                        14.744807
                    ],
                    [
                        -91.137604,
                        14.744959
                    ],
                    [
                        -91.137736,
                        14.745047
                    ],
                    [
                        -91.137843,
                        14.745128
                    ],
                    [
                        -91.137932,
                        14.74523
                    ],
                    [
                        -91.13861,
                        14.746089
                    ],
                    [
                        -91.138669,
                        14.74616
                    ],
                    [
                        -91.138757,
                        14.746351
                    ],
                    [
                        -91.138861,
                        14.746971
                    ],
                    [
                        -91.138868,
                        14.747167
                    ],
                    [
                        -91.138821,
                        14.747312
                    ],
                    [
                        -91.138784,
                        14.747356
                    ],
                    [
                        -91.138439,
                        14.74755
                    ],
                    [
                        -91.138364,
                        14.74766
                    ],
                    [
                        -91.138252,
                        14.748182
                    ],
                    [
                        -91.138226,
                        14.748254
                    ],
                    [
                        -91.13805,
                        14.748551
                    ],
                    [
                        -91.137952,
                        14.749331
                    ],
                    [
                        -91.137914,
                        14.749439
                    ],
                    [
                        -91.137721,
                        14.749801
                    ],
                    [
                        -91.137599,
                        14.749937
                    ],
                    [
                        -91.137507,
                        14.749992
                    ],
                    [
                        -91.13676,
                        14.750235
                    ],
                    [
                        -91.136599,
                        14.750328
                    ],
                    [
                        -91.13649,
                        14.750423
                    ],
                    [
                        -91.13615,
                        14.750926
                    ],
                    [
                        -91.136038,
                        14.750998
                    ],
                    [
                        -91.135333,
                        14.751261
                    ],
                    [
                        -91.135269,
                        14.751346
                    ],
                    [
                        -91.135259,
                        14.751431
                    ],
                    [
                        -91.135288,
                        14.751532
                    ],
                    [
                        -91.135376,
                        14.751656
                    ],
                    [
                        -91.135733,
                        14.752011
                    ],
                    [
                        -91.135811,
                        14.752134
                    ],
                    [
                        -91.135856,
                        14.752237
                    ],
                    [
                        -91.135871,
                        14.752359
                    ],
                    [
                        -91.135847,
                        14.752485
                    ],
                    [
                        -91.135493,
                        14.753153
                    ],
                    [
                        -91.135417,
                        14.753406
                    ],
                    [
                        -91.135336,
                        14.753508
                    ],
                    [
                        -91.134438,
                        14.7542
                    ],
                    [
                        -91.134384,
                        14.754229
                    ],
                    [
                        -91.134334,
                        14.754228
                    ],
                    [
                        -91.134095,
                        14.754168
                    ],
                    [
                        -91.13396,
                        14.754181
                    ],
                    [
                        -91.133846,
                        14.754249
                    ],
                    [
                        -91.133291,
                        14.754868
                    ],
                    [
                        -91.133233,
                        14.755018
                    ],
                    [
                        -91.133204,
                        14.755163
                    ],
                    [
                        -91.133147,
                        14.755912
                    ],
                    [
                        -91.133123,
                        14.756015
                    ],
                    [
                        -91.133031,
                        14.756199
                    ],
                    [
                        -91.133001,
                        14.756311
                    ],
                    [
                        -91.133014,
                        14.756426
                    ],
                    [
                        -91.133089,
                        14.756647
                    ],
                    [
                        -91.133104,
                        14.756747
                    ],
                    [
                        -91.133087,
                        14.75683
                    ],
                    [
                        -91.133038,
                        14.756922
                    ],
                    [
                        -91.132921,
                        14.757005
                    ],
                    [
                        -91.13249,
                        14.757098
                    ],
                    [
                        -91.131798,
                        14.757565
                    ],
                    [
                        -91.131719,
                        14.757602
                    ],
                    [
                        -91.131618,
                        14.757615
                    ],
                    [
                        -91.131511,
                        14.757592
                    ],
                    [
                        -91.131384,
                        14.757457
                    ],
                    [
                        -91.131098,
                        14.756908
                    ],
                    [
                        -91.131019,
                        14.756832
                    ],
                    [
                        -91.130925,
                        14.756802
                    ],
                    [
                        -91.130858,
                        14.75682
                    ],
                    [
                        -91.130803,
                        14.756871
                    ],
                    [
                        -91.130729,
                        14.756984
                    ],
                    [
                        -91.130694,
                        14.757109
                    ],
                    [
                        -91.130681,
                        14.757378
                    ],
                    [
                        -91.130164,
                        14.758506
                    ],
                    [
                        -91.129262,
                        14.7593
                    ],
                    [
                        -91.129065,
                        14.759597
                    ],
                    [
                        -91.129049,
                        14.759687
                    ],
                    [
                        -91.129057,
                        14.759806
                    ],
                    [
                        -91.129115,
                        14.759901
                    ],
                    [
                        -91.129178,
                        14.759934
                    ],
                    [
                        -91.129279,
                        14.759944
                    ],
                    [
                        -91.129426,
                        14.759895
                    ],
                    [
                        -91.129555,
                        14.759883
                    ],
                    [
                        -91.130039,
                        14.759976
                    ],
                    [
                        -91.130242,
                        14.759974
                    ],
                    [
                        -91.130986,
                        14.759755
                    ],
                    [
                        -91.131636,
                        14.759643
                    ],
                    [
                        -91.131725,
                        14.759652
                    ],
                    [
                        -91.131805,
                        14.75969
                    ],
                    [
                        -91.132069,
                        14.759896
                    ],
                    [
                        -91.132191,
                        14.759965
                    ],
                    [
                        -91.132703,
                        14.760085
                    ],
                    [
                        -91.132801,
                        14.76015
                    ],
                    [
                        -91.132863,
                        14.760233
                    ],
                    [
                        -91.132912,
                        14.760367
                    ],
                    [
                        -91.132916,
                        14.760432
                    ],
                    [
                        -91.132819,
                        14.76073
                    ],
                    [
                        -91.132806,
                        14.760924
                    ],
                    [
                        -91.132935,
                        14.761641
                    ],
                    [
                        -91.132972,
                        14.762328
                    ],
                    [
                        -91.132945,
                        14.762594
                    ],
                    [
                        -91.132782,
                        14.762971
                    ],
                    [
                        -91.132754,
                        14.763101
                    ],
                    [
                        -91.132842,
                        14.763311
                    ],
                    [
                        -91.132857,
                        14.763413
                    ],
                    [
                        -91.132804,
                        14.763603
                    ],
                    [
                        -91.132824,
                        14.763683
                    ],
                    [
                        -91.132894,
                        14.763746
                    ],
                    [
                        -91.132954,
                        14.763769
                    ],
                    [
                        -91.133249,
                        14.763808
                    ],
                    [
                        -91.133432,
                        14.763891
                    ],
                    [
                        -91.13365,
                        14.764078
                    ],
                    [
                        -91.133834,
                        14.764325
                    ],
                    [
                        -91.133956,
                        14.76455
                    ],
                    [
                        -91.133996,
                        14.764685
                    ],
                    [
                        -91.134079,
                        14.76543
                    ],
                    [
                        -91.134198,
                        14.76571
                    ],
                    [
                        -91.134198,
                        14.765863
                    ],
                    [
                        -91.134136,
                        14.766011
                    ],
                    [
                        -91.134085,
                        14.766406
                    ],
                    [
                        -91.13405,
                        14.766486
                    ],
                    [
                        -91.133999,
                        14.766542
                    ],
                    [
                        -91.13381,
                        14.76669
                    ],
                    [
                        -91.133684,
                        14.766898
                    ],
                    [
                        -91.133617,
                        14.767149
                    ],
                    [
                        -91.133628,
                        14.767313
                    ],
                    [
                        -91.133655,
                        14.767345
                    ],
                    [
                        -91.133698,
                        14.767356
                    ],
                    [
                        -91.133777,
                        14.767299
                    ],
                    [
                        -91.133851,
                        14.767027
                    ],
                    [
                        -91.133965,
                        14.766853
                    ],
                    [
                        -91.134079,
                        14.766759
                    ],
                    [
                        -91.134335,
                        14.76664
                    ],
                    [
                        -91.134389,
                        14.76656
                    ],
                    [
                        -91.134411,
                        14.766482
                    ],
                    [
                        -91.134433,
                        14.766174
                    ],
                    [
                        -91.134651,
                        14.765729
                    ],
                    [
                        -91.13469,
                        14.765266
                    ],
                    [
                        -91.134725,
                        14.765074
                    ],
                    [
                        -91.135156,
                        14.763801
                    ],
                    [
                        -91.135186,
                        14.763645
                    ],
                    [
                        -91.13517,
                        14.763538
                    ],
                    [
                        -91.135029,
                        14.763301
                    ],
                    [
                        -91.134881,
                        14.763118
                    ],
                    [
                        -91.134875,
                        14.763009
                    ],
                    [
                        -91.134987,
                        14.762542
                    ],
                    [
                        -91.134862,
                        14.762187
                    ],
                    [
                        -91.13481,
                        14.761907
                    ],
                    [
                        -91.13481,
                        14.761549
                    ],
                    [
                        -91.135021,
                        14.760469
                    ],
                    [
                        -91.135122,
                        14.759936
                    ],
                    [
                        -91.135383,
                        14.75892
                    ],
                    [
                        -91.135624,
                        14.758422
                    ],
                    [
                        -91.13584,
                        14.758115
                    ],
                    [
                        -91.136005,
                        14.757698
                    ],
                    [
                        -91.136087,
                        14.757601
                    ],
                    [
                        -91.136225,
                        14.757534
                    ],
                    [
                        -91.136431,
                        14.757518
                    ],
                    [
                        -91.136559,
                        14.757485
                    ],
                    [
                        -91.136639,
                        14.757405
                    ],
                    [
                        -91.136813,
                        14.757172
                    ],
                    [
                        -91.136872,
                        14.757093
                    ],
                    [
                        -91.136993,
                        14.756845
                    ],
                    [
                        -91.137104,
                        14.756714
                    ],
                    [
                        -91.137258,
                        14.756648
                    ],
                    [
                        -91.137447,
                        14.756623
                    ],
                    [
                        -91.137593,
                        14.756565
                    ],
                    [
                        -91.137713,
                        14.756441
                    ],
                    [
                        -91.137907,
                        14.756198
                    ],
                    [
                        -91.138278,
                        14.75562
                    ],
                    [
                        -91.138552,
                        14.755327
                    ],
                    [
                        -91.138952,
                        14.754937
                    ],
                    [
                        -91.13957,
                        14.753962
                    ],
                    [
                        -91.139743,
                        14.753827
                    ],
                    [
                        -91.140168,
                        14.753599
                    ],
                    [
                        -91.141226,
                        14.752938
                    ],
                    [
                        -91.141378,
                        14.75288
                    ],
                    [
                        -91.141812,
                        14.752767
                    ],
                    [
                        -91.142221,
                        14.752627
                    ],
                    [
                        -91.142333,
                        14.752675
                    ],
                    [
                        -91.142367,
                        14.752713
                    ],
                    [
                        -91.142908,
                        14.75325
                    ],
                    [
                        -91.143018,
                        14.753341
                    ],
                    [
                        -91.143116,
                        14.753369
                    ],
                    [
                        -91.143185,
                        14.753347
                    ],
                    [
                        -91.143889,
                        14.752878
                    ],
                    [
                        -91.144597,
                        14.752369
                    ],
                    [
                        -91.144815,
                        14.752196
                    ],
                    [
                        -91.145465,
                        14.751896
                    ],
                    [
                        -91.146715,
                        14.751381
                    ],
                    [
                        -91.146992,
                        14.751198
                    ],
                    [
                        -91.147284,
                        14.750999
                    ],
                    [
                        -91.147501,
                        14.750835
                    ],
                    [
                        -91.147735,
                        14.750642
                    ],
                    [
                        -91.148572,
                        14.749983
                    ],
                    [
                        -91.148761,
                        14.749807
                    ],
                    [
                        -91.148906,
                        14.749642
                    ],
                    [
                        -91.149142,
                        14.749369
                    ],
                    [
                        -91.149204,
                        14.749298
                    ],
                    [
                        -91.149579,
                        14.748865
                    ],
                    [
                        -91.149715,
                        14.748723
                    ],
                    [
                        -91.149954,
                        14.748532
                    ],
                    [
                        -91.150151,
                        14.74838
                    ],
                    [
                        -91.151311,
                        14.747604
                    ],
                    [
                        -91.152073,
                        14.747114
                    ],
                    [
                        -91.152351,
                        14.746936
                    ],
                    [
                        -91.15244,
                        14.746851
                    ],
                    [
                        -91.15269,
                        14.746312
                    ],
                    [
                        -91.152712,
                        14.746268
                    ],
                    [
                        -91.152902,
                        14.745852
                    ],
                    [
                        -91.153468,
                        14.746059
                    ],
                    [
                        -91.153787,
                        14.746159
                    ],
                    [
                        -91.154219,
                        14.745872
                    ],
                    [
                        -91.154517,
                        14.745551
                    ],
                    [
                        -91.154561,
                        14.745507
                    ],
                    [
                        -91.154753,
                        14.745283
                    ],
                    [
                        -91.155256,
                        14.744739
                    ],
                    [
                        -91.155636,
                        14.744324
                    ],
                    [
                        -91.155761,
                        14.744268
                    ],
                    [
                        -91.156101,
                        14.744195
                    ],
                    [
                        -91.156619,
                        14.744097
                    ],
                    [
                        -91.157277,
                        14.743996
                    ],
                    [
                        -91.157444,
                        14.743968
                    ],
                    [
                        -91.157992,
                        14.743875
                    ],
                    [
                        -91.158324,
                        14.743818
                    ],
                    [
                        -91.158591,
                        14.743774
                    ],
                    [
                        -91.158759,
                        14.743746
                    ],
                    [
                        -91.158795,
                        14.743741
                    ],
                    [
                        -91.158914,
                        14.74372
                    ],
                    [
                        -91.159064,
                        14.743694
                    ],
                    [
                        -91.159284,
                        14.743659
                    ],
                    [
                        -91.159515,
                        14.743622
                    ],
                    [
                        -91.159985,
                        14.743546
                    ],
                    [
                        -91.160048,
                        14.743536
                    ],
                    [
                        -91.160473,
                        14.743467
                    ],
                    [
                        -91.160549,
                        14.743455
                    ],
                    [
                        -91.160879,
                        14.7434
                    ],
                    [
                        -91.161127,
                        14.743355
                    ],
                    [
                        -91.161148,
                        14.743351
                    ],
                    [
                        -91.161077,
                        14.743191
                    ],
                    [
                        -91.161029,
                        14.743041
                    ],
                    [
                        -91.161139,
                        14.742946
                    ],
                    [
                        -91.161347,
                        14.74278
                    ],
                    [
                        -91.161555,
                        14.742613
                    ],
                    [
                        -91.162002,
                        14.742252
                    ],
                    [
                        -91.162249,
                        14.742053
                    ],
                    [
                        -91.162464,
                        14.74187
                    ],
                    [
                        -91.162176,
                        14.741402
                    ],
                    [
                        -91.162498,
                        14.741206
                    ],
                    [
                        -91.162704,
                        14.741241
                    ],
                    [
                        -91.163141,
                        14.741129
                    ],
                    [
                        -91.163172,
                        14.741152
                    ],
                    [
                        -91.163165,
                        14.741204
                    ]
                ],
                "type": "LineString"
            }
        }
    ],
    "metadata": {
        "attribution": "openrouteservice.org | OpenStreetMap contributors",
        "service": "routing",
        "timestamp": 1756874147963,
        "query": {
            "coordinates": [
                [
                    -90.73444,
                    14.56111
                ],
                [
                    -91.163139,
                    14.741297
                ]
            ],
            "profile": "driving-car",
            "profileName": "driving-car",
            "format": "geojson"
        },
        "engine": {
            "version": "9.3.0",
            "build_date": "2025-06-06T15:39:25Z",
            "graph_date": "2025-08-31T11:45:10Z",
            "osm_date": "2025-08-24T23:59:58Z"
        }
    }
}