{
    "type": "FeatureCollection",
    "bbox": [
        75.820402,
        26.854939,
        78.039102,
        27.206421
    ],
    "features": [
        {
            "bbox": [
                75.820402,
                26.854939,
                78.039102,
                27.206421
            ],
            "type": "Feature",
            "properties": {
                "segments": [
                    {
                        "distance": 238249.5,
                        "duration": 10370.9,
                        "steps": [
                            {
                                "distance": 7.0,
                                "duration": 2.5,
                                "type": 11,
                                "instruction": "Head south",
                                "name": "-",
                                "way_points": [
                                    0,
                                    1
                                ]
                            },
                            {
                                "distance": 14.0,
                                "duration": 0.6,
                                "type": 1,
                                "instruction": "Turn right onto Mirza Ismail Road",
                                "name": "Mirza Ismail Road",
                                "way_points": [
                                    1,
                                    2
                                ]
                            },
                            {
                                "distance": 3924.6,
                                "duration": 170.3,
                                "type": 6,
                                "instruction": "Continue straight onto Mirza Ismail Road",
                                "name": "Mirza Ismail Road",
                                "way_points": [
                                    2,
                                    83
                                ]
                            },
                            {
                                "distance": 2684.2,
                                "duration": 113.7,
                                "type": 6,
                                "instruction": "Continue straight onto Old Agra Jaipur Bikaner Road",
                                "name": "Old Agra Jaipur Bikaner Road",
                                "way_points": [
                                    83,
                                    143
                                ]
                            },
                            {
                                "distance": 5566.4,
                                "duration": 235.7,
                                "type": 1,
                                "instruction": "Turn right onto Agra Jaipur Bikaner Road, NH21",
                                "name": "Agra Jaipur Bikaner Road, NH21",
                                "way_points": [
                                    143,
                                    171
                                ]
                            },
                            {
                                "distance": 17679.9,
                                "duration": 748.8,
                                "type": 6,
                                "instruction": "Continue straight onto Agra Jaipur Bikaner Road, NH21",
                                "name": "Agra Jaipur Bikaner Road, NH21",
                                "way_points": [
                                    171,
                                    268
                                ]
                            },
                            {
                                "distance": 22336.1,
                                "duration": 946.0,
                                "type": 13,
                                "instruction": "Keep right onto Lane 4, NH21",
                                "name": "Lane 4, NH21",
                                "way_points": [
                                    268,
                                    372
                                ]
                            },
                            {
                                "distance": 25722.7,
                                "duration": 1089.4,
                                "type": 13,
                                "instruction": "Keep right onto Agra Jaipur Bikaner Road, NH21",
                                "name": "Agra Jaipur Bikaner Road, NH21",
                                "way_points": [
                                    372,
                                    519
                                ]
                            },
                            {
                                "distance": 146540.7,
                                "duration": 6206.2,
                                "type": 13,
                                "instruction": "Keep right onto Agra Jaipur Bikaner Road, NH21",
                                "name": "Agra Jaipur Bikaner Road, NH21",
                                "way_points": [
                                    519,
                                    1200
                                ]
                            },
                            {
                                "distance": 8521.8,
                                "duration": 489.5,
                                "type": 6,
                                "instruction": "Continue straight onto Fatehpur Sikri road",
                                "name": "Fatehpur Sikri road",
                                "way_points": [
                                    1200,
                                    1311
                                ]
                            },
                            {
                                "distance": 1114.7,
                                "duration": 74.6,
                                "type": 4,
                                "instruction": "Turn slight left onto Shahganj Road",
                                "name": "Shahganj Road",
                                "way_points": [
                                    1311,
                                    1338
                                ]
                            },
                            {
                                "distance": 34.3,
                                "duration": 2.2,
                                "type": 13,
                                "instruction": "Keep right onto Shahganj Road",
                                "name": "Shahganj Road",
                                "way_points": [
                                    1338,
                                    1341
                                ]
                            },
                            {
                                "distance": 763.8,
                                "duration": 32.3,
                                "type": 1,
                                "instruction": "Turn right onto Mahatma Gandhi Road, NH44",
                                "name": "Mahatma Gandhi Road, NH44",
                                "way_points": [
                                    1341,
                                    1367
                                ]
                            },
                            {
                                "distance": 414.9,
                                "duration": 27.2,
                                "type": 2,
                                "instruction": "Turn sharp left",
                                "name": "-",
                                "way_points": [
                                    1367,
                                    1375
                                ]
                            },
                            {
                                "distance": 290.0,
                                "duration": 23.2,
                                "type": 13,
                                "instruction": "Keep right",
                                "name": "-",
                                "way_points": [
                                    1375,
                                    1381
                                ]
                            },
                            {
                                "distance": 25.2,
                                "duration": 1.5,
                                "type": 0,
                                "instruction": "Turn left",
                                "name": "-",
                                "way_points": [
                                    1381,
                                    1385
                                ]
                            },
                            {
                                "distance": 295.7,
                                "duration": 23.7,
                                "type": 0,
                                "instruction": "Turn left",
                                "name": "-",
                                "way_points": [
                                    1385,
                                    1388
                                ]
                            },
                            {
                                "distance": 384.0,
                                "duration": 27.6,
                                "type": 0,
                                "instruction": "Turn left",
                                "name": "-",
                                "way_points": [
                                    1388,
                                    1401
                                ]
                            },
                            {
                                "distance": 34.5,
                                "duration": 2.5,
                                "type": 13,
                                "instruction": "Keep right",
                                "name": "-",
                                "way_points": [
                                    1401,
                                    1403
                                ]
                            },
                            {
                                "distance": 456.7,
                                "duration": 41.5,
                                "type": 1,
                                "instruction": "Turn right",
                                "name": "-",
                                "way_points": [
                                    1403,
                                    1411
                                ]
                            },
                            {
                                "distance": 40.1,
                                "duration": 9.6,
                                "type": 0,
                                "instruction": "Turn left",
                                "name": "-",
                                "way_points": [
                                    1411,
                                    1416
                                ]
                            },
                            {
                                "distance": 9.5,
                                "duration": 2.3,
                                "type": 5,
                                "instruction": "Turn slight right",
                                "name": "-",
                                "way_points": [
                                    1416,
                                    1417
                                ]
                            },
                            {
                                "distance": 1380.6,
                                "duration": 99.4,
                                "type": 12,
                                "instruction": "Keep left",
                                "name": "-",
                                "way_points": [
                                    1417,
                                    1447
                                ]
                            },
                            {
                                "distance": 8.3,
                                "duration": 0.6,
                                "type": 3,
                                "instruction": "Turn sharp right",
                                "name": "-",
                                "way_points": [
                                    1447,
                                    1449
                                ]
                            },
                            {
                                "distance": 0.0,
                                "duration": 0.0,
                                "type": 10,
                                "instruction": "Arrive at your destination, on the left",
                                "name": "-",
                                "way_points": [
                                    1449,
                                    1449
                                ]
                            }
                        ]
                    }
                ],
                "extras": {
                    "roadaccessrestrictions": {
                        "values": [
                            [
                                0,
                                1447,
                                0
                            ],
                            [
                                1447,
                                1449,
                                1
                            ]
                        ],
                        "summary": [
                            {
                                "value": 0.0,
                                "distance": 238241.2,
                                "amount": 100.0
                            },
                            {
                                "value": 1.0,
                                "distance": 8.3,
                                "amount": 0.0
                            }
                        ]
                    }
                },
                "warnings": [
                    {
                        "code": 1,
                        "message": "There may be restrictions on some roads"
                    }
                ],
                "way_points": [
                    0,
                    1449
                ],
                "summary": {
                    "distance": 238249.5,
                    "duration": 10370.9
                }
            },
            "geometry": {
                "coordinates": [
                    [
                        75.82055,
                        26.91595
                    ],
                    [
                        75.82054,
                        26.915888
                    ],
                    [
                        75.820402,
                        26.915917
                    ],
                    [
                        75.820431,
                        26.916031
                    ],
                    [
                        75.82056,
                        26.916004
                    ],
                    [
                        75.821934,
                        26.915708
                    ],
                    [
                        75.823002,
                        26.915477
                    ],
                    [
                        75.823235,
                        26.915427
                    ],
                    [
                        75.823651,
                        26.915341
                    ],
                    [
                        75.824291,
                        26.91523
                    ],
                    [
                        75.824589,
                        26.915212
                    ],
                    [
                        75.824687,
                        26.915206
                    ],
                    [
                        75.825007,
                        26.915207
                    ],
                    [
                        75.825317,
                        26.915231
                    ],
                    [
                        75.825453,
                        26.91519
                    ],
                    [
                        75.825578,
                        26.915189
                    ],
                    [
                        75.825991,
                        26.915137
                    ],
                    [
                        75.82665,
                        26.914965
                    ],
                    [
                        75.827507,
                        26.914741
                    ],
                    [
                        75.827711,
                        26.914688
                    ],
                    [
                        75.82799,
                        26.914648
                    ],
                    [
                        75.828417,
                        26.91454
                    ],
                    [
                        75.831401,
                        26.913813
                    ],
                    [
                        75.831659,
                        26.913739
                    ],
                    [
                        75.831709,
                        26.913725
                    ],
                    [
                        75.832532,
                        26.91354
                    ],
                    [
                        75.832715,
                        26.913498
                    ],
                    [
                        75.832825,
                        26.913472
                    ],
                    [
                        75.833728,
                        26.913245
                    ],
                    [
                        75.833885,
                        26.91318
                    ],
                    [
                        75.834192,
                        26.91299
                    ],
                    [
                        75.83436,
                        26.912835
                    ],
                    [
                        75.834471,
                        26.91273
                    ],
                    [
                        75.83455,
                        26.912657
                    ],
                    [
                        75.834724,
                        26.912495
                    ],
                    [
                        75.835115,
                        26.912157
                    ],
                    [
                        75.835773,
                        26.911538
                    ],
                    [
                        75.836131,
                        26.911224
                    ],
                    [
                        75.837087,
                        26.910313
                    ],
                    [
                        75.837272,
                        26.91009
                    ],
                    [
                        75.83741,
                        26.90984
                    ],
                    [
                        75.837468,
                        26.90977
                    ],
                    [
                        75.837755,
                        26.909317
                    ],
                    [
                        75.837921,
                        26.90916
                    ],
                    [
                        75.838423,
                        26.90878
                    ],
                    [
                        75.838844,
                        26.908474
                    ],
                    [
                        75.83896,
                        26.908441
                    ],
                    [
                        75.840401,
                        26.907438
                    ],
                    [
                        75.841093,
                        26.906987
                    ],
                    [
                        75.841171,
                        26.906936
                    ],
                    [
                        75.841917,
                        26.906496
                    ],
                    [
                        75.842166,
                        26.906352
                    ],
                    [
                        75.842291,
                        26.906266
                    ],
                    [
                        75.842808,
                        26.905872
                    ],
                    [
                        75.843252,
                        26.905442
                    ],
                    [
                        75.843701,
                        26.904948
                    ],
                    [
                        75.844205,
                        26.904471
                    ],
                    [
                        75.844636,
                        26.90411
                    ],
                    [
                        75.844881,
                        26.903842
                    ],
                    [
                        75.845276,
                        26.903349
                    ],
                    [
                        75.845444,
                        26.903169
                    ],
                    [
                        75.845535,
                        26.903097
                    ],
                    [
                        75.845714,
                        26.90291
                    ],
                    [
                        75.845759,
                        26.90283
                    ],
                    [
                        75.845942,
                        26.902538
                    ],
                    [
                        75.845996,
                        26.902455
                    ],
                    [
                        75.846134,
                        26.90233
                    ],
                    [
                        75.84686,
                        26.901898
                    ],
                    [
                        75.846982,
                        26.901842
                    ],
                    [
                        75.847445,
                        26.901716
                    ],
                    [
                        75.847911,
                        26.901626
                    ],
                    [
                        75.848179,
                        26.901589
                    ],
                    [
                        75.849738,
                        26.901682
                    ],
                    [
                        75.850318,
                        26.901724
                    ],
                    [
                        75.850577,
                        26.901799
                    ],
                    [
                        75.850934,
                        26.902118
                    ],
                    [
                        75.851032,
                        26.902186
                    ],
                    [
                        75.851177,
                        26.902198
                    ],
                    [
                        75.851271,
                        26.902169
                    ],
                    [
                        75.851499,
                        26.902008
                    ],
                    [
                        75.851681,
                        26.901889
                    ],
                    [
                        75.852747,
                        26.901189
                    ],
                    [
                        75.853152,
                        26.900857
                    ],
                    [
                        75.853289,
                        26.9007
                    ],
                    [
                        75.853962,
                        26.899986
                    ],
                    [
                        75.854323,
                        26.899501
                    ],
                    [
                        75.854484,
                        26.899385
                    ],
                    [
                        75.85492,
                        26.89915
                    ],
                    [
                        75.855146,
                        26.89905
                    ],
                    [
                        75.855385,
                        26.89897
                    ],
                    [
                        75.855567,
                        26.898932
                    ],
                    [
                        75.856559,
                        26.898862
                    ],
                    [
                        75.857213,
                        26.898832
                    ],
                    [
                        75.857869,
                        26.898803
                    ],
                    [
                        75.858444,
                        26.898803
                    ],
                    [
                        75.858956,
                        26.898768
                    ],
                    [
                        75.859094,
                        26.898745
                    ],
                    [
                        75.859308,
                        26.89868
                    ],
                    [
                        75.859402,
                        26.898635
                    ],
                    [
                        75.859682,
                        26.89844
                    ],
                    [
                        75.859826,
                        26.898241
                    ],
                    [
                        75.860263,
                        26.897682
                    ],
                    [
                        75.860657,
                        26.897177
                    ],
                    [
                        75.860772,
                        26.896988
                    ],
                    [
                        75.860816,
                        26.896864
                    ],
                    [
                        75.861038,
                        26.895282
                    ],
                    [
                        75.861112,
                        26.895013
                    ],
                    [
                        75.861183,
                        26.894887
                    ],
                    [
                        75.861227,
                        26.894799
                    ],
                    [
                        75.861329,
                        26.894713
                    ],
                    [
                        75.861423,
                        26.894652
                    ],
                    [
                        75.861699,
                        26.894542
                    ],
                    [
                        75.863729,
                        26.894092
                    ],
                    [
                        75.864525,
                        26.893924
                    ],
                    [
                        75.864694,
                        26.893874
                    ],
                    [
                        75.86481,
                        26.893839
                    ],
                    [
                        75.865082,
                        26.89372
                    ],
                    [
                        75.865428,
                        26.893528
                    ],
                    [
                        75.865712,
                        26.893264
                    ],
                    [
                        75.865925,
                        26.893033
                    ],
                    [
                        75.866084,
                        26.892872
                    ],
                    [
                        75.866241,
                        26.892719
                    ],
                    [
                        75.86663,
                        26.89234
                    ],
                    [
                        75.867075,
                        26.891906
                    ],
                    [
                        75.867285,
                        26.891701
                    ],
                    [
                        75.867415,
                        26.891599
                    ],
                    [
                        75.867579,
                        26.891511
                    ],
                    [
                        75.867753,
                        26.891436
                    ],
                    [
                        75.867986,
                        26.891347
                    ],
                    [
                        75.868967,
                        26.890975
                    ],
                    [
                        75.869693,
                        26.890658
                    ],
                    [
                        75.869848,
                        26.890596
                    ],
                    [
                        75.870227,
                        26.890494
                    ],
                    [
                        75.870634,
                        26.890347
                    ],
                    [
                        75.871966,
                        26.889906
                    ],
                    [
                        75.872206,
                        26.88986
                    ],
                    [
                        75.872432,
                        26.889845
                    ],
                    [
                        75.872733,
                        26.889887
                    ],
                    [
                        75.873325,
                        26.890065
                    ],
                    [
                        75.874321,
                        26.890405
                    ],
                    [
                        75.874435,
                        26.890488
                    ],
                    [
                        75.874483,
                        26.890528
                    ],
                    [
                        75.874526,
                        26.890612
                    ],
                    [
                        75.874567,
                        26.890714
                    ],
                    [
                        75.874636,
                        26.890695
                    ],
                    [
                        75.877393,
                        26.889901
                    ],
                    [
                        75.878331,
                        26.889649
                    ],
                    [
                        75.881298,
                        26.888896
                    ],
                    [
                        75.884193,
                        26.888198
                    ],
                    [
                        75.884345,
                        26.888159
                    ],
                    [
                        75.889075,
                        26.886935
                    ],
                    [
                        75.891083,
                        26.886402
                    ],
                    [
                        75.897326,
                        26.884692
                    ],
                    [
                        75.899886,
                        26.883982
                    ],
                    [
                        75.900442,
                        26.883811
                    ],
                    [
                        75.902198,
                        26.883272
                    ],
                    [
                        75.902727,
                        26.883098
                    ],
                    [
                        75.903842,
                        26.882732
                    ],
                    [
                        75.904123,
                        26.882651
                    ],
                    [
                        75.904422,
                        26.88259
                    ],
                    [
                        75.905403,
                        26.882434
                    ],
                    [
                        75.906958,
                        26.882281
                    ],
                    [
                        75.908956,
                        26.882054
                    ],
                    [
                        75.91031,
                        26.881802
                    ],
                    [
                        75.914893,
                        26.880841
                    ],
                    [
                        75.916658,
                        26.880477
                    ],
                    [
                        75.921601,
                        26.879442
                    ],
                    [
                        75.922808,
                        26.879199
                    ],
                    [
                        75.924821,
                        26.878796
                    ],
                    [
                        75.92528,
                        26.878696
                    ],
                    [
                        75.926378,
                        26.878455
                    ],
                    [
                        75.92875,
                        26.877926
                    ],
                    [
                        75.929732,
                        26.877705
                    ],
                    [
                        75.936506,
                        26.875965
                    ],
                    [
                        75.937,
                        26.875846
                    ],
                    [
                        75.937755,
                        26.875719
                    ],
                    [
                        75.939404,
                        26.875494
                    ],
                    [
                        75.939494,
                        26.875481
                    ],
                    [
                        75.941446,
                        26.875216
                    ],
                    [
                        75.942256,
                        26.875074
                    ],
                    [
                        75.942409,
                        26.875051
                    ],
                    [
                        75.944264,
                        26.874728
                    ],
                    [
                        75.945696,
                        26.874564
                    ],
                    [
                        75.947135,
                        26.874445
                    ],
                    [
                        75.948764,
                        26.874351
                    ],
                    [
                        75.949108,
                        26.874336
                    ],
                    [
                        75.949185,
                        26.874332
                    ],
                    [
                        75.949572,
                        26.874263
                    ],
                    [
                        75.949787,
                        26.874189
                    ],
                    [
                        75.949939,
                        26.874136
                    ],
                    [
                        75.950109,
                        26.874051
                    ],
                    [
                        75.950544,
                        26.873787
                    ],
                    [
                        75.951304,
                        26.873149
                    ],
                    [
                        75.952602,
                        26.872129
                    ],
                    [
                        75.952752,
                        26.872007
                    ],
                    [
                        75.953058,
                        26.871771
                    ],
                    [
                        75.953577,
                        26.871456
                    ],
                    [
                        75.95441,
                        26.871052
                    ],
                    [
                        75.955231,
                        26.870716
                    ],
                    [
                        75.955311,
                        26.870682
                    ],
                    [
                        75.956703,
                        26.870081
                    ],
                    [
                        75.958382,
                        26.869321
                    ],
                    [
                        75.958567,
                        26.869237
                    ],
                    [
                        75.959871,
                        26.868707
                    ],
                    [
                        75.960666,
                        26.868418
                    ],
                    [
                        75.962863,
                        26.86776
                    ],
                    [
                        75.963703,
                        26.867534
                    ],
                    [
                        75.965679,
                        26.867011
                    ],
                    [
                        75.966922,
                        26.866667
                    ],
                    [
                        75.969021,
                        26.866098
                    ],
                    [
                        75.972438,
                        26.865126
                    ],
                    [
                        75.973722,
                        26.864768
                    ],
                    [
                        75.979503,
                        26.863084
                    ],
                    [
                        75.98081,
                        26.862711
                    ],
                    [
                        75.982054,
                        26.86238
                    ],
                    [
                        75.983958,
                        26.861845
                    ],
                    [
                        75.985972,
                        26.86128
                    ],
                    [
                        75.986721,
                        26.861086
                    ],
                    [
                        75.987598,
                        26.860857
                    ],
                    [
                        75.988069,
                        26.86073
                    ],
                    [
                        75.991107,
                        26.859926
                    ],
                    [
                        75.997434,
                        26.858248
                    ],
                    [
                        76.008498,
                        26.855337
                    ],
                    [
                        76.009361,
                        26.855138
                    ],
                    [
                        76.010559,
                        26.854958
                    ],
                    [
                        76.011179,
                        26.854939
                    ],
                    [
                        76.011684,
                        26.854967
                    ],
                    [
                        76.012952,
                        26.85511
                    ],
                    [
                        76.014086,
                        26.855329
                    ],
                    [
                        76.015597,
                        26.855577
                    ],
                    [
                        76.016091,
                        26.855658
                    ],
                    [
                        76.017823,
                        26.855942
                    ],
                    [
                        76.019062,
                        26.856116
                    ],
                    [
                        76.020925,
                        26.856278
                    ],
                    [
                        76.024258,
                        26.856566
                    ],
                    [
                        76.025637,
                        26.856652
                    ],
                    [
                        76.03896,
                        26.856943
                    ],
                    [
                        76.039213,
                        26.856949
                    ],
                    [
                        76.04281,
                        26.857027
                    ],
                    [
                        76.050225,
                        26.857082
                    ],
                    [
                        76.051157,
                        26.857089
                    ],
                    [
                        76.051949,
                        26.857095
                    ],
                    [
                        76.052332,
                        26.857098
                    ],
                    [
                        76.052552,
                        26.857099
                    ],
                    [
                        76.052919,
                        26.857102
                    ],
                    [
                        76.053521,
                        26.857106
                    ],
                    [
                        76.05398,
                        26.857112
                    ],
                    [
                        76.054558,
                        26.857115
                    ],
                    [
                        76.054834,
                        26.857117
                    ],
                    [
                        76.055108,
                        26.857118
                    ],
                    [
                        76.056602,
                        26.857127
                    ],
                    [
                        76.061336,
                        26.857153
                    ],
                    [
                        76.062608,
                        26.857161
                    ],
                    [
                        76.064023,
                        26.857169
                    ],
                    [
                        76.065755,
                        26.857092
                    ],
                    [
                        76.067549,
                        26.856955
                    ],
                    [
                        76.070934,
                        26.856677
                    ],
                    [
                        76.071054,
                        26.856667
                    ],
                    [
                        76.075023,
                        26.856327
                    ],
                    [
                        76.075323,
                        26.856327
                    ],
                    [
                        76.075602,
                        26.856327
                    ],
                    [
                        76.075901,
                        26.856327
                    ],
                    [
                        76.079071,
                        26.856604
                    ],
                    [
                        76.087118,
                        26.857398
                    ],
                    [
                        76.088718,
                        26.857531
                    ],
                    [
                        76.089316,
                        26.85758
                    ],
                    [
                        76.090444,
                        26.857674
                    ],
                    [
                        76.099462,
                        26.858564
                    ],
                    [
                        76.102035,
                        26.858805
                    ],
                    [
                        76.102413,
                        26.858823
                    ],
                    [
                        76.105594,
                        26.859124
                    ],
                    [
                        76.106062,
                        26.85917
                    ],
                    [
                        76.106383,
                        26.859202
                    ],
                    [
                        76.107049,
                        26.85924
                    ],
                    [
                        76.107983,
                        26.859293
                    ],
                    [
                        76.110104,
                        26.859345
                    ],
                    [
                        76.11258,
                        26.859405
                    ],
                    [
                        76.113515,
                        26.859427
                    ],
                    [
                        76.116078,
                        26.859489
                    ],
                    [
                        76.116628,
                        26.859438
                    ],
                    [
                        76.117186,
                        26.859322
                    ],
                    [
                        76.117737,
                        26.859163
                    ],
                    [
                        76.118311,
                        26.858911
                    ],
                    [
                        76.118805,
                        26.858681
                    ],
                    [
                        76.12181,
                        26.857214
                    ],
                    [
                        76.122661,
                        26.856834
                    ],
                    [
                        76.123556,
                        26.85651
                    ],
                    [
                        76.124644,
                        26.85619
                    ],
                    [
                        76.126026,
                        26.855901
                    ],
                    [
                        76.127158,
                        26.855768
                    ],
                    [
                        76.1276,
                        26.855731
                    ],
                    [
                        76.127937,
                        26.855703
                    ],
                    [
                        76.128494,
                        26.855703
                    ],
                    [
                        76.129186,
                        26.855703
                    ],
                    [
                        76.13681,
                        26.856043
                    ],
                    [
                        76.142279,
                        26.856336
                    ],
                    [
                        76.146323,
                        26.856532
                    ],
                    [
                        76.14737,
                        26.856623
                    ],
                    [
                        76.149166,
                        26.856876
                    ],
                    [
                        76.156261,
                        26.857886
                    ],
                    [
                        76.157497,
                        26.858002
                    ],
                    [
                        76.158577,
                        26.857944
                    ],
                    [
                        76.161441,
                        26.857475
                    ],
                    [
                        76.162488,
                        26.857428
                    ],
                    [
                        76.163611,
                        26.857498
                    ],
                    [
                        76.164937,
                        26.85758
                    ],
                    [
                        76.16722,
                        26.857753
                    ],
                    [
                        76.168425,
                        26.857867
                    ],
                    [
                        76.169463,
                        26.858065
                    ],
                    [
                        76.170844,
                        26.858482
                    ],
                    [
                        76.172041,
                        26.859002
                    ],
                    [
                        76.173058,
                        26.859654
                    ],
                    [
                        76.173922,
                        26.86031
                    ],
                    [
                        76.177638,
                        26.863396
                    ],
                    [
                        76.178845,
                        26.864183
                    ],
                    [
                        76.17941,
                        26.864439
                    ],
                    [
                        76.182156,
                        26.865493
                    ],
                    [
                        76.183189,
                        26.865889
                    ],
                    [
                        76.187819,
                        26.867641
                    ],
                    [
                        76.188258,
                        26.867804
                    ],
                    [
                        76.195452,
                        26.870465
                    ],
                    [
                        76.1989,
                        26.871738
                    ],
                    [
                        76.204369,
                        26.873751
                    ],
                    [
                        76.20504,
                        26.874003
                    ],
                    [
                        76.211771,
                        26.876505
                    ],
                    [
                        76.212353,
                        26.876726
                    ],
                    [
                        76.213466,
                        26.877148
                    ],
                    [
                        76.213702,
                        26.877238
                    ],
                    [
                        76.214101,
                        26.877389
                    ],
                    [
                        76.216612,
                        26.87834
                    ],
                    [
                        76.222232,
                        26.880438
                    ],
                    [
                        76.222846,
                        26.88075
                    ],
                    [
                        76.225043,
                        26.881639
                    ],
                    [
                        76.227105,
                        26.882346
                    ],
                    [
                        76.22811,
                        26.882692
                    ],
                    [
                        76.231367,
                        26.883815
                    ],
                    [
                        76.240869,
                        26.887066
                    ],
                    [
                        76.241572,
                        26.88732
                    ],
                    [
                        76.242945,
                        26.887785
                    ],
                    [
                        76.245086,
                        26.888496
                    ],
                    [
                        76.251229,
                        26.890599
                    ],
                    [
                        76.256095,
                        26.892225
                    ],
                    [
                        76.257794,
                        26.892755
                    ],
                    [
                        76.259006,
                        26.893111
                    ],
                    [
                        76.260228,
                        26.893412
                    ],
                    [
                        76.262709,
                        26.893921
                    ],
                    [
                        76.265357,
                        26.894421
                    ],
                    [
                        76.266747,
                        26.894656
                    ],
                    [
                        76.272437,
                        26.895306
                    ],
                    [
                        76.274844,
                        26.895522
                    ],
                    [
                        76.277256,
                        26.895703
                    ],
                    [
                        76.28014,
                        26.895887
                    ],
                    [
                        76.285648,
                        26.896245
                    ],
                    [
                        76.288862,
                        26.896453
                    ],
                    [
                        76.289945,
                        26.896522
                    ],
                    [
                        76.291324,
                        26.896621
                    ],
                    [
                        76.292184,
                        26.896684
                    ],
                    [
                        76.293018,
                        26.896746
                    ],
                    [
                        76.302042,
                        26.897401
                    ],
                    [
                        76.307872,
                        26.897762
                    ],
                    [
                        76.308562,
                        26.897803
                    ],
                    [
                        76.310562,
                        26.897908
                    ],
                    [
                        76.311813,
                        26.897995
                    ],
                    [
                        76.312183,
                        26.898047
                    ],
                    [
                        76.312592,
                        26.898139
                    ],
                    [
                        76.313023,
                        26.898278
                    ],
                    [
                        76.313386,
                        26.898449
                    ],
                    [
                        76.313456,
                        26.898482
                    ],
                    [
                        76.313906,
                        26.898791
                    ],
                    [
                        76.314098,
                        26.898942
                    ],
                    [
                        76.314355,
                        26.899203
                    ],
                    [
                        76.314581,
                        26.899469
                    ],
                    [
                        76.315644,
                        26.900848
                    ],
                    [
                        76.315738,
                        26.900968
                    ],
                    [
                        76.31715,
                        26.90285
                    ],
                    [
                        76.318392,
                        26.904498
                    ],
                    [
                        76.318618,
                        26.904793
                    ],
                    [
                        76.319208,
                        26.905568
                    ],
                    [
                        76.319584,
                        26.906015
                    ],
                    [
                        76.319846,
                        26.906281
                    ],
                    [
                        76.320155,
                        26.906553
                    ],
                    [
                        76.32051,
                        26.906841
                    ],
                    [
                        76.321079,
                        26.907214
                    ],
                    [
                        76.321432,
                        26.907406
                    ],
                    [
                        76.321818,
                        26.907579
                    ],
                    [
                        76.322078,
                        26.907689
                    ],
                    [
                        76.32342,
                        26.908157
                    ],
                    [
                        76.324809,
                        26.908603
                    ],
                    [
                        76.325328,
                        26.908774
                    ],
                    [
                        76.32719,
                        26.909382
                    ],
                    [
                        76.334166,
                        26.911696
                    ],
                    [
                        76.340401,
                        26.913699
                    ],
                    [
                        76.341936,
                        26.914189
                    ],
                    [
                        76.348651,
                        26.916478
                    ],
                    [
                        76.348999,
                        26.916576
                    ],
                    [
                        76.349501,
                        26.916684
                    ],
                    [
                        76.349943,
                        26.916718
                    ],
                    [
                        76.35034,
                        26.916718
                    ],
                    [
                        76.350792,
                        26.916662
                    ],
                    [
                        76.351215,
                        26.916565
                    ],
                    [
                        76.351619,
                        26.916429
                    ],
                    [
                        76.351975,
                        26.916258
                    ],
                    [
                        76.352299,
                        26.916058
                    ],
                    [
                        76.352653,
                        26.915785
                    ],
                    [
                        76.353014,
                        26.915433
                    ],
                    [
                        76.353425,
                        26.914948
                    ],
                    [
                        76.353971,
                        26.91425
                    ],
                    [
                        76.354248,
                        26.913896
                    ],
                    [
                        76.35484,
                        26.91314
                    ],
                    [
                        76.35619,
                        26.911336
                    ],
                    [
                        76.357543,
                        26.90959
                    ],
                    [
                        76.357742,
                        26.909331
                    ],
                    [
                        76.357798,
                        26.909258
                    ],
                    [
                        76.358105,
                        26.908858
                    ],
                    [
                        76.358253,
                        26.908666
                    ],
                    [
                        76.358305,
                        26.908599
                    ],
                    [
                        76.358642,
                        26.908165
                    ],
                    [
                        76.359218,
                        26.907435
                    ],
                    [
                        76.359435,
                        26.90716
                    ],
                    [
                        76.35982,
                        26.906751
                    ],
                    [
                        76.360314,
                        26.906321
                    ],
                    [
                        76.36093,
                        26.905895
                    ],
                    [
                        76.361405,
                        26.905632
                    ],
                    [
                        76.362133,
                        26.905322
                    ],
                    [
                        76.362686,
                        26.90514
                    ],
                    [
                        76.36325,
                        26.905017
                    ],
                    [
                        76.36393,
                        26.904928
                    ],
                    [
                        76.364633,
                        26.904894
                    ],
                    [
                        76.365201,
                        26.904924
                    ],
                    [
                        76.365878,
                        26.904995
                    ],
                    [
                        76.367611,
                        26.905265
                    ],
                    [
                        76.385317,
                        26.90783
                    ],
                    [
                        76.38666,
                        26.908006
                    ],
                    [
                        76.390602,
                        26.908526
                    ],
                    [
                        76.395189,
                        26.909057
                    ],
                    [
                        76.397015,
                        26.90929
                    ],
                    [
                        76.398977,
                        26.909577
                    ],
                    [
                        76.399257,
                        26.909618
                    ],
                    [
                        76.406638,
                        26.910706
                    ],
                    [
                        76.407114,
                        26.910771
                    ],
                    [
                        76.407883,
                        26.910877
                    ],
                    [
                        76.410483,
                        26.911236
                    ],
                    [
                        76.41381,
                        26.911707
                    ],
                    [
                        76.416794,
                        26.912126
                    ],
                    [
                        76.417994,
                        26.912283
                    ],
                    [
                        76.41919,
                        26.912349
                    ],
                    [
                        76.424844,
                        26.9125
                    ],
                    [
                        76.428773,
                        26.91269
                    ],
                    [
                        76.431668,
                        26.912864
                    ],
                    [
                        76.435949,
                        26.913126
                    ],
                    [
                        76.443131,
                        26.913583
                    ],
                    [
                        76.446322,
                        26.913801
                    ],
                    [
                        76.449935,
                        26.914071
                    ],
                    [
                        76.455106,
                        26.914458
                    ],
                    [
                        76.457124,
                        26.914607
                    ],
                    [
                        76.457862,
                        26.914687
                    ],
                    [
                        76.458439,
                        26.914765
                    ],
                    [
                        76.460488,
                        26.915088
                    ],
                    [
                        76.461392,
                        26.915193
                    ],
                    [
                        76.463298,
                        26.915365
                    ],
                    [
                        76.465227,
                        26.915519
                    ],
                    [
                        76.465845,
                        26.915568
                    ],
                    [
                        76.467374,
                        26.915703
                    ],
                    [
                        76.468072,
                        26.915773
                    ],
                    [
                        76.46853,
                        26.915834
                    ],
                    [
                        76.469034,
                        26.915955
                    ],
                    [
                        76.469618,
                        26.91614
                    ],
                    [
                        76.470134,
                        26.916364
                    ],
                    [
                        76.470699,
                        26.916672
                    ],
                    [
                        76.471157,
                        26.916987
                    ],
                    [
                        76.471687,
                        26.917425
                    ],
                    [
                        76.47237,
                        26.918053
                    ],
                    [
                        76.473056,
                        26.918642
                    ],
                    [
                        76.473387,
                        26.918868
                    ],
                    [
                        76.473691,
                        26.919038
                    ],
                    [
                        76.474125,
                        26.919246
                    ],
                    [
                        76.474498,
                        26.919372
                    ],
                    [
                        76.474973,
                        26.919505
                    ],
                    [
                        76.475443,
                        26.919565
                    ],
                    [
                        76.476019,
                        26.919605
                    ],
                    [
                        76.478425,
                        26.91966
                    ],
                    [
                        76.481152,
                        26.919755
                    ],
                    [
                        76.482,
                        26.919841
                    ],
                    [
                        76.484514,
                        26.920293
                    ],
                    [
                        76.485991,
                        26.920578
                    ],
                    [
                        76.488533,
                        26.921031
                    ],
                    [
                        76.494075,
                        26.922059
                    ],
                    [
                        76.495356,
                        26.922316
                    ],
                    [
                        76.497465,
                        26.922694
                    ],
                    [
                        76.501035,
                        26.92338
                    ],
                    [
                        76.503188,
                        26.923814
                    ],
                    [
                        76.504768,
                        26.92414
                    ],
                    [
                        76.506254,
                        26.924536
                    ],
                    [
                        76.507105,
                        26.92483
                    ],
                    [
                        76.508201,
                        26.925261
                    ],
                    [
                        76.50932,
                        26.925773
                    ],
                    [
                        76.510325,
                        26.926313
                    ],
                    [
                        76.511001,
                        26.926683
                    ],
                    [
                        76.512698,
                        26.927644
                    ],
                    [
                        76.517003,
                        26.930346
                    ],
                    [
                        76.517563,
                        26.930643
                    ],
                    [
                        76.51798,
                        26.930836
                    ],
                    [
                        76.518223,
                        26.930932
                    ],
                    [
                        76.518373,
                        26.930991
                    ],
                    [
                        76.519232,
                        26.931259
                    ],
                    [
                        76.521579,
                        26.932022
                    ],
                    [
                        76.522499,
                        26.932342
                    ],
                    [
                        76.522921,
                        26.932523
                    ],
                    [
                        76.523411,
                        26.932766
                    ],
                    [
                        76.525383,
                        26.933837
                    ],
                    [
                        76.526259,
                        26.934289
                    ],
                    [
                        76.526799,
                        26.934542
                    ],
                    [
                        76.527499,
                        26.934797
                    ],
                    [
                        76.528412,
                        26.935073
                    ],
                    [
                        76.529493,
                        26.93544
                    ],
                    [
                        76.530928,
                        26.935879
                    ],
                    [
                        76.539214,
                        26.938673
                    ],
                    [
                        76.543928,
                        26.94015
                    ],
                    [
                        76.550838,
                        26.942354
                    ],
                    [
                        76.555841,
                        26.944004
                    ],
                    [
                        76.55716,
                        26.944424
                    ],
                    [
                        76.55784,
                        26.944643
                    ],
                    [
                        76.559159,
                        26.945072
                    ],
                    [
                        76.56396,
                        26.946665
                    ],
                    [
                        76.566564,
                        26.947557
                    ],
                    [
                        76.567345,
                        26.947791
                    ],
                    [
                        76.567977,
                        26.947914
                    ],
                    [
                        76.568745,
                        26.947991
                    ],
                    [
                        76.5696,
                        26.948015
                    ],
                    [
                        76.574545,
                        26.947795
                    ],
                    [
                        76.576119,
                        26.947719
                    ],
                    [
                        76.576451,
                        26.947703
                    ],
                    [
                        76.578176,
                        26.947638
                    ],
                    [
                        76.578327,
                        26.94763
                    ],
                    [
                        76.578397,
                        26.947627
                    ],
                    [
                        76.578875,
                        26.947597
                    ],
                    [
                        76.579632,
                        26.947619
                    ],
                    [
                        76.580626,
                        26.947725
                    ],
                    [
                        76.583176,
                        26.94801
                    ],
                    [
                        76.590106,
                        26.94881
                    ],
                    [
                        76.590947,
                        26.948889
                    ],
                    [
                        76.59431,
                        26.949222
                    ],
                    [
                        76.596603,
                        26.949401
                    ],
                    [
                        76.598568,
                        26.949555
                    ],
                    [
                        76.603902,
                        26.950121
                    ],
                    [
                        76.609323,
                        26.950719
                    ],
                    [
                        76.613045,
                        26.951147
                    ],
                    [
                        76.618757,
                        26.951801
                    ],
                    [
                        76.620584,
                        26.952009
                    ],
                    [
                        76.622099,
                        26.952156
                    ],
                    [
                        76.633336,
                        26.953216
                    ],
                    [
                        76.634284,
                        26.95331
                    ],
                    [
                        76.639006,
                        26.953823
                    ],
                    [
                        76.649129,
                        26.9549
                    ],
                    [
                        76.651501,
                        26.955151
                    ],
                    [
                        76.665064,
                        26.956665
                    ],
                    [
                        76.668944,
                        26.95708
                    ],
                    [
                        76.672224,
                        26.957455
                    ],
                    [
                        76.679909,
                        26.958269
                    ],
                    [
                        76.683362,
                        26.958634
                    ],
                    [
                        76.684448,
                        26.958753
                    ],
                    [
                        76.68737,
                        26.95912
                    ],
                    [
                        76.689227,
                        26.959385
                    ],
                    [
                        76.690781,
                        26.959577
                    ],
                    [
                        76.691437,
                        26.959654
                    ],
                    [
                        76.696001,
                        26.960182
                    ],
                    [
                        76.701848,
                        26.960883
                    ],
                    [
                        76.705285,
                        26.961312
                    ],
                    [
                        76.710292,
                        26.961865
                    ],
                    [
                        76.713028,
                        26.962149
                    ],
                    [
                        76.718096,
                        26.962728
                    ],
                    [
                        76.722001,
                        26.96309
                    ],
                    [
                        76.722159,
                        26.963105
                    ],
                    [
                        76.725525,
                        26.963423
                    ],
                    [
                        76.727712,
                        26.963659
                    ],
                    [
                        76.729987,
                        26.963926
                    ],
                    [
                        76.732962,
                        26.964246
                    ],
                    [
                        76.742178,
                        26.965226
                    ],
                    [
                        76.744526,
                        26.965485
                    ],
                    [
                        76.746672,
                        26.965746
                    ],
                    [
                        76.747256,
                        26.965809
                    ],
                    [
                        76.750722,
                        26.966205
                    ],
                    [
                        76.752797,
                        26.966446
                    ],
                    [
                        76.754819,
                        26.966688
                    ],
                    [
                        76.760671,
                        26.967314
                    ],
                    [
                        76.76637,
                        26.967943
                    ],
                    [
                        76.76939,
                        26.968239
                    ],
                    [
                        76.775569,
                        26.96892
                    ],
                    [
                        76.776192,
                        26.968978
                    ],
                    [
                        76.781365,
                        26.96947
                    ],
                    [
                        76.783062,
                        26.969661
                    ],
                    [
                        76.78437,
                        26.969804
                    ],
                    [
                        76.793136,
                        26.970775
                    ],
                    [
                        76.793791,
                        26.970879
                    ],
                    [
                        76.79423,
                        26.970967
                    ],
                    [
                        76.794986,
                        26.971196
                    ],
                    [
                        76.795621,
                        26.971408
                    ],
                    [
                        76.803653,
                        26.974111
                    ],
                    [
                        76.804808,
                        26.974481
                    ],
                    [
                        76.805361,
                        26.974655
                    ],
                    [
                        76.805877,
                        26.97484
                    ],
                    [
                        76.806309,
                        26.975022
                    ],
                    [
                        76.806975,
                        26.97539
                    ],
                    [
                        76.807988,
                        26.976056
                    ],
                    [
                        76.810083,
                        26.977493
                    ],
                    [
                        76.81093,
                        26.978089
                    ],
                    [
                        76.814713,
                        26.980613
                    ],
                    [
                        76.815351,
                        26.981045
                    ],
                    [
                        76.816159,
                        26.9816
                    ],
                    [
                        76.818177,
                        26.983105
                    ],
                    [
                        76.819439,
                        26.984071
                    ],
                    [
                        76.822513,
                        26.986405
                    ],
                    [
                        76.826363,
                        26.989302
                    ],
                    [
                        76.830171,
                        26.992015
                    ],
                    [
                        76.830979,
                        26.992611
                    ],
                    [
                        76.834647,
                        26.995234
                    ],
                    [
                        76.836226,
                        26.996424
                    ],
                    [
                        76.837892,
                        26.997739
                    ],
                    [
                        76.839039,
                        26.998616
                    ],
                    [
                        76.841462,
                        27.000487
                    ],
                    [
                        76.84386,
                        27.002392
                    ],
                    [
                        76.844682,
                        27.003045
                    ],
                    [
                        76.847408,
                        27.005129
                    ],
                    [
                        76.849247,
                        27.006615
                    ],
                    [
                        76.850562,
                        27.007665
                    ],
                    [
                        76.850974,
                        27.007963
                    ],
                    [
                        76.853084,
                        27.009238
                    ],
                    [
                        76.85413,
                        27.009847
                    ],
                    [
                        76.855782,
                        27.010796
                    ],
                    [
                        76.857058,
                        27.011563
                    ],
                    [
                        76.857863,
                        27.012043
                    ],
                    [
                        76.861889,
                        27.014507
                    ],
                    [
                        76.862604,
                        27.01489
                    ],
                    [
                        76.864375,
                        27.015759
                    ],
                    [
                        76.86523,
                        27.016195
                    ],
                    [
                        76.867549,
                        27.017349
                    ],
                    [
                        76.871314,
                        27.019239
                    ],
                    [
                        76.874699,
                        27.020997
                    ],
                    [
                        76.875886,
                        27.02158
                    ],
                    [
                        76.877106,
                        27.022155
                    ],
                    [
                        76.880833,
                        27.023926
                    ],
                    [
                        76.883416,
                        27.025181
                    ],
                    [
                        76.885489,
                        27.026209
                    ],
                    [
                        76.88858,
                        27.027743
                    ],
                    [
                        76.891419,
                        27.029126
                    ],
                    [
                        76.897364,
                        27.031967
                    ],
                    [
                        76.899732,
                        27.033125
                    ],
                    [
                        76.900076,
                        27.033294
                    ],
                    [
                        76.900746,
                        27.033624
                    ],
                    [
                        76.904101,
                        27.03528
                    ],
                    [
                        76.906779,
                        27.03663
                    ],
                    [
                        76.908155,
                        27.037318
                    ],
                    [
                        76.908688,
                        27.037582
                    ],
                    [
                        76.909602,
                        27.038014
                    ],
                    [
                        76.910241,
                        27.038214
                    ],
                    [
                        76.910568,
                        27.038294
                    ],
                    [
                        76.910961,
                        27.038348
                    ],
                    [
                        76.911224,
                        27.038369
                    ],
                    [
                        76.911936,
                        27.038329
                    ],
                    [
                        76.912441,
                        27.038243
                    ],
                    [
                        76.913034,
                        27.038064
                    ],
                    [
                        76.913872,
                        27.037699
                    ],
                    [
                        76.914673,
                        27.037331
                    ],
                    [
                        76.915421,
                        27.037012
                    ],
                    [
                        76.915611,
                        27.036925
                    ],
                    [
                        76.917925,
                        27.035868
                    ],
                    [
                        76.918402,
                        27.035677
                    ],
                    [
                        76.918796,
                        27.035547
                    ],
                    [
                        76.919372,
                        27.035416
                    ],
                    [
                        76.919973,
                        27.035349
                    ],
                    [
                        76.920514,
                        27.035338
                    ],
                    [
                        76.922797,
                        27.035483
                    ],
                    [
                        76.924252,
                        27.035585
                    ],
                    [
                        76.925134,
                        27.035694
                    ],
                    [
                        76.925878,
                        27.035867
                    ],
                    [
                        76.92689,
                        27.036262
                    ],
                    [
                        76.928476,
                        27.036974
                    ],
                    [
                        76.931228,
                        27.038352
                    ],
                    [
                        76.931996,
                        27.038779
                    ],
                    [
                        76.932364,
                        27.038983
                    ],
                    [
                        76.933289,
                        27.039535
                    ],
                    [
                        76.934257,
                        27.04014
                    ],
                    [
                        76.934862,
                        27.040575
                    ],
                    [
                        76.935228,
                        27.040899
                    ],
                    [
                        76.935656,
                        27.041369
                    ],
                    [
                        76.935889,
                        27.04167
                    ],
                    [
                        76.936229,
                        27.042222
                    ],
                    [
                        76.936329,
                        27.042417
                    ],
                    [
                        76.93655,
                        27.042883
                    ],
                    [
                        76.937725,
                        27.045695
                    ],
                    [
                        76.938301,
                        27.047076
                    ],
                    [
                        76.938657,
                        27.047945
                    ],
                    [
                        76.939273,
                        27.04945
                    ],
                    [
                        76.939659,
                        27.050323
                    ],
                    [
                        76.939905,
                        27.050798
                    ],
                    [
                        76.939957,
                        27.050897
                    ],
                    [
                        76.940245,
                        27.051333
                    ],
                    [
                        76.940629,
                        27.051832
                    ],
                    [
                        76.940941,
                        27.052182
                    ],
                    [
                        76.941427,
                        27.052632
                    ],
                    [
                        76.941958,
                        27.05303
                    ],
                    [
                        76.942693,
                        27.053469
                    ],
                    [
                        76.943132,
                        27.053686
                    ],
                    [
                        76.94455,
                        27.054147
                    ],
                    [
                        76.954605,
                        27.057338
                    ],
                    [
                        76.96325,
                        27.060172
                    ],
                    [
                        76.96462,
                        27.060613
                    ],
                    [
                        76.96525,
                        27.060815
                    ],
                    [
                        76.970721,
                        27.062582
                    ],
                    [
                        76.971431,
                        27.062816
                    ],
                    [
                        76.972721,
                        27.063241
                    ],
                    [
                        76.97676,
                        27.064566
                    ],
                    [
                        76.978388,
                        27.065065
                    ],
                    [
                        76.980571,
                        27.065667
                    ],
                    [
                        76.981318,
                        27.065943
                    ],
                    [
                        76.981909,
                        27.066217
                    ],
                    [
                        76.982595,
                        27.066604
                    ],
                    [
                        76.984863,
                        27.067825
                    ],
                    [
                        76.988112,
                        27.06955
                    ],
                    [
                        76.988794,
                        27.069908
                    ],
                    [
                        76.989876,
                        27.070481
                    ],
                    [
                        76.996928,
                        27.074242
                    ],
                    [
                        76.999861,
                        27.075773
                    ],
                    [
                        77.001735,
                        27.076806
                    ],
                    [
                        77.00583,
                        27.079003
                    ],
                    [
                        77.006254,
                        27.079208
                    ],
                    [
                        77.006625,
                        27.07935
                    ],
                    [
                        77.006958,
                        27.079452
                    ],
                    [
                        77.007525,
                        27.079571
                    ],
                    [
                        77.014807,
                        27.080827
                    ],
                    [
                        77.017947,
                        27.081384
                    ],
                    [
                        77.022517,
                        27.082199
                    ],
                    [
                        77.026942,
                        27.082956
                    ],
                    [
                        77.028552,
                        27.08323
                    ],
                    [
                        77.03187,
                        27.083771
                    ],
                    [
                        77.032691,
                        27.083983
                    ],
                    [
                        77.033219,
                        27.084171
                    ],
                    [
                        77.033767,
                        27.084419
                    ],
                    [
                        77.033989,
                        27.084543
                    ],
                    [
                        77.039071,
                        27.087306
                    ],
                    [
                        77.039895,
                        27.087736
                    ],
                    [
                        77.044581,
                        27.090271
                    ],
                    [
                        77.049319,
                        27.092812
                    ],
                    [
                        77.055134,
                        27.095976
                    ],
                    [
                        77.056062,
                        27.096494
                    ],
                    [
                        77.056726,
                        27.096823
                    ],
                    [
                        77.057107,
                        27.096957
                    ],
                    [
                        77.057446,
                        27.097048
                    ],
                    [
                        77.058633,
                        27.097241
                    ],
                    [
                        77.060925,
                        27.097544
                    ],
                    [
                        77.064393,
                        27.09804
                    ],
                    [
                        77.067866,
                        27.098491
                    ],
                    [
                        77.070485,
                        27.098856
                    ],
                    [
                        77.07132,
                        27.098953
                    ],
                    [
                        77.073083,
                        27.099208
                    ],
                    [
                        77.074903,
                        27.09943
                    ],
                    [
                        77.078513,
                        27.099926
                    ],
                    [
                        77.081729,
                        27.100362
                    ],
                    [
                        77.083965,
                        27.100647
                    ],
                    [
                        77.08516,
                        27.100792
                    ],
                    [
                        77.08905,
                        27.101168
                    ],
                    [
                        77.089128,
                        27.101176
                    ],
                    [
                        77.090834,
                        27.101341
                    ],
                    [
                        77.090972,
                        27.10135
                    ],
                    [
                        77.09268,
                        27.101519
                    ],
                    [
                        77.092899,
                        27.101539
                    ],
                    [
                        77.097172,
                        27.101931
                    ],
                    [
                        77.100512,
                        27.102251
                    ],
                    [
                        77.101172,
                        27.102312
                    ],
                    [
                        77.107133,
                        27.102874
                    ],
                    [
                        77.114805,
                        27.103633
                    ],
                    [
                        77.115238,
                        27.103723
                    ],
                    [
                        77.115524,
                        27.103807
                    ],
                    [
                        77.11599,
                        27.103959
                    ],
                    [
                        77.116543,
                        27.104254
                    ],
                    [
                        77.116846,
                        27.104478
                    ],
                    [
                        77.117249,
                        27.104822
                    ],
                    [
                        77.117459,
                        27.105032
                    ],
                    [
                        77.117709,
                        27.105429
                    ],
                    [
                        77.118013,
                        27.105935
                    ],
                    [
                        77.118285,
                        27.106478
                    ],
                    [
                        77.119853,
                        27.109285
                    ],
                    [
                        77.120298,
                        27.110033
                    ],
                    [
                        77.120626,
                        27.110467
                    ],
                    [
                        77.12088,
                        27.11073
                    ],
                    [
                        77.12126,
                        27.111043
                    ],
                    [
                        77.121781,
                        27.11136
                    ],
                    [
                        77.122111,
                        27.1115
                    ],
                    [
                        77.12255,
                        27.111639
                    ],
                    [
                        77.12286,
                        27.111709
                    ],
                    [
                        77.123164,
                        27.111748
                    ],
                    [
                        77.124532,
                        27.111804
                    ],
                    [
                        77.12606,
                        27.111832
                    ],
                    [
                        77.127237,
                        27.11186
                    ],
                    [
                        77.127635,
                        27.111869
                    ],
                    [
                        77.135046,
                        27.112039
                    ],
                    [
                        77.140072,
                        27.112154
                    ],
                    [
                        77.142211,
                        27.112201
                    ],
                    [
                        77.142985,
                        27.112218
                    ],
                    [
                        77.147901,
                        27.112335
                    ],
                    [
                        77.154384,
                        27.112466
                    ],
                    [
                        77.155671,
                        27.112489
                    ],
                    [
                        77.156324,
                        27.112506
                    ],
                    [
                        77.158229,
                        27.112563
                    ],
                    [
                        77.158869,
                        27.112616
                    ],
                    [
                        77.159296,
                        27.112691
                    ],
                    [
                        77.159918,
                        27.112825
                    ],
                    [
                        77.16114,
                        27.113185
                    ],
                    [
                        77.167453,
                        27.115155
                    ],
                    [
                        77.168673,
                        27.11555
                    ],
                    [
                        77.169279,
                        27.115746
                    ],
                    [
                        77.17579,
                        27.117755
                    ],
                    [
                        77.179048,
                        27.11877
                    ],
                    [
                        77.179472,
                        27.118918
                    ],
                    [
                        77.190791,
                        27.122464
                    ],
                    [
                        77.194693,
                        27.123744
                    ],
                    [
                        77.197049,
                        27.124494
                    ],
                    [
                        77.205094,
                        27.12704
                    ],
                    [
                        77.20698,
                        27.12762
                    ],
                    [
                        77.214226,
                        27.12991
                    ],
                    [
                        77.218437,
                        27.131229
                    ],
                    [
                        77.218612,
                        27.131284
                    ],
                    [
                        77.219403,
                        27.131546
                    ],
                    [
                        77.220359,
                        27.131863
                    ],
                    [
                        77.222336,
                        27.132579
                    ],
                    [
                        77.224404,
                        27.133355
                    ],
                    [
                        77.230184,
                        27.135403
                    ],
                    [
                        77.230793,
                        27.135642
                    ],
                    [
                        77.233966,
                        27.136886
                    ],
                    [
                        77.238105,
                        27.138414
                    ],
                    [
                        77.241674,
                        27.139703
                    ],
                    [
                        77.242689,
                        27.140068
                    ],
                    [
                        77.243169,
                        27.140241
                    ],
                    [
                        77.246987,
                        27.141615
                    ],
                    [
                        77.252763,
                        27.143695
                    ],
                    [
                        77.25439,
                        27.144268
                    ],
                    [
                        77.255169,
                        27.144542
                    ],
                    [
                        77.25748,
                        27.145315
                    ],
                    [
                        77.259899,
                        27.146101
                    ],
                    [
                        77.261465,
                        27.146605
                    ],
                    [
                        77.271937,
                        27.149973
                    ],
                    [
                        77.273012,
                        27.150302
                    ],
                    [
                        77.2738,
                        27.150543
                    ],
                    [
                        77.283337,
                        27.153457
                    ],
                    [
                        77.286289,
                        27.154359
                    ],
                    [
                        77.294124,
                        27.156692
                    ],
                    [
                        77.294635,
                        27.156844
                    ],
                    [
                        77.2956,
                        27.157131
                    ],
                    [
                        77.309592,
                        27.161296
                    ],
                    [
                        77.313422,
                        27.162437
                    ],
                    [
                        77.315172,
                        27.162957
                    ],
                    [
                        77.321423,
                        27.164786
                    ],
                    [
                        77.322019,
                        27.164937
                    ],
                    [
                        77.323067,
                        27.165123
                    ],
                    [
                        77.325234,
                        27.165331
                    ],
                    [
                        77.338248,
                        27.166504
                    ],
                    [
                        77.339071,
                        27.166578
                    ],
                    [
                        77.348891,
                        27.167512
                    ],
                    [
                        77.355984,
                        27.168229
                    ],
                    [
                        77.356729,
                        27.168305
                    ],
                    [
                        77.357761,
                        27.16842
                    ],
                    [
                        77.361272,
                        27.168797
                    ],
                    [
                        77.363334,
                        27.169034
                    ],
                    [
                        77.383759,
                        27.171167
                    ],
                    [
                        77.391352,
                        27.171918
                    ],
                    [
                        77.392705,
                        27.172078
                    ],
                    [
                        77.394231,
                        27.172316
                    ],
                    [
                        77.39556,
                        27.172549
                    ],
                    [
                        77.396863,
                        27.172797
                    ],
                    [
                        77.397763,
                        27.173005
                    ],
                    [
                        77.398763,
                        27.173244
                    ],
                    [
                        77.399629,
                        27.173471
                    ],
                    [
                        77.403523,
                        27.174584
                    ],
                    [
                        77.404401,
                        27.174839
                    ],
                    [
                        77.410668,
                        27.176662
                    ],
                    [
                        77.414867,
                        27.177901
                    ],
                    [
                        77.418698,
                        27.179094
                    ],
                    [
                        77.419626,
                        27.179391
                    ],
                    [
                        77.420302,
                        27.179608
                    ],
                    [
                        77.420597,
                        27.179724
                    ],
                    [
                        77.421278,
                        27.180014
                    ],
                    [
                        77.421786,
                        27.180312
                    ],
                    [
                        77.422534,
                        27.180726
                    ],
                    [
                        77.42293,
                        27.180946
                    ],
                    [
                        77.425329,
                        27.182446
                    ],
                    [
                        77.425531,
                        27.182564
                    ],
                    [
                        77.426512,
                        27.183115
                    ],
                    [
                        77.426897,
                        27.183274
                    ],
                    [
                        77.427348,
                        27.183402
                    ],
                    [
                        77.42767,
                        27.183464
                    ],
                    [
                        77.428409,
                        27.183547
                    ],
                    [
                        77.429153,
                        27.183612
                    ],
                    [
                        77.433902,
                        27.183949
                    ],
                    [
                        77.434426,
                        27.183963
                    ],
                    [
                        77.434809,
                        27.183948
                    ],
                    [
                        77.435206,
                        27.183895
                    ],
                    [
                        77.438083,
                        27.183096
                    ],
                    [
                        77.438409,
                        27.183022
                    ],
                    [
                        77.438809,
                        27.182975
                    ],
                    [
                        77.439243,
                        27.182948
                    ],
                    [
                        77.439654,
                        27.182966
                    ],
                    [
                        77.440041,
                        27.183019
                    ],
                    [
                        77.440474,
                        27.18312
                    ],
                    [
                        77.440787,
                        27.183231
                    ],
                    [
                        77.441149,
                        27.183388
                    ],
                    [
                        77.441569,
                        27.183625
                    ],
                    [
                        77.442328,
                        27.184123
                    ],
                    [
                        77.44239,
                        27.184162
                    ],
                    [
                        77.443028,
                        27.184604
                    ],
                    [
                        77.443472,
                        27.184899
                    ],
                    [
                        77.449801,
                        27.188684
                    ],
                    [
                        77.450255,
                        27.188944
                    ],
                    [
                        77.450964,
                        27.189297
                    ],
                    [
                        77.451051,
                        27.18933
                    ],
                    [
                        77.451463,
                        27.189489
                    ],
                    [
                        77.451876,
                        27.189627
                    ],
                    [
                        77.452397,
                        27.189748
                    ],
                    [
                        77.452883,
                        27.189832
                    ],
                    [
                        77.453649,
                        27.189932
                    ],
                    [
                        77.469172,
                        27.190806
                    ],
                    [
                        77.471372,
                        27.190932
                    ],
                    [
                        77.471858,
                        27.190959
                    ],
                    [
                        77.476434,
                        27.191212
                    ],
                    [
                        77.477435,
                        27.191314
                    ],
                    [
                        77.478057,
                        27.191399
                    ],
                    [
                        77.479393,
                        27.191633
                    ],
                    [
                        77.481637,
                        27.192159
                    ],
                    [
                        77.482364,
                        27.192351
                    ],
                    [
                        77.48305,
                        27.192565
                    ],
                    [
                        77.483876,
                        27.192839
                    ],
                    [
                        77.484543,
                        27.193104
                    ],
                    [
                        77.485138,
                        27.193375
                    ],
                    [
                        77.492265,
                        27.196828
                    ],
                    [
                        77.492508,
                        27.196953
                    ],
                    [
                        77.49304,
                        27.197227
                    ],
                    [
                        77.494582,
                        27.197957
                    ],
                    [
                        77.496541,
                        27.198927
                    ],
                    [
                        77.503245,
                        27.202265
                    ],
                    [
                        77.503722,
                        27.202494
                    ],
                    [
                        77.503814,
                        27.202537
                    ],
                    [
                        77.504299,
                        27.202764
                    ],
                    [
                        77.506629,
                        27.203917
                    ],
                    [
                        77.511431,
                        27.206237
                    ],
                    [
                        77.511724,
                        27.206342
                    ],
                    [
                        77.512026,
                        27.206421
                    ],
                    [
                        77.512254,
                        27.206417
                    ],
                    [
                        77.512407,
                        27.206392
                    ],
                    [
                        77.512667,
                        27.206283
                    ],
                    [
                        77.512963,
                        27.206067
                    ],
                    [
                        77.516016,
                        27.203404
                    ],
                    [
                        77.518041,
                        27.201784
                    ],
                    [
                        77.518665,
                        27.201267
                    ],
                    [
                        77.519585,
                        27.200507
                    ],
                    [
                        77.520417,
                        27.199819
                    ],
                    [
                        77.521495,
                        27.19895
                    ],
                    [
                        77.522597,
                        27.198061
                    ],
                    [
                        77.526317,
                        27.195085
                    ],
                    [
                        77.530911,
                        27.191418
                    ],
                    [
                        77.532639,
                        27.190068
                    ],
                    [
                        77.53343,
                        27.18942
                    ],
                    [
                        77.533897,
                        27.189048
                    ],
                    [
                        77.538639,
                        27.185192
                    ],
                    [
                        77.540089,
                        27.184013
                    ],
                    [
                        77.541373,
                        27.182988
                    ],
                    [
                        77.542141,
                        27.182375
                    ],
                    [
                        77.54278,
                        27.181865
                    ],
                    [
                        77.543871,
                        27.180952
                    ],
                    [
                        77.545678,
                        27.179627
                    ],
                    [
                        77.546107,
                        27.179312
                    ],
                    [
                        77.546842,
                        27.178773
                    ],
                    [
                        77.552174,
                        27.174876
                    ],
                    [
                        77.552727,
                        27.174471
                    ],
                    [
                        77.553262,
                        27.174076
                    ],
                    [
                        77.554717,
                        27.173002
                    ],
                    [
                        77.557018,
                        27.171303
                    ],
                    [
                        77.560151,
                        27.169017
                    ],
                    [
                        77.56067,
                        27.16864
                    ],
                    [
                        77.563455,
                        27.166618
                    ],
                    [
                        77.563802,
                        27.166358
                    ],
                    [
                        77.566237,
                        27.164531
                    ],
                    [
                        77.566619,
                        27.164253
                    ],
                    [
                        77.566995,
                        27.163985
                    ],
                    [
                        77.56792,
                        27.163327
                    ],
                    [
                        77.568873,
                        27.162643
                    ],
                    [
                        77.573718,
                        27.159169
                    ],
                    [
                        77.574781,
                        27.158473
                    ],
                    [
                        77.575071,
                        27.158274
                    ],
                    [
                        77.577814,
                        27.156407
                    ],
                    [
                        77.580885,
                        27.154317
                    ],
                    [
                        77.585081,
                        27.15187
                    ],
                    [
                        77.587923,
                        27.150238
                    ],
                    [
                        77.588753,
                        27.149736
                    ],
                    [
                        77.592008,
                        27.147769
                    ],
                    [
                        77.59673,
                        27.144915
                    ],
                    [
                        77.598829,
                        27.143715
                    ],
                    [
                        77.599973,
                        27.143018
                    ],
                    [
                        77.603012,
                        27.141291
                    ],
                    [
                        77.606467,
                        27.139481
                    ],
                    [
                        77.606757,
                        27.139325
                    ],
                    [
                        77.612486,
                        27.136222
                    ],
                    [
                        77.621757,
                        27.131085
                    ],
                    [
                        77.622895,
                        27.130499
                    ],
                    [
                        77.62408,
                        27.130005
                    ],
                    [
                        77.625023,
                        27.129648
                    ],
                    [
                        77.626054,
                        27.129324
                    ],
                    [
                        77.627489,
                        27.128949
                    ],
                    [
                        77.62817,
                        27.128706
                    ],
                    [
                        77.628708,
                        27.12841
                    ],
                    [
                        77.628953,
                        27.128221
                    ],
                    [
                        77.629125,
                        27.128077
                    ],
                    [
                        77.629266,
                        27.127959
                    ],
                    [
                        77.629416,
                        27.127834
                    ],
                    [
                        77.63104,
                        27.126116
                    ],
                    [
                        77.631994,
                        27.12538
                    ],
                    [
                        77.634886,
                        27.123623
                    ],
                    [
                        77.637907,
                        27.121786
                    ],
                    [
                        77.639877,
                        27.120667
                    ],
                    [
                        77.642064,
                        27.119373
                    ],
                    [
                        77.642608,
                        27.119101
                    ],
                    [
                        77.643292,
                        27.118856
                    ],
                    [
                        77.644264,
                        27.118602
                    ],
                    [
                        77.645946,
                        27.118203
                    ],
                    [
                        77.6462,
                        27.118146
                    ],
                    [
                        77.654113,
                        27.116329
                    ],
                    [
                        77.65774,
                        27.115399
                    ],
                    [
                        77.660776,
                        27.114401
                    ],
                    [
                        77.660995,
                        27.114292
                    ],
                    [
                        77.662273,
                        27.113655
                    ],
                    [
                        77.662843,
                        27.11337
                    ],
                    [
                        77.663309,
                        27.113143
                    ],
                    [
                        77.665325,
                        27.112156
                    ],
                    [
                        77.66923,
                        27.10992
                    ],
                    [
                        77.673501,
                        27.107264
                    ],
                    [
                        77.67417,
                        27.106748
                    ],
                    [
                        77.677117,
                        27.103883
                    ],
                    [
                        77.677463,
                        27.10364
                    ],
                    [
                        77.677816,
                        27.103439
                    ],
                    [
                        77.678369,
                        27.103269
                    ],
                    [
                        77.67879,
                        27.103202
                    ],
                    [
                        77.679524,
                        27.103248
                    ],
                    [
                        77.679865,
                        27.10333
                    ],
                    [
                        77.683203,
                        27.10452
                    ],
                    [
                        77.686509,
                        27.105584
                    ],
                    [
                        77.68682,
                        27.105686
                    ],
                    [
                        77.690352,
                        27.106844
                    ],
                    [
                        77.690683,
                        27.106954
                    ],
                    [
                        77.697732,
                        27.109223
                    ],
                    [
                        77.699311,
                        27.109745
                    ],
                    [
                        77.705382,
                        27.111754
                    ],
                    [
                        77.709428,
                        27.113039
                    ],
                    [
                        77.710395,
                        27.113332
                    ],
                    [
                        77.71582,
                        27.114986
                    ],
                    [
                        77.716009,
                        27.115045
                    ],
                    [
                        77.717457,
                        27.115493
                    ],
                    [
                        77.718561,
                        27.115872
                    ],
                    [
                        77.721109,
                        27.116748
                    ],
                    [
                        77.726304,
                        27.11839
                    ],
                    [
                        77.727897,
                        27.118894
                    ],
                    [
                        77.730008,
                        27.119577
                    ],
                    [
                        77.73202,
                        27.12025
                    ],
                    [
                        77.735993,
                        27.121593
                    ],
                    [
                        77.737224,
                        27.12204
                    ],
                    [
                        77.742577,
                        27.123989
                    ],
                    [
                        77.743118,
                        27.124191
                    ],
                    [
                        77.744233,
                        27.124607
                    ],
                    [
                        77.74732,
                        27.125816
                    ],
                    [
                        77.749069,
                        27.126372
                    ],
                    [
                        77.754122,
                        27.127875
                    ],
                    [
                        77.762282,
                        27.1302
                    ],
                    [
                        77.766714,
                        27.131507
                    ],
                    [
                        77.770323,
                        27.132717
                    ],
                    [
                        77.770516,
                        27.132781
                    ],
                    [
                        77.773037,
                        27.133629
                    ],
                    [
                        77.773697,
                        27.133877
                    ],
                    [
                        77.774627,
                        27.134202
                    ],
                    [
                        77.776528,
                        27.134782
                    ],
                    [
                        77.777059,
                        27.134963
                    ],
                    [
                        77.777616,
                        27.135193
                    ],
                    [
                        77.778086,
                        27.135449
                    ],
                    [
                        77.778285,
                        27.135591
                    ],
                    [
                        77.778331,
                        27.135631
                    ],
                    [
                        77.778992,
                        27.136259
                    ],
                    [
                        77.780177,
                        27.13741
                    ],
                    [
                        77.780693,
                        27.137854
                    ],
                    [
                        77.781123,
                        27.138148
                    ],
                    [
                        77.781188,
                        27.138191
                    ],
                    [
                        77.781751,
                        27.138478
                    ],
                    [
                        77.782989,
                        27.138906
                    ],
                    [
                        77.783501,
                        27.139021
                    ],
                    [
                        77.786361,
                        27.139563
                    ],
                    [
                        77.786873,
                        27.13965
                    ],
                    [
                        77.787505,
                        27.139729
                    ],
                    [
                        77.788088,
                        27.139772
                    ],
                    [
                        77.788837,
                        27.139789
                    ],
                    [
                        77.789838,
                        27.13974
                    ],
                    [
                        77.790068,
                        27.139724
                    ],
                    [
                        77.790388,
                        27.139706
                    ],
                    [
                        77.79137,
                        27.139645
                    ],
                    [
                        77.791727,
                        27.139576
                    ],
                    [
                        77.792225,
                        27.13945
                    ],
                    [
                        77.792822,
                        27.139246
                    ],
                    [
                        77.793252,
                        27.139068
                    ],
                    [
                        77.793683,
                        27.138922
                    ],
                    [
                        77.794118,
                        27.13882
                    ],
                    [
                        77.794319,
                        27.138769
                    ],
                    [
                        77.794515,
                        27.138751
                    ],
                    [
                        77.794855,
                        27.138732
                    ],
                    [
                        77.795159,
                        27.138735
                    ],
                    [
                        77.795495,
                        27.138742
                    ],
                    [
                        77.795919,
                        27.138781
                    ],
                    [
                        77.798027,
                        27.139272
                    ],
                    [
                        77.799952,
                        27.139544
                    ],
                    [
                        77.801449,
                        27.139802
                    ],
                    [
                        77.804245,
                        27.140322
                    ],
                    [
                        77.807284,
                        27.140777
                    ],
                    [
                        77.811543,
                        27.141272
                    ],
                    [
                        77.820887,
                        27.142421
                    ],
                    [
                        77.823729,
                        27.142803
                    ],
                    [
                        77.824768,
                        27.142948
                    ],
                    [
                        77.825194,
                        27.143008
                    ],
                    [
                        77.825832,
                        27.143098
                    ],
                    [
                        77.827612,
                        27.143344
                    ],
                    [
                        77.828009,
                        27.143399
                    ],
                    [
                        77.828803,
                        27.143509
                    ],
                    [
                        77.832905,
                        27.144077
                    ],
                    [
                        77.833545,
                        27.144187
                    ],
                    [
                        77.834071,
                        27.144307
                    ],
                    [
                        77.834475,
                        27.144374
                    ],
                    [
                        77.834934,
                        27.144422
                    ],
                    [
                        77.838221,
                        27.145166
                    ],
                    [
                        77.838572,
                        27.145245
                    ],
                    [
                        77.842396,
                        27.14609
                    ],
                    [
                        77.846096,
                        27.146984
                    ],
                    [
                        77.847814,
                        27.147452
                    ],
                    [
                        77.849105,
                        27.147825
                    ],
                    [
                        77.849612,
                        27.147972
                    ],
                    [
                        77.850184,
                        27.148137
                    ],
                    [
                        77.851093,
                        27.1484
                    ],
                    [
                        77.851814,
                        27.148606
                    ],
                    [
                        77.856656,
                        27.149983
                    ],
                    [
                        77.856827,
                        27.15003
                    ],
                    [
                        77.858012,
                        27.150358
                    ],
                    [
                        77.861051,
                        27.151246
                    ],
                    [
                        77.861502,
                        27.151379
                    ],
                    [
                        77.862395,
                        27.151643
                    ],
                    [
                        77.86368,
                        27.152046
                    ],
                    [
                        77.864953,
                        27.152445
                    ],
                    [
                        77.8656,
                        27.152628
                    ],
                    [
                        77.866169,
                        27.152788
                    ],
                    [
                        77.866411,
                        27.152857
                    ],
                    [
                        77.867322,
                        27.153104
                    ],
                    [
                        77.867492,
                        27.153149
                    ],
                    [
                        77.867825,
                        27.153239
                    ],
                    [
                        77.867884,
                        27.153254
                    ],
                    [
                        77.868918,
                        27.153499
                    ],
                    [
                        77.869033,
                        27.153526
                    ],
                    [
                        77.869811,
                        27.153698
                    ],
                    [
                        77.870472,
                        27.153822
                    ],
                    [
                        77.870823,
                        27.153888
                    ],
                    [
                        77.871295,
                        27.153944
                    ],
                    [
                        77.871681,
                        27.153991
                    ],
                    [
                        77.872147,
                        27.154019
                    ],
                    [
                        77.873136,
                        27.15408
                    ],
                    [
                        77.874206,
                        27.154146
                    ],
                    [
                        77.874235,
                        27.154147
                    ],
                    [
                        77.874338,
                        27.154154
                    ],
                    [
                        77.874367,
                        27.154155
                    ],
                    [
                        77.875588,
                        27.154278
                    ],
                    [
                        77.876056,
                        27.154328
                    ],
                    [
                        77.876468,
                        27.154372
                    ],
                    [
                        77.877845,
                        27.154445
                    ],
                    [
                        77.881682,
                        27.154522
                    ],
                    [
                        77.886458,
                        27.15466
                    ],
                    [
                        77.887096,
                        27.154708
                    ],
                    [
                        77.887856,
                        27.154766
                    ],
                    [
                        77.889035,
                        27.154854
                    ],
                    [
                        77.891315,
                        27.155019
                    ],
                    [
                        77.892585,
                        27.155111
                    ],
                    [
                        77.894472,
                        27.155256
                    ],
                    [
                        77.895038,
                        27.155281
                    ],
                    [
                        77.897352,
                        27.155312
                    ],
                    [
                        77.898798,
                        27.155394
                    ],
                    [
                        77.89901,
                        27.155403
                    ],
                    [
                        77.899564,
                        27.155426
                    ],
                    [
                        77.900259,
                        27.155422
                    ],
                    [
                        77.900427,
                        27.15542
                    ],
                    [
                        77.901261,
                        27.155401
                    ],
                    [
                        77.901688,
                        27.155367
                    ],
                    [
                        77.902648,
                        27.155303
                    ],
                    [
                        77.903073,
                        27.155337
                    ],
                    [
                        77.904166,
                        27.155483
                    ],
                    [
                        77.908014,
                        27.156242
                    ],
                    [
                        77.908209,
                        27.156281
                    ],
                    [
                        77.908776,
                        27.15641
                    ],
                    [
                        77.910803,
                        27.156873
                    ],
                    [
                        77.913373,
                        27.157454
                    ],
                    [
                        77.913429,
                        27.157467
                    ],
                    [
                        77.913595,
                        27.157502
                    ],
                    [
                        77.91361,
                        27.157506
                    ],
                    [
                        77.91376,
                        27.157538
                    ],
                    [
                        77.913841,
                        27.157553
                    ],
                    [
                        77.914713,
                        27.157729
                    ],
                    [
                        77.915122,
                        27.157811
                    ],
                    [
                        77.916189,
                        27.158026
                    ],
                    [
                        77.917245,
                        27.158205
                    ],
                    [
                        77.919459,
                        27.158537
                    ],
                    [
                        77.922839,
                        27.159051
                    ],
                    [
                        77.923942,
                        27.159222
                    ],
                    [
                        77.924727,
                        27.159352
                    ],
                    [
                        77.925097,
                        27.159413
                    ],
                    [
                        77.925842,
                        27.159546
                    ],
                    [
                        77.928786,
                        27.160106
                    ],
                    [
                        77.930672,
                        27.160442
                    ],
                    [
                        77.931138,
                        27.160525
                    ],
                    [
                        77.931811,
                        27.160645
                    ],
                    [
                        77.93216,
                        27.160715
                    ],
                    [
                        77.932823,
                        27.160847
                    ],
                    [
                        77.932877,
                        27.160858
                    ],
                    [
                        77.933245,
                        27.160933
                    ],
                    [
                        77.933652,
                        27.161013
                    ],
                    [
                        77.934112,
                        27.161059
                    ],
                    [
                        77.934398,
                        27.161087
                    ],
                    [
                        77.934602,
                        27.161097
                    ],
                    [
                        77.935037,
                        27.161092
                    ],
                    [
                        77.935217,
                        27.161085
                    ],
                    [
                        77.935625,
                        27.161079
                    ],
                    [
                        77.935862,
                        27.161072
                    ],
                    [
                        77.936052,
                        27.161111
                    ],
                    [
                        77.936599,
                        27.161275
                    ],
                    [
                        77.936734,
                        27.161322
                    ],
                    [
                        77.93764,
                        27.1616
                    ],
                    [
                        77.938359,
                        27.161787
                    ],
                    [
                        77.939207,
                        27.162007
                    ],
                    [
                        77.939336,
                        27.162046
                    ],
                    [
                        77.940009,
                        27.162225
                    ],
                    [
                        77.94083,
                        27.16242
                    ],
                    [
                        77.940949,
                        27.162451
                    ],
                    [
                        77.941259,
                        27.162536
                    ],
                    [
                        77.945091,
                        27.163552
                    ],
                    [
                        77.948312,
                        27.164447
                    ],
                    [
                        77.951945,
                        27.165424
                    ],
                    [
                        77.956077,
                        27.166746
                    ],
                    [
                        77.959617,
                        27.167759
                    ],
                    [
                        77.963996,
                        27.169079
                    ],
                    [
                        77.964588,
                        27.169248
                    ],
                    [
                        77.964728,
                        27.169296
                    ],
                    [
                        77.969573,
                        27.170679
                    ],
                    [
                        77.971557,
                        27.171312
                    ],
                    [
                        77.972468,
                        27.171653
                    ],
                    [
                        77.972903,
                        27.171855
                    ],
                    [
                        77.973661,
                        27.172081
                    ],
                    [
                        77.974298,
                        27.172312
                    ],
                    [
                        77.974477,
                        27.172377
                    ],
                    [
                        77.974674,
                        27.17245
                    ],
                    [
                        77.974885,
                        27.17253
                    ],
                    [
                        77.975107,
                        27.172622
                    ],
                    [
                        77.975208,
                        27.172664
                    ],
                    [
                        77.975383,
                        27.172741
                    ],
                    [
                        77.975714,
                        27.172938
                    ],
                    [
                        77.975807,
                        27.172989
                    ],
                    [
                        77.975959,
                        27.173065
                    ],
                    [
                        77.976408,
                        27.173283
                    ],
                    [
                        77.976634,
                        27.173367
                    ],
                    [
                        77.976791,
                        27.17342
                    ],
                    [
                        77.977421,
                        27.17363
                    ],
                    [
                        77.97822,
                        27.173875
                    ],
                    [
                        77.978355,
                        27.173912
                    ],
                    [
                        77.978475,
                        27.173951
                    ],
                    [
                        77.978662,
                        27.174012
                    ],
                    [
                        77.9791,
                        27.174116
                    ],
                    [
                        77.979589,
                        27.174233
                    ],
                    [
                        77.979973,
                        27.174304
                    ],
                    [
                        77.980368,
                        27.174349
                    ],
                    [
                        77.980793,
                        27.174399
                    ],
                    [
                        77.980891,
                        27.174408
                    ],
                    [
                        77.981317,
                        27.174485
                    ],
                    [
                        77.982241,
                        27.174769
                    ],
                    [
                        77.982576,
                        27.174874
                    ],
                    [
                        77.982696,
                        27.174907
                    ],
                    [
                        77.984059,
                        27.175344
                    ],
                    [
                        77.984354,
                        27.175454
                    ],
                    [
                        77.98468,
                        27.175611
                    ],
                    [
                        77.985874,
                        27.176329
                    ],
                    [
                        77.985966,
                        27.176326
                    ],
                    [
                        77.986218,
                        27.176317
                    ],
                    [
                        77.986834,
                        27.176289
                    ],
                    [
                        77.987186,
                        27.176269
                    ],
                    [
                        77.988231,
                        27.17621
                    ],
                    [
                        77.988434,
                        27.176187
                    ],
                    [
                        77.988459,
                        27.176186
                    ],
                    [
                        77.988897,
                        27.176168
                    ],
                    [
                        77.989264,
                        27.176145
                    ],
                    [
                        77.989395,
                        27.176136
                    ],
                    [
                        77.990014,
                        27.176097
                    ],
                    [
                        77.990189,
                        27.176088
                    ],
                    [
                        77.990822,
                        27.176065
                    ],
                    [
                        77.990961,
                        27.176057
                    ],
                    [
                        77.991138,
                        27.176049
                    ],
                    [
                        77.991832,
                        27.176007
                    ],
                    [
                        77.992188,
                        27.175982
                    ],
                    [
                        77.99264,
                        27.175929
                    ],
                    [
                        77.993251,
                        27.175822
                    ],
                    [
                        77.993498,
                        27.175784
                    ],
                    [
                        77.993658,
                        27.175756
                    ],
                    [
                        77.993793,
                        27.175731
                    ],
                    [
                        77.994628,
                        27.175551
                    ],
                    [
                        77.995047,
                        27.17546
                    ],
                    [
                        77.99514,
                        27.175477
                    ],
                    [
                        77.995699,
                        27.17539
                    ],
                    [
                        77.99582,
                        27.175365
                    ],
                    [
                        77.996343,
                        27.175234
                    ],
                    [
                        77.996469,
                        27.175173
                    ],
                    [
                        77.997783,
                        27.174921
                    ],
                    [
                        77.997992,
                        27.174903
                    ],
                    [
                        77.998869,
                        27.174896
                    ],
                    [
                        77.999487,
                        27.174944
                    ],
                    [
                        77.999785,
                        27.174965
                    ],
                    [
                        78.000155,
                        27.174992
                    ],
                    [
                        78.000246,
                        27.175
                    ],
                    [
                        78.000468,
                        27.175021
                    ],
                    [
                        78.001035,
                        27.175062
                    ],
                    [
                        78.001615,
                        27.175096
                    ],
                    [
                        78.002247,
                        27.175182
                    ],
                    [
                        78.002801,
                        27.17531
                    ],
                    [
                        78.003209,
                        27.175418
                    ],
                    [
                        78.003436,
                        27.175469
                    ],
                    [
                        78.003718,
                        27.175539
                    ],
                    [
                        78.003905,
                        27.175585
                    ],
                    [
                        78.004868,
                        27.175801
                    ],
                    [
                        78.005011,
                        27.175822
                    ],
                    [
                        78.005458,
                        27.175894
                    ],
                    [
                        78.005525,
                        27.175928
                    ],
                    [
                        78.005662,
                        27.176033
                    ],
                    [
                        78.005844,
                        27.176203
                    ],
                    [
                        78.005959,
                        27.176284
                    ],
                    [
                        78.00617,
                        27.176376
                    ],
                    [
                        78.006367,
                        27.17643
                    ],
                    [
                        78.00682,
                        27.176466
                    ],
                    [
                        78.007381,
                        27.176534
                    ],
                    [
                        78.007495,
                        27.176598
                    ],
                    [
                        78.007588,
                        27.17668
                    ],
                    [
                        78.007636,
                        27.176738
                    ],
                    [
                        78.007799,
                        27.176696
                    ],
                    [
                        78.008018,
                        27.176678
                    ],
                    [
                        78.008144,
                        27.176648
                    ],
                    [
                        78.008236,
                        27.176571
                    ],
                    [
                        78.008387,
                        27.176203
                    ],
                    [
                        78.008462,
                        27.176043
                    ],
                    [
                        78.008745,
                        27.175661
                    ],
                    [
                        78.008824,
                        27.17549
                    ],
                    [
                        78.008854,
                        27.175339
                    ],
                    [
                        78.008854,
                        27.175236
                    ],
                    [
                        78.008855,
                        27.175143
                    ],
                    [
                        78.008823,
                        27.17493
                    ],
                    [
                        78.008801,
                        27.174739
                    ],
                    [
                        78.008766,
                        27.174609
                    ],
                    [
                        78.008694,
                        27.174333
                    ],
                    [
                        78.008633,
                        27.173979
                    ],
                    [
                        78.008615,
                        27.173767
                    ],
                    [
                        78.008645,
                        27.173092
                    ],
                    [
                        78.008678,
                        27.172823
                    ],
                    [
                        78.008746,
                        27.172511
                    ],
                    [
                        78.008923,
                        27.17205
                    ],
                    [
                        78.009144,
                        27.171622
                    ],
                    [
                        78.009276,
                        27.171405
                    ],
                    [
                        78.00946,
                        27.171019
                    ],
                    [
                        78.009535,
                        27.170815
                    ],
                    [
                        78.00958,
                        27.170578
                    ],
                    [
                        78.01042,
                        27.171185
                    ],
                    [
                        78.010916,
                        27.171559
                    ],
                    [
                        78.011231,
                        27.17181
                    ],
                    [
                        78.01163,
                        27.172124
                    ],
                    [
                        78.011756,
                        27.172236
                    ],
                    [
                        78.012366,
                        27.172821
                    ],
                    [
                        78.012553,
                        27.173004
                    ],
                    [
                        78.01263,
                        27.173122
                    ],
                    [
                        78.012949,
                        27.173209
                    ],
                    [
                        78.01323,
                        27.173247
                    ],
                    [
                        78.013386,
                        27.173242
                    ],
                    [
                        78.014502,
                        27.173105
                    ],
                    [
                        78.01497,
                        27.173102
                    ],
                    [
                        78.015531,
                        27.173142
                    ],
                    [
                        78.015547,
                        27.173211
                    ],
                    [
                        78.015597,
                        27.173238
                    ],
                    [
                        78.015655,
                        27.173229
                    ],
                    [
                        78.015693,
                        27.17319
                    ],
                    [
                        78.018322,
                        27.173562
                    ],
                    [
                        78.018492,
                        27.17356
                    ],
                    [
                        78.018647,
                        27.173538
                    ],
                    [
                        78.018665,
                        27.173585
                    ],
                    [
                        78.018651,
                        27.173694
                    ],
                    [
                        78.018749,
                        27.17396
                    ],
                    [
                        78.018844,
                        27.174154
                    ],
                    [
                        78.019009,
                        27.174418
                    ],
                    [
                        78.019179,
                        27.174632
                    ],
                    [
                        78.019325,
                        27.174757
                    ],
                    [
                        78.019455,
                        27.174846
                    ],
                    [
                        78.019888,
                        27.17509
                    ],
                    [
                        78.020058,
                        27.175162
                    ],
                    [
                        78.02106,
                        27.175414
                    ],
                    [
                        78.021219,
                        27.17548
                    ],
                    [
                        78.021414,
                        27.175592
                    ],
                    [
                        78.021608,
                        27.175719
                    ],
                    [
                        78.02169,
                        27.175781
                    ],
                    [
                        78.021804,
                        27.175718
                    ],
                    [
                        78.022281,
                        27.175613
                    ],
                    [
                        78.02358,
                        27.175372
                    ],
                    [
                        78.024661,
                        27.175125
                    ],
                    [
                        78.02475,
                        27.175116
                    ],
                    [
                        78.025098,
                        27.175121
                    ],
                    [
                        78.02519,
                        27.175111
                    ],
                    [
                        78.026193,
                        27.17527
                    ],
                    [
                        78.026195,
                        27.175349
                    ],
                    [
                        78.02625,
                        27.175412
                    ],
                    [
                        78.026337,
                        27.175432
                    ],
                    [
                        78.026382,
                        27.175423
                    ],
                    [
                        78.02645,
                        27.17537
                    ],
                    [
                        78.026467,
                        27.175286
                    ],
                    [
                        78.026663,
                        27.175068
                    ],
                    [
                        78.026931,
                        27.174833
                    ],
                    [
                        78.027247,
                        27.174611
                    ],
                    [
                        78.027524,
                        27.174451
                    ],
                    [
                        78.02791,
                        27.17427
                    ],
                    [
                        78.028321,
                        27.174081
                    ],
                    [
                        78.028525,
                        27.174021
                    ],
                    [
                        78.028932,
                        27.173916
                    ],
                    [
                        78.029433,
                        27.173821
                    ],
                    [
                        78.03084,
                        27.173577
                    ],
                    [
                        78.031444,
                        27.173456
                    ],
                    [
                        78.031855,
                        27.173394
                    ],
                    [
                        78.032031,
                        27.173377
                    ],
                    [
                        78.032647,
                        27.173445
                    ],
                    [
                        78.032895,
                        27.173461
                    ],
                    [
                        78.033092,
                        27.173448
                    ],
                    [
                        78.033311,
                        27.173415
                    ],
                    [
                        78.033523,
                        27.173351
                    ],
                    [
                        78.033721,
                        27.173262
                    ],
                    [
                        78.034283,
                        27.172969
                    ],
                    [
                        78.034507,
                        27.172873
                    ],
                    [
                        78.035236,
                        27.172607
                    ],
                    [
                        78.035905,
                        27.172381
                    ],
                    [
                        78.036158,
                        27.172311
                    ],
                    [
                        78.037714,
                        27.172084
                    ],
                    [
                        78.038298,
                        27.171927
                    ],
                    [
                        78.038425,
                        27.171857
                    ],
                    [
                        78.038654,
                        27.171661
                    ],
                    [
                        78.03909,
                        27.171204
                    ],
                    [
                        78.039102,
                        27.17111
                    ],
                    [
                        78.039023,
                        27.171131
                    ],
                    [
                        78.039022,
                        27.171132
                    ]
                ],
                "type": "LineString"
            }
        }
    ],
    "metadata": {
        "attribution": "openrouteservice.org | OpenStreetMap contributors",
        "service": "routing",
        "timestamp": 1756632297277,
        "query": {
            "coordinates": [
                [
                    75.820505,
                    26.915956
                ],
                [
                    78.038945,
                    27.171074
                ]
            ],
            "profile": "driving-car",
            "profileName": "driving-car",
            "format": "geojson"
        },
        "engine": {
            "version": "9.3.0",
            "build_date": "2025-06-06T15:39:25Z",
            "graph_date": "2025-08-24T11:22:16Z",
            "osm_date": "2025-08-18T00:00:00Z"
        }
    }
}