{
    "type": "FeatureCollection",
    "bbox": [
        76.045351,
        27.380438,
        76.595235,
        27.58765
    ],
    "features": [
        {
            "bbox": [
                76.045351,
                27.380438,
                76.595235,
                27.58765
            ],
            "type": "Feature",
            "properties": {
                "segments": [
                    {
                        "distance": 81084.6,
                        "duration": 3896.7,
                        "steps": [
                            {
                                "distance": 418.3,
                                "duration": 75.3,
                                "type": 11,
                                "instruction": "Head north",
                                "name": "-",
                                "way_points": [
                                    0,
                                    12
                                ]
                            },
                            {
                                "distance": 7352.9,
                                "duration": 556.1,
                                "type": 0,
                                "instruction": "Turn left onto Bala Quila Road",
                                "name": "Bala Quila Road",
                                "way_points": [
                                    12,
                                    247
                                ]
                            },
                            {
                                "distance": 5255.1,
                                "duration": 348.0,
                                "type": 7,
                                "instruction": "Enter the roundabout and take the 3rd exit onto Alwar Jaipur Road, SH13",
                                "name": "Alwar Jaipur Road, SH13",
                                "exit_number": 3,
                                "way_points": [
                                    247,
                                    345
                                ]
                            },
                            {
                                "distance": 66879.8,
                                "duration": 2832.4,
                                "type": 5,
                                "instruction": "Turn slight right onto NH248A",
                                "name": "NH248A",
                                "way_points": [
                                    345,
                                    1082
                                ]
                            },
                            {
                                "distance": 1178.5,
                                "duration": 84.9,
                                "type": 1,
                                "instruction": "Turn right",
                                "name": "-",
                                "way_points": [
                                    1082,
                                    1098
                                ]
                            },
                            {
                                "distance": 0.0,
                                "duration": 0.0,
                                "type": 10,
                                "instruction": "Arrive at your destination, on the right",
                                "name": "-",
                                "way_points": [
                                    1098,
                                    1098
                                ]
                            }
                        ]
                    }
                ],
                "way_points": [
                    0,
                    1098
                ],
                "summary": {
                    "distance": 81084.6,
                    "duration": 3896.7
                }
            },
            "geometry": {
                "coordinates": [
                    [
                        76.588103,
                        27.574988
                    ],
                    [
                        76.588171,
                        27.575162
                    ],
                    [
                        76.588187,
                        27.575336
                    ],
                    [
                        76.588186,
                        27.575457
                    ],
                    [
                        76.588157,
                        27.575599
                    ],
                    [
                        76.58817,
                        27.575754
                    ],
                    [
                        76.588442,
                        27.576564
                    ],
                    [
                        76.588532,
                        27.576982
                    ],
                    [
                        76.588719,
                        27.577375
                    ],
                    [
                        76.588899,
                        27.577654
                    ],
                    [
                        76.589015,
                        27.577758
                    ],
                    [
                        76.589552,
                        27.577927
                    ],
                    [
                        76.58984,
                        27.578075
                    ],
                    [
                        76.589575,
                        27.578328
                    ],
                    [
                        76.589475,
                        27.578367
                    ],
                    [
                        76.589273,
                        27.57839
                    ],
                    [
                        76.589035,
                        27.578333
                    ],
                    [
                        76.588894,
                        27.578244
                    ],
                    [
                        76.588723,
                        27.578089
                    ],
                    [
                        76.588539,
                        27.577845
                    ],
                    [
                        76.587999,
                        27.577195
                    ],
                    [
                        76.587781,
                        27.576951
                    ],
                    [
                        76.587182,
                        27.576344
                    ],
                    [
                        76.58703,
                        27.576226
                    ],
                    [
                        76.586616,
                        27.575982
                    ],
                    [
                        76.586272,
                        27.575753
                    ],
                    [
                        76.585543,
                        27.575312
                    ],
                    [
                        76.585302,
                        27.575184
                    ],
                    [
                        76.585224,
                        27.575164
                    ],
                    [
                        76.584986,
                        27.575181
                    ],
                    [
                        76.584696,
                        27.575261
                    ],
                    [
                        76.584573,
                        27.57532
                    ],
                    [
                        76.584278,
                        27.575538
                    ],
                    [
                        76.583996,
                        27.57578
                    ],
                    [
                        76.5837,
                        27.57608
                    ],
                    [
                        76.583663,
                        27.576141
                    ],
                    [
                        76.583627,
                        27.576297
                    ],
                    [
                        76.583647,
                        27.576577
                    ],
                    [
                        76.583604,
                        27.576859
                    ],
                    [
                        76.583524,
                        27.57702
                    ],
                    [
                        76.583404,
                        27.577188
                    ],
                    [
                        76.583183,
                        27.57738
                    ],
                    [
                        76.583154,
                        27.577433
                    ],
                    [
                        76.583115,
                        27.57766
                    ],
                    [
                        76.583054,
                        27.577783
                    ],
                    [
                        76.582834,
                        27.577989
                    ],
                    [
                        76.582774,
                        27.578092
                    ],
                    [
                        76.582765,
                        27.578231
                    ],
                    [
                        76.58279,
                        27.578455
                    ],
                    [
                        76.582751,
                        27.578605
                    ],
                    [
                        76.582644,
                        27.578816
                    ],
                    [
                        76.582641,
                        27.578873
                    ],
                    [
                        76.582681,
                        27.578988
                    ],
                    [
                        76.582781,
                        27.579089
                    ],
                    [
                        76.583433,
                        27.579631
                    ],
                    [
                        76.58365,
                        27.57977
                    ],
                    [
                        76.583717,
                        27.579829
                    ],
                    [
                        76.583857,
                        27.57998
                    ],
                    [
                        76.583969,
                        27.580142
                    ],
                    [
                        76.584045,
                        27.580214
                    ],
                    [
                        76.584097,
                        27.580234
                    ],
                    [
                        76.584199,
                        27.580236
                    ],
                    [
                        76.584607,
                        27.580116
                    ],
                    [
                        76.584767,
                        27.580097
                    ],
                    [
                        76.58483,
                        27.58011
                    ],
                    [
                        76.584953,
                        27.580177
                    ],
                    [
                        76.585193,
                        27.580366
                    ],
                    [
                        76.58534,
                        27.580539
                    ],
                    [
                        76.585395,
                        27.580643
                    ],
                    [
                        76.585406,
                        27.58092
                    ],
                    [
                        76.585348,
                        27.581405
                    ],
                    [
                        76.585412,
                        27.581792
                    ],
                    [
                        76.585399,
                        27.581868
                    ],
                    [
                        76.585348,
                        27.581937
                    ],
                    [
                        76.585182,
                        27.582048
                    ],
                    [
                        76.585047,
                        27.582192
                    ],
                    [
                        76.584749,
                        27.582663
                    ],
                    [
                        76.58474,
                        27.582747
                    ],
                    [
                        76.584758,
                        27.582843
                    ],
                    [
                        76.584929,
                        27.583012
                    ],
                    [
                        76.585094,
                        27.583121
                    ],
                    [
                        76.585152,
                        27.583217
                    ],
                    [
                        76.58515,
                        27.583523
                    ],
                    [
                        76.585106,
                        27.583984
                    ],
                    [
                        76.585234,
                        27.584348
                    ],
                    [
                        76.585348,
                        27.584451
                    ],
                    [
                        76.585741,
                        27.584754
                    ],
                    [
                        76.585779,
                        27.584836
                    ],
                    [
                        76.585766,
                        27.584962
                    ],
                    [
                        76.585779,
                        27.585068
                    ],
                    [
                        76.585805,
                        27.58512
                    ],
                    [
                        76.586043,
                        27.585337
                    ],
                    [
                        76.586088,
                        27.585405
                    ],
                    [
                        76.586106,
                        27.585474
                    ],
                    [
                        76.586119,
                        27.585627
                    ],
                    [
                        76.586081,
                        27.585736
                    ],
                    [
                        76.585838,
                        27.585949
                    ],
                    [
                        76.585709,
                        27.586123
                    ],
                    [
                        76.585691,
                        27.586182
                    ],
                    [
                        76.585797,
                        27.586906
                    ],
                    [
                        76.585788,
                        27.586982
                    ],
                    [
                        76.585685,
                        27.587116
                    ],
                    [
                        76.585557,
                        27.587225
                    ],
                    [
                        76.585411,
                        27.587324
                    ],
                    [
                        76.584988,
                        27.587539
                    ],
                    [
                        76.584556,
                        27.587639
                    ],
                    [
                        76.584277,
                        27.587648
                    ],
                    [
                        76.58385,
                        27.58765
                    ],
                    [
                        76.583503,
                        27.587623
                    ],
                    [
                        76.583222,
                        27.587558
                    ],
                    [
                        76.582752,
                        27.58736
                    ],
                    [
                        76.582444,
                        27.58717
                    ],
                    [
                        76.581993,
                        27.586782
                    ],
                    [
                        76.581843,
                        27.586677
                    ],
                    [
                        76.58173,
                        27.586449
                    ],
                    [
                        76.581698,
                        27.586419
                    ],
                    [
                        76.580918,
                        27.585883
                    ],
                    [
                        76.580822,
                        27.585856
                    ],
                    [
                        76.58037,
                        27.585812
                    ],
                    [
                        76.579811,
                        27.585734
                    ],
                    [
                        76.579576,
                        27.585635
                    ],
                    [
                        76.57951,
                        27.585585
                    ],
                    [
                        76.579485,
                        27.585556
                    ],
                    [
                        76.579408,
                        27.585316
                    ],
                    [
                        76.579351,
                        27.585229
                    ],
                    [
                        76.5793,
                        27.585186
                    ],
                    [
                        76.579192,
                        27.585131
                    ],
                    [
                        76.578886,
                        27.585062
                    ],
                    [
                        76.57842,
                        27.584775
                    ],
                    [
                        76.578274,
                        27.584718
                    ],
                    [
                        76.577997,
                        27.584659
                    ],
                    [
                        76.577692,
                        27.584558
                    ],
                    [
                        76.577405,
                        27.584443
                    ],
                    [
                        76.57735,
                        27.584402
                    ],
                    [
                        76.577177,
                        27.584208
                    ],
                    [
                        76.577087,
                        27.584067
                    ],
                    [
                        76.576958,
                        27.583931
                    ],
                    [
                        76.576743,
                        27.583552
                    ],
                    [
                        76.5767,
                        27.583457
                    ],
                    [
                        76.576646,
                        27.583244
                    ],
                    [
                        76.576607,
                        27.582886
                    ],
                    [
                        76.57656,
                        27.582813
                    ],
                    [
                        76.576455,
                        27.582719
                    ],
                    [
                        76.576354,
                        27.582663
                    ],
                    [
                        76.575528,
                        27.582748
                    ],
                    [
                        76.575408,
                        27.582701
                    ],
                    [
                        76.575387,
                        27.582644
                    ],
                    [
                        76.575371,
                        27.582555
                    ],
                    [
                        76.575383,
                        27.582314
                    ],
                    [
                        76.575451,
                        27.582126
                    ],
                    [
                        76.575486,
                        27.581971
                    ],
                    [
                        76.575509,
                        27.581761
                    ],
                    [
                        76.575496,
                        27.581563
                    ],
                    [
                        76.575694,
                        27.5807
                    ],
                    [
                        76.575701,
                        27.580534
                    ],
                    [
                        76.575687,
                        27.580425
                    ],
                    [
                        76.575629,
                        27.580242
                    ],
                    [
                        76.575652,
                        27.579914
                    ],
                    [
                        76.575723,
                        27.579692
                    ],
                    [
                        76.575795,
                        27.579601
                    ],
                    [
                        76.576044,
                        27.579385
                    ],
                    [
                        76.576115,
                        27.579255
                    ],
                    [
                        76.576166,
                        27.578986
                    ],
                    [
                        76.576314,
                        27.578451
                    ],
                    [
                        76.576492,
                        27.577926
                    ],
                    [
                        76.576589,
                        27.577816
                    ],
                    [
                        76.576908,
                        27.577614
                    ],
                    [
                        76.577002,
                        27.577515
                    ],
                    [
                        76.577476,
                        27.576799
                    ],
                    [
                        76.577705,
                        27.57642
                    ],
                    [
                        76.577793,
                        27.576335
                    ],
                    [
                        76.578123,
                        27.576155
                    ],
                    [
                        76.578227,
                        27.576038
                    ],
                    [
                        76.578313,
                        27.575892
                    ],
                    [
                        76.578351,
                        27.575768
                    ],
                    [
                        76.578405,
                        27.575412
                    ],
                    [
                        76.57867,
                        27.574706
                    ],
                    [
                        76.578807,
                        27.574087
                    ],
                    [
                        76.578842,
                        27.573993
                    ],
                    [
                        76.578918,
                        27.573867
                    ],
                    [
                        76.579134,
                        27.573662
                    ],
                    [
                        76.579349,
                        27.573316
                    ],
                    [
                        76.579438,
                        27.573214
                    ],
                    [
                        76.579589,
                        27.573096
                    ],
                    [
                        76.579835,
                        27.57296
                    ],
                    [
                        76.580513,
                        27.572664
                    ],
                    [
                        76.580903,
                        27.572315
                    ],
                    [
                        76.581646,
                        27.57182
                    ],
                    [
                        76.581885,
                        27.571698
                    ],
                    [
                        76.582475,
                        27.571504
                    ],
                    [
                        76.582608,
                        27.571464
                    ],
                    [
                        76.583247,
                        27.571333
                    ],
                    [
                        76.583315,
                        27.571287
                    ],
                    [
                        76.583549,
                        27.571062
                    ],
                    [
                        76.584054,
                        27.570741
                    ],
                    [
                        76.584185,
                        27.570701
                    ],
                    [
                        76.584497,
                        27.570708
                    ],
                    [
                        76.584675,
                        27.570672
                    ],
                    [
                        76.585157,
                        27.570452
                    ],
                    [
                        76.585574,
                        27.570086
                    ],
                    [
                        76.585874,
                        27.569952
                    ],
                    [
                        76.587326,
                        27.568782
                    ],
                    [
                        76.587452,
                        27.568643
                    ],
                    [
                        76.587738,
                        27.568267
                    ],
                    [
                        76.588519,
                        27.567396
                    ],
                    [
                        76.589299,
                        27.566572
                    ],
                    [
                        76.589737,
                        27.566124
                    ],
                    [
                        76.58981,
                        27.566041
                    ],
                    [
                        76.59006,
                        27.565818
                    ],
                    [
                        76.590171,
                        27.56567
                    ],
                    [
                        76.590292,
                        27.565365
                    ],
                    [
                        76.590328,
                        27.56525
                    ],
                    [
                        76.59036,
                        27.565159
                    ],
                    [
                        76.590476,
                        27.564865
                    ],
                    [
                        76.590508,
                        27.564773
                    ],
                    [
                        76.590594,
                        27.564516
                    ],
                    [
                        76.590656,
                        27.564315
                    ],
                    [
                        76.590698,
                        27.564186
                    ],
                    [
                        76.590856,
                        27.563694
                    ],
                    [
                        76.590899,
                        27.563561
                    ],
                    [
                        76.590976,
                        27.563318
                    ],
                    [
                        76.591085,
                        27.563019
                    ],
                    [
                        76.591094,
                        27.562958
                    ],
                    [
                        76.591166,
                        27.562738
                    ],
                    [
                        76.591258,
                        27.562465
                    ],
                    [
                        76.591379,
                        27.562124
                    ],
                    [
                        76.591416,
                        27.561985
                    ],
                    [
                        76.591495,
                        27.561746
                    ],
                    [
                        76.591514,
                        27.561695
                    ],
                    [
                        76.591597,
                        27.561431
                    ],
                    [
                        76.59169,
                        27.561167
                    ],
                    [
                        76.591847,
                        27.560658
                    ],
                    [
                        76.591999,
                        27.560243
                    ],
                    [
                        76.592019,
                        27.560183
                    ],
                    [
                        76.592074,
                        27.560035
                    ],
                    [
                        76.592101,
                        27.559951
                    ],
                    [
                        76.592315,
                        27.559292
                    ],
                    [
                        76.592369,
                        27.559129
                    ],
                    [
                        76.592473,
                        27.558879
                    ],
                    [
                        76.592643,
                        27.558414
                    ],
                    [
                        76.592824,
                        27.558045
                    ],
                    [
                        76.592933,
                        27.557871
                    ],
                    [
                        76.593227,
                        27.557337
                    ],
                    [
                        76.593416,
                        27.557066
                    ],
                    [
                        76.59349,
                        27.556995
                    ],
                    [
                        76.593661,
                        27.556877
                    ],
                    [
                        76.593882,
                        27.556766
                    ],
                    [
                        76.594959,
                        27.556514
                    ],
                    [
                        76.594965,
                        27.556553
                    ],
                    [
                        76.595017,
                        27.556617
                    ],
                    [
                        76.595057,
                        27.556635
                    ],
                    [
                        76.595145,
                        27.556633
                    ],
                    [
                        76.595187,
                        27.556613
                    ],
                    [
                        76.595235,
                        27.556542
                    ],
                    [
                        76.595222,
                        27.55646
                    ],
                    [
                        76.595164,
                        27.556408
                    ],
                    [
                        76.595125,
                        27.556396
                    ],
                    [
                        76.594617,
                        27.554945
                    ],
                    [
                        76.594446,
                        27.554466
                    ],
                    [
                        76.594255,
                        27.553906
                    ],
                    [
                        76.594247,
                        27.553715
                    ],
                    [
                        76.594293,
                        27.553459
                    ],
                    [
                        76.59438,
                        27.553271
                    ],
                    [
                        76.594472,
                        27.553097
                    ],
                    [
                        76.5946,
                        27.552828
                    ],
                    [
                        76.594698,
                        27.552571
                    ],
                    [
                        76.594757,
                        27.552335
                    ],
                    [
                        76.594801,
                        27.552031
                    ],
                    [
                        76.594798,
                        27.55192
                    ],
                    [
                        76.594766,
                        27.551679
                    ],
                    [
                        76.594698,
                        27.551365
                    ],
                    [
                        76.594521,
                        27.550667
                    ],
                    [
                        76.594413,
                        27.550238
                    ],
                    [
                        76.59394,
                        27.548393
                    ],
                    [
                        76.593792,
                        27.547828
                    ],
                    [
                        76.5937,
                        27.547472
                    ],
                    [
                        76.593638,
                        27.54722
                    ],
                    [
                        76.593521,
                        27.546814
                    ],
                    [
                        76.593467,
                        27.546562
                    ],
                    [
                        76.593502,
                        27.546472
                    ],
                    [
                        76.593508,
                        27.545692
                    ],
                    [
                        76.593538,
                        27.54495
                    ],
                    [
                        76.593577,
                        27.544467
                    ],
                    [
                        76.593598,
                        27.54419
                    ],
                    [
                        76.593615,
                        27.543871
                    ],
                    [
                        76.593621,
                        27.543626
                    ],
                    [
                        76.593652,
                        27.542934
                    ],
                    [
                        76.593654,
                        27.542336
                    ],
                    [
                        76.593658,
                        27.541981
                    ],
                    [
                        76.593671,
                        27.5413
                    ],
                    [
                        76.59367,
                        27.540355
                    ],
                    [
                        76.593655,
                        27.540144
                    ],
                    [
                        76.593646,
                        27.53992
                    ],
                    [
                        76.593612,
                        27.538989
                    ],
                    [
                        76.593589,
                        27.538316
                    ],
                    [
                        76.59359,
                        27.538093
                    ],
                    [
                        76.593605,
                        27.53759
                    ],
                    [
                        76.593661,
                        27.53638
                    ],
                    [
                        76.593694,
                        27.535987
                    ],
                    [
                        76.59374,
                        27.535314
                    ],
                    [
                        76.593782,
                        27.53469
                    ],
                    [
                        76.593751,
                        27.533565
                    ],
                    [
                        76.593718,
                        27.533214
                    ],
                    [
                        76.593491,
                        27.532106
                    ],
                    [
                        76.593265,
                        27.531352
                    ],
                    [
                        76.592672,
                        27.529535
                    ],
                    [
                        76.592639,
                        27.529435
                    ],
                    [
                        76.592586,
                        27.529273
                    ],
                    [
                        76.592459,
                        27.528884
                    ],
                    [
                        76.59228,
                        27.528459
                    ],
                    [
                        76.592194,
                        27.528309
                    ],
                    [
                        76.592058,
                        27.528131
                    ],
                    [
                        76.59181,
                        27.527851
                    ],
                    [
                        76.59162,
                        27.527718
                    ],
                    [
                        76.591435,
                        27.527621
                    ],
                    [
                        76.590326,
                        27.52711
                    ],
                    [
                        76.589879,
                        27.526866
                    ],
                    [
                        76.589503,
                        27.526628
                    ],
                    [
                        76.589087,
                        27.526405
                    ],
                    [
                        76.588697,
                        27.526209
                    ],
                    [
                        76.588159,
                        27.525875
                    ],
                    [
                        76.587896,
                        27.525702
                    ],
                    [
                        76.587484,
                        27.525389
                    ],
                    [
                        76.587089,
                        27.525047
                    ],
                    [
                        76.586835,
                        27.524788
                    ],
                    [
                        76.586586,
                        27.524514
                    ],
                    [
                        76.586256,
                        27.524151
                    ],
                    [
                        76.586027,
                        27.523879
                    ],
                    [
                        76.585774,
                        27.523485
                    ],
                    [
                        76.585578,
                        27.523047
                    ],
                    [
                        76.585313,
                        27.522321
                    ],
                    [
                        76.585216,
                        27.522044
                    ],
                    [
                        76.585142,
                        27.521858
                    ],
                    [
                        76.585071,
                        27.521702
                    ],
                    [
                        76.584818,
                        27.521269
                    ],
                    [
                        76.583841,
                        27.519727
                    ],
                    [
                        76.58342,
                        27.518958
                    ],
                    [
                        76.583207,
                        27.518471
                    ],
                    [
                        76.582605,
                        27.516964
                    ],
                    [
                        76.582339,
                        27.516328
                    ],
                    [
                        76.582232,
                        27.516115
                    ],
                    [
                        76.582035,
                        27.515802
                    ],
                    [
                        76.581242,
                        27.51491
                    ],
                    [
                        76.581095,
                        27.514804
                    ],
                    [
                        76.580831,
                        27.514507
                    ],
                    [
                        76.580549,
                        27.514168
                    ],
                    [
                        76.580407,
                        27.514088
                    ],
                    [
                        76.579772,
                        27.513733
                    ],
                    [
                        76.578899,
                        27.513243
                    ],
                    [
                        76.578215,
                        27.512858
                    ],
                    [
                        76.577643,
                        27.512512
                    ],
                    [
                        76.577556,
                        27.512448
                    ],
                    [
                        76.576792,
                        27.511783
                    ],
                    [
                        76.574325,
                        27.50976
                    ],
                    [
                        76.573062,
                        27.508621
                    ],
                    [
                        76.572681,
                        27.508259
                    ],
                    [
                        76.572435,
                        27.508024
                    ],
                    [
                        76.571953,
                        27.507566
                    ],
                    [
                        76.571542,
                        27.507227
                    ],
                    [
                        76.571294,
                        27.507045
                    ],
                    [
                        76.570509,
                        27.50651
                    ],
                    [
                        76.568968,
                        27.50544
                    ],
                    [
                        76.567064,
                        27.504054
                    ],
                    [
                        76.566747,
                        27.50383
                    ],
                    [
                        76.565662,
                        27.503145
                    ],
                    [
                        76.56503,
                        27.50273
                    ],
                    [
                        76.564068,
                        27.502173
                    ],
                    [
                        76.563962,
                        27.502115
                    ],
                    [
                        76.56374,
                        27.501993
                    ],
                    [
                        76.563414,
                        27.501786
                    ],
                    [
                        76.562905,
                        27.501416
                    ],
                    [
                        76.562495,
                        27.501078
                    ],
                    [
                        76.562326,
                        27.500967
                    ],
                    [
                        76.561214,
                        27.500331
                    ],
                    [
                        76.560891,
                        27.500165
                    ],
                    [
                        76.559848,
                        27.499605
                    ],
                    [
                        76.558531,
                        27.49895
                    ],
                    [
                        76.558246,
                        27.4988
                    ],
                    [
                        76.557679,
                        27.498491
                    ],
                    [
                        76.556613,
                        27.497912
                    ],
                    [
                        76.555481,
                        27.497304
                    ],
                    [
                        76.553738,
                        27.496424
                    ],
                    [
                        76.553345,
                        27.496205
                    ],
                    [
                        76.552455,
                        27.495603
                    ],
                    [
                        76.551084,
                        27.494633
                    ],
                    [
                        76.550775,
                        27.494376
                    ],
                    [
                        76.550543,
                        27.494117
                    ],
                    [
                        76.550418,
                        27.493923
                    ],
                    [
                        76.550365,
                        27.49375
                    ],
                    [
                        76.550341,
                        27.493602
                    ],
                    [
                        76.550324,
                        27.4934
                    ],
                    [
                        76.550331,
                        27.493078
                    ],
                    [
                        76.550393,
                        27.492794
                    ],
                    [
                        76.550499,
                        27.492435
                    ],
                    [
                        76.550579,
                        27.492155
                    ],
                    [
                        76.550871,
                        27.491084
                    ],
                    [
                        76.550963,
                        27.49075
                    ],
                    [
                        76.551077,
                        27.490343
                    ],
                    [
                        76.551337,
                        27.489417
                    ],
                    [
                        76.551512,
                        27.488782
                    ],
                    [
                        76.551644,
                        27.488247
                    ],
                    [
                        76.551652,
                        27.488089
                    ],
                    [
                        76.551625,
                        27.487784
                    ],
                    [
                        76.551431,
                        27.486991
                    ],
                    [
                        76.550881,
                        27.484915
                    ],
                    [
                        76.549918,
                        27.481269
                    ],
                    [
                        76.549801,
                        27.480829
                    ],
                    [
                        76.549484,
                        27.479645
                    ],
                    [
                        76.549429,
                        27.479441
                    ],
                    [
                        76.549407,
                        27.479344
                    ],
                    [
                        76.549193,
                        27.478521
                    ],
                    [
                        76.549054,
                        27.477962
                    ],
                    [
                        76.548832,
                        27.477144
                    ],
                    [
                        76.548735,
                        27.476819
                    ],
                    [
                        76.548679,
                        27.4766
                    ],
                    [
                        76.548573,
                        27.476222
                    ],
                    [
                        76.548534,
                        27.47607
                    ],
                    [
                        76.548392,
                        27.475513
                    ],
                    [
                        76.548281,
                        27.475069
                    ],
                    [
                        76.548242,
                        27.47491
                    ],
                    [
                        76.548183,
                        27.474672
                    ],
                    [
                        76.548074,
                        27.474258
                    ],
                    [
                        76.548037,
                        27.474117
                    ],
                    [
                        76.547976,
                        27.473884
                    ],
                    [
                        76.547527,
                        27.472167
                    ],
                    [
                        76.54737,
                        27.471553
                    ],
                    [
                        76.546981,
                        27.470032
                    ],
                    [
                        76.546828,
                        27.469067
                    ],
                    [
                        76.5468,
                        27.468921
                    ],
                    [
                        76.546709,
                        27.468371
                    ],
                    [
                        76.546607,
                        27.46803
                    ],
                    [
                        76.54653,
                        27.467813
                    ],
                    [
                        76.546439,
                        27.467553
                    ],
                    [
                        76.546274,
                        27.467186
                    ],
                    [
                        76.545786,
                        27.46588
                    ],
                    [
                        76.545525,
                        27.465203
                    ],
                    [
                        76.545204,
                        27.464327
                    ],
                    [
                        76.544723,
                        27.463062
                    ],
                    [
                        76.544653,
                        27.462883
                    ],
                    [
                        76.544505,
                        27.462498
                    ],
                    [
                        76.544311,
                        27.461984
                    ],
                    [
                        76.544186,
                        27.461659
                    ],
                    [
                        76.544138,
                        27.461515
                    ],
                    [
                        76.544087,
                        27.461208
                    ],
                    [
                        76.543931,
                        27.459687
                    ],
                    [
                        76.543895,
                        27.459386
                    ],
                    [
                        76.543834,
                        27.458824
                    ],
                    [
                        76.543799,
                        27.458534
                    ],
                    [
                        76.543734,
                        27.458134
                    ],
                    [
                        76.543683,
                        27.45798
                    ],
                    [
                        76.543626,
                        27.457844
                    ],
                    [
                        76.543453,
                        27.457525
                    ],
                    [
                        76.543368,
                        27.457375
                    ],
                    [
                        76.542954,
                        27.456637
                    ],
                    [
                        76.54266,
                        27.456112
                    ],
                    [
                        76.542226,
                        27.455383
                    ],
                    [
                        76.541956,
                        27.455023
                    ],
                    [
                        76.541351,
                        27.454282
                    ],
                    [
                        76.541243,
                        27.454151
                    ],
                    [
                        76.53942,
                        27.451875
                    ],
                    [
                        76.538976,
                        27.451317
                    ],
                    [
                        76.538729,
                        27.451044
                    ],
                    [
                        76.538485,
                        27.450822
                    ],
                    [
                        76.537804,
                        27.45026
                    ],
                    [
                        76.536396,
                        27.449108
                    ],
                    [
                        76.536215,
                        27.448992
                    ],
                    [
                        76.535216,
                        27.448492
                    ],
                    [
                        76.534726,
                        27.448267
                    ],
                    [
                        76.534255,
                        27.448019
                    ],
                    [
                        76.534095,
                        27.447896
                    ],
                    [
                        76.533785,
                        27.447603
                    ],
                    [
                        76.532803,
                        27.446599
                    ],
                    [
                        76.53258,
                        27.446369
                    ],
                    [
                        76.531845,
                        27.445618
                    ],
                    [
                        76.531238,
                        27.445057
                    ],
                    [
                        76.531206,
                        27.44503
                    ],
                    [
                        76.530581,
                        27.444572
                    ],
                    [
                        76.530163,
                        27.444318
                    ],
                    [
                        76.530106,
                        27.444295
                    ],
                    [
                        76.529686,
                        27.444169
                    ],
                    [
                        76.529289,
                        27.444119
                    ],
                    [
                        76.52904,
                        27.444112
                    ],
                    [
                        76.528346,
                        27.444121
                    ],
                    [
                        76.527468,
                        27.444128
                    ],
                    [
                        76.52731,
                        27.444119
                    ],
                    [
                        76.527029,
                        27.444079
                    ],
                    [
                        76.526516,
                        27.443917
                    ],
                    [
                        76.526249,
                        27.443778
                    ],
                    [
                        76.526147,
                        27.443706
                    ],
                    [
                        76.526046,
                        27.443603
                    ],
                    [
                        76.525894,
                        27.443348
                    ],
                    [
                        76.525739,
                        27.442991
                    ],
                    [
                        76.525723,
                        27.442955
                    ],
                    [
                        76.525604,
                        27.442697
                    ],
                    [
                        76.52547,
                        27.442514
                    ],
                    [
                        76.525377,
                        27.44243
                    ],
                    [
                        76.524907,
                        27.442145
                    ],
                    [
                        76.524176,
                        27.441709
                    ],
                    [
                        76.522504,
                        27.440752
                    ],
                    [
                        76.5221,
                        27.440492
                    ],
                    [
                        76.521858,
                        27.440331
                    ],
                    [
                        76.52179,
                        27.440282
                    ],
                    [
                        76.521727,
                        27.440233
                    ],
                    [
                        76.521554,
                        27.440061
                    ],
                    [
                        76.521328,
                        27.439771
                    ],
                    [
                        76.520025,
                        27.437897
                    ],
                    [
                        76.518846,
                        27.43621
                    ],
                    [
                        76.518773,
                        27.4361
                    ],
                    [
                        76.518591,
                        27.435833
                    ],
                    [
                        76.518295,
                        27.435344
                    ],
                    [
                        76.517699,
                        27.434321
                    ],
                    [
                        76.517557,
                        27.434094
                    ],
                    [
                        76.51626,
                        27.432286
                    ],
                    [
                        76.515876,
                        27.431569
                    ],
                    [
                        76.514819,
                        27.429599
                    ],
                    [
                        76.51378,
                        27.427574
                    ],
                    [
                        76.512845,
                        27.425769
                    ],
                    [
                        76.511816,
                        27.423828
                    ],
                    [
                        76.511514,
                        27.423296
                    ],
                    [
                        76.511431,
                        27.423187
                    ],
                    [
                        76.511168,
                        27.422946
                    ],
                    [
                        76.51018,
                        27.422212
                    ],
                    [
                        76.509995,
                        27.422095
                    ],
                    [
                        76.509749,
                        27.421967
                    ],
                    [
                        76.509497,
                        27.421833
                    ],
                    [
                        76.508707,
                        27.421412
                    ],
                    [
                        76.508143,
                        27.421192
                    ],
                    [
                        76.507922,
                        27.421131
                    ],
                    [
                        76.507804,
                        27.421114
                    ],
                    [
                        76.507555,
                        27.421125
                    ],
                    [
                        76.506684,
                        27.421354
                    ],
                    [
                        76.506501,
                        27.421377
                    ],
                    [
                        76.506335,
                        27.421372
                    ],
                    [
                        76.505957,
                        27.421279
                    ],
                    [
                        76.503709,
                        27.420456
                    ],
                    [
                        76.503504,
                        27.420399
                    ],
                    [
                        76.503152,
                        27.420344
                    ],
                    [
                        76.502853,
                        27.420341
                    ],
                    [
                        76.502271,
                        27.420366
                    ],
                    [
                        76.502034,
                        27.420409
                    ],
                    [
                        76.501693,
                        27.420551
                    ],
                    [
                        76.501311,
                        27.420757
                    ],
                    [
                        76.500983,
                        27.420962
                    ],
                    [
                        76.500826,
                        27.421092
                    ],
                    [
                        76.499827,
                        27.422051
                    ],
                    [
                        76.498951,
                        27.423058
                    ],
                    [
                        76.49867,
                        27.423309
                    ],
                    [
                        76.495963,
                        27.424933
                    ],
                    [
                        76.49517,
                        27.425369
                    ],
                    [
                        76.493736,
                        27.426105
                    ],
                    [
                        76.49349,
                        27.426187
                    ],
                    [
                        76.493283,
                        27.426208
                    ],
                    [
                        76.493106,
                        27.42618
                    ],
                    [
                        76.492904,
                        27.426082
                    ],
                    [
                        76.492541,
                        27.425806
                    ],
                    [
                        76.49202,
                        27.425418
                    ],
                    [
                        76.491742,
                        27.425245
                    ],
                    [
                        76.491477,
                        27.425156
                    ],
                    [
                        76.49107,
                        27.425111
                    ],
                    [
                        76.490379,
                        27.425072
                    ],
                    [
                        76.490006,
                        27.425048
                    ],
                    [
                        76.489142,
                        27.42499
                    ],
                    [
                        76.488696,
                        27.424959
                    ],
                    [
                        76.485718,
                        27.424763
                    ],
                    [
                        76.484951,
                        27.424716
                    ],
                    [
                        76.480379,
                        27.424425
                    ],
                    [
                        76.480205,
                        27.424413
                    ],
                    [
                        76.479231,
                        27.424348
                    ],
                    [
                        76.477347,
                        27.42423
                    ],
                    [
                        76.475791,
                        27.424143
                    ],
                    [
                        76.475288,
                        27.42409
                    ],
                    [
                        76.475125,
                        27.424059
                    ],
                    [
                        76.474359,
                        27.423844
                    ],
                    [
                        76.47304,
                        27.423486
                    ],
                    [
                        76.472614,
                        27.423414
                    ],
                    [
                        76.472257,
                        27.423405
                    ],
                    [
                        76.471667,
                        27.423423
                    ],
                    [
                        76.469848,
                        27.423541
                    ],
                    [
                        76.469552,
                        27.423546
                    ],
                    [
                        76.469291,
                        27.423543
                    ],
                    [
                        76.466033,
                        27.42338
                    ],
                    [
                        76.465467,
                        27.423358
                    ],
                    [
                        76.464547,
                        27.423352
                    ],
                    [
                        76.463283,
                        27.42335
                    ],
                    [
                        76.462854,
                        27.423302
                    ],
                    [
                        76.462457,
                        27.423177
                    ],
                    [
                        76.462061,
                        27.422978
                    ],
                    [
                        76.461611,
                        27.422671
                    ],
                    [
                        76.460394,
                        27.421887
                    ],
                    [
                        76.45937,
                        27.421233
                    ],
                    [
                        76.458869,
                        27.420916
                    ],
                    [
                        76.458729,
                        27.420851
                    ],
                    [
                        76.458578,
                        27.420804
                    ],
                    [
                        76.458448,
                        27.420783
                    ],
                    [
                        76.458213,
                        27.420783
                    ],
                    [
                        76.457914,
                        27.420838
                    ],
                    [
                        76.457133,
                        27.421091
                    ],
                    [
                        76.456421,
                        27.421332
                    ],
                    [
                        76.451776,
                        27.422975
                    ],
                    [
                        76.451122,
                        27.423186
                    ],
                    [
                        76.450679,
                        27.42338
                    ],
                    [
                        76.448751,
                        27.424405
                    ],
                    [
                        76.448568,
                        27.424514
                    ],
                    [
                        76.448411,
                        27.424631
                    ],
                    [
                        76.448305,
                        27.424733
                    ],
                    [
                        76.448241,
                        27.424831
                    ],
                    [
                        76.448126,
                        27.425077
                    ],
                    [
                        76.447978,
                        27.425293
                    ],
                    [
                        76.447868,
                        27.425396
                    ],
                    [
                        76.447738,
                        27.425487
                    ],
                    [
                        76.44757,
                        27.425576
                    ],
                    [
                        76.446661,
                        27.425908
                    ],
                    [
                        76.444809,
                        27.426546
                    ],
                    [
                        76.443326,
                        27.427084
                    ],
                    [
                        76.442643,
                        27.427314
                    ],
                    [
                        76.442246,
                        27.427359
                    ],
                    [
                        76.44151,
                        27.427319
                    ],
                    [
                        76.438596,
                        27.427139
                    ],
                    [
                        76.436843,
                        27.427008
                    ],
                    [
                        76.435971,
                        27.426964
                    ],
                    [
                        76.432707,
                        27.426728
                    ],
                    [
                        76.432358,
                        27.426682
                    ],
                    [
                        76.432075,
                        27.426605
                    ],
                    [
                        76.431876,
                        27.426525
                    ],
                    [
                        76.430882,
                        27.425942
                    ],
                    [
                        76.430595,
                        27.425827
                    ],
                    [
                        76.430497,
                        27.425812
                    ],
                    [
                        76.430229,
                        27.425824
                    ],
                    [
                        76.429573,
                        27.425988
                    ],
                    [
                        76.429161,
                        27.426158
                    ],
                    [
                        76.42833,
                        27.426573
                    ],
                    [
                        76.428004,
                        27.426702
                    ],
                    [
                        76.42788,
                        27.42673
                    ],
                    [
                        76.427608,
                        27.426758
                    ],
                    [
                        76.426633,
                        27.426828
                    ],
                    [
                        76.42629,
                        27.426829
                    ],
                    [
                        76.426192,
                        27.426814
                    ],
                    [
                        76.42602,
                        27.42674
                    ],
                    [
                        76.425763,
                        27.426545
                    ],
                    [
                        76.425578,
                        27.426358
                    ],
                    [
                        76.425242,
                        27.426024
                    ],
                    [
                        76.425068,
                        27.425805
                    ],
                    [
                        76.424422,
                        27.424592
                    ],
                    [
                        76.423889,
                        27.423595
                    ],
                    [
                        76.423677,
                        27.423239
                    ],
                    [
                        76.423587,
                        27.423119
                    ],
                    [
                        76.423397,
                        27.422933
                    ],
                    [
                        76.422677,
                        27.422406
                    ],
                    [
                        76.420118,
                        27.420469
                    ],
                    [
                        76.419513,
                        27.419979
                    ],
                    [
                        76.41916,
                        27.419608
                    ],
                    [
                        76.418491,
                        27.418829
                    ],
                    [
                        76.41612,
                        27.416042
                    ],
                    [
                        76.415125,
                        27.414889
                    ],
                    [
                        76.411135,
                        27.410193
                    ],
                    [
                        76.409671,
                        27.408471
                    ],
                    [
                        76.409515,
                        27.408327
                    ],
                    [
                        76.40933,
                        27.408215
                    ],
                    [
                        76.409137,
                        27.408125
                    ],
                    [
                        76.408024,
                        27.407684
                    ],
                    [
                        76.406825,
                        27.407232
                    ],
                    [
                        76.405358,
                        27.406632
                    ],
                    [
                        76.405247,
                        27.406588
                    ],
                    [
                        76.405063,
                        27.406521
                    ],
                    [
                        76.40446,
                        27.40631
                    ],
                    [
                        76.404175,
                        27.406204
                    ],
                    [
                        76.403588,
                        27.405976
                    ],
                    [
                        76.403205,
                        27.405791
                    ],
                    [
                        76.402804,
                        27.405544
                    ],
                    [
                        76.402552,
                        27.40538
                    ],
                    [
                        76.401402,
                        27.40471
                    ],
                    [
                        76.399757,
                        27.403705
                    ],
                    [
                        76.399515,
                        27.403592
                    ],
                    [
                        76.399433,
                        27.403563
                    ],
                    [
                        76.399336,
                        27.403549
                    ],
                    [
                        76.399142,
                        27.403595
                    ],
                    [
                        76.398916,
                        27.403682
                    ],
                    [
                        76.398449,
                        27.40385
                    ],
                    [
                        76.398188,
                        27.403925
                    ],
                    [
                        76.398109,
                        27.403915
                    ],
                    [
                        76.397941,
                        27.40385
                    ],
                    [
                        76.397809,
                        27.403767
                    ],
                    [
                        76.395772,
                        27.402397
                    ],
                    [
                        76.395322,
                        27.402122
                    ],
                    [
                        76.395125,
                        27.402017
                    ],
                    [
                        76.394906,
                        27.401915
                    ],
                    [
                        76.393595,
                        27.401343
                    ],
                    [
                        76.389362,
                        27.399623
                    ],
                    [
                        76.385205,
                        27.398013
                    ],
                    [
                        76.38485,
                        27.397869
                    ],
                    [
                        76.383711,
                        27.397415
                    ],
                    [
                        76.381068,
                        27.396397
                    ],
                    [
                        76.380616,
                        27.396208
                    ],
                    [
                        76.380439,
                        27.396095
                    ],
                    [
                        76.38035,
                        27.396013
                    ],
                    [
                        76.380274,
                        27.395931
                    ],
                    [
                        76.380124,
                        27.395713
                    ],
                    [
                        76.379984,
                        27.395445
                    ],
                    [
                        76.379476,
                        27.394501
                    ],
                    [
                        76.379321,
                        27.394338
                    ],
                    [
                        76.379165,
                        27.394236
                    ],
                    [
                        76.378875,
                        27.394108
                    ],
                    [
                        76.376513,
                        27.393332
                    ],
                    [
                        76.375412,
                        27.392963
                    ],
                    [
                        76.375225,
                        27.392885
                    ],
                    [
                        76.375175,
                        27.39285
                    ],
                    [
                        76.375066,
                        27.392709
                    ],
                    [
                        76.374976,
                        27.392541
                    ],
                    [
                        76.374369,
                        27.391345
                    ],
                    [
                        76.374231,
                        27.391158
                    ],
                    [
                        76.374024,
                        27.390974
                    ],
                    [
                        76.373808,
                        27.390793
                    ],
                    [
                        76.373254,
                        27.390347
                    ],
                    [
                        76.373032,
                        27.390225
                    ],
                    [
                        76.372891,
                        27.39019
                    ],
                    [
                        76.372683,
                        27.390169
                    ],
                    [
                        76.371833,
                        27.390132
                    ],
                    [
                        76.370393,
                        27.39014
                    ],
                    [
                        76.369026,
                        27.390187
                    ],
                    [
                        76.364495,
                        27.390461
                    ],
                    [
                        76.363724,
                        27.390472
                    ],
                    [
                        76.362672,
                        27.39043
                    ],
                    [
                        76.362516,
                        27.390437
                    ],
                    [
                        76.362242,
                        27.390479
                    ],
                    [
                        76.361272,
                        27.390767
                    ],
                    [
                        76.361061,
                        27.390797
                    ],
                    [
                        76.36061,
                        27.390765
                    ],
                    [
                        76.359926,
                        27.390657
                    ],
                    [
                        76.359744,
                        27.390571
                    ],
                    [
                        76.359636,
                        27.39046
                    ],
                    [
                        76.35957,
                        27.390306
                    ],
                    [
                        76.359565,
                        27.389933
                    ],
                    [
                        76.359612,
                        27.389554
                    ],
                    [
                        76.359661,
                        27.389304
                    ],
                    [
                        76.35967,
                        27.389155
                    ],
                    [
                        76.359651,
                        27.388998
                    ],
                    [
                        76.359594,
                        27.388786
                    ],
                    [
                        76.359246,
                        27.388
                    ],
                    [
                        76.35873,
                        27.386722
                    ],
                    [
                        76.358067,
                        27.385428
                    ],
                    [
                        76.357908,
                        27.385146
                    ],
                    [
                        76.357779,
                        27.384968
                    ],
                    [
                        76.357607,
                        27.384801
                    ],
                    [
                        76.357238,
                        27.38449
                    ],
                    [
                        76.357121,
                        27.384363
                    ],
                    [
                        76.356027,
                        27.382933
                    ],
                    [
                        76.355954,
                        27.382791
                    ],
                    [
                        76.355858,
                        27.382443
                    ],
                    [
                        76.355817,
                        27.382373
                    ],
                    [
                        76.355719,
                        27.382247
                    ],
                    [
                        76.355645,
                        27.382186
                    ],
                    [
                        76.355475,
                        27.382081
                    ],
                    [
                        76.355143,
                        27.381963
                    ],
                    [
                        76.354104,
                        27.381729
                    ],
                    [
                        76.353761,
                        27.381695
                    ],
                    [
                        76.35361,
                        27.3817
                    ],
                    [
                        76.353382,
                        27.381723
                    ],
                    [
                        76.353004,
                        27.381839
                    ],
                    [
                        76.352469,
                        27.382035
                    ],
                    [
                        76.351861,
                        27.38222
                    ],
                    [
                        76.351716,
                        27.382243
                    ],
                    [
                        76.351365,
                        27.382257
                    ],
                    [
                        76.35068,
                        27.382131
                    ],
                    [
                        76.350256,
                        27.38218
                    ],
                    [
                        76.34917,
                        27.382429
                    ],
                    [
                        76.348872,
                        27.38244
                    ],
                    [
                        76.348651,
                        27.382406
                    ],
                    [
                        76.348424,
                        27.382319
                    ],
                    [
                        76.348291,
                        27.382241
                    ],
                    [
                        76.348015,
                        27.382041
                    ],
                    [
                        76.347842,
                        27.381792
                    ],
                    [
                        76.347517,
                        27.381411
                    ],
                    [
                        76.34728,
                        27.381213
                    ],
                    [
                        76.34697,
                        27.381003
                    ],
                    [
                        76.346748,
                        27.380882
                    ],
                    [
                        76.346506,
                        27.380821
                    ],
                    [
                        76.345963,
                        27.380798
                    ],
                    [
                        76.345757,
                        27.380804
                    ],
                    [
                        76.345042,
                        27.381047
                    ],
                    [
                        76.344844,
                        27.381069
                    ],
                    [
                        76.344714,
                        27.381061
                    ],
                    [
                        76.343604,
                        27.380706
                    ],
                    [
                        76.342553,
                        27.38045
                    ],
                    [
                        76.342394,
                        27.380438
                    ],
                    [
                        76.342137,
                        27.380484
                    ],
                    [
                        76.342,
                        27.380544
                    ],
                    [
                        76.341673,
                        27.38078
                    ],
                    [
                        76.34074,
                        27.381464
                    ],
                    [
                        76.340455,
                        27.38162
                    ],
                    [
                        76.340141,
                        27.381762
                    ],
                    [
                        76.338856,
                        27.382172
                    ],
                    [
                        76.338487,
                        27.382254
                    ],
                    [
                        76.338364,
                        27.382253
                    ],
                    [
                        76.338238,
                        27.382222
                    ],
                    [
                        76.337188,
                        27.381902
                    ],
                    [
                        76.336097,
                        27.38155
                    ],
                    [
                        76.335621,
                        27.381408
                    ],
                    [
                        76.335401,
                        27.381365
                    ],
                    [
                        76.335097,
                        27.381338
                    ],
                    [
                        76.334849,
                        27.381347
                    ],
                    [
                        76.334487,
                        27.381384
                    ],
                    [
                        76.334143,
                        27.381433
                    ],
                    [
                        76.333667,
                        27.381586
                    ],
                    [
                        76.330574,
                        27.382905
                    ],
                    [
                        76.33036,
                        27.383009
                    ],
                    [
                        76.330225,
                        27.383098
                    ],
                    [
                        76.3301,
                        27.383206
                    ],
                    [
                        76.329839,
                        27.383527
                    ],
                    [
                        76.328532,
                        27.385495
                    ],
                    [
                        76.328264,
                        27.385882
                    ],
                    [
                        76.328124,
                        27.386044
                    ],
                    [
                        76.328004,
                        27.386141
                    ],
                    [
                        76.327763,
                        27.386296
                    ],
                    [
                        76.326991,
                        27.38677
                    ],
                    [
                        76.32578,
                        27.387664
                    ],
                    [
                        76.325548,
                        27.387803
                    ],
                    [
                        76.325315,
                        27.387936
                    ],
                    [
                        76.324338,
                        27.388339
                    ],
                    [
                        76.323996,
                        27.388501
                    ],
                    [
                        76.323801,
                        27.388613
                    ],
                    [
                        76.323674,
                        27.388723
                    ],
                    [
                        76.323191,
                        27.389276
                    ],
                    [
                        76.321942,
                        27.390812
                    ],
                    [
                        76.321772,
                        27.391068
                    ],
                    [
                        76.321459,
                        27.391634
                    ],
                    [
                        76.320981,
                        27.392414
                    ],
                    [
                        76.320731,
                        27.392826
                    ],
                    [
                        76.320618,
                        27.392978
                    ],
                    [
                        76.320507,
                        27.393104
                    ],
                    [
                        76.320335,
                        27.393261
                    ],
                    [
                        76.318438,
                        27.39447
                    ],
                    [
                        76.318116,
                        27.394662
                    ],
                    [
                        76.317992,
                        27.394775
                    ],
                    [
                        76.317888,
                        27.394892
                    ],
                    [
                        76.317777,
                        27.395054
                    ],
                    [
                        76.317083,
                        27.396539
                    ],
                    [
                        76.316459,
                        27.397841
                    ],
                    [
                        76.316219,
                        27.398273
                    ],
                    [
                        76.316006,
                        27.398537
                    ],
                    [
                        76.315733,
                        27.39882
                    ],
                    [
                        76.315659,
                        27.398889
                    ],
                    [
                        76.315534,
                        27.399003
                    ],
                    [
                        76.315443,
                        27.399065
                    ],
                    [
                        76.315341,
                        27.399091
                    ],
                    [
                        76.314588,
                        27.39905
                    ],
                    [
                        76.314439,
                        27.399052
                    ],
                    [
                        76.314333,
                        27.39909
                    ],
                    [
                        76.314,
                        27.399227
                    ],
                    [
                        76.312921,
                        27.399669
                    ],
                    [
                        76.310178,
                        27.400865
                    ],
                    [
                        76.306795,
                        27.402369
                    ],
                    [
                        76.301405,
                        27.404734
                    ],
                    [
                        76.295735,
                        27.407248
                    ],
                    [
                        76.293898,
                        27.408089
                    ],
                    [
                        76.291766,
                        27.409017
                    ],
                    [
                        76.288499,
                        27.410482
                    ],
                    [
                        76.287105,
                        27.411121
                    ],
                    [
                        76.286121,
                        27.411575
                    ],
                    [
                        76.284127,
                        27.412472
                    ],
                    [
                        76.282626,
                        27.413175
                    ],
                    [
                        76.276382,
                        27.415994
                    ],
                    [
                        76.276171,
                        27.416123
                    ],
                    [
                        76.275993,
                        27.416258
                    ],
                    [
                        76.272922,
                        27.418985
                    ],
                    [
                        76.272764,
                        27.419126
                    ],
                    [
                        76.272429,
                        27.419349
                    ],
                    [
                        76.272257,
                        27.419422
                    ],
                    [
                        76.271989,
                        27.419502
                    ],
                    [
                        76.256923,
                        27.423754
                    ],
                    [
                        76.255787,
                        27.424065
                    ],
                    [
                        76.254195,
                        27.424469
                    ],
                    [
                        76.252073,
                        27.425046
                    ],
                    [
                        76.251074,
                        27.425308
                    ],
                    [
                        76.250818,
                        27.425392
                    ],
                    [
                        76.25059,
                        27.425527
                    ],
                    [
                        76.250391,
                        27.425776
                    ],
                    [
                        76.249369,
                        27.4273
                    ],
                    [
                        76.249135,
                        27.427669
                    ],
                    [
                        76.249067,
                        27.427828
                    ],
                    [
                        76.249018,
                        27.427974
                    ],
                    [
                        76.248415,
                        27.43052
                    ],
                    [
                        76.248381,
                        27.430723
                    ],
                    [
                        76.248366,
                        27.430884
                    ],
                    [
                        76.248399,
                        27.431289
                    ],
                    [
                        76.248532,
                        27.432143
                    ],
                    [
                        76.248531,
                        27.432378
                    ],
                    [
                        76.24851,
                        27.432541
                    ],
                    [
                        76.248115,
                        27.433905
                    ],
                    [
                        76.247804,
                        27.434661
                    ],
                    [
                        76.247165,
                        27.436793
                    ],
                    [
                        76.247053,
                        27.43724
                    ],
                    [
                        76.246725,
                        27.43929
                    ],
                    [
                        76.246439,
                        27.440099
                    ],
                    [
                        76.246406,
                        27.440272
                    ],
                    [
                        76.246388,
                        27.440768
                    ],
                    [
                        76.246351,
                        27.440966
                    ],
                    [
                        76.246089,
                        27.44182
                    ],
                    [
                        76.245984,
                        27.442052
                    ],
                    [
                        76.245851,
                        27.442316
                    ],
                    [
                        76.244945,
                        27.443801
                    ],
                    [
                        76.244634,
                        27.444274
                    ],
                    [
                        76.244437,
                        27.444431
                    ],
                    [
                        76.244294,
                        27.444516
                    ],
                    [
                        76.244141,
                        27.444575
                    ],
                    [
                        76.243989,
                        27.444612
                    ],
                    [
                        76.243808,
                        27.444624
                    ],
                    [
                        76.242342,
                        27.444624
                    ],
                    [
                        76.236893,
                        27.444701
                    ],
                    [
                        76.221808,
                        27.444776
                    ],
                    [
                        76.221544,
                        27.444748
                    ],
                    [
                        76.220174,
                        27.44441
                    ],
                    [
                        76.216579,
                        27.443557
                    ],
                    [
                        76.211371,
                        27.442278
                    ],
                    [
                        76.208494,
                        27.441554
                    ],
                    [
                        76.20493,
                        27.440685
                    ],
                    [
                        76.20185,
                        27.439957
                    ],
                    [
                        76.200746,
                        27.439749
                    ],
                    [
                        76.199531,
                        27.439563
                    ],
                    [
                        76.195265,
                        27.438877
                    ],
                    [
                        76.194873,
                        27.438769
                    ],
                    [
                        76.194246,
                        27.438493
                    ],
                    [
                        76.193738,
                        27.438232
                    ],
                    [
                        76.191435,
                        27.436874
                    ],
                    [
                        76.19119,
                        27.436752
                    ],
                    [
                        76.190905,
                        27.436691
                    ],
                    [
                        76.190544,
                        27.436668
                    ],
                    [
                        76.188839,
                        27.436732
                    ],
                    [
                        76.187739,
                        27.436746
                    ],
                    [
                        76.187529,
                        27.436716
                    ],
                    [
                        76.187341,
                        27.436627
                    ],
                    [
                        76.187134,
                        27.436471
                    ],
                    [
                        76.187006,
                        27.436304
                    ],
                    [
                        76.186655,
                        27.43577
                    ],
                    [
                        76.186551,
                        27.435604
                    ],
                    [
                        76.186436,
                        27.435463
                    ],
                    [
                        76.186358,
                        27.435367
                    ],
                    [
                        76.186124,
                        27.435139
                    ],
                    [
                        76.185648,
                        27.43478
                    ],
                    [
                        76.185508,
                        27.43464
                    ],
                    [
                        76.185338,
                        27.434317
                    ],
                    [
                        76.184889,
                        27.433345
                    ],
                    [
                        76.184708,
                        27.433016
                    ],
                    [
                        76.184501,
                        27.432727
                    ],
                    [
                        76.184178,
                        27.432406
                    ],
                    [
                        76.183812,
                        27.432112
                    ],
                    [
                        76.183202,
                        27.431698
                    ],
                    [
                        76.182373,
                        27.431283
                    ],
                    [
                        76.182094,
                        27.43118
                    ],
                    [
                        76.181793,
                        27.431158
                    ],
                    [
                        76.181452,
                        27.431188
                    ],
                    [
                        76.179806,
                        27.43153
                    ],
                    [
                        76.179421,
                        27.431576
                    ],
                    [
                        76.178663,
                        27.431655
                    ],
                    [
                        76.175019,
                        27.432005
                    ],
                    [
                        76.17021,
                        27.43197
                    ],
                    [
                        76.169898,
                        27.431967
                    ],
                    [
                        76.167149,
                        27.431939
                    ],
                    [
                        76.165586,
                        27.431905
                    ],
                    [
                        76.161679,
                        27.431817
                    ],
                    [
                        76.160428,
                        27.431808
                    ],
                    [
                        76.157816,
                        27.431704
                    ],
                    [
                        76.155871,
                        27.431666
                    ],
                    [
                        76.153738,
                        27.431642
                    ],
                    [
                        76.152867,
                        27.431665
                    ],
                    [
                        76.152383,
                        27.431717
                    ],
                    [
                        76.150573,
                        27.432016
                    ],
                    [
                        76.146864,
                        27.432679
                    ],
                    [
                        76.146276,
                        27.432754
                    ],
                    [
                        76.145765,
                        27.432798
                    ],
                    [
                        76.145416,
                        27.432802
                    ],
                    [
                        76.145023,
                        27.432772
                    ],
                    [
                        76.144452,
                        27.432689
                    ],
                    [
                        76.143174,
                        27.432301
                    ],
                    [
                        76.142246,
                        27.431951
                    ],
                    [
                        76.141919,
                        27.431796
                    ],
                    [
                        76.14156,
                        27.431594
                    ],
                    [
                        76.141242,
                        27.431394
                    ],
                    [
                        76.140991,
                        27.431275
                    ],
                    [
                        76.140471,
                        27.43113
                    ],
                    [
                        76.14014,
                        27.43102
                    ],
                    [
                        76.139926,
                        27.43093
                    ],
                    [
                        76.139653,
                        27.430746
                    ],
                    [
                        76.139487,
                        27.430578
                    ],
                    [
                        76.139294,
                        27.430423
                    ],
                    [
                        76.139011,
                        27.430297
                    ],
                    [
                        76.138417,
                        27.430186
                    ],
                    [
                        76.138171,
                        27.430085
                    ],
                    [
                        76.137958,
                        27.429957
                    ],
                    [
                        76.137774,
                        27.429881
                    ],
                    [
                        76.136169,
                        27.42943
                    ],
                    [
                        76.135782,
                        27.429355
                    ],
                    [
                        76.135028,
                        27.429269
                    ],
                    [
                        76.134696,
                        27.429192
                    ],
                    [
                        76.134244,
                        27.429015
                    ],
                    [
                        76.134049,
                        27.4289
                    ],
                    [
                        76.133183,
                        27.428293
                    ],
                    [
                        76.132597,
                        27.427949
                    ],
                    [
                        76.132218,
                        27.42776
                    ],
                    [
                        76.131768,
                        27.427579
                    ],
                    [
                        76.130093,
                        27.427087
                    ],
                    [
                        76.127115,
                        27.426115
                    ],
                    [
                        76.125709,
                        27.425638
                    ],
                    [
                        76.125302,
                        27.425483
                    ],
                    [
                        76.125055,
                        27.425348
                    ],
                    [
                        76.124711,
                        27.425084
                    ],
                    [
                        76.122552,
                        27.423331
                    ],
                    [
                        76.121852,
                        27.422794
                    ],
                    [
                        76.119403,
                        27.420813
                    ],
                    [
                        76.119052,
                        27.420561
                    ],
                    [
                        76.1189,
                        27.420496
                    ],
                    [
                        76.118703,
                        27.420443
                    ],
                    [
                        76.117639,
                        27.420329
                    ],
                    [
                        76.116797,
                        27.420204
                    ],
                    [
                        76.116305,
                        27.420078
                    ],
                    [
                        76.114416,
                        27.419446
                    ],
                    [
                        76.114086,
                        27.419354
                    ],
                    [
                        76.113772,
                        27.419306
                    ],
                    [
                        76.1098,
                        27.418956
                    ],
                    [
                        76.109576,
                        27.418915
                    ],
                    [
                        76.109398,
                        27.418848
                    ],
                    [
                        76.107796,
                        27.418028
                    ],
                    [
                        76.106425,
                        27.417423
                    ],
                    [
                        76.10603,
                        27.417267
                    ],
                    [
                        76.105591,
                        27.417129
                    ],
                    [
                        76.104877,
                        27.416948
                    ],
                    [
                        76.104274,
                        27.416836
                    ],
                    [
                        76.103829,
                        27.416782
                    ],
                    [
                        76.10317,
                        27.416726
                    ],
                    [
                        76.102795,
                        27.416709
                    ],
                    [
                        76.101399,
                        27.416645
                    ],
                    [
                        76.100946,
                        27.41664
                    ],
                    [
                        76.100675,
                        27.416672
                    ],
                    [
                        76.100411,
                        27.416725
                    ],
                    [
                        76.100168,
                        27.416821
                    ],
                    [
                        76.099994,
                        27.416914
                    ],
                    [
                        76.099735,
                        27.417099
                    ],
                    [
                        76.099493,
                        27.417348
                    ],
                    [
                        76.099284,
                        27.417726
                    ],
                    [
                        76.098652,
                        27.41912
                    ],
                    [
                        76.098411,
                        27.419508
                    ],
                    [
                        76.098069,
                        27.419948
                    ],
                    [
                        76.097915,
                        27.420104
                    ],
                    [
                        76.097667,
                        27.420294
                    ],
                    [
                        76.097283,
                        27.420545
                    ],
                    [
                        76.096885,
                        27.420757
                    ],
                    [
                        76.096535,
                        27.420918
                    ],
                    [
                        76.09615,
                        27.421057
                    ],
                    [
                        76.095989,
                        27.421096
                    ],
                    [
                        76.095686,
                        27.421171
                    ],
                    [
                        76.094611,
                        27.421307
                    ],
                    [
                        76.093493,
                        27.421323
                    ],
                    [
                        76.088223,
                        27.421502
                    ],
                    [
                        76.087223,
                        27.421584
                    ],
                    [
                        76.086682,
                        27.42166
                    ],
                    [
                        76.083336,
                        27.422127
                    ],
                    [
                        76.082599,
                        27.422143
                    ],
                    [
                        76.082176,
                        27.422076
                    ],
                    [
                        76.081427,
                        27.421806
                    ],
                    [
                        76.079616,
                        27.421114
                    ],
                    [
                        76.078996,
                        27.420876
                    ],
                    [
                        76.078655,
                        27.420795
                    ],
                    [
                        76.07842,
                        27.420768
                    ],
                    [
                        76.078048,
                        27.420796
                    ],
                    [
                        76.075872,
                        27.421249
                    ],
                    [
                        76.072338,
                        27.421913
                    ],
                    [
                        76.07016,
                        27.422371
                    ],
                    [
                        76.06949,
                        27.422606
                    ],
                    [
                        76.065954,
                        27.424044
                    ],
                    [
                        76.065597,
                        27.424174
                    ],
                    [
                        76.065286,
                        27.424216
                    ],
                    [
                        76.061153,
                        27.424222
                    ],
                    [
                        76.060578,
                        27.424169
                    ],
                    [
                        76.060117,
                        27.424001
                    ],
                    [
                        76.059219,
                        27.423625
                    ],
                    [
                        76.058681,
                        27.423451
                    ],
                    [
                        76.05717,
                        27.42323
                    ],
                    [
                        76.055658,
                        27.423077
                    ],
                    [
                        76.05494,
                        27.422981
                    ],
                    [
                        76.053572,
                        27.422781
                    ],
                    [
                        76.050844,
                        27.42213
                    ],
                    [
                        76.049461,
                        27.421842
                    ],
                    [
                        76.047555,
                        27.421505
                    ],
                    [
                        76.045493,
                        27.421276
                    ],
                    [
                        76.045537,
                        27.424308
                    ],
                    [
                        76.045532,
                        27.425272
                    ],
                    [
                        76.04542,
                        27.426287
                    ],
                    [
                        76.045397,
                        27.427141
                    ],
                    [
                        76.045435,
                        27.428415
                    ],
                    [
                        76.045351,
                        27.428752
                    ],
                    [
                        76.045366,
                        27.428892
                    ],
                    [
                        76.045497,
                        27.429049
                    ],
                    [
                        76.045688,
                        27.429236
                    ],
                    [
                        76.045814,
                        27.429484
                    ],
                    [
                        76.046134,
                        27.430227
                    ],
                    [
                        76.046189,
                        27.430353
                    ],
                    [
                        76.046579,
                        27.430802
                    ],
                    [
                        76.04672,
                        27.431018
                    ],
                    [
                        76.046829,
                        27.431276
                    ],
                    [
                        76.046851,
                        27.431501
                    ]
                ],
                "type": "LineString"
            }
        }
    ],
    "metadata": {
        "attribution": "openrouteservice.org | OpenStreetMap contributors",
        "service": "routing",
        "timestamp": 1756631143473,
        "query": {
            "coordinates": [
                [
                    76.588109,
                    27.574986
                ],
                [
                    76.046901,
                    27.431497
                ]
            ],
            "profile": "driving-car",
            "profileName": "driving-car",
            "format": "geojson"
        },
        "engine": {
            "version": "9.3.0",
            "build_date": "2025-06-06T15:39:25Z",
            "graph_date": "2025-08-24T11:22:16Z",
            "osm_date": "2025-08-18T00:00:00Z"
        }
    }
}