{
    "type": "FeatureCollection",
    "bbox": [
        73.737684,
        12.977827,
        77.57287,
        15.698681
    ],
    "features": [
        {
            "bbox": [
                73.737684,
                12.977827,
                77.57287,
                15.698681
            ],
            "type": "Feature",
            "properties": {
                "segments": [
                    {
                        "distance": 606100.3,
                        "duration": 28289.6,
                        "steps": [
                            {
                                "distance": 94.5,
                                "duration": 17.0,
                                "type": 11,
                                "instruction": "Head north",
                                "name": "-",
                                "way_points": [
                                    0,
                                    3
                                ]
                            },
                            {
                                "distance": 107.3,
                                "duration": 19.3,
                                "type": 1,
                                "instruction": "Turn right",
                                "name": "-",
                                "way_points": [
                                    3,
                                    5
                                ]
                            },
                            {
                                "distance": 146.3,
                                "duration": 13.2,
                                "type": 0,
                                "instruction": "Turn left onto Gubbi Thotadappa Road",
                                "name": "Gubbi Thotadappa Road",
                                "way_points": [
                                    5,
                                    8
                                ]
                            },
                            {
                                "distance": 184.5,
                                "duration": 51.8,
                                "type": 7,
                                "instruction": "Enter the roundabout and take the 2nd exit",
                                "name": "-",
                                "exit_number": 2,
                                "way_points": [
                                    8,
                                    21
                                ]
                            },
                            {
                                "distance": 470.1,
                                "duration": 34.9,
                                "type": 0,
                                "instruction": "Turn left",
                                "name": "-",
                                "way_points": [
                                    21,
                                    29
                                ]
                            },
                            {
                                "distance": 59.8,
                                "duration": 8.6,
                                "type": 12,
                                "instruction": "Keep left",
                                "name": "-",
                                "way_points": [
                                    29,
                                    34
                                ]
                            },
                            {
                                "distance": 489.8,
                                "duration": 35.3,
                                "type": 1,
                                "instruction": "Turn right",
                                "name": "-",
                                "way_points": [
                                    34,
                                    45
                                ]
                            },
                            {
                                "distance": 945.9,
                                "duration": 84.9,
                                "type": 3,
                                "instruction": "Turn sharp right onto 5th Main Road",
                                "name": "5th Main Road",
                                "way_points": [
                                    45,
                                    73
                                ]
                            },
                            {
                                "distance": 143.9,
                                "duration": 10.4,
                                "type": 0,
                                "instruction": "Turn left onto 7th Main Road",
                                "name": "7th Main Road",
                                "way_points": [
                                    73,
                                    74
                                ]
                            },
                            {
                                "distance": 155.5,
                                "duration": 14.0,
                                "type": 1,
                                "instruction": "Turn right",
                                "name": "-",
                                "way_points": [
                                    74,
                                    78
                                ]
                            },
                            {
                                "distance": 2600.3,
                                "duration": 188.9,
                                "type": 6,
                                "instruction": "Continue straight onto 1st Main Road",
                                "name": "1st Main Road",
                                "way_points": [
                                    78,
                                    123
                                ]
                            },
                            {
                                "distance": 3144.5,
                                "duration": 265.4,
                                "type": 12,
                                "instruction": "Keep left",
                                "name": "-",
                                "way_points": [
                                    123,
                                    166
                                ]
                            },
                            {
                                "distance": 394002.7,
                                "duration": 17006.5,
                                "type": 13,
                                "instruction": "Keep right onto Goraguntepalya Flyover",
                                "name": "Goraguntepalya Flyover",
                                "way_points": [
                                    166,
                                    2522
                                ]
                            },
                            {
                                "distance": 2748.9,
                                "duration": 116.4,
                                "type": 7,
                                "instruction": "Enter the roundabout and take the 1st exit onto NH48",
                                "name": "NH48",
                                "exit_number": 1,
                                "way_points": [
                                    2522,
                                    2550
                                ]
                            },
                            {
                                "distance": 378.0,
                                "duration": 24.2,
                                "type": 3,
                                "instruction": "Turn sharp right onto Hubli City Exit, NH67",
                                "name": "Hubli City Exit, NH67",
                                "way_points": [
                                    2550,
                                    2561
                                ]
                            },
                            {
                                "distance": 2429.5,
                                "duration": 102.9,
                                "type": 3,
                                "instruction": "Turn sharp right onto Karwar Road, NH52, NH67",
                                "name": "Karwar Road, NH52, NH67",
                                "way_points": [
                                    2561,
                                    2605
                                ]
                            },
                            {
                                "distance": 3192.3,
                                "duration": 194.7,
                                "type": 0,
                                "instruction": "Turn left onto Unkal Bypass Road",
                                "name": "Unkal Bypass Road",
                                "way_points": [
                                    2605,
                                    2677
                                ]
                            },
                            {
                                "distance": 16379.5,
                                "duration": 948.1,
                                "type": 4,
                                "instruction": "Turn slight left onto Pune Bangalore Road, SH73",
                                "name": "Pune Bangalore Road, SH73",
                                "way_points": [
                                    2677,
                                    2926
                                ]
                            },
                            {
                                "distance": 1239.8,
                                "duration": 74.4,
                                "type": 0,
                                "instruction": "Turn left onto SH73",
                                "name": "SH73",
                                "way_points": [
                                    2926,
                                    2943
                                ]
                            },
                            {
                                "distance": 9.6,
                                "duration": 0.8,
                                "type": 0,
                                "instruction": "Turn left",
                                "name": "-",
                                "way_points": [
                                    2943,
                                    2944
                                ]
                            },
                            {
                                "distance": 3452.7,
                                "duration": 196.1,
                                "type": 1,
                                "instruction": "Turn right",
                                "name": "-",
                                "way_points": [
                                    2944,
                                    2997
                                ]
                            },
                            {
                                "distance": 27436.0,
                                "duration": 1162.0,
                                "type": 6,
                                "instruction": "Continue straight onto NH67",
                                "name": "NH67",
                                "way_points": [
                                    2997,
                                    3205
                                ]
                            },
                            {
                                "distance": 37061.6,
                                "duration": 2092.5,
                                "type": 13,
                                "instruction": "Keep right onto Sirsi - Belagavi Highway \u0cb8\u0cbf\u0cb0\u0ccd\u0cb8\u0cbf - \u0cac\u0cc6\u0cb3\u0c97\u0cbe\u0cb5\u0cbf \u0cb9\u0cc6\u0ca6\u0ccd\u0ca6\u0cbe\u0cb0\u0cbf, SH93",
                                "name": "Sirsi - Belagavi Highway \u0cb8\u0cbf\u0cb0\u0ccd\u0cb8\u0cbf - \u0cac\u0cc6\u0cb3\u0c97\u0cbe\u0cb5\u0cbf \u0cb9\u0cc6\u0ca6\u0ccd\u0ca6\u0cbe\u0cb0\u0cbf, SH93",
                                "way_points": [
                                    3205,
                                    3519
                                ]
                            },
                            {
                                "distance": 17178.2,
                                "duration": 963.3,
                                "type": 0,
                                "instruction": "Turn left onto SH31",
                                "name": "SH31",
                                "way_points": [
                                    3519,
                                    3717
                                ]
                            },
                            {
                                "distance": 56873.3,
                                "duration": 2408.7,
                                "type": 4,
                                "instruction": "Turn slight left onto NH748AA",
                                "name": "NH748AA",
                                "way_points": [
                                    3717,
                                    4742
                                ]
                            },
                            {
                                "distance": 88.9,
                                "duration": 3.8,
                                "type": 2,
                                "instruction": "Turn sharp left onto NH748AA",
                                "name": "NH748AA",
                                "way_points": [
                                    4742,
                                    4743
                                ]
                            },
                            {
                                "distance": 5671.6,
                                "duration": 335.6,
                                "type": 0,
                                "instruction": "Turn left onto SH1",
                                "name": "SH1",
                                "way_points": [
                                    4743,
                                    4836
                                ]
                            },
                            {
                                "distance": 1427.1,
                                "duration": 114.3,
                                "type": 12,
                                "instruction": "Keep left",
                                "name": "-",
                                "way_points": [
                                    4836,
                                    4868
                                ]
                            },
                            {
                                "distance": 572.1,
                                "duration": 42.9,
                                "type": 0,
                                "instruction": "Turn left",
                                "name": "-",
                                "way_points": [
                                    4868,
                                    4879
                                ]
                            },
                            {
                                "distance": 5769.6,
                                "duration": 332.9,
                                "type": 7,
                                "instruction": "Enter the roundabout and take the 2nd exit onto Mapusa Bicholim Road",
                                "name": "Mapusa Bicholim Road",
                                "exit_number": 2,
                                "way_points": [
                                    4879,
                                    4956
                                ]
                            },
                            {
                                "distance": 10023.9,
                                "duration": 600.6,
                                "type": 0,
                                "instruction": "Turn left onto Mapusa Bicholim Road, SH1",
                                "name": "Mapusa Bicholim Road, SH1",
                                "way_points": [
                                    4956,
                                    5114
                                ]
                            },
                            {
                                "distance": 41.9,
                                "duration": 2.5,
                                "type": 0,
                                "instruction": "Turn left",
                                "name": "-",
                                "way_points": [
                                    5114,
                                    5116
                                ]
                            },
                            {
                                "distance": 31.5,
                                "duration": 5.7,
                                "type": 1,
                                "instruction": "Turn right",
                                "name": "-",
                                "way_points": [
                                    5116,
                                    5117
                                ]
                            },
                            {
                                "distance": 1196.4,
                                "duration": 78.1,
                                "type": 0,
                                "instruction": "Turn left onto Duler Ground Road",
                                "name": "Duler Ground Road",
                                "way_points": [
                                    5117,
                                    5139
                                ]
                            },
                            {
                                "distance": 426.9,
                                "duration": 27.9,
                                "type": 3,
                                "instruction": "Turn sharp right onto Mapusa -Duler-Camurlim Road, MDR5",
                                "name": "Mapusa -Duler-Camurlim Road, MDR5",
                                "way_points": [
                                    5139,
                                    5153
                                ]
                            },
                            {
                                "distance": 314.9,
                                "duration": 22.7,
                                "type": 0,
                                "instruction": "Turn left onto Hill Road",
                                "name": "Hill Road",
                                "way_points": [
                                    5153,
                                    5159
                                ]
                            },
                            {
                                "distance": 444.4,
                                "duration": 35.6,
                                "type": 1,
                                "instruction": "Turn right",
                                "name": "-",
                                "way_points": [
                                    5159,
                                    5179
                                ]
                            },
                            {
                                "distance": 524.9,
                                "duration": 37.8,
                                "type": 1,
                                "instruction": "Turn right onto Ganeshpuri Road",
                                "name": "Ganeshpuri Road",
                                "way_points": [
                                    5179,
                                    5188
                                ]
                            },
                            {
                                "distance": 226.7,
                                "duration": 16.3,
                                "type": 0,
                                "instruction": "Turn left",
                                "name": "-",
                                "way_points": [
                                    5188,
                                    5194
                                ]
                            },
                            {
                                "distance": 788.4,
                                "duration": 56.8,
                                "type": 1,
                                "instruction": "Turn right",
                                "name": "-",
                                "way_points": [
                                    5194,
                                    5214
                                ]
                            },
                            {
                                "distance": 15.5,
                                "duration": 1.1,
                                "type": 0,
                                "instruction": "Turn left",
                                "name": "-",
                                "way_points": [
                                    5214,
                                    5215
                                ]
                            },
                            {
                                "distance": 179.3,
                                "duration": 12.9,
                                "type": 1,
                                "instruction": "Turn right",
                                "name": "-",
                                "way_points": [
                                    5215,
                                    5221
                                ]
                            },
                            {
                                "distance": 7015.6,
                                "duration": 486.1,
                                "type": 5,
                                "instruction": "Turn slight right onto Mapusa-Assagao-Anjuna Road, MDR7",
                                "name": "Mapusa-Assagao-Anjuna Road, MDR7",
                                "way_points": [
                                    5221,
                                    5387
                                ]
                            },
                            {
                                "distance": 416.6,
                                "duration": 42.0,
                                "type": 4,
                                "instruction": "Turn slight left",
                                "name": "-",
                                "way_points": [
                                    5387,
                                    5401
                                ]
                            },
                            {
                                "distance": 0.0,
                                "duration": 0.0,
                                "type": 10,
                                "instruction": "Arrive at your destination, on the right",
                                "name": "-",
                                "way_points": [
                                    5401,
                                    5401
                                ]
                            }
                        ]
                    }
                ],
                "way_points": [
                    0,
                    5401
                ],
                "summary": {
                    "distance": 606100.3,
                    "duration": 28289.6
                }
            },
            "geometry": {
                "coordinates": [
                    [
                        77.569735,
                        12.977827
                    ],
                    [
                        77.569758,
                        12.977944
                    ],
                    [
                        77.569867,
                        12.978624
                    ],
                    [
                        77.569874,
                        12.978666
                    ],
                    [
                        77.569933,
                        12.978701
                    ],
                    [
                        77.570852,
                        12.978639
                    ],
                    [
                        77.570868,
                        12.97878
                    ],
                    [
                        77.570956,
                        12.97947
                    ],
                    [
                        77.570996,
                        12.979947
                    ],
                    [
                        77.570982,
                        12.980017
                    ],
                    [
                        77.571009,
                        12.980094
                    ],
                    [
                        77.571079,
                        12.98014
                    ],
                    [
                        77.571121,
                        12.980145
                    ],
                    [
                        77.571195,
                        12.980121
                    ],
                    [
                        77.571223,
                        12.980094
                    ],
                    [
                        77.571319,
                        12.980115
                    ],
                    [
                        77.571475,
                        12.980186
                    ],
                    [
                        77.57207,
                        12.980295
                    ],
                    [
                        77.572171,
                        12.980311
                    ],
                    [
                        77.572222,
                        12.98032
                    ],
                    [
                        77.572417,
                        12.980354
                    ],
                    [
                        77.572488,
                        12.980369
                    ],
                    [
                        77.572482,
                        12.98064
                    ],
                    [
                        77.5725,
                        12.980777
                    ],
                    [
                        77.572758,
                        12.982058
                    ],
                    [
                        77.57287,
                        12.982723
                    ],
                    [
                        77.572843,
                        12.982863
                    ],
                    [
                        77.572835,
                        12.983075
                    ],
                    [
                        77.572625,
                        12.983802
                    ],
                    [
                        77.572383,
                        12.984492
                    ],
                    [
                        77.572336,
                        12.98454
                    ],
                    [
                        77.572235,
                        12.984599
                    ],
                    [
                        77.572163,
                        12.984606
                    ],
                    [
                        77.572069,
                        12.98458
                    ],
                    [
                        77.571919,
                        12.984458
                    ],
                    [
                        77.571802,
                        12.984516
                    ],
                    [
                        77.571739,
                        12.984543
                    ],
                    [
                        77.571282,
                        12.984668
                    ],
                    [
                        77.571242,
                        12.984679
                    ],
                    [
                        77.570479,
                        12.985032
                    ],
                    [
                        77.570338,
                        12.985188
                    ],
                    [
                        77.570201,
                        12.985582
                    ],
                    [
                        77.569871,
                        12.985618
                    ],
                    [
                        77.569673,
                        12.985609
                    ],
                    [
                        77.568642,
                        12.985233
                    ],
                    [
                        77.568046,
                        12.984898
                    ],
                    [
                        77.568041,
                        12.985005
                    ],
                    [
                        77.568026,
                        12.985299
                    ],
                    [
                        77.567977,
                        12.986244
                    ],
                    [
                        77.567935,
                        12.987058
                    ],
                    [
                        77.567912,
                        12.987178
                    ],
                    [
                        77.567912,
                        12.987487
                    ],
                    [
                        77.567908,
                        12.98769
                    ],
                    [
                        77.567899,
                        12.988117
                    ],
                    [
                        77.567893,
                        12.988435
                    ],
                    [
                        77.567892,
                        12.988552
                    ],
                    [
                        77.56789,
                        12.988896
                    ],
                    [
                        77.567888,
                        12.989163
                    ],
                    [
                        77.567887,
                        12.989286
                    ],
                    [
                        77.567886,
                        12.989501
                    ],
                    [
                        77.567885,
                        12.989647
                    ],
                    [
                        77.567884,
                        12.989815
                    ],
                    [
                        77.567883,
                        12.989951
                    ],
                    [
                        77.567882,
                        12.990044
                    ],
                    [
                        77.567882,
                        12.99014
                    ],
                    [
                        77.567871,
                        12.990549
                    ],
                    [
                        77.567844,
                        12.990952
                    ],
                    [
                        77.567841,
                        12.991197
                    ],
                    [
                        77.567821,
                        12.991749
                    ],
                    [
                        77.567817,
                        12.992057
                    ],
                    [
                        77.56781,
                        12.992415
                    ],
                    [
                        77.56779,
                        12.99274
                    ],
                    [
                        77.56777,
                        12.993108
                    ],
                    [
                        77.567742,
                        12.993395
                    ],
                    [
                        77.566415,
                        12.993459
                    ],
                    [
                        77.56641,
                        12.993792
                    ],
                    [
                        77.566402,
                        12.994145
                    ],
                    [
                        77.566393,
                        12.994478
                    ],
                    [
                        77.566372,
                        12.994857
                    ],
                    [
                        77.566339,
                        12.995699
                    ],
                    [
                        77.566306,
                        12.996072
                    ],
                    [
                        77.566229,
                        12.996355
                    ],
                    [
                        77.566032,
                        12.996703
                    ],
                    [
                        77.564955,
                        12.998126
                    ],
                    [
                        77.564243,
                        12.999048
                    ],
                    [
                        77.563621,
                        13.000164
                    ],
                    [
                        77.563518,
                        13.000365
                    ],
                    [
                        77.563311,
                        13.000784
                    ],
                    [
                        77.562647,
                        13.00195
                    ],
                    [
                        77.562485,
                        13.002234
                    ],
                    [
                        77.562319,
                        13.002525
                    ],
                    [
                        77.562103,
                        13.002887
                    ],
                    [
                        77.561425,
                        13.00402
                    ],
                    [
                        77.561252,
                        13.004434
                    ],
                    [
                        77.560901,
                        13.005403
                    ],
                    [
                        77.560521,
                        13.00647
                    ],
                    [
                        77.560221,
                        13.007367
                    ],
                    [
                        77.560161,
                        13.007632
                    ],
                    [
                        77.560082,
                        13.0079
                    ],
                    [
                        77.559994,
                        13.008197
                    ],
                    [
                        77.559894,
                        13.008514
                    ],
                    [
                        77.559796,
                        13.008815
                    ],
                    [
                        77.559707,
                        13.009116
                    ],
                    [
                        77.559631,
                        13.009397
                    ],
                    [
                        77.559527,
                        13.009727
                    ],
                    [
                        77.559431,
                        13.010033
                    ],
                    [
                        77.559187,
                        13.01076
                    ],
                    [
                        77.559123,
                        13.010884
                    ],
                    [
                        77.559014,
                        13.011122
                    ],
                    [
                        77.559009,
                        13.011135
                    ],
                    [
                        77.558897,
                        13.011408
                    ],
                    [
                        77.558834,
                        13.011477
                    ],
                    [
                        77.558671,
                        13.011878
                    ],
                    [
                        77.558426,
                        13.012312
                    ],
                    [
                        77.558353,
                        13.012425
                    ],
                    [
                        77.558327,
                        13.012482
                    ],
                    [
                        77.558104,
                        13.0128
                    ],
                    [
                        77.558064,
                        13.012864
                    ],
                    [
                        77.557963,
                        13.013027
                    ],
                    [
                        77.557583,
                        13.013495
                    ],
                    [
                        77.557081,
                        13.014071
                    ],
                    [
                        77.556725,
                        13.014447
                    ],
                    [
                        77.556522,
                        13.014677
                    ],
                    [
                        77.555819,
                        13.015468
                    ],
                    [
                        77.555657,
                        13.015506
                    ],
                    [
                        77.555364,
                        13.015524
                    ],
                    [
                        77.554985,
                        13.015414
                    ],
                    [
                        77.55481,
                        13.0154
                    ],
                    [
                        77.554483,
                        13.015437
                    ],
                    [
                        77.554334,
                        13.015485
                    ],
                    [
                        77.554157,
                        13.015596
                    ],
                    [
                        77.554045,
                        13.015681
                    ],
                    [
                        77.553939,
                        13.015795
                    ],
                    [
                        77.553856,
                        13.015933
                    ],
                    [
                        77.55381,
                        13.016093
                    ],
                    [
                        77.553783,
                        13.016262
                    ],
                    [
                        77.553732,
                        13.016867
                    ],
                    [
                        77.553628,
                        13.017368
                    ],
                    [
                        77.553204,
                        13.01891
                    ],
                    [
                        77.553145,
                        13.019124
                    ],
                    [
                        77.552984,
                        13.019573
                    ],
                    [
                        77.552827,
                        13.019873
                    ],
                    [
                        77.551927,
                        13.021586
                    ],
                    [
                        77.55178,
                        13.021819
                    ],
                    [
                        77.551554,
                        13.022094
                    ],
                    [
                        77.551361,
                        13.022273
                    ],
                    [
                        77.551176,
                        13.022417
                    ],
                    [
                        77.550994,
                        13.022532
                    ],
                    [
                        77.548402,
                        13.024052
                    ],
                    [
                        77.544284,
                        13.02641
                    ],
                    [
                        77.544224,
                        13.026445
                    ],
                    [
                        77.542134,
                        13.027635
                    ],
                    [
                        77.541345,
                        13.028062
                    ],
                    [
                        77.540256,
                        13.028671
                    ],
                    [
                        77.540008,
                        13.02881
                    ],
                    [
                        77.539882,
                        13.02888
                    ],
                    [
                        77.539779,
                        13.028867
                    ],
                    [
                        77.539702,
                        13.028909
                    ],
                    [
                        77.539167,
                        13.029212
                    ],
                    [
                        77.53904,
                        13.029311
                    ],
                    [
                        77.537247,
                        13.030339
                    ],
                    [
                        77.537166,
                        13.030389
                    ],
                    [
                        77.53671,
                        13.030627
                    ],
                    [
                        77.536195,
                        13.030924
                    ],
                    [
                        77.535436,
                        13.031348
                    ],
                    [
                        77.535389,
                        13.031371
                    ],
                    [
                        77.534336,
                        13.031987
                    ],
                    [
                        77.534241,
                        13.032081
                    ],
                    [
                        77.533633,
                        13.03243
                    ],
                    [
                        77.530714,
                        13.034187
                    ],
                    [
                        77.530298,
                        13.034412
                    ],
                    [
                        77.530092,
                        13.034503
                    ],
                    [
                        77.529859,
                        13.034592
                    ],
                    [
                        77.529375,
                        13.034746
                    ],
                    [
                        77.526902,
                        13.035355
                    ],
                    [
                        77.526339,
                        13.035559
                    ],
                    [
                        77.525869,
                        13.035796
                    ],
                    [
                        77.519714,
                        13.039173
                    ],
                    [
                        77.518679,
                        13.039753
                    ],
                    [
                        77.518403,
                        13.039939
                    ],
                    [
                        77.518121,
                        13.040158
                    ],
                    [
                        77.516865,
                        13.041292
                    ],
                    [
                        77.516688,
                        13.041433
                    ],
                    [
                        77.516374,
                        13.041652
                    ],
                    [
                        77.515978,
                        13.041864
                    ],
                    [
                        77.515538,
                        13.042032
                    ],
                    [
                        77.511558,
                        13.04338
                    ],
                    [
                        77.511074,
                        13.043596
                    ],
                    [
                        77.510547,
                        13.043858
                    ],
                    [
                        77.508859,
                        13.044744
                    ],
                    [
                        77.508352,
                        13.044961
                    ],
                    [
                        77.508017,
                        13.045084
                    ],
                    [
                        77.50527,
                        13.045859
                    ],
                    [
                        77.504747,
                        13.046029
                    ],
                    [
                        77.499498,
                        13.047901
                    ],
                    [
                        77.496883,
                        13.048849
                    ],
                    [
                        77.496626,
                        13.04887
                    ],
                    [
                        77.494354,
                        13.049667
                    ],
                    [
                        77.490873,
                        13.050948
                    ],
                    [
                        77.48852,
                        13.051791
                    ],
                    [
                        77.485785,
                        13.052767
                    ],
                    [
                        77.485162,
                        13.052992
                    ],
                    [
                        77.483109,
                        13.053748
                    ],
                    [
                        77.482385,
                        13.054035
                    ],
                    [
                        77.479264,
                        13.055128
                    ],
                    [
                        77.47862,
                        13.055329
                    ],
                    [
                        77.473756,
                        13.056703
                    ],
                    [
                        77.473498,
                        13.056776
                    ],
                    [
                        77.47093,
                        13.057477
                    ],
                    [
                        77.469331,
                        13.057932
                    ],
                    [
                        77.466849,
                        13.058584
                    ],
                    [
                        77.466282,
                        13.058733
                    ],
                    [
                        77.464584,
                        13.059196
                    ],
                    [
                        77.46413,
                        13.059365
                    ],
                    [
                        77.463667,
                        13.05959
                    ],
                    [
                        77.463132,
                        13.059894
                    ],
                    [
                        77.461251,
                        13.061014
                    ],
                    [
                        77.457587,
                        13.063214
                    ],
                    [
                        77.456782,
                        13.063685
                    ],
                    [
                        77.455934,
                        13.064159
                    ],
                    [
                        77.455533,
                        13.064395
                    ],
                    [
                        77.453554,
                        13.06558
                    ],
                    [
                        77.45212,
                        13.066406
                    ],
                    [
                        77.450673,
                        13.067206
                    ],
                    [
                        77.447974,
                        13.068685
                    ],
                    [
                        77.447438,
                        13.068979
                    ],
                    [
                        77.445171,
                        13.070248
                    ],
                    [
                        77.439005,
                        13.073645
                    ],
                    [
                        77.436191,
                        13.075214
                    ],
                    [
                        77.435087,
                        13.075805
                    ],
                    [
                        77.434124,
                        13.076278
                    ],
                    [
                        77.433585,
                        13.076536
                    ],
                    [
                        77.433215,
                        13.076718
                    ],
                    [
                        77.43255,
                        13.077017
                    ],
                    [
                        77.432273,
                        13.077122
                    ],
                    [
                        77.43009,
                        13.077854
                    ],
                    [
                        77.428757,
                        13.078315
                    ],
                    [
                        77.423702,
                        13.080047
                    ],
                    [
                        77.423256,
                        13.080218
                    ],
                    [
                        77.422686,
                        13.080467
                    ],
                    [
                        77.421519,
                        13.081027
                    ],
                    [
                        77.420042,
                        13.081723
                    ],
                    [
                        77.419227,
                        13.082091
                    ],
                    [
                        77.418645,
                        13.08236
                    ],
                    [
                        77.416239,
                        13.083494
                    ],
                    [
                        77.412139,
                        13.085377
                    ],
                    [
                        77.398905,
                        13.091071
                    ],
                    [
                        77.398036,
                        13.091437
                    ],
                    [
                        77.397353,
                        13.091698
                    ],
                    [
                        77.395124,
                        13.092492
                    ],
                    [
                        77.394506,
                        13.09271
                    ],
                    [
                        77.391817,
                        13.093695
                    ],
                    [
                        77.391197,
                        13.093913
                    ],
                    [
                        77.390651,
                        13.094114
                    ],
                    [
                        77.390029,
                        13.094383
                    ],
                    [
                        77.389412,
                        13.094709
                    ],
                    [
                        77.388881,
                        13.095036
                    ],
                    [
                        77.387971,
                        13.09567
                    ],
                    [
                        77.387765,
                        13.095828
                    ],
                    [
                        77.387403,
                        13.096158
                    ],
                    [
                        77.386954,
                        13.096627
                    ],
                    [
                        77.386245,
                        13.097421
                    ],
                    [
                        77.385498,
                        13.098273
                    ],
                    [
                        77.383807,
                        13.10022
                    ],
                    [
                        77.383122,
                        13.10099
                    ],
                    [
                        77.382232,
                        13.102053
                    ],
                    [
                        77.381848,
                        13.102586
                    ],
                    [
                        77.381505,
                        13.103142
                    ],
                    [
                        77.381183,
                        13.103743
                    ],
                    [
                        77.380818,
                        13.104553
                    ],
                    [
                        77.378798,
                        13.109253
                    ],
                    [
                        77.378632,
                        13.109613
                    ],
                    [
                        77.378284,
                        13.110279
                    ],
                    [
                        77.377756,
                        13.111128
                    ],
                    [
                        77.377655,
                        13.111293
                    ],
                    [
                        77.376911,
                        13.112152
                    ],
                    [
                        77.37638,
                        13.112691
                    ],
                    [
                        77.375443,
                        13.113652
                    ],
                    [
                        77.374854,
                        13.114157
                    ],
                    [
                        77.374149,
                        13.114954
                    ],
                    [
                        77.373446,
                        13.115755
                    ],
                    [
                        77.372632,
                        13.116664
                    ],
                    [
                        77.372127,
                        13.117178
                    ],
                    [
                        77.370918,
                        13.118474
                    ],
                    [
                        77.368168,
                        13.121344
                    ],
                    [
                        77.366916,
                        13.122642
                    ],
                    [
                        77.366312,
                        13.12329
                    ],
                    [
                        77.365643,
                        13.123963
                    ],
                    [
                        77.362313,
                        13.127416
                    ],
                    [
                        77.359532,
                        13.130335
                    ],
                    [
                        77.3588,
                        13.131137
                    ],
                    [
                        77.357154,
                        13.132832
                    ],
                    [
                        77.35658,
                        13.133548
                    ],
                    [
                        77.356477,
                        13.133678
                    ],
                    [
                        77.356206,
                        13.134019
                    ],
                    [
                        77.355653,
                        13.134737
                    ],
                    [
                        77.355256,
                        13.135187
                    ],
                    [
                        77.353963,
                        13.136736
                    ],
                    [
                        77.35367,
                        13.137013
                    ],
                    [
                        77.35317,
                        13.137486
                    ],
                    [
                        77.35251,
                        13.137992
                    ],
                    [
                        77.350572,
                        13.139447
                    ],
                    [
                        77.350215,
                        13.139716
                    ],
                    [
                        77.35018,
                        13.139742
                    ],
                    [
                        77.34916,
                        13.140549
                    ],
                    [
                        77.348184,
                        13.14127
                    ],
                    [
                        77.347479,
                        13.14181
                    ],
                    [
                        77.347258,
                        13.141968
                    ],
                    [
                        77.346662,
                        13.142392
                    ],
                    [
                        77.344618,
                        13.143921
                    ],
                    [
                        77.343608,
                        13.144633
                    ],
                    [
                        77.34303,
                        13.145091
                    ],
                    [
                        77.342768,
                        13.14531
                    ],
                    [
                        77.342332,
                        13.14568
                    ],
                    [
                        77.34192,
                        13.146044
                    ],
                    [
                        77.340483,
                        13.147134
                    ],
                    [
                        77.340267,
                        13.147328
                    ],
                    [
                        77.339824,
                        13.147749
                    ],
                    [
                        77.338841,
                        13.14876
                    ],
                    [
                        77.338494,
                        13.149116
                    ],
                    [
                        77.337194,
                        13.150197
                    ],
                    [
                        77.336433,
                        13.150824
                    ],
                    [
                        77.335377,
                        13.151745
                    ],
                    [
                        77.33451,
                        13.152432
                    ],
                    [
                        77.333529,
                        13.152936
                    ],
                    [
                        77.33232,
                        13.153495
                    ],
                    [
                        77.331205,
                        13.154165
                    ],
                    [
                        77.330078,
                        13.154957
                    ],
                    [
                        77.32864,
                        13.155959
                    ],
                    [
                        77.327558,
                        13.156715
                    ],
                    [
                        77.326394,
                        13.157559
                    ],
                    [
                        77.32518,
                        13.158404
                    ],
                    [
                        77.323148,
                        13.159835
                    ],
                    [
                        77.321936,
                        13.160663
                    ],
                    [
                        77.320472,
                        13.16174
                    ],
                    [
                        77.318794,
                        13.162948
                    ],
                    [
                        77.317302,
                        13.163995
                    ],
                    [
                        77.315811,
                        13.16508
                    ],
                    [
                        77.315172,
                        13.165575
                    ],
                    [
                        77.312966,
                        13.167094
                    ],
                    [
                        77.311497,
                        13.168158
                    ],
                    [
                        77.30972,
                        13.169385
                    ],
                    [
                        77.309329,
                        13.169655
                    ],
                    [
                        77.308388,
                        13.170308
                    ],
                    [
                        77.307643,
                        13.170845
                    ],
                    [
                        77.306969,
                        13.171289
                    ],
                    [
                        77.306482,
                        13.171592
                    ],
                    [
                        77.305322,
                        13.172213
                    ],
                    [
                        77.30514,
                        13.172318
                    ],
                    [
                        77.301711,
                        13.17432
                    ],
                    [
                        77.300238,
                        13.175127
                    ],
                    [
                        77.299643,
                        13.175415
                    ],
                    [
                        77.298965,
                        13.175717
                    ],
                    [
                        77.298412,
                        13.17596
                    ],
                    [
                        77.297551,
                        13.176315
                    ],
                    [
                        77.297047,
                        13.176527
                    ],
                    [
                        77.296384,
                        13.176826
                    ],
                    [
                        77.2955,
                        13.177303
                    ],
                    [
                        77.293635,
                        13.178493
                    ],
                    [
                        77.2933,
                        13.178707
                    ],
                    [
                        77.29302,
                        13.178885
                    ],
                    [
                        77.292738,
                        13.179065
                    ],
                    [
                        77.290825,
                        13.180286
                    ],
                    [
                        77.289087,
                        13.181355
                    ],
                    [
                        77.288651,
                        13.181655
                    ],
                    [
                        77.288215,
                        13.181906
                    ],
                    [
                        77.287275,
                        13.182566
                    ],
                    [
                        77.287125,
                        13.182681
                    ],
                    [
                        77.286747,
                        13.183019
                    ],
                    [
                        77.285668,
                        13.184009
                    ],
                    [
                        77.284929,
                        13.184775
                    ],
                    [
                        77.284397,
                        13.185307
                    ],
                    [
                        77.282728,
                        13.186975
                    ],
                    [
                        77.282143,
                        13.18759
                    ],
                    [
                        77.281981,
                        13.187737
                    ],
                    [
                        77.28154,
                        13.188218
                    ],
                    [
                        77.280299,
                        13.189411
                    ],
                    [
                        77.279304,
                        13.190451
                    ],
                    [
                        77.278972,
                        13.190755
                    ],
                    [
                        77.277848,
                        13.191854
                    ],
                    [
                        77.276952,
                        13.192759
                    ],
                    [
                        77.275669,
                        13.193998
                    ],
                    [
                        77.275238,
                        13.194456
                    ],
                    [
                        77.273877,
                        13.195773
                    ],
                    [
                        77.27361,
                        13.196038
                    ],
                    [
                        77.273161,
                        13.196471
                    ],
                    [
                        77.272717,
                        13.196871
                    ],
                    [
                        77.271792,
                        13.197772
                    ],
                    [
                        77.271677,
                        13.197874
                    ],
                    [
                        77.270446,
                        13.199139
                    ],
                    [
                        77.269331,
                        13.200203
                    ],
                    [
                        77.26816,
                        13.201431
                    ],
                    [
                        77.2664,
                        13.203202
                    ],
                    [
                        77.265273,
                        13.20437
                    ],
                    [
                        77.261861,
                        13.207802
                    ],
                    [
                        77.261081,
                        13.208562
                    ],
                    [
                        77.259047,
                        13.210598
                    ],
                    [
                        77.258952,
                        13.210702
                    ],
                    [
                        77.258834,
                        13.210826
                    ],
                    [
                        77.258625,
                        13.211037
                    ],
                    [
                        77.257509,
                        13.21219
                    ],
                    [
                        77.256374,
                        13.213308
                    ],
                    [
                        77.256013,
                        13.213708
                    ],
                    [
                        77.254961,
                        13.214772
                    ],
                    [
                        77.253874,
                        13.215805
                    ],
                    [
                        77.25242,
                        13.217141
                    ],
                    [
                        77.251605,
                        13.217936
                    ],
                    [
                        77.251519,
                        13.218027
                    ],
                    [
                        77.250555,
                        13.218946
                    ],
                    [
                        77.249895,
                        13.219401
                    ],
                    [
                        77.248477,
                        13.220341
                    ],
                    [
                        77.248,
                        13.220757
                    ],
                    [
                        77.246544,
                        13.222213
                    ],
                    [
                        77.243429,
                        13.225324
                    ],
                    [
                        77.242723,
                        13.226048
                    ],
                    [
                        77.242136,
                        13.226694
                    ],
                    [
                        77.241754,
                        13.22732
                    ],
                    [
                        77.241612,
                        13.227626
                    ],
                    [
                        77.241065,
                        13.22943
                    ],
                    [
                        77.240584,
                        13.230892
                    ],
                    [
                        77.23987,
                        13.233245
                    ],
                    [
                        77.239581,
                        13.234308
                    ],
                    [
                        77.239251,
                        13.235401
                    ],
                    [
                        77.239108,
                        13.235887
                    ],
                    [
                        77.238867,
                        13.236586
                    ],
                    [
                        77.238725,
                        13.236925
                    ],
                    [
                        77.238549,
                        13.237195
                    ],
                    [
                        77.238165,
                        13.237626
                    ],
                    [
                        77.237583,
                        13.238053
                    ],
                    [
                        77.235412,
                        13.239499
                    ],
                    [
                        77.234127,
                        13.240373
                    ],
                    [
                        77.233066,
                        13.241164
                    ],
                    [
                        77.232541,
                        13.241609
                    ],
                    [
                        77.23014,
                        13.243752
                    ],
                    [
                        77.228578,
                        13.245172
                    ],
                    [
                        77.227417,
                        13.246152
                    ],
                    [
                        77.226689,
                        13.246559
                    ],
                    [
                        77.224307,
                        13.247804
                    ],
                    [
                        77.223693,
                        13.248154
                    ],
                    [
                        77.223102,
                        13.248485
                    ],
                    [
                        77.222645,
                        13.248771
                    ],
                    [
                        77.222175,
                        13.249205
                    ],
                    [
                        77.221669,
                        13.249781
                    ],
                    [
                        77.221054,
                        13.250443
                    ],
                    [
                        77.220824,
                        13.250671
                    ],
                    [
                        77.220214,
                        13.251172
                    ],
                    [
                        77.219445,
                        13.25171
                    ],
                    [
                        77.217372,
                        13.253206
                    ],
                    [
                        77.216302,
                        13.254008
                    ],
                    [
                        77.212978,
                        13.256846
                    ],
                    [
                        77.212594,
                        13.257176
                    ],
                    [
                        77.210247,
                        13.259198
                    ],
                    [
                        77.209917,
                        13.259535
                    ],
                    [
                        77.208264,
                        13.261246
                    ],
                    [
                        77.207025,
                        13.262597
                    ],
                    [
                        77.206636,
                        13.263021
                    ],
                    [
                        77.204846,
                        13.265008
                    ],
                    [
                        77.203225,
                        13.266786
                    ],
                    [
                        77.203037,
                        13.26697
                    ],
                    [
                        77.201536,
                        13.268276
                    ],
                    [
                        77.20103,
                        13.268624
                    ],
                    [
                        77.200657,
                        13.268817
                    ],
                    [
                        77.20015,
                        13.26902
                    ],
                    [
                        77.199479,
                        13.269295
                    ],
                    [
                        77.198937,
                        13.269502
                    ],
                    [
                        77.198592,
                        13.269715
                    ],
                    [
                        77.198285,
                        13.269925
                    ],
                    [
                        77.198041,
                        13.270129
                    ],
                    [
                        77.197884,
                        13.270286
                    ],
                    [
                        77.19776,
                        13.270454
                    ],
                    [
                        77.19718,
                        13.271357
                    ],
                    [
                        77.196767,
                        13.272033
                    ],
                    [
                        77.196307,
                        13.272715
                    ],
                    [
                        77.195608,
                        13.273613
                    ],
                    [
                        77.195015,
                        13.2743
                    ],
                    [
                        77.193927,
                        13.275339
                    ],
                    [
                        77.193701,
                        13.275555
                    ],
                    [
                        77.193476,
                        13.275763
                    ],
                    [
                        77.193203,
                        13.276015
                    ],
                    [
                        77.192372,
                        13.276793
                    ],
                    [
                        77.191756,
                        13.277383
                    ],
                    [
                        77.191198,
                        13.277918
                    ],
                    [
                        77.189638,
                        13.279406
                    ],
                    [
                        77.189124,
                        13.279907
                    ],
                    [
                        77.188676,
                        13.280354
                    ],
                    [
                        77.188288,
                        13.280733
                    ],
                    [
                        77.188203,
                        13.280811
                    ],
                    [
                        77.187713,
                        13.281264
                    ],
                    [
                        77.187414,
                        13.281539
                    ],
                    [
                        77.186092,
                        13.282884
                    ],
                    [
                        77.18546,
                        13.283481
                    ],
                    [
                        77.18524,
                        13.28365
                    ],
                    [
                        77.184442,
                        13.284363
                    ],
                    [
                        77.18439,
                        13.284416
                    ],
                    [
                        77.184169,
                        13.284613
                    ],
                    [
                        77.183996,
                        13.284767
                    ],
                    [
                        77.183471,
                        13.285331
                    ],
                    [
                        77.183034,
                        13.285828
                    ],
                    [
                        77.182656,
                        13.286289
                    ],
                    [
                        77.182348,
                        13.286682
                    ],
                    [
                        77.181746,
                        13.28753
                    ],
                    [
                        77.18135,
                        13.288112
                    ],
                    [
                        77.180212,
                        13.289788
                    ],
                    [
                        77.179904,
                        13.290222
                    ],
                    [
                        77.179631,
                        13.290606
                    ],
                    [
                        77.179138,
                        13.291224
                    ],
                    [
                        77.178593,
                        13.291698
                    ],
                    [
                        77.178205,
                        13.291952
                    ],
                    [
                        77.17777,
                        13.292208
                    ],
                    [
                        77.176573,
                        13.292957
                    ],
                    [
                        77.175783,
                        13.293481
                    ],
                    [
                        77.173974,
                        13.294593
                    ],
                    [
                        77.17225,
                        13.295634
                    ],
                    [
                        77.171343,
                        13.296178
                    ],
                    [
                        77.17106,
                        13.296348
                    ],
                    [
                        77.170471,
                        13.296627
                    ],
                    [
                        77.17012,
                        13.296768
                    ],
                    [
                        77.169834,
                        13.296892
                    ],
                    [
                        77.169534,
                        13.297047
                    ],
                    [
                        77.168832,
                        13.297366
                    ],
                    [
                        77.168099,
                        13.297742
                    ],
                    [
                        77.16795,
                        13.297843
                    ],
                    [
                        77.165328,
                        13.299637
                    ],
                    [
                        77.165008,
                        13.299846
                    ],
                    [
                        77.163812,
                        13.300681
                    ],
                    [
                        77.16291,
                        13.301232
                    ],
                    [
                        77.161883,
                        13.30192
                    ],
                    [
                        77.16126,
                        13.302316
                    ],
                    [
                        77.159931,
                        13.303353
                    ],
                    [
                        77.158897,
                        13.304076
                    ],
                    [
                        77.157858,
                        13.304744
                    ],
                    [
                        77.155614,
                        13.306175
                    ],
                    [
                        77.15505,
                        13.306535
                    ],
                    [
                        77.153757,
                        13.307353
                    ],
                    [
                        77.153575,
                        13.307464
                    ],
                    [
                        77.152854,
                        13.307925
                    ],
                    [
                        77.151808,
                        13.308559
                    ],
                    [
                        77.151664,
                        13.30866
                    ],
                    [
                        77.15145,
                        13.308803
                    ],
                    [
                        77.150701,
                        13.30933
                    ],
                    [
                        77.149586,
                        13.310219
                    ],
                    [
                        77.149251,
                        13.310528
                    ],
                    [
                        77.148956,
                        13.310935
                    ],
                    [
                        77.148865,
                        13.311074
                    ],
                    [
                        77.146953,
                        13.313962
                    ],
                    [
                        77.146649,
                        13.314227
                    ],
                    [
                        77.146398,
                        13.314337
                    ],
                    [
                        77.146229,
                        13.314384
                    ],
                    [
                        77.145631,
                        13.31443
                    ],
                    [
                        77.144795,
                        13.314446
                    ],
                    [
                        77.144382,
                        13.314471
                    ],
                    [
                        77.144078,
                        13.314538
                    ],
                    [
                        77.143709,
                        13.314659
                    ],
                    [
                        77.143402,
                        13.314786
                    ],
                    [
                        77.143124,
                        13.314928
                    ],
                    [
                        77.142806,
                        13.315132
                    ],
                    [
                        77.142539,
                        13.315336
                    ],
                    [
                        77.142098,
                        13.315813
                    ],
                    [
                        77.141643,
                        13.316364
                    ],
                    [
                        77.141342,
                        13.316774
                    ],
                    [
                        77.140097,
                        13.318427
                    ],
                    [
                        77.139573,
                        13.319077
                    ],
                    [
                        77.139109,
                        13.319659
                    ],
                    [
                        77.138603,
                        13.320334
                    ],
                    [
                        77.138137,
                        13.320891
                    ],
                    [
                        77.137153,
                        13.321983
                    ],
                    [
                        77.136863,
                        13.322271
                    ],
                    [
                        77.134943,
                        13.324393
                    ],
                    [
                        77.134554,
                        13.324791
                    ],
                    [
                        77.134053,
                        13.325363
                    ],
                    [
                        77.133139,
                        13.3263
                    ],
                    [
                        77.132279,
                        13.327295
                    ],
                    [
                        77.132162,
                        13.327422
                    ],
                    [
                        77.131893,
                        13.327725
                    ],
                    [
                        77.131575,
                        13.328178
                    ],
                    [
                        77.131346,
                        13.32865
                    ],
                    [
                        77.130928,
                        13.329787
                    ],
                    [
                        77.13014,
                        13.332024
                    ],
                    [
                        77.129504,
                        13.333892
                    ],
                    [
                        77.128975,
                        13.33541
                    ],
                    [
                        77.128856,
                        13.335738
                    ],
                    [
                        77.128715,
                        13.336128
                    ],
                    [
                        77.128641,
                        13.336365
                    ],
                    [
                        77.128599,
                        13.336489
                    ],
                    [
                        77.127557,
                        13.339495
                    ],
                    [
                        77.127131,
                        13.340732
                    ],
                    [
                        77.127058,
                        13.340925
                    ],
                    [
                        77.126889,
                        13.341417
                    ],
                    [
                        77.126152,
                        13.343496
                    ],
                    [
                        77.125881,
                        13.344262
                    ],
                    [
                        77.125733,
                        13.344691
                    ],
                    [
                        77.125483,
                        13.345454
                    ],
                    [
                        77.125176,
                        13.34635
                    ],
                    [
                        77.125112,
                        13.34655
                    ],
                    [
                        77.124562,
                        13.348077
                    ],
                    [
                        77.124329,
                        13.348743
                    ],
                    [
                        77.123995,
                        13.349703
                    ],
                    [
                        77.123639,
                        13.350694
                    ],
                    [
                        77.123539,
                        13.35099
                    ],
                    [
                        77.123473,
                        13.351174
                    ],
                    [
                        77.123197,
                        13.351959
                    ],
                    [
                        77.123119,
                        13.352186
                    ],
                    [
                        77.12283,
                        13.352982
                    ],
                    [
                        77.122668,
                        13.353447
                    ],
                    [
                        77.122571,
                        13.353768
                    ],
                    [
                        77.121551,
                        13.356615
                    ],
                    [
                        77.121437,
                        13.356939
                    ],
                    [
                        77.12142,
                        13.356987
                    ],
                    [
                        77.121352,
                        13.357184
                    ],
                    [
                        77.121288,
                        13.357358
                    ],
                    [
                        77.120638,
                        13.359247
                    ],
                    [
                        77.119996,
                        13.360996
                    ],
                    [
                        77.119669,
                        13.361916
                    ],
                    [
                        77.119618,
                        13.362058
                    ],
                    [
                        77.119284,
                        13.362999
                    ],
                    [
                        77.118871,
                        13.364223
                    ],
                    [
                        77.118525,
                        13.365123
                    ],
                    [
                        77.118299,
                        13.365632
                    ],
                    [
                        77.117937,
                        13.366377
                    ],
                    [
                        77.117394,
                        13.3673
                    ],
                    [
                        77.116965,
                        13.367886
                    ],
                    [
                        77.116296,
                        13.368741
                    ],
                    [
                        77.115225,
                        13.369834
                    ],
                    [
                        77.113924,
                        13.370918
                    ],
                    [
                        77.112876,
                        13.371609
                    ],
                    [
                        77.111579,
                        13.372289
                    ],
                    [
                        77.110145,
                        13.37304
                    ],
                    [
                        77.108843,
                        13.373717
                    ],
                    [
                        77.107557,
                        13.374364
                    ],
                    [
                        77.106498,
                        13.37494
                    ],
                    [
                        77.101731,
                        13.37745
                    ],
                    [
                        77.100495,
                        13.378071
                    ],
                    [
                        77.099462,
                        13.378643
                    ],
                    [
                        77.099193,
                        13.378807
                    ],
                    [
                        77.098909,
                        13.378992
                    ],
                    [
                        77.098654,
                        13.379164
                    ],
                    [
                        77.098132,
                        13.379668
                    ],
                    [
                        77.097716,
                        13.380102
                    ],
                    [
                        77.097366,
                        13.380567
                    ],
                    [
                        77.09635,
                        13.382849
                    ],
                    [
                        77.09544,
                        13.385154
                    ],
                    [
                        77.094109,
                        13.388357
                    ],
                    [
                        77.093026,
                        13.391061
                    ],
                    [
                        77.091972,
                        13.393592
                    ],
                    [
                        77.091136,
                        13.395805
                    ],
                    [
                        77.090654,
                        13.396984
                    ],
                    [
                        77.089632,
                        13.399415
                    ],
                    [
                        77.088054,
                        13.402929
                    ],
                    [
                        77.087366,
                        13.404427
                    ],
                    [
                        77.087066,
                        13.405115
                    ],
                    [
                        77.086243,
                        13.40692
                    ],
                    [
                        77.085431,
                        13.408612
                    ],
                    [
                        77.083708,
                        13.412338
                    ],
                    [
                        77.083103,
                        13.413162
                    ],
                    [
                        77.08228,
                        13.414138
                    ],
                    [
                        77.08097,
                        13.415636
                    ],
                    [
                        77.076123,
                        13.421296
                    ],
                    [
                        77.075827,
                        13.421642
                    ],
                    [
                        77.072189,
                        13.425894
                    ],
                    [
                        77.067811,
                        13.430948
                    ],
                    [
                        77.066529,
                        13.432478
                    ],
                    [
                        77.065332,
                        13.433941
                    ],
                    [
                        77.064474,
                        13.434957
                    ],
                    [
                        77.063577,
                        13.435975
                    ],
                    [
                        77.06218,
                        13.437614
                    ],
                    [
                        77.060955,
                        13.438999
                    ],
                    [
                        77.058837,
                        13.441456
                    ],
                    [
                        77.058454,
                        13.44199
                    ],
                    [
                        77.058106,
                        13.442572
                    ],
                    [
                        77.058022,
                        13.44272
                    ],
                    [
                        77.057167,
                        13.444245
                    ],
                    [
                        77.056584,
                        13.445243
                    ],
                    [
                        77.056438,
                        13.445498
                    ],
                    [
                        77.055427,
                        13.447382
                    ],
                    [
                        77.054859,
                        13.448352
                    ],
                    [
                        77.054307,
                        13.449382
                    ],
                    [
                        77.053762,
                        13.450328
                    ],
                    [
                        77.053298,
                        13.451187
                    ],
                    [
                        77.051985,
                        13.45345
                    ],
                    [
                        77.050681,
                        13.455772
                    ],
                    [
                        77.049796,
                        13.457331
                    ],
                    [
                        77.049365,
                        13.457982
                    ],
                    [
                        77.048744,
                        13.458715
                    ],
                    [
                        77.047919,
                        13.459618
                    ],
                    [
                        77.046354,
                        13.461255
                    ],
                    [
                        77.045794,
                        13.461859
                    ],
                    [
                        77.043394,
                        13.464474
                    ],
                    [
                        77.041663,
                        13.4663
                    ],
                    [
                        77.040901,
                        13.467131
                    ],
                    [
                        77.039395,
                        13.468726
                    ],
                    [
                        77.038924,
                        13.469273
                    ],
                    [
                        77.038143,
                        13.470351
                    ],
                    [
                        77.038007,
                        13.470542
                    ],
                    [
                        77.03607,
                        13.47331
                    ],
                    [
                        77.035629,
                        13.473822
                    ],
                    [
                        77.035354,
                        13.4741
                    ],
                    [
                        77.035191,
                        13.474265
                    ],
                    [
                        77.034537,
                        13.474853
                    ],
                    [
                        77.033837,
                        13.475548
                    ],
                    [
                        77.033707,
                        13.475696
                    ],
                    [
                        77.033393,
                        13.476117
                    ],
                    [
                        77.033041,
                        13.476676
                    ],
                    [
                        77.03284,
                        13.477068
                    ],
                    [
                        77.032718,
                        13.477347
                    ],
                    [
                        77.032587,
                        13.477644
                    ],
                    [
                        77.031842,
                        13.47912
                    ],
                    [
                        77.030849,
                        13.481207
                    ],
                    [
                        77.030564,
                        13.481701
                    ],
                    [
                        77.030361,
                        13.48201
                    ],
                    [
                        77.030047,
                        13.482439
                    ],
                    [
                        77.029735,
                        13.482812
                    ],
                    [
                        77.028938,
                        13.483608
                    ],
                    [
                        77.025722,
                        13.486737
                    ],
                    [
                        77.025142,
                        13.487278
                    ],
                    [
                        77.024498,
                        13.487818
                    ],
                    [
                        77.024025,
                        13.488184
                    ],
                    [
                        77.023245,
                        13.48873
                    ],
                    [
                        77.02257,
                        13.489156
                    ],
                    [
                        77.022023,
                        13.489476
                    ],
                    [
                        77.021593,
                        13.489696
                    ],
                    [
                        77.020958,
                        13.48999
                    ],
                    [
                        77.017496,
                        13.491564
                    ],
                    [
                        77.016444,
                        13.492056
                    ],
                    [
                        77.015799,
                        13.492413
                    ],
                    [
                        77.015067,
                        13.492923
                    ],
                    [
                        77.014678,
                        13.493221
                    ],
                    [
                        77.01431,
                        13.493552
                    ],
                    [
                        77.012261,
                        13.49579
                    ],
                    [
                        77.011841,
                        13.496325
                    ],
                    [
                        77.011475,
                        13.496874
                    ],
                    [
                        77.011256,
                        13.49725
                    ],
                    [
                        77.011012,
                        13.497733
                    ],
                    [
                        77.010073,
                        13.500109
                    ],
                    [
                        77.009635,
                        13.501272
                    ],
                    [
                        77.009137,
                        13.502535
                    ],
                    [
                        77.008732,
                        13.503553
                    ],
                    [
                        77.008027,
                        13.50541
                    ],
                    [
                        77.007038,
                        13.508005
                    ],
                    [
                        77.00608,
                        13.510407
                    ],
                    [
                        77.00547,
                        13.511871
                    ],
                    [
                        77.005365,
                        13.512139
                    ],
                    [
                        77.004969,
                        13.513161
                    ],
                    [
                        77.004605,
                        13.514112
                    ],
                    [
                        77.003393,
                        13.517407
                    ],
                    [
                        77.001891,
                        13.521647
                    ],
                    [
                        77.000081,
                        13.526203
                    ],
                    [
                        76.999989,
                        13.526497
                    ],
                    [
                        76.999903,
                        13.52677
                    ],
                    [
                        76.999813,
                        13.527169
                    ],
                    [
                        76.99976,
                        13.527636
                    ],
                    [
                        76.999766,
                        13.528023
                    ],
                    [
                        76.999876,
                        13.528798
                    ],
                    [
                        77.000151,
                        13.530099
                    ],
                    [
                        77.000209,
                        13.530616
                    ],
                    [
                        77.000224,
                        13.531021
                    ],
                    [
                        77.000199,
                        13.531365
                    ],
                    [
                        77.000022,
                        13.532158
                    ],
                    [
                        76.999684,
                        13.53293
                    ],
                    [
                        76.998027,
                        13.536387
                    ],
                    [
                        76.9959,
                        13.540707
                    ],
                    [
                        76.995476,
                        13.541449
                    ],
                    [
                        76.994934,
                        13.542298
                    ],
                    [
                        76.994355,
                        13.543152
                    ],
                    [
                        76.993743,
                        13.544163
                    ],
                    [
                        76.993338,
                        13.544954
                    ],
                    [
                        76.992884,
                        13.546066
                    ],
                    [
                        76.992491,
                        13.547293
                    ],
                    [
                        76.992273,
                        13.548268
                    ],
                    [
                        76.991868,
                        13.550434
                    ],
                    [
                        76.9916,
                        13.551416
                    ],
                    [
                        76.991258,
                        13.55231
                    ],
                    [
                        76.990963,
                        13.552963
                    ],
                    [
                        76.989648,
                        13.55562
                    ],
                    [
                        76.986799,
                        13.560705
                    ],
                    [
                        76.986698,
                        13.560886
                    ],
                    [
                        76.985048,
                        13.563789
                    ],
                    [
                        76.982307,
                        13.568774
                    ],
                    [
                        76.982192,
                        13.568986
                    ],
                    [
                        76.980215,
                        13.572553
                    ],
                    [
                        76.979834,
                        13.573235
                    ],
                    [
                        76.978669,
                        13.575312
                    ],
                    [
                        76.978551,
                        13.575518
                    ],
                    [
                        76.978149,
                        13.57627
                    ],
                    [
                        76.977639,
                        13.577178
                    ],
                    [
                        76.977288,
                        13.57772
                    ],
                    [
                        76.975814,
                        13.580198
                    ],
                    [
                        76.973154,
                        13.584788
                    ],
                    [
                        76.972531,
                        13.585799
                    ],
                    [
                        76.970835,
                        13.588176
                    ],
                    [
                        76.969175,
                        13.590588
                    ],
                    [
                        76.966757,
                        13.594038
                    ],
                    [
                        76.966023,
                        13.59516
                    ],
                    [
                        76.965848,
                        13.5954
                    ],
                    [
                        76.964249,
                        13.597662
                    ],
                    [
                        76.963544,
                        13.598714
                    ],
                    [
                        76.958724,
                        13.60564
                    ],
                    [
                        76.956611,
                        13.608719
                    ],
                    [
                        76.95507,
                        13.610816
                    ],
                    [
                        76.954933,
                        13.610996
                    ],
                    [
                        76.954376,
                        13.611819
                    ],
                    [
                        76.954227,
                        13.612073
                    ],
                    [
                        76.953631,
                        13.612954
                    ],
                    [
                        76.951862,
                        13.61566
                    ],
                    [
                        76.949846,
                        13.618593
                    ],
                    [
                        76.947862,
                        13.621327
                    ],
                    [
                        76.946067,
                        13.623687
                    ],
                    [
                        76.944764,
                        13.625364
                    ],
                    [
                        76.943385,
                        13.627108
                    ],
                    [
                        76.942609,
                        13.628144
                    ],
                    [
                        76.941618,
                        13.629748
                    ],
                    [
                        76.940035,
                        13.632905
                    ],
                    [
                        76.939936,
                        13.633104
                    ],
                    [
                        76.939045,
                        13.634859
                    ],
                    [
                        76.938627,
                        13.635642
                    ],
                    [
                        76.937595,
                        13.637712
                    ],
                    [
                        76.937158,
                        13.638699
                    ],
                    [
                        76.936106,
                        13.640826
                    ],
                    [
                        76.932719,
                        13.648241
                    ],
                    [
                        76.93081,
                        13.652739
                    ],
                    [
                        76.930285,
                        13.65385
                    ],
                    [
                        76.929679,
                        13.655077
                    ],
                    [
                        76.928975,
                        13.656209
                    ],
                    [
                        76.927753,
                        13.658321
                    ],
                    [
                        76.926553,
                        13.660338
                    ],
                    [
                        76.926392,
                        13.660598
                    ],
                    [
                        76.926039,
                        13.661228
                    ],
                    [
                        76.9253,
                        13.662403
                    ],
                    [
                        76.92489,
                        13.663042
                    ],
                    [
                        76.924251,
                        13.663962
                    ],
                    [
                        76.924025,
                        13.664278
                    ],
                    [
                        76.923584,
                        13.664911
                    ],
                    [
                        76.923058,
                        13.665629
                    ],
                    [
                        76.922753,
                        13.666103
                    ],
                    [
                        76.922337,
                        13.666655
                    ],
                    [
                        76.919924,
                        13.670074
                    ],
                    [
                        76.919496,
                        13.670781
                    ],
                    [
                        76.919151,
                        13.6714
                    ],
                    [
                        76.918862,
                        13.67202
                    ],
                    [
                        76.918475,
                        13.673241
                    ],
                    [
                        76.918217,
                        13.674296
                    ],
                    [
                        76.917911,
                        13.675785
                    ],
                    [
                        76.91781,
                        13.676288
                    ],
                    [
                        76.917447,
                        13.678328
                    ],
                    [
                        76.916965,
                        13.680768
                    ],
                    [
                        76.916927,
                        13.680943
                    ],
                    [
                        76.916551,
                        13.683021
                    ],
                    [
                        76.916321,
                        13.684622
                    ],
                    [
                        76.916097,
                        13.686799
                    ],
                    [
                        76.915806,
                        13.68996
                    ],
                    [
                        76.915563,
                        13.693286
                    ],
                    [
                        76.915554,
                        13.693416
                    ],
                    [
                        76.915511,
                        13.693955
                    ],
                    [
                        76.915404,
                        13.694903
                    ],
                    [
                        76.91497,
                        13.698454
                    ],
                    [
                        76.91474,
                        13.700552
                    ],
                    [
                        76.91462,
                        13.701501
                    ],
                    [
                        76.914497,
                        13.703023
                    ],
                    [
                        76.914437,
                        13.704411
                    ],
                    [
                        76.914426,
                        13.70609
                    ],
                    [
                        76.914393,
                        13.707899
                    ],
                    [
                        76.914397,
                        13.70852
                    ],
                    [
                        76.914329,
                        13.710507
                    ],
                    [
                        76.91429,
                        13.711111
                    ],
                    [
                        76.914238,
                        13.711591
                    ],
                    [
                        76.914182,
                        13.711967
                    ],
                    [
                        76.913916,
                        13.713032
                    ],
                    [
                        76.913718,
                        13.713733
                    ],
                    [
                        76.913609,
                        13.714034
                    ],
                    [
                        76.913416,
                        13.714446
                    ],
                    [
                        76.913045,
                        13.715007
                    ],
                    [
                        76.912843,
                        13.71526
                    ],
                    [
                        76.912632,
                        13.715491
                    ],
                    [
                        76.91164,
                        13.71637
                    ],
                    [
                        76.911474,
                        13.71652
                    ],
                    [
                        76.90968,
                        13.718164
                    ],
                    [
                        76.909441,
                        13.718376
                    ],
                    [
                        76.908435,
                        13.719231
                    ],
                    [
                        76.903982,
                        13.723212
                    ],
                    [
                        76.90324,
                        13.723856
                    ],
                    [
                        76.902477,
                        13.724445
                    ],
                    [
                        76.902133,
                        13.724753
                    ],
                    [
                        76.901993,
                        13.724898
                    ],
                    [
                        76.901667,
                        13.725219
                    ],
                    [
                        76.901037,
                        13.725849
                    ],
                    [
                        76.895436,
                        13.730854
                    ],
                    [
                        76.895344,
                        13.730936
                    ],
                    [
                        76.893826,
                        13.732301
                    ],
                    [
                        76.893507,
                        13.732681
                    ],
                    [
                        76.893052,
                        13.733321
                    ],
                    [
                        76.892761,
                        13.733904
                    ],
                    [
                        76.892554,
                        13.734403
                    ],
                    [
                        76.89248,
                        13.734622
                    ],
                    [
                        76.892225,
                        13.735306
                    ],
                    [
                        76.892105,
                        13.735584
                    ],
                    [
                        76.891513,
                        13.736977
                    ],
                    [
                        76.890818,
                        13.73872
                    ],
                    [
                        76.888688,
                        13.743848
                    ],
                    [
                        76.88697,
                        13.748137
                    ],
                    [
                        76.886689,
                        13.748764
                    ],
                    [
                        76.886401,
                        13.74928
                    ],
                    [
                        76.885776,
                        13.750288
                    ],
                    [
                        76.885099,
                        13.751334
                    ],
                    [
                        76.885011,
                        13.751481
                    ],
                    [
                        76.884748,
                        13.751797
                    ],
                    [
                        76.884489,
                        13.752061
                    ],
                    [
                        76.884101,
                        13.752372
                    ],
                    [
                        76.883475,
                        13.752786
                    ],
                    [
                        76.882874,
                        13.753155
                    ],
                    [
                        76.879401,
                        13.755247
                    ],
                    [
                        76.879045,
                        13.75545
                    ],
                    [
                        76.875238,
                        13.757792
                    ],
                    [
                        76.871951,
                        13.759792
                    ],
                    [
                        76.871547,
                        13.760042
                    ],
                    [
                        76.870793,
                        13.760486
                    ],
                    [
                        76.869933,
                        13.760861
                    ],
                    [
                        76.863982,
                        13.76289
                    ],
                    [
                        76.852265,
                        13.766871
                    ],
                    [
                        76.852071,
                        13.766941
                    ],
                    [
                        76.851168,
                        13.767307
                    ],
                    [
                        76.850437,
                        13.767718
                    ],
                    [
                        76.84993,
                        13.768103
                    ],
                    [
                        76.848308,
                        13.769453
                    ],
                    [
                        76.845735,
                        13.771648
                    ],
                    [
                        76.844683,
                        13.772408
                    ],
                    [
                        76.844393,
                        13.772555
                    ],
                    [
                        76.843964,
                        13.772773
                    ],
                    [
                        76.838245,
                        13.775523
                    ],
                    [
                        76.837078,
                        13.776095
                    ],
                    [
                        76.832768,
                        13.778326
                    ],
                    [
                        76.831811,
                        13.778795
                    ],
                    [
                        76.828662,
                        13.780395
                    ],
                    [
                        76.827984,
                        13.78071
                    ],
                    [
                        76.826862,
                        13.78127
                    ],
                    [
                        76.822488,
                        13.783385
                    ],
                    [
                        76.821383,
                        13.783986
                    ],
                    [
                        76.816743,
                        13.786667
                    ],
                    [
                        76.814499,
                        13.78787
                    ],
                    [
                        76.813388,
                        13.788427
                    ],
                    [
                        76.810937,
                        13.789652
                    ],
                    [
                        76.809671,
                        13.790357
                    ],
                    [
                        76.808862,
                        13.790842
                    ],
                    [
                        76.806474,
                        13.79252
                    ],
                    [
                        76.805868,
                        13.792991
                    ],
                    [
                        76.805299,
                        13.793554
                    ],
                    [
                        76.804749,
                        13.794227
                    ],
                    [
                        76.803783,
                        13.795682
                    ],
                    [
                        76.803334,
                        13.79626
                    ],
                    [
                        76.802816,
                        13.796847
                    ],
                    [
                        76.800733,
                        13.798853
                    ],
                    [
                        76.799921,
                        13.79973
                    ],
                    [
                        76.798959,
                        13.800884
                    ],
                    [
                        76.798765,
                        13.801113
                    ],
                    [
                        76.796992,
                        13.803249
                    ],
                    [
                        76.796126,
                        13.80432
                    ],
                    [
                        76.795666,
                        13.80479
                    ],
                    [
                        76.794361,
                        13.805944
                    ],
                    [
                        76.786404,
                        13.81308
                    ],
                    [
                        76.7853,
                        13.814027
                    ],
                    [
                        76.785147,
                        13.814158
                    ],
                    [
                        76.782276,
                        13.816621
                    ],
                    [
                        76.780042,
                        13.818553
                    ],
                    [
                        76.777139,
                        13.821029
                    ],
                    [
                        76.774733,
                        13.822933
                    ],
                    [
                        76.772832,
                        13.824323
                    ],
                    [
                        76.772365,
                        13.82461
                    ],
                    [
                        76.770421,
                        13.825736
                    ],
                    [
                        76.770281,
                        13.825817
                    ],
                    [
                        76.764867,
                        13.82895
                    ],
                    [
                        76.76263,
                        13.830291
                    ],
                    [
                        76.760915,
                        13.831383
                    ],
                    [
                        76.758815,
                        13.832809
                    ],
                    [
                        76.755865,
                        13.834749
                    ],
                    [
                        76.755135,
                        13.835172
                    ],
                    [
                        76.754623,
                        13.83543
                    ],
                    [
                        76.754217,
                        13.835606
                    ],
                    [
                        76.753736,
                        13.83578
                    ],
                    [
                        76.753109,
                        13.835965
                    ],
                    [
                        76.751951,
                        13.836259
                    ],
                    [
                        76.750887,
                        13.836551
                    ],
                    [
                        76.750002,
                        13.836801
                    ],
                    [
                        76.749094,
                        13.837019
                    ],
                    [
                        76.746669,
                        13.837763
                    ],
                    [
                        76.741611,
                        13.839224
                    ],
                    [
                        76.739412,
                        13.839937
                    ],
                    [
                        76.739111,
                        13.840043
                    ],
                    [
                        76.738805,
                        13.84015
                    ],
                    [
                        76.738162,
                        13.84038
                    ],
                    [
                        76.7372,
                        13.840767
                    ],
                    [
                        76.735103,
                        13.84169
                    ],
                    [
                        76.73426,
                        13.842015
                    ],
                    [
                        76.733235,
                        13.842468
                    ],
                    [
                        76.730587,
                        13.843686
                    ],
                    [
                        76.729637,
                        13.844146
                    ],
                    [
                        76.728729,
                        13.844705
                    ],
                    [
                        76.728204,
                        13.845123
                    ],
                    [
                        76.727533,
                        13.845845
                    ],
                    [
                        76.726374,
                        13.847315
                    ],
                    [
                        76.725105,
                        13.849007
                    ],
                    [
                        76.724347,
                        13.849923
                    ],
                    [
                        76.723838,
                        13.850432
                    ],
                    [
                        76.723209,
                        13.850947
                    ],
                    [
                        76.720119,
                        13.853284
                    ],
                    [
                        76.717411,
                        13.855637
                    ],
                    [
                        76.716882,
                        13.856142
                    ],
                    [
                        76.714839,
                        13.858419
                    ],
                    [
                        76.71447,
                        13.85882
                    ],
                    [
                        76.713995,
                        13.859352
                    ],
                    [
                        76.713602,
                        13.85982
                    ],
                    [
                        76.711558,
                        13.862102
                    ],
                    [
                        76.709192,
                        13.864527
                    ],
                    [
                        76.707327,
                        13.86636
                    ],
                    [
                        76.703755,
                        13.869749
                    ],
                    [
                        76.69999,
                        13.873293
                    ],
                    [
                        76.697874,
                        13.87531
                    ],
                    [
                        76.695628,
                        13.87741
                    ],
                    [
                        76.694258,
                        13.878514
                    ],
                    [
                        76.693553,
                        13.878976
                    ],
                    [
                        76.693092,
                        13.879282
                    ],
                    [
                        76.692525,
                        13.879681
                    ],
                    [
                        76.690369,
                        13.881198
                    ],
                    [
                        76.689644,
                        13.881785
                    ],
                    [
                        76.68873,
                        13.882651
                    ],
                    [
                        76.685312,
                        13.886516
                    ],
                    [
                        76.684135,
                        13.88785
                    ],
                    [
                        76.683719,
                        13.888322
                    ],
                    [
                        76.680944,
                        13.891126
                    ],
                    [
                        76.679666,
                        13.892371
                    ],
                    [
                        76.678019,
                        13.894089
                    ],
                    [
                        76.673979,
                        13.89814
                    ],
                    [
                        76.672533,
                        13.899606
                    ],
                    [
                        76.672152,
                        13.900014
                    ],
                    [
                        76.671751,
                        13.90046
                    ],
                    [
                        76.668378,
                        13.904708
                    ],
                    [
                        76.667689,
                        13.905546
                    ],
                    [
                        76.667098,
                        13.906099
                    ],
                    [
                        76.664295,
                        13.908298
                    ],
                    [
                        76.664038,
                        13.908495
                    ],
                    [
                        76.662095,
                        13.910001
                    ],
                    [
                        76.661153,
                        13.910884
                    ],
                    [
                        76.658703,
                        13.913658
                    ],
                    [
                        76.657232,
                        13.915002
                    ],
                    [
                        76.656017,
                        13.91616
                    ],
                    [
                        76.655802,
                        13.916373
                    ],
                    [
                        76.655036,
                        13.917131
                    ],
                    [
                        76.654414,
                        13.917822
                    ],
                    [
                        76.653727,
                        13.918408
                    ],
                    [
                        76.653056,
                        13.918878
                    ],
                    [
                        76.652463,
                        13.919192
                    ],
                    [
                        76.651891,
                        13.919452
                    ],
                    [
                        76.65066,
                        13.919926
                    ],
                    [
                        76.647015,
                        13.921289
                    ],
                    [
                        76.643138,
                        13.922509
                    ],
                    [
                        76.638495,
                        13.923958
                    ],
                    [
                        76.637392,
                        13.92433
                    ],
                    [
                        76.636378,
                        13.924646
                    ],
                    [
                        76.635812,
                        13.924879
                    ],
                    [
                        76.63451,
                        13.925603
                    ],
                    [
                        76.634214,
                        13.925777
                    ],
                    [
                        76.632959,
                        13.926514
                    ],
                    [
                        76.632539,
                        13.926842
                    ],
                    [
                        76.631788,
                        13.927641
                    ],
                    [
                        76.630822,
                        13.928729
                    ],
                    [
                        76.63028,
                        13.929315
                    ],
                    [
                        76.630086,
                        13.929526
                    ],
                    [
                        76.628299,
                        13.931612
                    ],
                    [
                        76.627314,
                        13.932679
                    ],
                    [
                        76.626532,
                        13.933486
                    ],
                    [
                        76.625914,
                        13.934159
                    ],
                    [
                        76.625732,
                        13.934343
                    ],
                    [
                        76.624566,
                        13.935469
                    ],
                    [
                        76.624135,
                        13.935946
                    ],
                    [
                        76.623835,
                        13.936348
                    ],
                    [
                        76.623703,
                        13.936566
                    ],
                    [
                        76.623557,
                        13.936876
                    ],
                    [
                        76.623435,
                        13.937192
                    ],
                    [
                        76.623365,
                        13.93743
                    ],
                    [
                        76.623286,
                        13.937899
                    ],
                    [
                        76.623267,
                        13.938177
                    ],
                    [
                        76.623278,
                        13.938462
                    ],
                    [
                        76.623376,
                        13.938935
                    ],
                    [
                        76.623563,
                        13.939427
                    ],
                    [
                        76.623644,
                        13.939561
                    ],
                    [
                        76.624062,
                        13.940383
                    ],
                    [
                        76.624262,
                        13.940818
                    ],
                    [
                        76.624788,
                        13.941869
                    ],
                    [
                        76.624969,
                        13.942297
                    ],
                    [
                        76.625242,
                        13.942801
                    ],
                    [
                        76.625736,
                        13.943647
                    ],
                    [
                        76.625916,
                        13.944098
                    ],
                    [
                        76.626039,
                        13.944457
                    ],
                    [
                        76.626083,
                        13.94477
                    ],
                    [
                        76.62609,
                        13.945097
                    ],
                    [
                        76.626048,
                        13.94538
                    ],
                    [
                        76.625937,
                        13.945773
                    ],
                    [
                        76.625628,
                        13.946467
                    ],
                    [
                        76.623788,
                        13.950174
                    ],
                    [
                        76.621241,
                        13.955182
                    ],
                    [
                        76.62094,
                        13.955731
                    ],
                    [
                        76.620601,
                        13.956183
                    ],
                    [
                        76.620244,
                        13.956584
                    ],
                    [
                        76.6199,
                        13.956937
                    ],
                    [
                        76.61957,
                        13.957203
                    ],
                    [
                        76.619232,
                        13.957409
                    ],
                    [
                        76.618789,
                        13.957643
                    ],
                    [
                        76.618383,
                        13.957797
                    ],
                    [
                        76.617867,
                        13.957941
                    ],
                    [
                        76.617159,
                        13.958031
                    ],
                    [
                        76.616878,
                        13.958034
                    ],
                    [
                        76.616396,
                        13.958012
                    ],
                    [
                        76.614376,
                        13.957751
                    ],
                    [
                        76.614002,
                        13.957738
                    ],
                    [
                        76.61362,
                        13.957749
                    ],
                    [
                        76.613041,
                        13.957913
                    ],
                    [
                        76.612748,
                        13.958049
                    ],
                    [
                        76.612463,
                        13.958271
                    ],
                    [
                        76.612138,
                        13.958625
                    ],
                    [
                        76.611949,
                        13.958925
                    ],
                    [
                        76.611418,
                        13.959875
                    ],
                    [
                        76.610712,
                        13.961228
                    ],
                    [
                        76.610633,
                        13.961376
                    ],
                    [
                        76.609623,
                        13.963293
                    ],
                    [
                        76.608968,
                        13.964452
                    ],
                    [
                        76.608342,
                        13.965611
                    ],
                    [
                        76.60776,
                        13.966695
                    ],
                    [
                        76.607151,
                        13.967727
                    ],
                    [
                        76.606815,
                        13.968213
                    ],
                    [
                        76.605946,
                        13.969524
                    ],
                    [
                        76.605688,
                        13.969899
                    ],
                    [
                        76.604424,
                        13.971843
                    ],
                    [
                        76.601711,
                        13.975907
                    ],
                    [
                        76.600413,
                        13.977861
                    ],
                    [
                        76.596229,
                        13.984022
                    ],
                    [
                        76.590103,
                        13.993112
                    ],
                    [
                        76.589801,
                        13.993654
                    ],
                    [
                        76.589589,
                        13.99414
                    ],
                    [
                        76.589341,
                        13.994956
                    ],
                    [
                        76.58925,
                        13.995353
                    ],
                    [
                        76.588227,
                        14.001217
                    ],
                    [
                        76.58795,
                        14.002751
                    ],
                    [
                        76.587836,
                        14.00322
                    ],
                    [
                        76.587753,
                        14.003493
                    ],
                    [
                        76.58698,
                        14.005743
                    ],
                    [
                        76.586734,
                        14.006716
                    ],
                    [
                        76.586514,
                        14.007815
                    ],
                    [
                        76.585764,
                        14.011494
                    ],
                    [
                        76.585556,
                        14.012374
                    ],
                    [
                        76.585411,
                        14.012787
                    ],
                    [
                        76.585275,
                        14.013113
                    ],
                    [
                        76.585023,
                        14.013612
                    ],
                    [
                        76.581246,
                        14.02054
                    ],
                    [
                        76.578792,
                        14.025178
                    ],
                    [
                        76.577893,
                        14.026851
                    ],
                    [
                        76.577822,
                        14.026982
                    ],
                    [
                        76.577172,
                        14.028175
                    ],
                    [
                        76.576919,
                        14.028719
                    ],
                    [
                        76.576714,
                        14.0293
                    ],
                    [
                        76.576478,
                        14.030306
                    ],
                    [
                        76.576002,
                        14.033712
                    ],
                    [
                        76.575771,
                        14.035209
                    ],
                    [
                        76.575691,
                        14.035583
                    ],
                    [
                        76.575572,
                        14.035994
                    ],
                    [
                        76.575282,
                        14.036771
                    ],
                    [
                        76.574929,
                        14.037404
                    ],
                    [
                        76.573269,
                        14.039858
                    ],
                    [
                        76.572678,
                        14.040698
                    ],
                    [
                        76.572325,
                        14.041129
                    ],
                    [
                        76.571993,
                        14.041459
                    ],
                    [
                        76.571414,
                        14.041988
                    ],
                    [
                        76.566499,
                        14.046647
                    ],
                    [
                        76.563483,
                        14.050173
                    ],
                    [
                        76.563371,
                        14.050305
                    ],
                    [
                        76.562322,
                        14.051541
                    ],
                    [
                        76.560915,
                        14.053136
                    ],
                    [
                        76.560448,
                        14.05367
                    ],
                    [
                        76.559856,
                        14.054316
                    ],
                    [
                        76.559236,
                        14.055115
                    ],
                    [
                        76.558476,
                        14.056257
                    ],
                    [
                        76.557987,
                        14.057193
                    ],
                    [
                        76.557483,
                        14.058118
                    ],
                    [
                        76.556941,
                        14.059069
                    ],
                    [
                        76.555108,
                        14.062483
                    ],
                    [
                        76.554217,
                        14.064059
                    ],
                    [
                        76.552706,
                        14.066829
                    ],
                    [
                        76.550508,
                        14.070793
                    ],
                    [
                        76.547179,
                        14.076796
                    ],
                    [
                        76.546353,
                        14.078232
                    ],
                    [
                        76.538988,
                        14.088115
                    ],
                    [
                        76.53807,
                        14.089396
                    ],
                    [
                        76.536996,
                        14.090859
                    ],
                    [
                        76.536261,
                        14.091822
                    ],
                    [
                        76.53557,
                        14.092796
                    ],
                    [
                        76.534814,
                        14.093652
                    ],
                    [
                        76.532082,
                        14.09646
                    ],
                    [
                        76.531209,
                        14.097354
                    ],
                    [
                        76.529379,
                        14.09918
                    ],
                    [
                        76.528802,
                        14.099786
                    ],
                    [
                        76.52841,
                        14.10022
                    ],
                    [
                        76.528056,
                        14.100643
                    ],
                    [
                        76.52773,
                        14.101076
                    ],
                    [
                        76.527379,
                        14.101585
                    ],
                    [
                        76.527101,
                        14.102116
                    ],
                    [
                        76.526462,
                        14.103433
                    ],
                    [
                        76.524159,
                        14.108571
                    ],
                    [
                        76.521451,
                        14.114421
                    ],
                    [
                        76.520889,
                        14.115546
                    ],
                    [
                        76.520514,
                        14.116105
                    ],
                    [
                        76.520215,
                        14.116468
                    ],
                    [
                        76.519649,
                        14.117108
                    ],
                    [
                        76.514714,
                        14.121892
                    ],
                    [
                        76.512879,
                        14.123647
                    ],
                    [
                        76.511949,
                        14.124546
                    ],
                    [
                        76.511316,
                        14.125033
                    ],
                    [
                        76.510769,
                        14.1254
                    ],
                    [
                        76.509722,
                        14.12604
                    ],
                    [
                        76.509533,
                        14.126156
                    ],
                    [
                        76.506711,
                        14.12786
                    ],
                    [
                        76.505922,
                        14.128454
                    ],
                    [
                        76.505347,
                        14.128933
                    ],
                    [
                        76.501751,
                        14.132178
                    ],
                    [
                        76.496535,
                        14.136711
                    ],
                    [
                        76.49271,
                        14.139991
                    ],
                    [
                        76.492208,
                        14.140509
                    ],
                    [
                        76.491789,
                        14.14104
                    ],
                    [
                        76.488519,
                        14.145863
                    ],
                    [
                        76.487673,
                        14.147145
                    ],
                    [
                        76.486719,
                        14.148726
                    ],
                    [
                        76.486666,
                        14.148824
                    ],
                    [
                        76.485607,
                        14.150616
                    ],
                    [
                        76.485216,
                        14.151317
                    ],
                    [
                        76.484908,
                        14.151958
                    ],
                    [
                        76.484606,
                        14.152619
                    ],
                    [
                        76.483871,
                        14.154443
                    ],
                    [
                        76.483055,
                        14.156383
                    ],
                    [
                        76.482808,
                        14.157032
                    ],
                    [
                        76.482511,
                        14.157626
                    ],
                    [
                        76.482283,
                        14.157988
                    ],
                    [
                        76.481653,
                        14.158835
                    ],
                    [
                        76.480949,
                        14.159632
                    ],
                    [
                        76.479243,
                        14.16164
                    ],
                    [
                        76.477605,
                        14.163527
                    ],
                    [
                        76.476943,
                        14.164328
                    ],
                    [
                        76.474904,
                        14.166683
                    ],
                    [
                        76.473602,
                        14.168228
                    ],
                    [
                        76.471738,
                        14.170286
                    ],
                    [
                        76.471034,
                        14.171128
                    ],
                    [
                        76.47035,
                        14.172051
                    ],
                    [
                        76.4701,
                        14.172473
                    ],
                    [
                        76.469887,
                        14.172878
                    ],
                    [
                        76.469688,
                        14.173302
                    ],
                    [
                        76.469394,
                        14.174023
                    ],
                    [
                        76.469229,
                        14.174535
                    ],
                    [
                        76.469097,
                        14.175031
                    ],
                    [
                        76.468952,
                        14.175685
                    ],
                    [
                        76.46823,
                        14.179595
                    ],
                    [
                        76.467603,
                        14.183281
                    ],
                    [
                        76.467142,
                        14.185775
                    ],
                    [
                        76.466906,
                        14.186868
                    ],
                    [
                        76.466518,
                        14.188144
                    ],
                    [
                        76.46545,
                        14.191107
                    ],
                    [
                        76.465387,
                        14.191273
                    ],
                    [
                        76.464535,
                        14.193587
                    ],
                    [
                        76.464204,
                        14.194615
                    ],
                    [
                        76.463907,
                        14.195899
                    ],
                    [
                        76.463771,
                        14.196631
                    ],
                    [
                        76.463627,
                        14.19799
                    ],
                    [
                        76.463596,
                        14.199225
                    ],
                    [
                        76.463607,
                        14.200116
                    ],
                    [
                        76.463613,
                        14.200328
                    ],
                    [
                        76.46378,
                        14.202275
                    ],
                    [
                        76.463802,
                        14.203325
                    ],
                    [
                        76.463767,
                        14.204446
                    ],
                    [
                        76.463679,
                        14.205462
                    ],
                    [
                        76.463593,
                        14.206058
                    ],
                    [
                        76.463476,
                        14.206804
                    ],
                    [
                        76.463213,
                        14.208218
                    ],
                    [
                        76.463181,
                        14.208393
                    ],
                    [
                        76.462823,
                        14.210532
                    ],
                    [
                        76.462427,
                        14.212623
                    ],
                    [
                        76.462332,
                        14.213305
                    ],
                    [
                        76.462231,
                        14.213808
                    ],
                    [
                        76.462063,
                        14.214481
                    ],
                    [
                        76.461892,
                        14.215
                    ],
                    [
                        76.461702,
                        14.215497
                    ],
                    [
                        76.461401,
                        14.216207
                    ],
                    [
                        76.46084,
                        14.217143
                    ],
                    [
                        76.459624,
                        14.218758
                    ],
                    [
                        76.459117,
                        14.219458
                    ],
                    [
                        76.458601,
                        14.220214
                    ],
                    [
                        76.458082,
                        14.220921
                    ],
                    [
                        76.457252,
                        14.222043
                    ],
                    [
                        76.456615,
                        14.222934
                    ],
                    [
                        76.456231,
                        14.223527
                    ],
                    [
                        76.455886,
                        14.223997
                    ],
                    [
                        76.45569,
                        14.224298
                    ],
                    [
                        76.455252,
                        14.224826
                    ],
                    [
                        76.454458,
                        14.225976
                    ],
                    [
                        76.452885,
                        14.228096
                    ],
                    [
                        76.45208,
                        14.229225
                    ],
                    [
                        76.451372,
                        14.230248
                    ],
                    [
                        76.450865,
                        14.230841
                    ],
                    [
                        76.450275,
                        14.2314
                    ],
                    [
                        76.449522,
                        14.231924
                    ],
                    [
                        76.4487,
                        14.232493
                    ],
                    [
                        76.446896,
                        14.233675
                    ],
                    [
                        76.446197,
                        14.234163
                    ],
                    [
                        76.445259,
                        14.234775
                    ],
                    [
                        76.444528,
                        14.235321
                    ],
                    [
                        76.443673,
                        14.235955
                    ],
                    [
                        76.442588,
                        14.236809
                    ],
                    [
                        76.440469,
                        14.238395
                    ],
                    [
                        76.439909,
                        14.238856
                    ],
                    [
                        76.43972,
                        14.239001
                    ],
                    [
                        76.438125,
                        14.240236
                    ],
                    [
                        76.436529,
                        14.241409
                    ],
                    [
                        76.434916,
                        14.242662
                    ],
                    [
                        76.434086,
                        14.243242
                    ],
                    [
                        76.432258,
                        14.244437
                    ],
                    [
                        76.431045,
                        14.245143
                    ],
                    [
                        76.430567,
                        14.24545
                    ],
                    [
                        76.428236,
                        14.246828
                    ],
                    [
                        76.427637,
                        14.247215
                    ],
                    [
                        76.42682,
                        14.247673
                    ],
                    [
                        76.425103,
                        14.248679
                    ],
                    [
                        76.424894,
                        14.248792
                    ],
                    [
                        76.42465,
                        14.248981
                    ],
                    [
                        76.424089,
                        14.249432
                    ],
                    [
                        76.423595,
                        14.249883
                    ],
                    [
                        76.422961,
                        14.250543
                    ],
                    [
                        76.422439,
                        14.25116
                    ],
                    [
                        76.422106,
                        14.25163
                    ],
                    [
                        76.421363,
                        14.252497
                    ],
                    [
                        76.421067,
                        14.252853
                    ],
                    [
                        76.418263,
                        14.256298
                    ],
                    [
                        76.417963,
                        14.256666
                    ],
                    [
                        76.417068,
                        14.257769
                    ],
                    [
                        76.416863,
                        14.258023
                    ],
                    [
                        76.416252,
                        14.258796
                    ],
                    [
                        76.415593,
                        14.259582
                    ],
                    [
                        76.41454,
                        14.260897
                    ],
                    [
                        76.413966,
                        14.261589
                    ],
                    [
                        76.413018,
                        14.262793
                    ],
                    [
                        76.412432,
                        14.263521
                    ],
                    [
                        76.412061,
                        14.26391
                    ],
                    [
                        76.411323,
                        14.264653
                    ],
                    [
                        76.411095,
                        14.26484
                    ],
                    [
                        76.410824,
                        14.265074
                    ],
                    [
                        76.409787,
                        14.265746
                    ],
                    [
                        76.409145,
                        14.266051
                    ],
                    [
                        76.408779,
                        14.266203
                    ],
                    [
                        76.408393,
                        14.266339
                    ],
                    [
                        76.407844,
                        14.266482
                    ],
                    [
                        76.407302,
                        14.266596
                    ],
                    [
                        76.406958,
                        14.266653
                    ],
                    [
                        76.406346,
                        14.26671
                    ],
                    [
                        76.405712,
                        14.266714
                    ],
                    [
                        76.404594,
                        14.266715
                    ],
                    [
                        76.404251,
                        14.266714
                    ],
                    [
                        76.40387,
                        14.266713
                    ],
                    [
                        76.403519,
                        14.266709
                    ],
                    [
                        76.401608,
                        14.266698
                    ],
                    [
                        76.40073,
                        14.266715
                    ],
                    [
                        76.398243,
                        14.266714
                    ],
                    [
                        76.397248,
                        14.266705
                    ],
                    [
                        76.395071,
                        14.266698
                    ],
                    [
                        76.39435,
                        14.266697
                    ],
                    [
                        76.391842,
                        14.266689
                    ],
                    [
                        76.391668,
                        14.266689
                    ],
                    [
                        76.387666,
                        14.266684
                    ],
                    [
                        76.387138,
                        14.266679
                    ],
                    [
                        76.385753,
                        14.266691
                    ],
                    [
                        76.384943,
                        14.266704
                    ],
                    [
                        76.383236,
                        14.266698
                    ],
                    [
                        76.382187,
                        14.266673
                    ],
                    [
                        76.380587,
                        14.266588
                    ],
                    [
                        76.379234,
                        14.266485
                    ],
                    [
                        76.378567,
                        14.266428
                    ],
                    [
                        76.378107,
                        14.266388
                    ],
                    [
                        76.376926,
                        14.266244
                    ],
                    [
                        76.37583,
                        14.26609
                    ],
                    [
                        76.374737,
                        14.265874
                    ],
                    [
                        76.374483,
                        14.265828
                    ],
                    [
                        76.373277,
                        14.265571
                    ],
                    [
                        76.371221,
                        14.265095
                    ],
                    [
                        76.368942,
                        14.264472
                    ],
                    [
                        76.368006,
                        14.264233
                    ],
                    [
                        76.364992,
                        14.263388
                    ],
                    [
                        76.364698,
                        14.263312
                    ],
                    [
                        76.363368,
                        14.262931
                    ],
                    [
                        76.361483,
                        14.262409
                    ],
                    [
                        76.36072,
                        14.262216
                    ],
                    [
                        76.359465,
                        14.26186
                    ],
                    [
                        76.358872,
                        14.261726
                    ],
                    [
                        76.35826,
                        14.261614
                    ],
                    [
                        76.357584,
                        14.261543
                    ],
                    [
                        76.357012,
                        14.261527
                    ],
                    [
                        76.356451,
                        14.261532
                    ],
                    [
                        76.356282,
                        14.261533
                    ],
                    [
                        76.354471,
                        14.261601
                    ],
                    [
                        76.353087,
                        14.26162
                    ],
                    [
                        76.350747,
                        14.261698
                    ],
                    [
                        76.34955,
                        14.261748
                    ],
                    [
                        76.349051,
                        14.261797
                    ],
                    [
                        76.34857,
                        14.261848
                    ],
                    [
                        76.348078,
                        14.261903
                    ],
                    [
                        76.34663,
                        14.262176
                    ],
                    [
                        76.345487,
                        14.262489
                    ],
                    [
                        76.344496,
                        14.262793
                    ],
                    [
                        76.344005,
                        14.262979
                    ],
                    [
                        76.34273,
                        14.263526
                    ],
                    [
                        76.340434,
                        14.264566
                    ],
                    [
                        76.340137,
                        14.26469
                    ],
                    [
                        76.337707,
                        14.265776
                    ],
                    [
                        76.336972,
                        14.266124
                    ],
                    [
                        76.336863,
                        14.266176
                    ],
                    [
                        76.336219,
                        14.266478
                    ],
                    [
                        76.334959,
                        14.26711
                    ],
                    [
                        76.329556,
                        14.26973
                    ],
                    [
                        76.329437,
                        14.269791
                    ],
                    [
                        76.326215,
                        14.271388
                    ],
                    [
                        76.325224,
                        14.271898
                    ],
                    [
                        76.322252,
                        14.273332
                    ],
                    [
                        76.31558,
                        14.276626
                    ],
                    [
                        76.310241,
                        14.279205
                    ],
                    [
                        76.303985,
                        14.28222
                    ],
                    [
                        76.303767,
                        14.282326
                    ],
                    [
                        76.295838,
                        14.286137
                    ],
                    [
                        76.294009,
                        14.286999
                    ],
                    [
                        76.291955,
                        14.287966
                    ],
                    [
                        76.288889,
                        14.289436
                    ],
                    [
                        76.288757,
                        14.289499
                    ],
                    [
                        76.284037,
                        14.29174
                    ],
                    [
                        76.282206,
                        14.292625
                    ],
                    [
                        76.274969,
                        14.296395
                    ],
                    [
                        76.260502,
                        14.3039
                    ],
                    [
                        76.260357,
                        14.303978
                    ],
                    [
                        76.256619,
                        14.306081
                    ],
                    [
                        76.256094,
                        14.306399
                    ],
                    [
                        76.255679,
                        14.30665
                    ],
                    [
                        76.250032,
                        14.310083
                    ],
                    [
                        76.249931,
                        14.310144
                    ],
                    [
                        76.247971,
                        14.311484
                    ],
                    [
                        76.246634,
                        14.312355
                    ],
                    [
                        76.24491,
                        14.313543
                    ],
                    [
                        76.243521,
                        14.314478
                    ],
                    [
                        76.2392,
                        14.31742
                    ],
                    [
                        76.239088,
                        14.317496
                    ],
                    [
                        76.235531,
                        14.319923
                    ],
                    [
                        76.235115,
                        14.320207
                    ],
                    [
                        76.227614,
                        14.325315
                    ],
                    [
                        76.22306,
                        14.328509
                    ],
                    [
                        76.221551,
                        14.32964
                    ],
                    [
                        76.221423,
                        14.329733
                    ],
                    [
                        76.218263,
                        14.332199
                    ],
                    [
                        76.216034,
                        14.333916
                    ],
                    [
                        76.215887,
                        14.33403
                    ],
                    [
                        76.214513,
                        14.335066
                    ],
                    [
                        76.212497,
                        14.336759
                    ],
                    [
                        76.210065,
                        14.338935
                    ],
                    [
                        76.2098,
                        14.339171
                    ],
                    [
                        76.209072,
                        14.339867
                    ],
                    [
                        76.208659,
                        14.340336
                    ],
                    [
                        76.207967,
                        14.341183
                    ],
                    [
                        76.207142,
                        14.342322
                    ],
                    [
                        76.205944,
                        14.344034
                    ],
                    [
                        76.205147,
                        14.345139
                    ],
                    [
                        76.204053,
                        14.346846
                    ],
                    [
                        76.203328,
                        14.348186
                    ],
                    [
                        76.202916,
                        14.348984
                    ],
                    [
                        76.202719,
                        14.349365
                    ],
                    [
                        76.200464,
                        14.353699
                    ],
                    [
                        76.199749,
                        14.355103
                    ],
                    [
                        76.19885,
                        14.356787
                    ],
                    [
                        76.198286,
                        14.357917
                    ],
                    [
                        76.197671,
                        14.359561
                    ],
                    [
                        76.197516,
                        14.360012
                    ],
                    [
                        76.197388,
                        14.360384
                    ],
                    [
                        76.197046,
                        14.361183
                    ],
                    [
                        76.196718,
                        14.361766
                    ],
                    [
                        76.196393,
                        14.362236
                    ],
                    [
                        76.196015,
                        14.362696
                    ],
                    [
                        76.19573,
                        14.362991
                    ],
                    [
                        76.195095,
                        14.363559
                    ],
                    [
                        76.19475,
                        14.363793
                    ],
                    [
                        76.193635,
                        14.364459
                    ],
                    [
                        76.190947,
                        14.365918
                    ],
                    [
                        76.1904,
                        14.366226
                    ],
                    [
                        76.189892,
                        14.366535
                    ],
                    [
                        76.189489,
                        14.366802
                    ],
                    [
                        76.189129,
                        14.367075
                    ],
                    [
                        76.187768,
                        14.368029
                    ],
                    [
                        76.187633,
                        14.368124
                    ],
                    [
                        76.185902,
                        14.36932
                    ],
                    [
                        76.184935,
                        14.369891
                    ],
                    [
                        76.184809,
                        14.369958
                    ],
                    [
                        76.184592,
                        14.370072
                    ],
                    [
                        76.184021,
                        14.370319
                    ],
                    [
                        76.183644,
                        14.370451
                    ],
                    [
                        76.183393,
                        14.370507
                    ],
                    [
                        76.183029,
                        14.370586
                    ],
                    [
                        76.182637,
                        14.37064
                    ],
                    [
                        76.182127,
                        14.370685
                    ],
                    [
                        76.181474,
                        14.370676
                    ],
                    [
                        76.180919,
                        14.370629
                    ],
                    [
                        76.180188,
                        14.370499
                    ],
                    [
                        76.175223,
                        14.369442
                    ],
                    [
                        76.174179,
                        14.369202
                    ],
                    [
                        76.173464,
                        14.369022
                    ],
                    [
                        76.170923,
                        14.368205
                    ],
                    [
                        76.168292,
                        14.367311
                    ],
                    [
                        76.166125,
                        14.366606
                    ],
                    [
                        76.165982,
                        14.366559
                    ],
                    [
                        76.164321,
                        14.36602
                    ],
                    [
                        76.163726,
                        14.365887
                    ],
                    [
                        76.16263,
                        14.365828
                    ],
                    [
                        76.161953,
                        14.365863
                    ],
                    [
                        76.160836,
                        14.365964
                    ],
                    [
                        76.159034,
                        14.366189
                    ],
                    [
                        76.157802,
                        14.366274
                    ],
                    [
                        76.157577,
                        14.36629
                    ],
                    [
                        76.155607,
                        14.366429
                    ],
                    [
                        76.153489,
                        14.366553
                    ],
                    [
                        76.152979,
                        14.36657
                    ],
                    [
                        76.151588,
                        14.366617
                    ],
                    [
                        76.150628,
                        14.366716
                    ],
                    [
                        76.149644,
                        14.366845
                    ],
                    [
                        76.146334,
                        14.367443
                    ],
                    [
                        76.145966,
                        14.367508
                    ],
                    [
                        76.142009,
                        14.368175
                    ],
                    [
                        76.136279,
                        14.369185
                    ],
                    [
                        76.134707,
                        14.369465
                    ],
                    [
                        76.134509,
                        14.369501
                    ],
                    [
                        76.126453,
                        14.370882
                    ],
                    [
                        76.123786,
                        14.371384
                    ],
                    [
                        76.123268,
                        14.371481
                    ],
                    [
                        76.121082,
                        14.371888
                    ],
                    [
                        76.115469,
                        14.373127
                    ],
                    [
                        76.108416,
                        14.375075
                    ],
                    [
                        76.106749,
                        14.375477
                    ],
                    [
                        76.106587,
                        14.375523
                    ],
                    [
                        76.105353,
                        14.375888
                    ],
                    [
                        76.104912,
                        14.376039
                    ],
                    [
                        76.104246,
                        14.376233
                    ],
                    [
                        76.103056,
                        14.37654
                    ],
                    [
                        76.101519,
                        14.376971
                    ],
                    [
                        76.100458,
                        14.377233
                    ],
                    [
                        76.099646,
                        14.377362
                    ],
                    [
                        76.099455,
                        14.377383
                    ],
                    [
                        76.098452,
                        14.377467
                    ],
                    [
                        76.097174,
                        14.37761
                    ],
                    [
                        76.096669,
                        14.377706
                    ],
                    [
                        76.096252,
                        14.377825
                    ],
                    [
                        76.095613,
                        14.378045
                    ],
                    [
                        76.093391,
                        14.378904
                    ],
                    [
                        76.09015,
                        14.380251
                    ],
                    [
                        76.087357,
                        14.381366
                    ],
                    [
                        76.085351,
                        14.382212
                    ],
                    [
                        76.084999,
                        14.38236
                    ],
                    [
                        76.082553,
                        14.383389
                    ],
                    [
                        76.079877,
                        14.384465
                    ],
                    [
                        76.079357,
                        14.384637
                    ],
                    [
                        76.078792,
                        14.384774
                    ],
                    [
                        76.078382,
                        14.384826
                    ],
                    [
                        76.077484,
                        14.384859
                    ],
                    [
                        76.074708,
                        14.384786
                    ],
                    [
                        76.071854,
                        14.3847
                    ],
                    [
                        76.070968,
                        14.384696
                    ],
                    [
                        76.070282,
                        14.384758
                    ],
                    [
                        76.069173,
                        14.384987
                    ],
                    [
                        76.068526,
                        14.385258
                    ],
                    [
                        76.0613,
                        14.388514
                    ],
                    [
                        76.058927,
                        14.3896
                    ],
                    [
                        76.058195,
                        14.389836
                    ],
                    [
                        76.056891,
                        14.390053
                    ],
                    [
                        76.053468,
                        14.390334
                    ],
                    [
                        76.052861,
                        14.390427
                    ],
                    [
                        76.05242,
                        14.390515
                    ],
                    [
                        76.051578,
                        14.390773
                    ],
                    [
                        76.050823,
                        14.391019
                    ],
                    [
                        76.049858,
                        14.391363
                    ],
                    [
                        76.045566,
                        14.392872
                    ],
                    [
                        76.04466,
                        14.393123
                    ],
                    [
                        76.04442,
                        14.393179
                    ],
                    [
                        76.041503,
                        14.393891
                    ],
                    [
                        76.038326,
                        14.394695
                    ],
                    [
                        76.038043,
                        14.394763
                    ],
                    [
                        76.035498,
                        14.395373
                    ],
                    [
                        76.034512,
                        14.395623
                    ],
                    [
                        76.034064,
                        14.395737
                    ],
                    [
                        76.022571,
                        14.39865
                    ],
                    [
                        76.022135,
                        14.398755
                    ],
                    [
                        76.021336,
                        14.398928
                    ],
                    [
                        76.017514,
                        14.399427
                    ],
                    [
                        76.016094,
                        14.39969
                    ],
                    [
                        76.015237,
                        14.399975
                    ],
                    [
                        76.015039,
                        14.400038
                    ],
                    [
                        76.011933,
                        14.401068
                    ],
                    [
                        76.009158,
                        14.401939
                    ],
                    [
                        76.008632,
                        14.402107
                    ],
                    [
                        76.00506,
                        14.403279
                    ],
                    [
                        76.003909,
                        14.403695
                    ],
                    [
                        76.003705,
                        14.403765
                    ],
                    [
                        76.001441,
                        14.404513
                    ],
                    [
                        75.999971,
                        14.40502
                    ],
                    [
                        75.997675,
                        14.405846
                    ],
                    [
                        75.997233,
                        14.405976
                    ],
                    [
                        75.996625,
                        14.406251
                    ],
                    [
                        75.994978,
                        14.40722
                    ],
                    [
                        75.992507,
                        14.408746
                    ],
                    [
                        75.991858,
                        14.409169
                    ],
                    [
                        75.990232,
                        14.410441
                    ],
                    [
                        75.990091,
                        14.410556
                    ],
                    [
                        75.988461,
                        14.411879
                    ],
                    [
                        75.986472,
                        14.413456
                    ],
                    [
                        75.984756,
                        14.414933
                    ],
                    [
                        75.983999,
                        14.415687
                    ],
                    [
                        75.982789,
                        14.416853
                    ],
                    [
                        75.981809,
                        14.417839
                    ],
                    [
                        75.980933,
                        14.41868
                    ],
                    [
                        75.980281,
                        14.419378
                    ],
                    [
                        75.980064,
                        14.419588
                    ],
                    [
                        75.978962,
                        14.420632
                    ],
                    [
                        75.977669,
                        14.421979
                    ],
                    [
                        75.975657,
                        14.423906
                    ],
                    [
                        75.973913,
                        14.42536
                    ],
                    [
                        75.97375,
                        14.425489
                    ],
                    [
                        75.973042,
                        14.426037
                    ],
                    [
                        75.971281,
                        14.42736
                    ],
                    [
                        75.970186,
                        14.428118
                    ],
                    [
                        75.969227,
                        14.42875
                    ],
                    [
                        75.964585,
                        14.431864
                    ],
                    [
                        75.964449,
                        14.431961
                    ],
                    [
                        75.96071,
                        14.434522
                    ],
                    [
                        75.960465,
                        14.434699
                    ],
                    [
                        75.959784,
                        14.435152
                    ],
                    [
                        75.958235,
                        14.436291
                    ],
                    [
                        75.95735,
                        14.436991
                    ],
                    [
                        75.956697,
                        14.437437
                    ],
                    [
                        75.956291,
                        14.437679
                    ],
                    [
                        75.955708,
                        14.437909
                    ],
                    [
                        75.955139,
                        14.43806
                    ],
                    [
                        75.954654,
                        14.438122
                    ],
                    [
                        75.954142,
                        14.438143
                    ],
                    [
                        75.953668,
                        14.438128
                    ],
                    [
                        75.953344,
                        14.43808
                    ],
                    [
                        75.952945,
                        14.437978
                    ],
                    [
                        75.952389,
                        14.437754
                    ],
                    [
                        75.950971,
                        14.437058
                    ],
                    [
                        75.949988,
                        14.436641
                    ],
                    [
                        75.948983,
                        14.436262
                    ],
                    [
                        75.946955,
                        14.435558
                    ],
                    [
                        75.946628,
                        14.43544
                    ],
                    [
                        75.94469,
                        14.434744
                    ],
                    [
                        75.944198,
                        14.434543
                    ],
                    [
                        75.94258,
                        14.434049
                    ],
                    [
                        75.941741,
                        14.433857
                    ],
                    [
                        75.940756,
                        14.433556
                    ],
                    [
                        75.940493,
                        14.433459
                    ],
                    [
                        75.937169,
                        14.432302
                    ],
                    [
                        75.931676,
                        14.430306
                    ],
                    [
                        75.930319,
                        14.429899
                    ],
                    [
                        75.928862,
                        14.429549
                    ],
                    [
                        75.928186,
                        14.429447
                    ],
                    [
                        75.927608,
                        14.429451
                    ],
                    [
                        75.927012,
                        14.429479
                    ],
                    [
                        75.926126,
                        14.429631
                    ],
                    [
                        75.925599,
                        14.429781
                    ],
                    [
                        75.92526,
                        14.429905
                    ],
                    [
                        75.924646,
                        14.430163
                    ],
                    [
                        75.924178,
                        14.430359
                    ],
                    [
                        75.923722,
                        14.43055
                    ],
                    [
                        75.92157,
                        14.431514
                    ],
                    [
                        75.92114,
                        14.431701
                    ],
                    [
                        75.919846,
                        14.432236
                    ],
                    [
                        75.918268,
                        14.432934
                    ],
                    [
                        75.915575,
                        14.434127
                    ],
                    [
                        75.910993,
                        14.436081
                    ],
                    [
                        75.906893,
                        14.437881
                    ],
                    [
                        75.904193,
                        14.439039
                    ],
                    [
                        75.903796,
                        14.439228
                    ],
                    [
                        75.90155,
                        14.440218
                    ],
                    [
                        75.899539,
                        14.4411
                    ],
                    [
                        75.89925,
                        14.441227
                    ],
                    [
                        75.898479,
                        14.441565
                    ],
                    [
                        75.896919,
                        14.44221
                    ],
                    [
                        75.891525,
                        14.444513
                    ],
                    [
                        75.886066,
                        14.446881
                    ],
                    [
                        75.879728,
                        14.449616
                    ],
                    [
                        75.877115,
                        14.450759
                    ],
                    [
                        75.874079,
                        14.452131
                    ],
                    [
                        75.869375,
                        14.454288
                    ],
                    [
                        75.868664,
                        14.454631
                    ],
                    [
                        75.866849,
                        14.455463
                    ],
                    [
                        75.866636,
                        14.455556
                    ],
                    [
                        75.863822,
                        14.456749
                    ],
                    [
                        75.859063,
                        14.458888
                    ],
                    [
                        75.856301,
                        14.460101
                    ],
                    [
                        75.851303,
                        14.462314
                    ],
                    [
                        75.845743,
                        14.464808
                    ],
                    [
                        75.839943,
                        14.46755
                    ],
                    [
                        75.834782,
                        14.469988
                    ],
                    [
                        75.833259,
                        14.470662
                    ],
                    [
                        75.829782,
                        14.472192
                    ],
                    [
                        75.817143,
                        14.477608
                    ],
                    [
                        75.81429,
                        14.478864
                    ],
                    [
                        75.812978,
                        14.479442
                    ],
                    [
                        75.808576,
                        14.48133
                    ],
                    [
                        75.805516,
                        14.482663
                    ],
                    [
                        75.804588,
                        14.48303
                    ],
                    [
                        75.803211,
                        14.483538
                    ],
                    [
                        75.802752,
                        14.483672
                    ],
                    [
                        75.801584,
                        14.48394
                    ],
                    [
                        75.798725,
                        14.484487
                    ],
                    [
                        75.797389,
                        14.48476
                    ],
                    [
                        75.794419,
                        14.48534
                    ],
                    [
                        75.791951,
                        14.485865
                    ],
                    [
                        75.791451,
                        14.485989
                    ],
                    [
                        75.791284,
                        14.48603
                    ],
                    [
                        75.787732,
                        14.486872
                    ],
                    [
                        75.785455,
                        14.487436
                    ],
                    [
                        75.784952,
                        14.487597
                    ],
                    [
                        75.784529,
                        14.487763
                    ],
                    [
                        75.78418,
                        14.487927
                    ],
                    [
                        75.783862,
                        14.4881
                    ],
                    [
                        75.783491,
                        14.488342
                    ],
                    [
                        75.783132,
                        14.488635
                    ],
                    [
                        75.782851,
                        14.48889
                    ],
                    [
                        75.782566,
                        14.489183
                    ],
                    [
                        75.782273,
                        14.489524
                    ],
                    [
                        75.781993,
                        14.48993
                    ],
                    [
                        75.781596,
                        14.490609
                    ],
                    [
                        75.781114,
                        14.491393
                    ],
                    [
                        75.780723,
                        14.492016
                    ],
                    [
                        75.780527,
                        14.492342
                    ],
                    [
                        75.779301,
                        14.494416
                    ],
                    [
                        75.779116,
                        14.494686
                    ],
                    [
                        75.778083,
                        14.496379
                    ],
                    [
                        75.775588,
                        14.50053
                    ],
                    [
                        75.774636,
                        14.502136
                    ],
                    [
                        75.773273,
                        14.504492
                    ],
                    [
                        75.772591,
                        14.506237
                    ],
                    [
                        75.772252,
                        14.507352
                    ],
                    [
                        75.771974,
                        14.50856
                    ],
                    [
                        75.771946,
                        14.508703
                    ],
                    [
                        75.771792,
                        14.509643
                    ],
                    [
                        75.771607,
                        14.512188
                    ],
                    [
                        75.771571,
                        14.513226
                    ],
                    [
                        75.771573,
                        14.513367
                    ],
                    [
                        75.77147,
                        14.51534
                    ],
                    [
                        75.771434,
                        14.516396
                    ],
                    [
                        75.771348,
                        14.519032
                    ],
                    [
                        75.771273,
                        14.520757
                    ],
                    [
                        75.771186,
                        14.522488
                    ],
                    [
                        75.771161,
                        14.522806
                    ],
                    [
                        75.771083,
                        14.52342
                    ],
                    [
                        75.770624,
                        14.525309
                    ],
                    [
                        75.77013,
                        14.526674
                    ],
                    [
                        75.769506,
                        14.527971
                    ],
                    [
                        75.768814,
                        14.529047
                    ],
                    [
                        75.768686,
                        14.529236
                    ],
                    [
                        75.766164,
                        14.533176
                    ],
                    [
                        75.765293,
                        14.534435
                    ],
                    [
                        75.764805,
                        14.535025
                    ],
                    [
                        75.764563,
                        14.535286
                    ],
                    [
                        75.764133,
                        14.535603
                    ],
                    [
                        75.763759,
                        14.535907
                    ],
                    [
                        75.7626,
                        14.536599
                    ],
                    [
                        75.762168,
                        14.536875
                    ],
                    [
                        75.761694,
                        14.537132
                    ],
                    [
                        75.75892,
                        14.538709
                    ],
                    [
                        75.756919,
                        14.53989
                    ],
                    [
                        75.75456,
                        14.541318
                    ],
                    [
                        75.752492,
                        14.542507
                    ],
                    [
                        75.749591,
                        14.54423
                    ],
                    [
                        75.747441,
                        14.545465
                    ],
                    [
                        75.745453,
                        14.546638
                    ],
                    [
                        75.743508,
                        14.547757
                    ],
                    [
                        75.743281,
                        14.547904
                    ],
                    [
                        75.740604,
                        14.549441
                    ],
                    [
                        75.738947,
                        14.550408
                    ],
                    [
                        75.738703,
                        14.550579
                    ],
                    [
                        75.734556,
                        14.552974
                    ],
                    [
                        75.734407,
                        14.553061
                    ],
                    [
                        75.731794,
                        14.55456
                    ],
                    [
                        75.729493,
                        14.555877
                    ],
                    [
                        75.727946,
                        14.556745
                    ],
                    [
                        75.726597,
                        14.557582
                    ],
                    [
                        75.7249,
                        14.55856
                    ],
                    [
                        75.720189,
                        14.561392
                    ],
                    [
                        75.719771,
                        14.561653
                    ],
                    [
                        75.716087,
                        14.563813
                    ],
                    [
                        75.715457,
                        14.564165
                    ],
                    [
                        75.714805,
                        14.564436
                    ],
                    [
                        75.71424,
                        14.564628
                    ],
                    [
                        75.713792,
                        14.56474
                    ],
                    [
                        75.713226,
                        14.564839
                    ],
                    [
                        75.712945,
                        14.564866
                    ],
                    [
                        75.712514,
                        14.564879
                    ],
                    [
                        75.712121,
                        14.564867
                    ],
                    [
                        75.711392,
                        14.564813
                    ],
                    [
                        75.710579,
                        14.564732
                    ],
                    [
                        75.707504,
                        14.564514
                    ],
                    [
                        75.706994,
                        14.564502
                    ],
                    [
                        75.706404,
                        14.564558
                    ],
                    [
                        75.70577,
                        14.564681
                    ],
                    [
                        75.70529,
                        14.564795
                    ],
                    [
                        75.704852,
                        14.564939
                    ],
                    [
                        75.704031,
                        14.565289
                    ],
                    [
                        75.703531,
                        14.565544
                    ],
                    [
                        75.700852,
                        14.567222
                    ],
                    [
                        75.700628,
                        14.567362
                    ],
                    [
                        75.688196,
                        14.575039
                    ],
                    [
                        75.684216,
                        14.577504
                    ],
                    [
                        75.684,
                        14.577641
                    ],
                    [
                        75.680002,
                        14.580113
                    ],
                    [
                        75.677278,
                        14.581776
                    ],
                    [
                        75.677136,
                        14.581875
                    ],
                    [
                        75.675176,
                        14.5831
                    ],
                    [
                        75.674561,
                        14.583435
                    ],
                    [
                        75.673982,
                        14.583698
                    ],
                    [
                        75.673212,
                        14.584004
                    ],
                    [
                        75.673069,
                        14.584049
                    ],
                    [
                        75.672718,
                        14.584158
                    ],
                    [
                        75.671899,
                        14.584412
                    ],
                    [
                        75.670645,
                        14.584778
                    ],
                    [
                        75.668313,
                        14.585458
                    ],
                    [
                        75.662573,
                        14.587148
                    ],
                    [
                        75.658236,
                        14.588402
                    ],
                    [
                        75.657295,
                        14.588662
                    ],
                    [
                        75.655983,
                        14.589067
                    ],
                    [
                        75.654977,
                        14.589344
                    ],
                    [
                        75.653851,
                        14.589633
                    ],
                    [
                        75.651373,
                        14.590245
                    ],
                    [
                        75.651006,
                        14.590336
                    ],
                    [
                        75.646195,
                        14.591523
                    ],
                    [
                        75.640551,
                        14.592952
                    ],
                    [
                        75.638706,
                        14.593388
                    ],
                    [
                        75.637307,
                        14.593743
                    ],
                    [
                        75.63666,
                        14.59392
                    ],
                    [
                        75.635865,
                        14.594177
                    ],
                    [
                        75.634957,
                        14.594527
                    ],
                    [
                        75.63369,
                        14.595104
                    ],
                    [
                        75.632863,
                        14.595532
                    ],
                    [
                        75.63203,
                        14.59603
                    ],
                    [
                        75.630861,
                        14.596831
                    ],
                    [
                        75.62704,
                        14.599757
                    ],
                    [
                        75.626013,
                        14.600563
                    ],
                    [
                        75.623848,
                        14.602223
                    ],
                    [
                        75.623113,
                        14.602771
                    ],
                    [
                        75.62274,
                        14.603048
                    ],
                    [
                        75.619554,
                        14.605497
                    ],
                    [
                        75.61861,
                        14.606168
                    ],
                    [
                        75.618165,
                        14.606445
                    ],
                    [
                        75.616113,
                        14.60759
                    ],
                    [
                        75.615943,
                        14.607684
                    ],
                    [
                        75.613659,
                        14.608963
                    ],
                    [
                        75.613376,
                        14.609124
                    ],
                    [
                        75.612351,
                        14.609704
                    ],
                    [
                        75.61181,
                        14.610055
                    ],
                    [
                        75.611387,
                        14.610373
                    ],
                    [
                        75.610887,
                        14.61081
                    ],
                    [
                        75.610445,
                        14.611273
                    ],
                    [
                        75.609702,
                        14.612215
                    ],
                    [
                        75.607855,
                        14.614766
                    ],
                    [
                        75.607713,
                        14.61497
                    ],
                    [
                        75.606757,
                        14.616375
                    ],
                    [
                        75.60536,
                        14.618319
                    ],
                    [
                        75.604578,
                        14.619362
                    ],
                    [
                        75.604103,
                        14.620026
                    ],
                    [
                        75.603275,
                        14.621183
                    ],
                    [
                        75.602284,
                        14.622555
                    ],
                    [
                        75.601458,
                        14.623741
                    ],
                    [
                        75.60078,
                        14.624544
                    ],
                    [
                        75.60033,
                        14.624938
                    ],
                    [
                        75.600052,
                        14.625175
                    ],
                    [
                        75.599359,
                        14.625713
                    ],
                    [
                        75.599032,
                        14.625916
                    ],
                    [
                        75.598691,
                        14.626137
                    ],
                    [
                        75.598029,
                        14.62649
                    ],
                    [
                        75.597047,
                        14.626944
                    ],
                    [
                        75.595242,
                        14.627874
                    ],
                    [
                        75.588654,
                        14.631075
                    ],
                    [
                        75.587983,
                        14.631403
                    ],
                    [
                        75.587686,
                        14.631548
                    ],
                    [
                        75.586562,
                        14.632083
                    ],
                    [
                        75.585345,
                        14.632687
                    ],
                    [
                        75.584643,
                        14.633131
                    ],
                    [
                        75.583817,
                        14.633806
                    ],
                    [
                        75.583375,
                        14.634269
                    ],
                    [
                        75.582853,
                        14.634934
                    ],
                    [
                        75.58142,
                        14.63687
                    ],
                    [
                        75.578251,
                        14.641093
                    ],
                    [
                        75.577516,
                        14.642082
                    ],
                    [
                        75.574371,
                        14.646238
                    ],
                    [
                        75.574258,
                        14.646387
                    ],
                    [
                        75.571754,
                        14.649743
                    ],
                    [
                        75.570849,
                        14.650892
                    ],
                    [
                        75.570333,
                        14.651549
                    ],
                    [
                        75.56971,
                        14.652429
                    ],
                    [
                        75.569603,
                        14.652587
                    ],
                    [
                        75.568246,
                        14.654567
                    ],
                    [
                        75.568063,
                        14.654813
                    ],
                    [
                        75.566458,
                        14.657088
                    ],
                    [
                        75.565691,
                        14.658274
                    ],
                    [
                        75.564645,
                        14.659879
                    ],
                    [
                        75.563062,
                        14.662223
                    ],
                    [
                        75.559844,
                        14.666881
                    ],
                    [
                        75.559118,
                        14.667834
                    ],
                    [
                        75.55771,
                        14.669633
                    ],
                    [
                        75.554636,
                        14.67301
                    ],
                    [
                        75.553469,
                        14.674357
                    ],
                    [
                        75.552861,
                        14.674861
                    ],
                    [
                        75.552124,
                        14.675339
                    ],
                    [
                        75.550364,
                        14.67609
                    ],
                    [
                        75.54986,
                        14.676356
                    ],
                    [
                        75.54946,
                        14.676638
                    ],
                    [
                        75.549106,
                        14.676924
                    ],
                    [
                        75.548729,
                        14.677281
                    ],
                    [
                        75.547897,
                        14.678305
                    ],
                    [
                        75.547714,
                        14.67854
                    ],
                    [
                        75.547262,
                        14.679156
                    ],
                    [
                        75.546785,
                        14.679716
                    ],
                    [
                        75.546158,
                        14.68032
                    ],
                    [
                        75.545656,
                        14.680724
                    ],
                    [
                        75.544688,
                        14.681418
                    ],
                    [
                        75.544519,
                        14.681537
                    ],
                    [
                        75.54212,
                        14.6832
                    ],
                    [
                        75.539569,
                        14.685004
                    ],
                    [
                        75.537919,
                        14.686334
                    ],
                    [
                        75.531044,
                        14.692288
                    ],
                    [
                        75.528288,
                        14.695141
                    ],
                    [
                        75.526637,
                        14.696941
                    ],
                    [
                        75.526442,
                        14.69713
                    ],
                    [
                        75.523386,
                        14.700335
                    ],
                    [
                        75.522659,
                        14.701056
                    ],
                    [
                        75.521722,
                        14.701903
                    ],
                    [
                        75.515645,
                        14.706611
                    ],
                    [
                        75.514062,
                        14.707761
                    ],
                    [
                        75.513927,
                        14.707846
                    ],
                    [
                        75.513012,
                        14.708422
                    ],
                    [
                        75.511818,
                        14.709006
                    ],
                    [
                        75.510758,
                        14.709476
                    ],
                    [
                        75.509904,
                        14.709778
                    ],
                    [
                        75.507179,
                        14.710638
                    ],
                    [
                        75.505183,
                        14.711293
                    ],
                    [
                        75.504353,
                        14.711604
                    ],
                    [
                        75.503814,
                        14.711929
                    ],
                    [
                        75.503381,
                        14.71231
                    ],
                    [
                        75.503016,
                        14.712692
                    ],
                    [
                        75.5025,
                        14.713333
                    ],
                    [
                        75.50141,
                        14.714555
                    ],
                    [
                        75.500892,
                        14.714942
                    ],
                    [
                        75.500449,
                        14.71517
                    ],
                    [
                        75.500064,
                        14.715307
                    ],
                    [
                        75.499412,
                        14.715435
                    ],
                    [
                        75.497093,
                        14.7157
                    ],
                    [
                        75.492902,
                        14.716221
                    ],
                    [
                        75.491597,
                        14.716404
                    ],
                    [
                        75.490095,
                        14.716553
                    ],
                    [
                        75.488437,
                        14.716631
                    ],
                    [
                        75.486091,
                        14.716741
                    ],
                    [
                        75.484538,
                        14.716843
                    ],
                    [
                        75.483943,
                        14.716939
                    ],
                    [
                        75.483418,
                        14.717129
                    ],
                    [
                        75.482657,
                        14.717537
                    ],
                    [
                        75.482512,
                        14.71767
                    ],
                    [
                        75.482222,
                        14.717923
                    ],
                    [
                        75.481918,
                        14.718269
                    ],
                    [
                        75.481754,
                        14.718514
                    ],
                    [
                        75.480854,
                        14.719811
                    ],
                    [
                        75.480574,
                        14.720119
                    ],
                    [
                        75.4802,
                        14.720475
                    ],
                    [
                        75.478845,
                        14.721439
                    ],
                    [
                        75.477325,
                        14.722579
                    ],
                    [
                        75.475862,
                        14.723612
                    ],
                    [
                        75.470847,
                        14.727238
                    ],
                    [
                        75.467722,
                        14.729471
                    ],
                    [
                        75.467321,
                        14.729865
                    ],
                    [
                        75.466975,
                        14.730278
                    ],
                    [
                        75.466721,
                        14.730773
                    ],
                    [
                        75.466544,
                        14.731328
                    ],
                    [
                        75.466459,
                        14.731683
                    ],
                    [
                        75.466429,
                        14.731875
                    ],
                    [
                        75.466329,
                        14.732387
                    ],
                    [
                        75.466212,
                        14.732857
                    ],
                    [
                        75.466047,
                        14.733296
                    ],
                    [
                        75.465726,
                        14.733786
                    ],
                    [
                        75.465438,
                        14.73415
                    ],
                    [
                        75.46504,
                        14.734578
                    ],
                    [
                        75.452511,
                        14.747501
                    ],
                    [
                        75.44888,
                        14.751275
                    ],
                    [
                        75.447571,
                        14.752654
                    ],
                    [
                        75.446998,
                        14.753209
                    ],
                    [
                        75.446524,
                        14.753573
                    ],
                    [
                        75.445655,
                        14.754126
                    ],
                    [
                        75.443663,
                        14.75533
                    ],
                    [
                        75.44344,
                        14.75547
                    ],
                    [
                        75.443229,
                        14.755601
                    ],
                    [
                        75.442887,
                        14.755812
                    ],
                    [
                        75.44252,
                        14.75604
                    ],
                    [
                        75.4423,
                        14.756185
                    ],
                    [
                        75.441973,
                        14.756443
                    ],
                    [
                        75.441488,
                        14.756968
                    ],
                    [
                        75.441111,
                        14.757506
                    ],
                    [
                        75.439694,
                        14.759736
                    ],
                    [
                        75.439241,
                        14.760189
                    ],
                    [
                        75.438924,
                        14.760444
                    ],
                    [
                        75.43839,
                        14.760764
                    ],
                    [
                        75.437939,
                        14.760992
                    ],
                    [
                        75.436286,
                        14.761619
                    ],
                    [
                        75.434238,
                        14.762414
                    ],
                    [
                        75.433148,
                        14.762808
                    ],
                    [
                        75.43248,
                        14.763053
                    ],
                    [
                        75.431143,
                        14.763705
                    ],
                    [
                        75.430458,
                        14.764111
                    ],
                    [
                        75.429808,
                        14.764548
                    ],
                    [
                        75.429111,
                        14.765089
                    ],
                    [
                        75.428384,
                        14.765722
                    ],
                    [
                        75.428041,
                        14.766066
                    ],
                    [
                        75.42724,
                        14.766971
                    ],
                    [
                        75.42554,
                        14.768962
                    ],
                    [
                        75.425071,
                        14.769546
                    ],
                    [
                        75.424341,
                        14.770307
                    ],
                    [
                        75.423891,
                        14.770744
                    ],
                    [
                        75.423496,
                        14.771098
                    ],
                    [
                        75.422535,
                        14.771895
                    ],
                    [
                        75.422234,
                        14.772144
                    ],
                    [
                        75.42164,
                        14.772641
                    ],
                    [
                        75.420966,
                        14.773015
                    ],
                    [
                        75.420656,
                        14.773136
                    ],
                    [
                        75.420116,
                        14.773294
                    ],
                    [
                        75.419645,
                        14.773402
                    ],
                    [
                        75.419277,
                        14.773442
                    ],
                    [
                        75.418833,
                        14.773444
                    ],
                    [
                        75.418312,
                        14.773412
                    ],
                    [
                        75.415878,
                        14.773096
                    ],
                    [
                        75.414473,
                        14.772877
                    ],
                    [
                        75.413563,
                        14.772795
                    ],
                    [
                        75.413114,
                        14.77278
                    ],
                    [
                        75.412224,
                        14.772813
                    ],
                    [
                        75.411705,
                        14.772864
                    ],
                    [
                        75.410482,
                        14.773108
                    ],
                    [
                        75.40864,
                        14.773583
                    ],
                    [
                        75.408113,
                        14.773702
                    ],
                    [
                        75.404725,
                        14.774573
                    ],
                    [
                        75.404546,
                        14.774617
                    ],
                    [
                        75.403806,
                        14.774798
                    ],
                    [
                        75.403625,
                        14.774842
                    ],
                    [
                        75.401424,
                        14.77538
                    ],
                    [
                        75.401264,
                        14.775417
                    ],
                    [
                        75.399016,
                        14.775968
                    ],
                    [
                        75.396803,
                        14.776551
                    ],
                    [
                        75.394234,
                        14.777187
                    ],
                    [
                        75.393709,
                        14.777348
                    ],
                    [
                        75.39308,
                        14.777608
                    ],
                    [
                        75.392642,
                        14.777825
                    ],
                    [
                        75.392114,
                        14.778142
                    ],
                    [
                        75.391772,
                        14.778398
                    ],
                    [
                        75.391495,
                        14.778634
                    ],
                    [
                        75.390833,
                        14.779265
                    ],
                    [
                        75.38862,
                        14.781349
                    ],
                    [
                        75.3853,
                        14.784591
                    ],
                    [
                        75.384953,
                        14.784886
                    ],
                    [
                        75.384604,
                        14.785241
                    ],
                    [
                        75.384255,
                        14.785597
                    ],
                    [
                        75.383352,
                        14.786443
                    ],
                    [
                        75.382555,
                        14.787343
                    ],
                    [
                        75.381919,
                        14.788277
                    ],
                    [
                        75.381542,
                        14.788933
                    ],
                    [
                        75.381202,
                        14.789622
                    ],
                    [
                        75.380905,
                        14.790346
                    ],
                    [
                        75.378057,
                        14.799449
                    ],
                    [
                        75.377021,
                        14.802894
                    ],
                    [
                        75.376741,
                        14.803784
                    ],
                    [
                        75.376246,
                        14.805347
                    ],
                    [
                        75.375671,
                        14.806802
                    ],
                    [
                        75.375371,
                        14.807412
                    ],
                    [
                        75.372232,
                        14.813455
                    ],
                    [
                        75.371918,
                        14.814093
                    ],
                    [
                        75.37169,
                        14.814594
                    ],
                    [
                        75.371282,
                        14.815624
                    ],
                    [
                        75.369542,
                        14.820985
                    ],
                    [
                        75.368907,
                        14.82304
                    ],
                    [
                        75.36856,
                        14.824003
                    ],
                    [
                        75.368298,
                        14.824545
                    ],
                    [
                        75.368188,
                        14.824761
                    ],
                    [
                        75.367995,
                        14.825068
                    ],
                    [
                        75.367749,
                        14.825475
                    ],
                    [
                        75.367433,
                        14.825899
                    ],
                    [
                        75.366946,
                        14.826483
                    ],
                    [
                        75.366635,
                        14.826799
                    ],
                    [
                        75.366246,
                        14.827164
                    ],
                    [
                        75.36491,
                        14.828357
                    ],
                    [
                        75.364419,
                        14.828795
                    ],
                    [
                        75.361785,
                        14.831115
                    ],
                    [
                        75.361644,
                        14.831241
                    ],
                    [
                        75.358465,
                        14.834094
                    ],
                    [
                        75.356026,
                        14.836258
                    ],
                    [
                        75.355702,
                        14.836572
                    ],
                    [
                        75.353306,
                        14.838678
                    ],
                    [
                        75.353042,
                        14.838921
                    ],
                    [
                        75.351751,
                        14.84006
                    ],
                    [
                        75.35119,
                        14.840582
                    ],
                    [
                        75.350813,
                        14.8409
                    ],
                    [
                        75.350108,
                        14.841405
                    ],
                    [
                        75.349831,
                        14.84156
                    ],
                    [
                        75.349458,
                        14.841738
                    ],
                    [
                        75.348921,
                        14.841953
                    ],
                    [
                        75.34821,
                        14.842137
                    ],
                    [
                        75.347893,
                        14.842197
                    ],
                    [
                        75.34756,
                        14.842238
                    ],
                    [
                        75.346738,
                        14.842265
                    ],
                    [
                        75.346512,
                        14.842254
                    ],
                    [
                        75.345824,
                        14.842166
                    ],
                    [
                        75.345473,
                        14.842108
                    ],
                    [
                        75.345096,
                        14.842044
                    ],
                    [
                        75.344309,
                        14.8419
                    ],
                    [
                        75.343768,
                        14.841819
                    ],
                    [
                        75.343294,
                        14.841771
                    ],
                    [
                        75.3427,
                        14.841749
                    ],
                    [
                        75.34208,
                        14.841759
                    ],
                    [
                        75.340948,
                        14.841873
                    ],
                    [
                        75.339978,
                        14.842099
                    ],
                    [
                        75.339383,
                        14.842284
                    ],
                    [
                        75.338971,
                        14.842439
                    ],
                    [
                        75.338229,
                        14.842761
                    ],
                    [
                        75.337501,
                        14.843172
                    ],
                    [
                        75.337257,
                        14.843338
                    ],
                    [
                        75.336833,
                        14.843636
                    ],
                    [
                        75.336434,
                        14.843956
                    ],
                    [
                        75.335673,
                        14.844713
                    ],
                    [
                        75.335298,
                        14.845134
                    ],
                    [
                        75.333489,
                        14.847455
                    ],
                    [
                        75.330298,
                        14.85174
                    ],
                    [
                        75.329076,
                        14.853287
                    ],
                    [
                        75.328438,
                        14.853989
                    ],
                    [
                        75.328274,
                        14.854152
                    ],
                    [
                        75.328057,
                        14.854343
                    ],
                    [
                        75.327608,
                        14.854707
                    ],
                    [
                        75.325448,
                        14.856191
                    ],
                    [
                        75.325048,
                        14.856519
                    ],
                    [
                        75.324696,
                        14.856865
                    ],
                    [
                        75.324152,
                        14.857546
                    ],
                    [
                        75.323962,
                        14.857844
                    ],
                    [
                        75.323788,
                        14.858154
                    ],
                    [
                        75.323613,
                        14.858532
                    ],
                    [
                        75.323188,
                        14.859552
                    ],
                    [
                        75.323024,
                        14.860015
                    ],
                    [
                        75.322434,
                        14.861478
                    ],
                    [
                        75.321375,
                        14.864164
                    ],
                    [
                        75.319955,
                        14.867746
                    ],
                    [
                        75.319882,
                        14.867932
                    ],
                    [
                        75.319667,
                        14.868529
                    ],
                    [
                        75.318772,
                        14.870795
                    ],
                    [
                        75.318709,
                        14.870954
                    ],
                    [
                        75.318355,
                        14.871797
                    ],
                    [
                        75.318056,
                        14.872338
                    ],
                    [
                        75.317904,
                        14.87258
                    ],
                    [
                        75.317745,
                        14.872786
                    ],
                    [
                        75.317376,
                        14.873198
                    ],
                    [
                        75.316503,
                        14.874091
                    ],
                    [
                        75.315594,
                        14.874933
                    ],
                    [
                        75.312892,
                        14.877575
                    ],
                    [
                        75.311159,
                        14.879247
                    ],
                    [
                        75.310955,
                        14.879446
                    ],
                    [
                        75.307018,
                        14.883274
                    ],
                    [
                        75.30685,
                        14.883438
                    ],
                    [
                        75.304337,
                        14.885924
                    ],
                    [
                        75.302543,
                        14.887654
                    ],
                    [
                        75.299917,
                        14.89025
                    ],
                    [
                        75.29075,
                        14.899191
                    ],
                    [
                        75.290611,
                        14.899329
                    ],
                    [
                        75.287783,
                        14.90213
                    ],
                    [
                        75.284123,
                        14.905707
                    ],
                    [
                        75.281626,
                        14.908102
                    ],
                    [
                        75.279781,
                        14.909893
                    ],
                    [
                        75.279638,
                        14.910032
                    ],
                    [
                        75.278953,
                        14.910692
                    ],
                    [
                        75.278549,
                        14.911107
                    ],
                    [
                        75.277921,
                        14.911719
                    ],
                    [
                        75.277463,
                        14.912219
                    ],
                    [
                        75.277195,
                        14.912487
                    ],
                    [
                        75.276547,
                        14.913222
                    ],
                    [
                        75.275655,
                        14.914269
                    ],
                    [
                        75.275191,
                        14.914872
                    ],
                    [
                        75.274817,
                        14.915358
                    ],
                    [
                        75.274144,
                        14.916321
                    ],
                    [
                        75.273531,
                        14.917303
                    ],
                    [
                        75.273087,
                        14.918061
                    ],
                    [
                        75.272319,
                        14.919488
                    ],
                    [
                        75.272042,
                        14.920058
                    ],
                    [
                        75.271586,
                        14.92108
                    ],
                    [
                        75.271506,
                        14.921265
                    ],
                    [
                        75.270802,
                        14.923127
                    ],
                    [
                        75.269445,
                        14.92702
                    ],
                    [
                        75.26939,
                        14.927167
                    ],
                    [
                        75.268372,
                        14.930022
                    ],
                    [
                        75.268268,
                        14.930249
                    ],
                    [
                        75.268126,
                        14.93056
                    ],
                    [
                        75.267848,
                        14.931095
                    ],
                    [
                        75.267524,
                        14.93164
                    ],
                    [
                        75.267235,
                        14.932056
                    ],
                    [
                        75.266962,
                        14.932391
                    ],
                    [
                        75.266601,
                        14.932807
                    ],
                    [
                        75.266129,
                        14.933267
                    ],
                    [
                        75.265691,
                        14.933652
                    ],
                    [
                        75.265246,
                        14.933982
                    ],
                    [
                        75.263986,
                        14.935028
                    ],
                    [
                        75.261376,
                        14.937096
                    ],
                    [
                        75.259839,
                        14.938302
                    ],
                    [
                        75.259198,
                        14.938808
                    ],
                    [
                        75.257785,
                        14.93988
                    ],
                    [
                        75.255273,
                        14.941749
                    ],
                    [
                        75.25398,
                        14.942693
                    ],
                    [
                        75.253334,
                        14.943194
                    ],
                    [
                        75.252554,
                        14.943744
                    ],
                    [
                        75.251785,
                        14.944311
                    ],
                    [
                        75.251006,
                        14.944947
                    ],
                    [
                        75.250323,
                        14.945539
                    ],
                    [
                        75.249826,
                        14.945999
                    ],
                    [
                        75.24943,
                        14.946417
                    ],
                    [
                        75.24896,
                        14.946995
                    ],
                    [
                        75.248599,
                        14.947486
                    ],
                    [
                        75.248294,
                        14.947964
                    ],
                    [
                        75.247645,
                        14.949034
                    ],
                    [
                        75.247345,
                        14.949566
                    ],
                    [
                        75.246771,
                        14.950733
                    ],
                    [
                        75.246713,
                        14.950858
                    ],
                    [
                        75.246563,
                        14.951178
                    ],
                    [
                        75.245713,
                        14.953631
                    ],
                    [
                        75.244164,
                        14.958138
                    ],
                    [
                        75.244086,
                        14.95837
                    ],
                    [
                        75.24386,
                        14.958988
                    ],
                    [
                        75.243743,
                        14.959247
                    ],
                    [
                        75.243463,
                        14.959777
                    ],
                    [
                        75.241932,
                        14.962299
                    ],
                    [
                        75.240751,
                        14.964188
                    ],
                    [
                        75.236296,
                        14.971431
                    ],
                    [
                        75.236177,
                        14.971609
                    ],
                    [
                        75.235934,
                        14.971916
                    ],
                    [
                        75.235676,
                        14.972198
                    ],
                    [
                        75.23409,
                        14.973823
                    ],
                    [
                        75.230505,
                        14.977451
                    ],
                    [
                        75.226671,
                        14.981357
                    ],
                    [
                        75.225049,
                        14.982942
                    ],
                    [
                        75.224514,
                        14.983542
                    ],
                    [
                        75.223009,
                        14.985682
                    ],
                    [
                        75.222445,
                        14.986395
                    ],
                    [
                        75.222032,
                        14.98684
                    ],
                    [
                        75.220827,
                        14.987968
                    ],
                    [
                        75.220591,
                        14.988174
                    ],
                    [
                        75.219669,
                        14.989009
                    ],
                    [
                        75.218716,
                        14.989953
                    ],
                    [
                        75.217373,
                        14.991142
                    ],
                    [
                        75.214983,
                        14.993315
                    ],
                    [
                        75.214776,
                        14.993478
                    ],
                    [
                        75.214172,
                        14.993966
                    ],
                    [
                        75.213322,
                        14.994614
                    ],
                    [
                        75.211705,
                        14.995805
                    ],
                    [
                        75.210824,
                        14.996478
                    ],
                    [
                        75.210451,
                        14.996808
                    ],
                    [
                        75.208835,
                        14.998692
                    ],
                    [
                        75.204246,
                        15.004121
                    ],
                    [
                        75.203582,
                        15.004855
                    ],
                    [
                        75.202975,
                        15.005379
                    ],
                    [
                        75.201425,
                        15.00637
                    ],
                    [
                        75.200782,
                        15.006822
                    ],
                    [
                        75.199818,
                        15.007549
                    ],
                    [
                        75.196522,
                        15.010325
                    ],
                    [
                        75.195857,
                        15.010874
                    ],
                    [
                        75.19501,
                        15.011428
                    ],
                    [
                        75.194797,
                        15.011529
                    ],
                    [
                        75.192772,
                        15.012552
                    ],
                    [
                        75.192252,
                        15.012878
                    ],
                    [
                        75.191665,
                        15.013329
                    ],
                    [
                        75.191485,
                        15.013495
                    ],
                    [
                        75.189727,
                        15.015123
                    ],
                    [
                        75.189389,
                        15.015415
                    ],
                    [
                        75.189085,
                        15.015651
                    ],
                    [
                        75.188643,
                        15.015937
                    ],
                    [
                        75.187699,
                        15.01643
                    ],
                    [
                        75.187593,
                        15.016495
                    ],
                    [
                        75.186999,
                        15.016842
                    ],
                    [
                        75.186361,
                        15.017266
                    ],
                    [
                        75.185376,
                        15.018039
                    ],
                    [
                        75.184582,
                        15.018757
                    ],
                    [
                        75.183945,
                        15.019484
                    ],
                    [
                        75.183878,
                        15.01957
                    ],
                    [
                        75.183624,
                        15.0199
                    ],
                    [
                        75.1831,
                        15.020704
                    ],
                    [
                        75.182713,
                        15.021457
                    ],
                    [
                        75.182259,
                        15.022547
                    ],
                    [
                        75.182008,
                        15.023232
                    ],
                    [
                        75.181817,
                        15.024012
                    ],
                    [
                        75.181707,
                        15.024544
                    ],
                    [
                        75.181476,
                        15.025831
                    ],
                    [
                        75.181288,
                        15.026777
                    ],
                    [
                        75.18123,
                        15.027057
                    ],
                    [
                        75.18061,
                        15.029825
                    ],
                    [
                        75.180458,
                        15.030307
                    ],
                    [
                        75.180138,
                        15.031052
                    ],
                    [
                        75.179853,
                        15.031593
                    ],
                    [
                        75.179588,
                        15.031997
                    ],
                    [
                        75.179185,
                        15.032514
                    ],
                    [
                        75.178878,
                        15.03286
                    ],
                    [
                        75.17846,
                        15.033309
                    ],
                    [
                        75.178127,
                        15.033584
                    ],
                    [
                        75.177094,
                        15.034291
                    ],
                    [
                        75.175512,
                        15.035145
                    ],
                    [
                        75.174573,
                        15.035787
                    ],
                    [
                        75.174135,
                        15.03615
                    ],
                    [
                        75.173763,
                        15.036544
                    ],
                    [
                        75.173294,
                        15.03715
                    ],
                    [
                        75.173013,
                        15.037581
                    ],
                    [
                        75.172774,
                        15.038026
                    ],
                    [
                        75.172619,
                        15.038484
                    ],
                    [
                        75.172426,
                        15.038992
                    ],
                    [
                        75.172242,
                        15.039658
                    ],
                    [
                        75.172168,
                        15.03988
                    ],
                    [
                        75.171634,
                        15.041494
                    ],
                    [
                        75.169771,
                        15.047427
                    ],
                    [
                        75.169368,
                        15.048827
                    ],
                    [
                        75.168117,
                        15.052805
                    ],
                    [
                        75.16775,
                        15.053942
                    ],
                    [
                        75.167276,
                        15.055032
                    ],
                    [
                        75.166844,
                        15.055914
                    ],
                    [
                        75.166248,
                        15.057035
                    ],
                    [
                        75.165708,
                        15.057925
                    ],
                    [
                        75.165108,
                        15.058684
                    ],
                    [
                        75.163976,
                        15.059972
                    ],
                    [
                        75.161561,
                        15.06251
                    ],
                    [
                        75.160846,
                        15.063292
                    ],
                    [
                        75.160416,
                        15.063861
                    ],
                    [
                        75.160135,
                        15.064294
                    ],
                    [
                        75.15911,
                        15.066377
                    ],
                    [
                        75.158559,
                        15.067429
                    ],
                    [
                        75.158399,
                        15.067745
                    ],
                    [
                        75.157866,
                        15.068798
                    ],
                    [
                        75.156908,
                        15.070554
                    ],
                    [
                        75.156558,
                        15.071132
                    ],
                    [
                        75.156324,
                        15.071518
                    ],
                    [
                        75.155512,
                        15.072893
                    ],
                    [
                        75.154814,
                        15.074127
                    ],
                    [
                        75.154393,
                        15.074987
                    ],
                    [
                        75.153932,
                        15.076011
                    ],
                    [
                        75.152182,
                        15.080631
                    ],
                    [
                        75.152069,
                        15.080964
                    ],
                    [
                        75.151971,
                        15.081339
                    ],
                    [
                        75.151914,
                        15.081656
                    ],
                    [
                        75.151893,
                        15.082226
                    ],
                    [
                        75.151924,
                        15.083424
                    ],
                    [
                        75.152326,
                        15.091238
                    ],
                    [
                        75.152341,
                        15.091523
                    ],
                    [
                        75.152423,
                        15.093846
                    ],
                    [
                        75.152589,
                        15.097102
                    ],
                    [
                        75.152605,
                        15.097411
                    ],
                    [
                        75.152669,
                        15.098748
                    ],
                    [
                        75.152786,
                        15.10039
                    ],
                    [
                        75.152826,
                        15.101302
                    ],
                    [
                        75.152839,
                        15.10157
                    ],
                    [
                        75.1529,
                        15.103232
                    ],
                    [
                        75.152906,
                        15.103803
                    ],
                    [
                        75.152954,
                        15.104335
                    ],
                    [
                        75.153002,
                        15.105185
                    ],
                    [
                        75.152972,
                        15.105747
                    ],
                    [
                        75.15282,
                        15.106888
                    ],
                    [
                        75.152806,
                        15.106996
                    ],
                    [
                        75.152676,
                        15.107974
                    ],
                    [
                        75.15239,
                        15.110397
                    ],
                    [
                        75.152214,
                        15.112058
                    ],
                    [
                        75.152175,
                        15.112457
                    ],
                    [
                        75.152065,
                        15.113392
                    ],
                    [
                        75.151512,
                        15.116772
                    ],
                    [
                        75.151192,
                        15.118038
                    ],
                    [
                        75.150732,
                        15.119658
                    ],
                    [
                        75.149465,
                        15.124318
                    ],
                    [
                        75.148975,
                        15.125993
                    ],
                    [
                        75.148212,
                        15.128809
                    ],
                    [
                        75.147866,
                        15.13048
                    ],
                    [
                        75.147671,
                        15.131526
                    ],
                    [
                        75.147626,
                        15.131712
                    ],
                    [
                        75.147082,
                        15.134353
                    ],
                    [
                        75.146581,
                        15.136908
                    ],
                    [
                        75.146468,
                        15.137497
                    ],
                    [
                        75.146268,
                        15.138426
                    ],
                    [
                        75.146072,
                        15.139212
                    ],
                    [
                        75.145936,
                        15.139754
                    ],
                    [
                        75.145638,
                        15.141109
                    ],
                    [
                        75.14469,
                        15.14566
                    ],
                    [
                        75.144382,
                        15.147026
                    ],
                    [
                        75.144321,
                        15.14732
                    ],
                    [
                        75.14396,
                        15.149059
                    ],
                    [
                        75.143291,
                        15.15228
                    ],
                    [
                        75.143233,
                        15.152528
                    ],
                    [
                        75.142864,
                        15.154328
                    ],
                    [
                        75.142022,
                        15.158408
                    ],
                    [
                        75.141504,
                        15.161263
                    ],
                    [
                        75.141412,
                        15.161902
                    ],
                    [
                        75.14125,
                        15.163646
                    ],
                    [
                        75.141176,
                        15.164684
                    ],
                    [
                        75.141062,
                        15.166719
                    ],
                    [
                        75.141051,
                        15.166909
                    ],
                    [
                        75.141,
                        15.16776
                    ],
                    [
                        75.140919,
                        15.168448
                    ],
                    [
                        75.140732,
                        15.169174
                    ],
                    [
                        75.14052,
                        15.169777
                    ],
                    [
                        75.140457,
                        15.169998
                    ],
                    [
                        75.14008,
                        15.171382
                    ],
                    [
                        75.139989,
                        15.172096
                    ],
                    [
                        75.139796,
                        15.176218
                    ],
                    [
                        75.139773,
                        15.176724
                    ],
                    [
                        75.139722,
                        15.177331
                    ],
                    [
                        75.139671,
                        15.177612
                    ],
                    [
                        75.139566,
                        15.177965
                    ],
                    [
                        75.139404,
                        15.178363
                    ],
                    [
                        75.138999,
                        15.179253
                    ],
                    [
                        75.138418,
                        15.180609
                    ],
                    [
                        75.137807,
                        15.182085
                    ],
                    [
                        75.136221,
                        15.186181
                    ],
                    [
                        75.135583,
                        15.187349
                    ],
                    [
                        75.135215,
                        15.188098
                    ],
                    [
                        75.135142,
                        15.188306
                    ],
                    [
                        75.135105,
                        15.188408
                    ],
                    [
                        75.134822,
                        15.189312
                    ],
                    [
                        75.134741,
                        15.189784
                    ],
                    [
                        75.134713,
                        15.19032
                    ],
                    [
                        75.134746,
                        15.191153
                    ],
                    [
                        75.134843,
                        15.191772
                    ],
                    [
                        75.134961,
                        15.192183
                    ],
                    [
                        75.135622,
                        15.194886
                    ],
                    [
                        75.135961,
                        15.196664
                    ],
                    [
                        75.136208,
                        15.198234
                    ],
                    [
                        75.136511,
                        15.199955
                    ],
                    [
                        75.136875,
                        15.201561
                    ],
                    [
                        75.136934,
                        15.201832
                    ],
                    [
                        75.13723,
                        15.2032
                    ],
                    [
                        75.13735,
                        15.203893
                    ],
                    [
                        75.137424,
                        15.204317
                    ],
                    [
                        75.137748,
                        15.206344
                    ],
                    [
                        75.13792,
                        15.207221
                    ],
                    [
                        75.138075,
                        15.207843
                    ],
                    [
                        75.139307,
                        15.213191
                    ],
                    [
                        75.140392,
                        15.218226
                    ],
                    [
                        75.140529,
                        15.219198
                    ],
                    [
                        75.140558,
                        15.219546
                    ],
                    [
                        75.140611,
                        15.220727
                    ],
                    [
                        75.140591,
                        15.221916
                    ],
                    [
                        75.140584,
                        15.222206
                    ],
                    [
                        75.140575,
                        15.222612
                    ],
                    [
                        75.140359,
                        15.224536
                    ],
                    [
                        75.140343,
                        15.224684
                    ],
                    [
                        75.140188,
                        15.226065
                    ],
                    [
                        75.140176,
                        15.226173
                    ],
                    [
                        75.140115,
                        15.226709
                    ],
                    [
                        75.140042,
                        15.227605
                    ],
                    [
                        75.140066,
                        15.228241
                    ],
                    [
                        75.140308,
                        15.22983
                    ],
                    [
                        75.140334,
                        15.230002
                    ],
                    [
                        75.140658,
                        15.232198
                    ],
                    [
                        75.140801,
                        15.233009
                    ],
                    [
                        75.141226,
                        15.234797
                    ],
                    [
                        75.141958,
                        15.237536
                    ],
                    [
                        75.14274,
                        15.240374
                    ],
                    [
                        75.143577,
                        15.243333
                    ],
                    [
                        75.143813,
                        15.244131
                    ],
                    [
                        75.144446,
                        15.24591
                    ],
                    [
                        75.145005,
                        15.247553
                    ],
                    [
                        75.145187,
                        15.24855
                    ],
                    [
                        75.145213,
                        15.24879
                    ],
                    [
                        75.145608,
                        15.252294
                    ],
                    [
                        75.145607,
                        15.253209
                    ],
                    [
                        75.14511,
                        15.260156
                    ],
                    [
                        75.145012,
                        15.261746
                    ],
                    [
                        75.144838,
                        15.265188
                    ],
                    [
                        75.144928,
                        15.265922
                    ],
                    [
                        75.145045,
                        15.26633
                    ],
                    [
                        75.145274,
                        15.266823
                    ],
                    [
                        75.146407,
                        15.269544
                    ],
                    [
                        75.146527,
                        15.269931
                    ],
                    [
                        75.146653,
                        15.270474
                    ],
                    [
                        75.146765,
                        15.271648
                    ],
                    [
                        75.146868,
                        15.273696
                    ],
                    [
                        75.146877,
                        15.274379
                    ],
                    [
                        75.14693,
                        15.276007
                    ],
                    [
                        75.146939,
                        15.276236
                    ],
                    [
                        75.147129,
                        15.280088
                    ],
                    [
                        75.147184,
                        15.281569
                    ],
                    [
                        75.147161,
                        15.281865
                    ],
                    [
                        75.147085,
                        15.282573
                    ],
                    [
                        75.147028,
                        15.282928
                    ],
                    [
                        75.146162,
                        15.285965
                    ],
                    [
                        75.146136,
                        15.286058
                    ],
                    [
                        75.145543,
                        15.288167
                    ],
                    [
                        75.145405,
                        15.288711
                    ],
                    [
                        75.145339,
                        15.289251
                    ],
                    [
                        75.145326,
                        15.289702
                    ],
                    [
                        75.145407,
                        15.290471
                    ],
                    [
                        75.14552,
                        15.290939
                    ],
                    [
                        75.145901,
                        15.292229
                    ],
                    [
                        75.146024,
                        15.29287
                    ],
                    [
                        75.146085,
                        15.293288
                    ],
                    [
                        75.146116,
                        15.294477
                    ],
                    [
                        75.146193,
                        15.296002
                    ],
                    [
                        75.146194,
                        15.29613
                    ],
                    [
                        75.146189,
                        15.301402
                    ],
                    [
                        75.146177,
                        15.301947
                    ],
                    [
                        75.146172,
                        15.302163
                    ],
                    [
                        75.146153,
                        15.303003
                    ],
                    [
                        75.146187,
                        15.303655
                    ],
                    [
                        75.146207,
                        15.305324
                    ],
                    [
                        75.146208,
                        15.305446
                    ],
                    [
                        75.146203,
                        15.306054
                    ],
                    [
                        75.146168,
                        15.306664
                    ],
                    [
                        75.146085,
                        15.307241
                    ],
                    [
                        75.14592,
                        15.308013
                    ],
                    [
                        75.145104,
                        15.31124
                    ],
                    [
                        75.144437,
                        15.313822
                    ],
                    [
                        75.144226,
                        15.314676
                    ],
                    [
                        75.143999,
                        15.315504
                    ],
                    [
                        75.143911,
                        15.315749
                    ],
                    [
                        75.143778,
                        15.316016
                    ],
                    [
                        75.1437,
                        15.31611
                    ],
                    [
                        75.143477,
                        15.316368
                    ],
                    [
                        75.143384,
                        15.316524
                    ],
                    [
                        75.14335,
                        15.316546
                    ],
                    [
                        75.143303,
                        15.31661
                    ],
                    [
                        75.143078,
                        15.31686
                    ],
                    [
                        75.142861,
                        15.317072
                    ],
                    [
                        75.142508,
                        15.317331
                    ],
                    [
                        75.142335,
                        15.317438
                    ],
                    [
                        75.14135,
                        15.317973
                    ],
                    [
                        75.140975,
                        15.318248
                    ],
                    [
                        75.139926,
                        15.318691
                    ],
                    [
                        75.138107,
                        15.319551
                    ],
                    [
                        75.13694,
                        15.320083
                    ],
                    [
                        75.136203,
                        15.320421
                    ],
                    [
                        75.135895,
                        15.320564
                    ],
                    [
                        75.135125,
                        15.320901
                    ],
                    [
                        75.133459,
                        15.321683
                    ],
                    [
                        75.132683,
                        15.322069
                    ],
                    [
                        75.132215,
                        15.32227
                    ],
                    [
                        75.131118,
                        15.322813
                    ],
                    [
                        75.131004,
                        15.322864
                    ],
                    [
                        75.127005,
                        15.324715
                    ],
                    [
                        75.126791,
                        15.324811
                    ],
                    [
                        75.125153,
                        15.32558
                    ],
                    [
                        75.122987,
                        15.326554
                    ],
                    [
                        75.122097,
                        15.327006
                    ],
                    [
                        75.121731,
                        15.327218
                    ],
                    [
                        75.121435,
                        15.32741
                    ],
                    [
                        75.121146,
                        15.327619
                    ],
                    [
                        75.120758,
                        15.32794
                    ],
                    [
                        75.120958,
                        15.327844
                    ],
                    [
                        75.12113,
                        15.327806
                    ],
                    [
                        75.12125,
                        15.327892
                    ],
                    [
                        75.121336,
                        15.328013
                    ],
                    [
                        75.121327,
                        15.32814
                    ],
                    [
                        75.121285,
                        15.328274
                    ],
                    [
                        75.121212,
                        15.328352
                    ],
                    [
                        75.119626,
                        15.329325
                    ],
                    [
                        75.119347,
                        15.329451
                    ],
                    [
                        75.119225,
                        15.329469
                    ],
                    [
                        75.119099,
                        15.329467
                    ],
                    [
                        75.119131,
                        15.32952
                    ],
                    [
                        75.119344,
                        15.329877
                    ],
                    [
                        75.119395,
                        15.329962
                    ],
                    [
                        75.119641,
                        15.3304
                    ],
                    [
                        75.119987,
                        15.330933
                    ],
                    [
                        75.120197,
                        15.331256
                    ],
                    [
                        75.12057,
                        15.331612
                    ],
                    [
                        75.121566,
                        15.332547
                    ],
                    [
                        75.12175,
                        15.332718
                    ],
                    [
                        75.121921,
                        15.332863
                    ],
                    [
                        75.122007,
                        15.332936
                    ],
                    [
                        75.122497,
                        15.333352
                    ],
                    [
                        75.122977,
                        15.333793
                    ],
                    [
                        75.123653,
                        15.33447
                    ],
                    [
                        75.123746,
                        15.334555
                    ],
                    [
                        75.123992,
                        15.33478
                    ],
                    [
                        75.12452,
                        15.335241
                    ],
                    [
                        75.124607,
                        15.335323
                    ],
                    [
                        75.125024,
                        15.335664
                    ],
                    [
                        75.12557,
                        15.336028
                    ],
                    [
                        75.125686,
                        15.336105
                    ],
                    [
                        75.125952,
                        15.336302
                    ],
                    [
                        75.126514,
                        15.336735
                    ],
                    [
                        75.126709,
                        15.336923
                    ],
                    [
                        75.126758,
                        15.336991
                    ],
                    [
                        75.126776,
                        15.337067
                    ],
                    [
                        75.126788,
                        15.337368
                    ],
                    [
                        75.127079,
                        15.33872
                    ],
                    [
                        75.12717,
                        15.339029
                    ],
                    [
                        75.127307,
                        15.339527
                    ],
                    [
                        75.127622,
                        15.340596
                    ],
                    [
                        75.127669,
                        15.340816
                    ],
                    [
                        75.127945,
                        15.34183
                    ],
                    [
                        75.127973,
                        15.341929
                    ],
                    [
                        75.128078,
                        15.342226
                    ],
                    [
                        75.128096,
                        15.342273
                    ],
                    [
                        75.128234,
                        15.342546
                    ],
                    [
                        75.128582,
                        15.343039
                    ],
                    [
                        75.128896,
                        15.343485
                    ],
                    [
                        75.129296,
                        15.344028
                    ],
                    [
                        75.129798,
                        15.344785
                    ],
                    [
                        75.130371,
                        15.345605
                    ],
                    [
                        75.130549,
                        15.345844
                    ],
                    [
                        75.131425,
                        15.347059
                    ],
                    [
                        75.130935,
                        15.348183
                    ],
                    [
                        75.130043,
                        15.349895
                    ],
                    [
                        75.130003,
                        15.349971
                    ],
                    [
                        75.12991,
                        15.350182
                    ],
                    [
                        75.129681,
                        15.350741
                    ],
                    [
                        75.129594,
                        15.350993
                    ],
                    [
                        75.129558,
                        15.351084
                    ],
                    [
                        75.129438,
                        15.351277
                    ],
                    [
                        75.129336,
                        15.351437
                    ],
                    [
                        75.129149,
                        15.351661
                    ],
                    [
                        75.129086,
                        15.351723
                    ],
                    [
                        75.129055,
                        15.351776
                    ],
                    [
                        75.128652,
                        15.351935
                    ],
                    [
                        75.128494,
                        15.352044
                    ],
                    [
                        75.128053,
                        15.352415
                    ],
                    [
                        75.127981,
                        15.352492
                    ],
                    [
                        75.12778,
                        15.352802
                    ],
                    [
                        75.12774,
                        15.352868
                    ],
                    [
                        75.127577,
                        15.353648
                    ],
                    [
                        75.127334,
                        15.354283
                    ],
                    [
                        75.127283,
                        15.354411
                    ],
                    [
                        75.127153,
                        15.354687
                    ],
                    [
                        75.126971,
                        15.355026
                    ],
                    [
                        75.126486,
                        15.355705
                    ],
                    [
                        75.126245,
                        15.356033
                    ],
                    [
                        75.126171,
                        15.356123
                    ],
                    [
                        75.126065,
                        15.356235
                    ],
                    [
                        75.125592,
                        15.356656
                    ],
                    [
                        75.125358,
                        15.356889
                    ],
                    [
                        75.125244,
                        15.357042
                    ],
                    [
                        75.125189,
                        15.357219
                    ],
                    [
                        75.125022,
                        15.357541
                    ],
                    [
                        75.124894,
                        15.35779
                    ],
                    [
                        75.124848,
                        15.357921
                    ],
                    [
                        75.124794,
                        15.358045
                    ],
                    [
                        75.12415,
                        15.358917
                    ],
                    [
                        75.123711,
                        15.359383
                    ],
                    [
                        75.123491,
                        15.359721
                    ],
                    [
                        75.123469,
                        15.359769
                    ],
                    [
                        75.123313,
                        15.360079
                    ],
                    [
                        75.122977,
                        15.360758
                    ],
                    [
                        75.122843,
                        15.360987
                    ],
                    [
                        75.122667,
                        15.361303
                    ],
                    [
                        75.122452,
                        15.361771
                    ],
                    [
                        75.12229,
                        15.362063
                    ],
                    [
                        75.12219,
                        15.362249
                    ],
                    [
                        75.122122,
                        15.362404
                    ],
                    [
                        75.122059,
                        15.362547
                    ],
                    [
                        75.121652,
                        15.363261
                    ],
                    [
                        75.121596,
                        15.363345
                    ],
                    [
                        75.121454,
                        15.363584
                    ],
                    [
                        75.121391,
                        15.363691
                    ],
                    [
                        75.121109,
                        15.364175
                    ],
                    [
                        75.120901,
                        15.36454
                    ],
                    [
                        75.120717,
                        15.364942
                    ],
                    [
                        75.120449,
                        15.365446
                    ],
                    [
                        75.12014,
                        15.365993
                    ],
                    [
                        75.11982,
                        15.366572
                    ],
                    [
                        75.119782,
                        15.366636
                    ],
                    [
                        75.119547,
                        15.367027
                    ],
                    [
                        75.119437,
                        15.367208
                    ],
                    [
                        75.119225,
                        15.367579
                    ],
                    [
                        75.118988,
                        15.367987
                    ],
                    [
                        75.118735,
                        15.368432
                    ],
                    [
                        75.118561,
                        15.368754
                    ],
                    [
                        75.118176,
                        15.369443
                    ],
                    [
                        75.117981,
                        15.369856
                    ],
                    [
                        75.117885,
                        15.370198
                    ],
                    [
                        75.117769,
                        15.370768
                    ],
                    [
                        75.117669,
                        15.371598
                    ],
                    [
                        75.117672,
                        15.37179
                    ],
                    [
                        75.117705,
                        15.371988
                    ],
                    [
                        75.117615,
                        15.372213
                    ],
                    [
                        75.117429,
                        15.372509
                    ],
                    [
                        75.117257,
                        15.372786
                    ],
                    [
                        75.117241,
                        15.372813
                    ],
                    [
                        75.116945,
                        15.373142
                    ],
                    [
                        75.116723,
                        15.373385
                    ],
                    [
                        75.116589,
                        15.37353
                    ],
                    [
                        75.116276,
                        15.373867
                    ],
                    [
                        75.116068,
                        15.374068
                    ],
                    [
                        75.115939,
                        15.374149
                    ],
                    [
                        75.115709,
                        15.374247
                    ],
                    [
                        75.115315,
                        15.374296
                    ],
                    [
                        75.1151,
                        15.374348
                    ],
                    [
                        75.11492,
                        15.374408
                    ],
                    [
                        75.114755,
                        15.374536
                    ],
                    [
                        75.114247,
                        15.375266
                    ],
                    [
                        75.113785,
                        15.37601
                    ],
                    [
                        75.113762,
                        15.376062
                    ],
                    [
                        75.113694,
                        15.376215
                    ],
                    [
                        75.11364,
                        15.376353
                    ],
                    [
                        75.113479,
                        15.376826
                    ],
                    [
                        75.113363,
                        15.377216
                    ],
                    [
                        75.113193,
                        15.378115
                    ],
                    [
                        75.113128,
                        15.378558
                    ],
                    [
                        75.113122,
                        15.378802
                    ],
                    [
                        75.113134,
                        15.378961
                    ],
                    [
                        75.113192,
                        15.379272
                    ],
                    [
                        75.113255,
                        15.379465
                    ],
                    [
                        75.11331,
                        15.379762
                    ],
                    [
                        75.113303,
                        15.380248
                    ],
                    [
                        75.113207,
                        15.380812
                    ],
                    [
                        75.113133,
                        15.381099
                    ],
                    [
                        75.11299,
                        15.381586
                    ],
                    [
                        75.112909,
                        15.38175
                    ],
                    [
                        75.112861,
                        15.381846
                    ],
                    [
                        75.112663,
                        15.381996
                    ],
                    [
                        75.112457,
                        15.382085
                    ],
                    [
                        75.111167,
                        15.382389
                    ],
                    [
                        75.109914,
                        15.382703
                    ],
                    [
                        75.109519,
                        15.382823
                    ],
                    [
                        75.109287,
                        15.382927
                    ],
                    [
                        75.109182,
                        15.382982
                    ],
                    [
                        75.109012,
                        15.383113
                    ],
                    [
                        75.108885,
                        15.383238
                    ],
                    [
                        75.108739,
                        15.383422
                    ],
                    [
                        75.108456,
                        15.383825
                    ],
                    [
                        75.108098,
                        15.384358
                    ],
                    [
                        75.107991,
                        15.384523
                    ],
                    [
                        75.107593,
                        15.385028
                    ],
                    [
                        75.107332,
                        15.385323
                    ],
                    [
                        75.107092,
                        15.385553
                    ],
                    [
                        75.107011,
                        15.385619
                    ],
                    [
                        75.10673,
                        15.385859
                    ],
                    [
                        75.105938,
                        15.386477
                    ],
                    [
                        75.104768,
                        15.387337
                    ],
                    [
                        75.104048,
                        15.387872
                    ],
                    [
                        75.103616,
                        15.388254
                    ],
                    [
                        75.103392,
                        15.388461
                    ],
                    [
                        75.102811,
                        15.388951
                    ],
                    [
                        75.102586,
                        15.389126
                    ],
                    [
                        75.102262,
                        15.389332
                    ],
                    [
                        75.101982,
                        15.389487
                    ],
                    [
                        75.101563,
                        15.389676
                    ],
                    [
                        75.100764,
                        15.390036
                    ],
                    [
                        75.100068,
                        15.390391
                    ],
                    [
                        75.099883,
                        15.390472
                    ],
                    [
                        75.099796,
                        15.390503
                    ],
                    [
                        75.09932,
                        15.390675
                    ],
                    [
                        75.098659,
                        15.390954
                    ],
                    [
                        75.098084,
                        15.391209
                    ],
                    [
                        75.097277,
                        15.391564
                    ],
                    [
                        75.096029,
                        15.39214
                    ],
                    [
                        75.095826,
                        15.392236
                    ],
                    [
                        75.094255,
                        15.392913
                    ],
                    [
                        75.093785,
                        15.393083
                    ],
                    [
                        75.093684,
                        15.393112
                    ],
                    [
                        75.093311,
                        15.393221
                    ],
                    [
                        75.090687,
                        15.393877
                    ],
                    [
                        75.090242,
                        15.393986
                    ],
                    [
                        75.089631,
                        15.39416
                    ],
                    [
                        75.089259,
                        15.39424
                    ],
                    [
                        75.088012,
                        15.394502
                    ],
                    [
                        75.087582,
                        15.394588
                    ],
                    [
                        75.086744,
                        15.394715
                    ],
                    [
                        75.086569,
                        15.394755
                    ],
                    [
                        75.086412,
                        15.394777
                    ],
                    [
                        75.086271,
                        15.394801
                    ],
                    [
                        75.086185,
                        15.394815
                    ],
                    [
                        75.086087,
                        15.394832
                    ],
                    [
                        75.085655,
                        15.394921
                    ],
                    [
                        75.085274,
                        15.39504
                    ],
                    [
                        75.084797,
                        15.395331
                    ],
                    [
                        75.084674,
                        15.395413
                    ],
                    [
                        75.084108,
                        15.395861
                    ],
                    [
                        75.083123,
                        15.396576
                    ],
                    [
                        75.081772,
                        15.397506
                    ],
                    [
                        75.081322,
                        15.397788
                    ],
                    [
                        75.080827,
                        15.398071
                    ],
                    [
                        75.080064,
                        15.398519
                    ],
                    [
                        75.07988,
                        15.398644
                    ],
                    [
                        75.079526,
                        15.398876
                    ],
                    [
                        75.078258,
                        15.399792
                    ],
                    [
                        75.078013,
                        15.399967
                    ],
                    [
                        75.077636,
                        15.40024
                    ],
                    [
                        75.076629,
                        15.400961
                    ],
                    [
                        75.075168,
                        15.401994
                    ],
                    [
                        75.074468,
                        15.402408
                    ],
                    [
                        75.073693,
                        15.402793
                    ],
                    [
                        75.073253,
                        15.402996
                    ],
                    [
                        75.071766,
                        15.403738
                    ],
                    [
                        75.069362,
                        15.404928
                    ],
                    [
                        75.068823,
                        15.405135
                    ],
                    [
                        75.066765,
                        15.405875
                    ],
                    [
                        75.066632,
                        15.405915
                    ],
                    [
                        75.066173,
                        15.406075
                    ],
                    [
                        75.065824,
                        15.4062
                    ],
                    [
                        75.065435,
                        15.406366
                    ],
                    [
                        75.064379,
                        15.406875
                    ],
                    [
                        75.063869,
                        15.407072
                    ],
                    [
                        75.063429,
                        15.407215
                    ],
                    [
                        75.062665,
                        15.4074
                    ],
                    [
                        75.062458,
                        15.407494
                    ],
                    [
                        75.062269,
                        15.407599
                    ],
                    [
                        75.061911,
                        15.407884
                    ],
                    [
                        75.061529,
                        15.40822
                    ],
                    [
                        75.061189,
                        15.408589
                    ],
                    [
                        75.060825,
                        15.409015
                    ],
                    [
                        75.060287,
                        15.409743
                    ],
                    [
                        75.059735,
                        15.410474
                    ],
                    [
                        75.058802,
                        15.411681
                    ],
                    [
                        75.058444,
                        15.412053
                    ],
                    [
                        75.058118,
                        15.412353
                    ],
                    [
                        75.057223,
                        15.413134
                    ],
                    [
                        75.056212,
                        15.41392
                    ],
                    [
                        75.055802,
                        15.414179
                    ],
                    [
                        75.055425,
                        15.414377
                    ],
                    [
                        75.054779,
                        15.414662
                    ],
                    [
                        75.053752,
                        15.415052
                    ],
                    [
                        75.052645,
                        15.415523
                    ],
                    [
                        75.050646,
                        15.416292
                    ],
                    [
                        75.048924,
                        15.416928
                    ],
                    [
                        75.048832,
                        15.416958
                    ],
                    [
                        75.04765,
                        15.417383
                    ],
                    [
                        75.046737,
                        15.417664
                    ],
                    [
                        75.046374,
                        15.417702
                    ],
                    [
                        75.044595,
                        15.417775
                    ],
                    [
                        75.044125,
                        15.417852
                    ],
                    [
                        75.043112,
                        15.418062
                    ],
                    [
                        75.041498,
                        15.418426
                    ],
                    [
                        75.04131,
                        15.418482
                    ],
                    [
                        75.040984,
                        15.418602
                    ],
                    [
                        75.04055,
                        15.418878
                    ],
                    [
                        75.040308,
                        15.419062
                    ],
                    [
                        75.039641,
                        15.419626
                    ],
                    [
                        75.039322,
                        15.419874
                    ],
                    [
                        75.038016,
                        15.420952
                    ],
                    [
                        75.037305,
                        15.421602
                    ],
                    [
                        75.036975,
                        15.422022
                    ],
                    [
                        75.036793,
                        15.422401
                    ],
                    [
                        75.036529,
                        15.423064
                    ],
                    [
                        75.036433,
                        15.423264
                    ],
                    [
                        75.036225,
                        15.423764
                    ],
                    [
                        75.036108,
                        15.424026
                    ],
                    [
                        75.03559,
                        15.425344
                    ],
                    [
                        75.035151,
                        15.426221
                    ],
                    [
                        75.035031,
                        15.426396
                    ],
                    [
                        75.034611,
                        15.426885
                    ],
                    [
                        75.034311,
                        15.427161
                    ],
                    [
                        75.033656,
                        15.427554
                    ],
                    [
                        75.032479,
                        15.428229
                    ],
                    [
                        75.031848,
                        15.428666
                    ],
                    [
                        75.031304,
                        15.429662
                    ],
                    [
                        75.031093,
                        15.429861
                    ],
                    [
                        75.030877,
                        15.430029
                    ],
                    [
                        75.030841,
                        15.430042
                    ],
                    [
                        75.02831,
                        15.430948
                    ],
                    [
                        75.027972,
                        15.431054
                    ],
                    [
                        75.026866,
                        15.431444
                    ],
                    [
                        75.026416,
                        15.431645
                    ],
                    [
                        75.024644,
                        15.432965
                    ],
                    [
                        75.023418,
                        15.43379
                    ],
                    [
                        75.023299,
                        15.433888
                    ],
                    [
                        75.023047,
                        15.43416
                    ],
                    [
                        75.022921,
                        15.434415
                    ],
                    [
                        75.022739,
                        15.434889
                    ],
                    [
                        75.022603,
                        15.435116
                    ],
                    [
                        75.021987,
                        15.435766
                    ],
                    [
                        75.021832,
                        15.435894
                    ],
                    [
                        75.02167,
                        15.435985
                    ],
                    [
                        75.021037,
                        15.436189
                    ],
                    [
                        75.020697,
                        15.436296
                    ],
                    [
                        75.020322,
                        15.436466
                    ],
                    [
                        75.020152,
                        15.43656
                    ],
                    [
                        75.01987,
                        15.436754
                    ],
                    [
                        75.019629,
                        15.436944
                    ],
                    [
                        75.019522,
                        15.437083
                    ],
                    [
                        75.019494,
                        15.43712
                    ],
                    [
                        75.019091,
                        15.437652
                    ],
                    [
                        75.018828,
                        15.438143
                    ],
                    [
                        75.018646,
                        15.438421
                    ],
                    [
                        75.018312,
                        15.438961
                    ],
                    [
                        75.018119,
                        15.439259
                    ],
                    [
                        75.017984,
                        15.439485
                    ],
                    [
                        75.01764,
                        15.439912
                    ],
                    [
                        75.017455,
                        15.440119
                    ],
                    [
                        75.017234,
                        15.440338
                    ],
                    [
                        75.016835,
                        15.440698
                    ],
                    [
                        75.016496,
                        15.441033
                    ],
                    [
                        75.015465,
                        15.442125
                    ],
                    [
                        75.015271,
                        15.442412
                    ],
                    [
                        75.014473,
                        15.443122
                    ],
                    [
                        75.013901,
                        15.443622
                    ],
                    [
                        75.013472,
                        15.444129
                    ],
                    [
                        75.013155,
                        15.444809
                    ],
                    [
                        75.013002,
                        15.445203
                    ],
                    [
                        75.0126,
                        15.445905
                    ],
                    [
                        75.012208,
                        15.446809
                    ],
                    [
                        75.012124,
                        15.447135
                    ],
                    [
                        75.011985,
                        15.447453
                    ],
                    [
                        75.011628,
                        15.448479
                    ],
                    [
                        75.01139,
                        15.449044
                    ],
                    [
                        75.011015,
                        15.44988
                    ],
                    [
                        75.010942,
                        15.450084
                    ],
                    [
                        75.010911,
                        15.450239
                    ],
                    [
                        75.010909,
                        15.450412
                    ],
                    [
                        75.010912,
                        15.450589
                    ],
                    [
                        75.010872,
                        15.450864
                    ],
                    [
                        75.010826,
                        15.451039
                    ],
                    [
                        75.010657,
                        15.451472
                    ],
                    [
                        75.010436,
                        15.452116
                    ],
                    [
                        75.010265,
                        15.452448
                    ],
                    [
                        75.010156,
                        15.452618
                    ],
                    [
                        75.010028,
                        15.452759
                    ],
                    [
                        75.009812,
                        15.452951
                    ],
                    [
                        75.008827,
                        15.453668
                    ],
                    [
                        75.008636,
                        15.453868
                    ],
                    [
                        75.008097,
                        15.454261
                    ],
                    [
                        75.007656,
                        15.454547
                    ],
                    [
                        75.007264,
                        15.454769
                    ],
                    [
                        75.007196,
                        15.454821
                    ],
                    [
                        75.007083,
                        15.454946
                    ],
                    [
                        75.007006,
                        15.455109
                    ],
                    [
                        75.006817,
                        15.456193
                    ],
                    [
                        75.006819,
                        15.45641
                    ],
                    [
                        75.006877,
                        15.456734
                    ],
                    [
                        75.007189,
                        15.457516
                    ],
                    [
                        75.007579,
                        15.458605
                    ],
                    [
                        75.007636,
                        15.458721
                    ],
                    [
                        75.007795,
                        15.458973
                    ],
                    [
                        75.007478,
                        15.45949
                    ],
                    [
                        75.006308,
                        15.46074
                    ],
                    [
                        75.005567,
                        15.461525
                    ],
                    [
                        75.005331,
                        15.461712
                    ],
                    [
                        75.004455,
                        15.462211
                    ],
                    [
                        75.004114,
                        15.46249
                    ],
                    [
                        75.003737,
                        15.462635
                    ],
                    [
                        75.003678,
                        15.462658
                    ],
                    [
                        75.002977,
                        15.46294
                    ],
                    [
                        75.002435,
                        15.463136
                    ],
                    [
                        75.000862,
                        15.463706
                    ],
                    [
                        75.00048,
                        15.463871
                    ],
                    [
                        74.999701,
                        15.464209
                    ],
                    [
                        74.999491,
                        15.46429
                    ],
                    [
                        74.999071,
                        15.464385
                    ],
                    [
                        74.998357,
                        15.464473
                    ],
                    [
                        74.998177,
                        15.464525
                    ],
                    [
                        74.998122,
                        15.464457
                    ],
                    [
                        74.997776,
                        15.464428
                    ],
                    [
                        74.996802,
                        15.464421
                    ],
                    [
                        74.996258,
                        15.464389
                    ],
                    [
                        74.995435,
                        15.464293
                    ],
                    [
                        74.995364,
                        15.464285
                    ],
                    [
                        74.993564,
                        15.464059
                    ],
                    [
                        74.992265,
                        15.463859
                    ],
                    [
                        74.990194,
                        15.463498
                    ],
                    [
                        74.989378,
                        15.463581
                    ],
                    [
                        74.989002,
                        15.463602
                    ],
                    [
                        74.988489,
                        15.463595
                    ],
                    [
                        74.988095,
                        15.46359
                    ],
                    [
                        74.987697,
                        15.463434
                    ],
                    [
                        74.986917,
                        15.46313
                    ],
                    [
                        74.986541,
                        15.462983
                    ],
                    [
                        74.98589,
                        15.462773
                    ],
                    [
                        74.985041,
                        15.462152
                    ],
                    [
                        74.984941,
                        15.462119
                    ],
                    [
                        74.984782,
                        15.462094
                    ],
                    [
                        74.984698,
                        15.462115
                    ],
                    [
                        74.984606,
                        15.462137
                    ],
                    [
                        74.984447,
                        15.462241
                    ],
                    [
                        74.984069,
                        15.462552
                    ],
                    [
                        74.983856,
                        15.462686
                    ],
                    [
                        74.98371,
                        15.462777
                    ],
                    [
                        74.983657,
                        15.462807
                    ],
                    [
                        74.983392,
                        15.46297
                    ],
                    [
                        74.983308,
                        15.463035
                    ],
                    [
                        74.983039,
                        15.463242
                    ],
                    [
                        74.982957,
                        15.463274
                    ],
                    [
                        74.982289,
                        15.463536
                    ],
                    [
                        74.982232,
                        15.463545
                    ],
                    [
                        74.98146,
                        15.463669
                    ],
                    [
                        74.981194,
                        15.463711
                    ],
                    [
                        74.980795,
                        15.46375
                    ],
                    [
                        74.980696,
                        15.463762
                    ],
                    [
                        74.980233,
                        15.463804
                    ],
                    [
                        74.979849,
                        15.463782
                    ],
                    [
                        74.979728,
                        15.463775
                    ],
                    [
                        74.979415,
                        15.463757
                    ],
                    [
                        74.979085,
                        15.463738
                    ],
                    [
                        74.978887,
                        15.463726
                    ],
                    [
                        74.978671,
                        15.463714
                    ],
                    [
                        74.977837,
                        15.463665
                    ],
                    [
                        74.977292,
                        15.463626
                    ],
                    [
                        74.976497,
                        15.463568
                    ],
                    [
                        74.975172,
                        15.463451
                    ],
                    [
                        74.973285,
                        15.463027
                    ],
                    [
                        74.97061,
                        15.462426
                    ],
                    [
                        74.970426,
                        15.462385
                    ],
                    [
                        74.969092,
                        15.461742
                    ],
                    [
                        74.968274,
                        15.461584
                    ],
                    [
                        74.967167,
                        15.46137
                    ],
                    [
                        74.966649,
                        15.46127
                    ],
                    [
                        74.966491,
                        15.461239
                    ],
                    [
                        74.966451,
                        15.461216
                    ],
                    [
                        74.966271,
                        15.46111
                    ],
                    [
                        74.96614,
                        15.460806
                    ],
                    [
                        74.966071,
                        15.460726
                    ],
                    [
                        74.9659,
                        15.460531
                    ],
                    [
                        74.965631,
                        15.46037
                    ],
                    [
                        74.965393,
                        15.460228
                    ],
                    [
                        74.965193,
                        15.460167
                    ],
                    [
                        74.964971,
                        15.4601
                    ],
                    [
                        74.964728,
                        15.460026
                    ],
                    [
                        74.964676,
                        15.460017
                    ],
                    [
                        74.964494,
                        15.460017
                    ],
                    [
                        74.964419,
                        15.460016
                    ],
                    [
                        74.963986,
                        15.460015
                    ],
                    [
                        74.96238,
                        15.460148
                    ],
                    [
                        74.961612,
                        15.46034
                    ],
                    [
                        74.961045,
                        15.460481
                    ],
                    [
                        74.960089,
                        15.460522
                    ],
                    [
                        74.958094,
                        15.460561
                    ],
                    [
                        74.957174,
                        15.460497
                    ],
                    [
                        74.956362,
                        15.460381
                    ],
                    [
                        74.95348,
                        15.459871
                    ],
                    [
                        74.952326,
                        15.459634
                    ],
                    [
                        74.95027,
                        15.45922
                    ],
                    [
                        74.948752,
                        15.45911
                    ],
                    [
                        74.947894,
                        15.458977
                    ],
                    [
                        74.946821,
                        15.45881
                    ],
                    [
                        74.945857,
                        15.45871
                    ],
                    [
                        74.944048,
                        15.458539
                    ],
                    [
                        74.943551,
                        15.458457
                    ],
                    [
                        74.942931,
                        15.458298
                    ],
                    [
                        74.938315,
                        15.456907
                    ],
                    [
                        74.933634,
                        15.455802
                    ],
                    [
                        74.933159,
                        15.455777
                    ],
                    [
                        74.932771,
                        15.455835
                    ],
                    [
                        74.931645,
                        15.456146
                    ],
                    [
                        74.931491,
                        15.456188
                    ],
                    [
                        74.929303,
                        15.456875
                    ],
                    [
                        74.928947,
                        15.456922
                    ],
                    [
                        74.928555,
                        15.456933
                    ],
                    [
                        74.927937,
                        15.456847
                    ],
                    [
                        74.927579,
                        15.456767
                    ],
                    [
                        74.927246,
                        15.456582
                    ],
                    [
                        74.926919,
                        15.456333
                    ],
                    [
                        74.926763,
                        15.456059
                    ],
                    [
                        74.92643,
                        15.454904
                    ],
                    [
                        74.926286,
                        15.454657
                    ],
                    [
                        74.925937,
                        15.454342
                    ],
                    [
                        74.925486,
                        15.454016
                    ],
                    [
                        74.925246,
                        15.453873
                    ],
                    [
                        74.924928,
                        15.453794
                    ],
                    [
                        74.923887,
                        15.45371
                    ],
                    [
                        74.922971,
                        15.453742
                    ],
                    [
                        74.92245,
                        15.453685
                    ],
                    [
                        74.921884,
                        15.45338
                    ],
                    [
                        74.92088,
                        15.452138
                    ],
                    [
                        74.920002,
                        15.451817
                    ],
                    [
                        74.918639,
                        15.45135
                    ],
                    [
                        74.917166,
                        15.450652
                    ],
                    [
                        74.916887,
                        15.450493
                    ],
                    [
                        74.916563,
                        15.450402
                    ],
                    [
                        74.916144,
                        15.450407
                    ],
                    [
                        74.914944,
                        15.450502
                    ],
                    [
                        74.913343,
                        15.450666
                    ],
                    [
                        74.911068,
                        15.45065
                    ],
                    [
                        74.908494,
                        15.450475
                    ],
                    [
                        74.908237,
                        15.450429
                    ],
                    [
                        74.908064,
                        15.450337
                    ],
                    [
                        74.907748,
                        15.449522
                    ],
                    [
                        74.907571,
                        15.449109
                    ],
                    [
                        74.907285,
                        15.448556
                    ],
                    [
                        74.906963,
                        15.448115
                    ],
                    [
                        74.906557,
                        15.447655
                    ],
                    [
                        74.906293,
                        15.447424
                    ],
                    [
                        74.906008,
                        15.447233
                    ],
                    [
                        74.905633,
                        15.447084
                    ],
                    [
                        74.905102,
                        15.446953
                    ],
                    [
                        74.904257,
                        15.446821
                    ],
                    [
                        74.903905,
                        15.446796
                    ],
                    [
                        74.903511,
                        15.446799
                    ],
                    [
                        74.902877,
                        15.446874
                    ],
                    [
                        74.901243,
                        15.447112
                    ],
                    [
                        74.899747,
                        15.447414
                    ],
                    [
                        74.899337,
                        15.447537
                    ],
                    [
                        74.899051,
                        15.447668
                    ],
                    [
                        74.896342,
                        15.449124
                    ],
                    [
                        74.896159,
                        15.449161
                    ],
                    [
                        74.896014,
                        15.449146
                    ],
                    [
                        74.895912,
                        15.449112
                    ],
                    [
                        74.895819,
                        15.449047
                    ],
                    [
                        74.894624,
                        15.447906
                    ],
                    [
                        74.891647,
                        15.445509
                    ],
                    [
                        74.886707,
                        15.441577
                    ],
                    [
                        74.885263,
                        15.44041
                    ],
                    [
                        74.88402,
                        15.439465
                    ],
                    [
                        74.883585,
                        15.439221
                    ],
                    [
                        74.883107,
                        15.439325
                    ],
                    [
                        74.882288,
                        15.439744
                    ],
                    [
                        74.881745,
                        15.43994
                    ],
                    [
                        74.88136,
                        15.440112
                    ],
                    [
                        74.88117,
                        15.4405
                    ],
                    [
                        74.880724,
                        15.44093
                    ],
                    [
                        74.879695,
                        15.441397
                    ],
                    [
                        74.878211,
                        15.441192
                    ],
                    [
                        74.876636,
                        15.440492
                    ],
                    [
                        74.874607,
                        15.43985
                    ],
                    [
                        74.873396,
                        15.439791
                    ],
                    [
                        74.872745,
                        15.439889
                    ],
                    [
                        74.871826,
                        15.439782
                    ],
                    [
                        74.871392,
                        15.439802
                    ],
                    [
                        74.870911,
                        15.439757
                    ],
                    [
                        74.870587,
                        15.439642
                    ],
                    [
                        74.870172,
                        15.43952
                    ],
                    [
                        74.869723,
                        15.439435
                    ],
                    [
                        74.869288,
                        15.439578
                    ],
                    [
                        74.867824,
                        15.440638
                    ],
                    [
                        74.866328,
                        15.44111
                    ],
                    [
                        74.864856,
                        15.441689
                    ],
                    [
                        74.863801,
                        15.442214
                    ],
                    [
                        74.863324,
                        15.442274
                    ],
                    [
                        74.862464,
                        15.442126
                    ],
                    [
                        74.861252,
                        15.44128
                    ],
                    [
                        74.859435,
                        15.440667
                    ],
                    [
                        74.85414,
                        15.43972
                    ],
                    [
                        74.853846,
                        15.439678
                    ],
                    [
                        74.853578,
                        15.439685
                    ],
                    [
                        74.853398,
                        15.43972
                    ],
                    [
                        74.853245,
                        15.439792
                    ],
                    [
                        74.853076,
                        15.439908
                    ],
                    [
                        74.852088,
                        15.440913
                    ],
                    [
                        74.851805,
                        15.44116
                    ],
                    [
                        74.851559,
                        15.441288
                    ],
                    [
                        74.850313,
                        15.441703
                    ],
                    [
                        74.849551,
                        15.441966
                    ],
                    [
                        74.849114,
                        15.442117
                    ],
                    [
                        74.848812,
                        15.442222
                    ],
                    [
                        74.847954,
                        15.442518
                    ],
                    [
                        74.845202,
                        15.443469
                    ],
                    [
                        74.844052,
                        15.4442
                    ],
                    [
                        74.842397,
                        15.444756
                    ],
                    [
                        74.842053,
                        15.444841
                    ],
                    [
                        74.837087,
                        15.444812
                    ],
                    [
                        74.835632,
                        15.44548
                    ],
                    [
                        74.834967,
                        15.4456
                    ],
                    [
                        74.83212,
                        15.445688
                    ],
                    [
                        74.830872,
                        15.445291
                    ],
                    [
                        74.829168,
                        15.445185
                    ],
                    [
                        74.828776,
                        15.44525
                    ],
                    [
                        74.827669,
                        15.445863
                    ],
                    [
                        74.82573,
                        15.446622
                    ],
                    [
                        74.822432,
                        15.4488
                    ],
                    [
                        74.822199,
                        15.448956
                    ],
                    [
                        74.821328,
                        15.449644
                    ],
                    [
                        74.820982,
                        15.449658
                    ],
                    [
                        74.819921,
                        15.449389
                    ],
                    [
                        74.819618,
                        15.449312
                    ],
                    [
                        74.818448,
                        15.449125
                    ],
                    [
                        74.818236,
                        15.449091
                    ],
                    [
                        74.817602,
                        15.449239
                    ],
                    [
                        74.816902,
                        15.44955
                    ],
                    [
                        74.816106,
                        15.449855
                    ],
                    [
                        74.814495,
                        15.450573
                    ],
                    [
                        74.813905,
                        15.450684
                    ],
                    [
                        74.812153,
                        15.450914
                    ],
                    [
                        74.809417,
                        15.453187
                    ],
                    [
                        74.808968,
                        15.453416
                    ],
                    [
                        74.806698,
                        15.454029
                    ],
                    [
                        74.805259,
                        15.454477
                    ],
                    [
                        74.804208,
                        15.454595
                    ],
                    [
                        74.803365,
                        15.454801
                    ],
                    [
                        74.802935,
                        15.454858
                    ],
                    [
                        74.791918,
                        15.454965
                    ],
                    [
                        74.787672,
                        15.456473
                    ],
                    [
                        74.786571,
                        15.456615
                    ],
                    [
                        74.783048,
                        15.456494
                    ],
                    [
                        74.782582,
                        15.456602
                    ],
                    [
                        74.780272,
                        15.457634
                    ],
                    [
                        74.778896,
                        15.458477
                    ],
                    [
                        74.778782,
                        15.458546
                    ],
                    [
                        74.778542,
                        15.458553
                    ],
                    [
                        74.77839,
                        15.458491
                    ],
                    [
                        74.778007,
                        15.458246
                    ],
                    [
                        74.776991,
                        15.456816
                    ],
                    [
                        74.77645,
                        15.456358
                    ],
                    [
                        74.775643,
                        15.456198
                    ],
                    [
                        74.768495,
                        15.455768
                    ],
                    [
                        74.762776,
                        15.454866
                    ],
                    [
                        74.754488,
                        15.451966
                    ],
                    [
                        74.752416,
                        15.449949
                    ],
                    [
                        74.7502,
                        15.449285
                    ],
                    [
                        74.746712,
                        15.447719
                    ],
                    [
                        74.742961,
                        15.446066
                    ],
                    [
                        74.741975,
                        15.445707
                    ],
                    [
                        74.741563,
                        15.44567
                    ],
                    [
                        74.741269,
                        15.445705
                    ],
                    [
                        74.74053,
                        15.446033
                    ],
                    [
                        74.739435,
                        15.44663
                    ],
                    [
                        74.739111,
                        15.446811
                    ],
                    [
                        74.738606,
                        15.447097
                    ],
                    [
                        74.73835,
                        15.447429
                    ],
                    [
                        74.738205,
                        15.447657
                    ],
                    [
                        74.737871,
                        15.448492
                    ],
                    [
                        74.737533,
                        15.449262
                    ],
                    [
                        74.737265,
                        15.449637
                    ],
                    [
                        74.736969,
                        15.449896
                    ],
                    [
                        74.734964,
                        15.451061
                    ],
                    [
                        74.734926,
                        15.451185
                    ],
                    [
                        74.734045,
                        15.452568
                    ],
                    [
                        74.733642,
                        15.453685
                    ],
                    [
                        74.733241,
                        15.454859
                    ],
                    [
                        74.732886,
                        15.455968
                    ],
                    [
                        74.732507,
                        15.456887
                    ],
                    [
                        74.731889,
                        15.457886
                    ],
                    [
                        74.72998,
                        15.460739
                    ],
                    [
                        74.729164,
                        15.462185
                    ],
                    [
                        74.729038,
                        15.462548
                    ],
                    [
                        74.728868,
                        15.463315
                    ],
                    [
                        74.728606,
                        15.464178
                    ],
                    [
                        74.7281,
                        15.465338
                    ],
                    [
                        74.726877,
                        15.467448
                    ],
                    [
                        74.72591,
                        15.46872
                    ],
                    [
                        74.723122,
                        15.472387
                    ],
                    [
                        74.722604,
                        15.473597
                    ],
                    [
                        74.72111,
                        15.478682
                    ],
                    [
                        74.720709,
                        15.479905
                    ],
                    [
                        74.720194,
                        15.481063
                    ],
                    [
                        74.719692,
                        15.482033
                    ],
                    [
                        74.718997,
                        15.483068
                    ],
                    [
                        74.71891,
                        15.483231
                    ],
                    [
                        74.718876,
                        15.483342
                    ],
                    [
                        74.71888,
                        15.483988
                    ],
                    [
                        74.718972,
                        15.484585
                    ],
                    [
                        74.719171,
                        15.486065
                    ],
                    [
                        74.719216,
                        15.486375
                    ],
                    [
                        74.719273,
                        15.486605
                    ],
                    [
                        74.719257,
                        15.486944
                    ],
                    [
                        74.719136,
                        15.487335
                    ],
                    [
                        74.718939,
                        15.487745
                    ],
                    [
                        74.716732,
                        15.491525
                    ],
                    [
                        74.715535,
                        15.49408
                    ],
                    [
                        74.715118,
                        15.494659
                    ],
                    [
                        74.714762,
                        15.495106
                    ],
                    [
                        74.714566,
                        15.495352
                    ],
                    [
                        74.714117,
                        15.495924
                    ],
                    [
                        74.713596,
                        15.496705
                    ],
                    [
                        74.713043,
                        15.497389
                    ],
                    [
                        74.711893,
                        15.498669
                    ],
                    [
                        74.711194,
                        15.499518
                    ],
                    [
                        74.710668,
                        15.500399
                    ],
                    [
                        74.710311,
                        15.500868
                    ],
                    [
                        74.709601,
                        15.501627
                    ],
                    [
                        74.709191,
                        15.501954
                    ],
                    [
                        74.708895,
                        15.502116
                    ],
                    [
                        74.707972,
                        15.50248
                    ],
                    [
                        74.706853,
                        15.502709
                    ],
                    [
                        74.706769,
                        15.502731
                    ],
                    [
                        74.706116,
                        15.502776
                    ],
                    [
                        74.70453,
                        15.502703
                    ],
                    [
                        74.704066,
                        15.502689
                    ],
                    [
                        74.703724,
                        15.502702
                    ],
                    [
                        74.703368,
                        15.502816
                    ],
                    [
                        74.702922,
                        15.503066
                    ],
                    [
                        74.70253,
                        15.503366
                    ],
                    [
                        74.699851,
                        15.50542
                    ],
                    [
                        74.69892,
                        15.505978
                    ],
                    [
                        74.697597,
                        15.506741
                    ],
                    [
                        74.697161,
                        15.507016
                    ],
                    [
                        74.696789,
                        15.507379
                    ],
                    [
                        74.696008,
                        15.507696
                    ],
                    [
                        74.692118,
                        15.509651
                    ],
                    [
                        74.691854,
                        15.509803
                    ],
                    [
                        74.691419,
                        15.510053
                    ],
                    [
                        74.690789,
                        15.510487
                    ],
                    [
                        74.690402,
                        15.510954
                    ],
                    [
                        74.690332,
                        15.51107
                    ],
                    [
                        74.690143,
                        15.51138
                    ],
                    [
                        74.689765,
                        15.512537
                    ],
                    [
                        74.689549,
                        15.513928
                    ],
                    [
                        74.689138,
                        15.515393
                    ],
                    [
                        74.688921,
                        15.515669
                    ],
                    [
                        74.688617,
                        15.515786
                    ],
                    [
                        74.687692,
                        15.515819
                    ],
                    [
                        74.686997,
                        15.515937
                    ],
                    [
                        74.686798,
                        15.51611
                    ],
                    [
                        74.686445,
                        15.516415
                    ],
                    [
                        74.686026,
                        15.516843
                    ],
                    [
                        74.684791,
                        15.519966
                    ],
                    [
                        74.684738,
                        15.520099
                    ],
                    [
                        74.684268,
                        15.521042
                    ],
                    [
                        74.683951,
                        15.521641
                    ],
                    [
                        74.683811,
                        15.522092
                    ],
                    [
                        74.683805,
                        15.522586
                    ],
                    [
                        74.683861,
                        15.523253
                    ],
                    [
                        74.683796,
                        15.523534
                    ],
                    [
                        74.683627,
                        15.523718
                    ],
                    [
                        74.681579,
                        15.525194
                    ],
                    [
                        74.680825,
                        15.526133
                    ],
                    [
                        74.680396,
                        15.526987
                    ],
                    [
                        74.679631,
                        15.529197
                    ],
                    [
                        74.67928,
                        15.529902
                    ],
                    [
                        74.678953,
                        15.530422
                    ],
                    [
                        74.677744,
                        15.531694
                    ],
                    [
                        74.676643,
                        15.532951
                    ],
                    [
                        74.676336,
                        15.533529
                    ],
                    [
                        74.676075,
                        15.534185
                    ],
                    [
                        74.675697,
                        15.534832
                    ],
                    [
                        74.675239,
                        15.535275
                    ],
                    [
                        74.67428,
                        15.535738
                    ],
                    [
                        74.673542,
                        15.536226
                    ],
                    [
                        74.673003,
                        15.537006
                    ],
                    [
                        74.67282,
                        15.537381
                    ],
                    [
                        74.672435,
                        15.539084
                    ],
                    [
                        74.672294,
                        15.540255
                    ],
                    [
                        74.6724,
                        15.542786
                    ],
                    [
                        74.672349,
                        15.543347
                    ],
                    [
                        74.67219,
                        15.543888
                    ],
                    [
                        74.671693,
                        15.544284
                    ],
                    [
                        74.670938,
                        15.544455
                    ],
                    [
                        74.669711,
                        15.544522
                    ],
                    [
                        74.668548,
                        15.544466
                    ],
                    [
                        74.667279,
                        15.544305
                    ],
                    [
                        74.666506,
                        15.544286
                    ],
                    [
                        74.666076,
                        15.544579
                    ],
                    [
                        74.665646,
                        15.545135
                    ],
                    [
                        74.662651,
                        15.54762
                    ],
                    [
                        74.662051,
                        15.547994
                    ],
                    [
                        74.661108,
                        15.548413
                    ],
                    [
                        74.66018,
                        15.548982
                    ],
                    [
                        74.659896,
                        15.549365
                    ],
                    [
                        74.659349,
                        15.55168
                    ],
                    [
                        74.658713,
                        15.554168
                    ],
                    [
                        74.658344,
                        15.555219
                    ],
                    [
                        74.658156,
                        15.555918
                    ],
                    [
                        74.658064,
                        15.556356
                    ],
                    [
                        74.658069,
                        15.556988
                    ],
                    [
                        74.657797,
                        15.557851
                    ],
                    [
                        74.657409,
                        15.55844
                    ],
                    [
                        74.65678,
                        15.558985
                    ],
                    [
                        74.654888,
                        15.559954
                    ],
                    [
                        74.654218,
                        15.560316
                    ],
                    [
                        74.653889,
                        15.560589
                    ],
                    [
                        74.652777,
                        15.56244
                    ],
                    [
                        74.65243,
                        15.563066
                    ],
                    [
                        74.652031,
                        15.563856
                    ],
                    [
                        74.651413,
                        15.564513
                    ],
                    [
                        74.651017,
                        15.564824
                    ],
                    [
                        74.650472,
                        15.565253
                    ],
                    [
                        74.649402,
                        15.56623
                    ],
                    [
                        74.64667,
                        15.56845
                    ],
                    [
                        74.642932,
                        15.57167
                    ],
                    [
                        74.641231,
                        15.57254
                    ],
                    [
                        74.640709,
                        15.572901
                    ],
                    [
                        74.637508,
                        15.575676
                    ],
                    [
                        74.63722,
                        15.575942
                    ],
                    [
                        74.636422,
                        15.576406
                    ],
                    [
                        74.633753,
                        15.577678
                    ],
                    [
                        74.633164,
                        15.577935
                    ],
                    [
                        74.632755,
                        15.578324
                    ],
                    [
                        74.629849,
                        15.580656
                    ],
                    [
                        74.628832,
                        15.5814
                    ],
                    [
                        74.628595,
                        15.581526
                    ],
                    [
                        74.628173,
                        15.581645
                    ],
                    [
                        74.623452,
                        15.582483
                    ],
                    [
                        74.621707,
                        15.582734
                    ],
                    [
                        74.616731,
                        15.583194
                    ],
                    [
                        74.614037,
                        15.583444
                    ],
                    [
                        74.613217,
                        15.58348
                    ],
                    [
                        74.612399,
                        15.583414
                    ],
                    [
                        74.611901,
                        15.583313
                    ],
                    [
                        74.604965,
                        15.581032
                    ],
                    [
                        74.603983,
                        15.580552
                    ],
                    [
                        74.60339,
                        15.580182
                    ],
                    [
                        74.602882,
                        15.58011
                    ],
                    [
                        74.601492,
                        15.580224
                    ],
                    [
                        74.600937,
                        15.580309
                    ],
                    [
                        74.600283,
                        15.580388
                    ],
                    [
                        74.599695,
                        15.580459
                    ],
                    [
                        74.59753,
                        15.580799
                    ],
                    [
                        74.594852,
                        15.581264
                    ],
                    [
                        74.594253,
                        15.581368
                    ],
                    [
                        74.591389,
                        15.581957
                    ],
                    [
                        74.590864,
                        15.582036
                    ],
                    [
                        74.59064,
                        15.582045
                    ],
                    [
                        74.59034,
                        15.582058
                    ],
                    [
                        74.589181,
                        15.581955
                    ],
                    [
                        74.588464,
                        15.581872
                    ],
                    [
                        74.58795,
                        15.581804
                    ],
                    [
                        74.585702,
                        15.581414
                    ],
                    [
                        74.585355,
                        15.581374
                    ],
                    [
                        74.584588,
                        15.581384
                    ],
                    [
                        74.583855,
                        15.581358
                    ],
                    [
                        74.583525,
                        15.581328
                    ],
                    [
                        74.583194,
                        15.581028
                    ],
                    [
                        74.582988,
                        15.580683
                    ],
                    [
                        74.582484,
                        15.579613
                    ],
                    [
                        74.582165,
                        15.579338
                    ],
                    [
                        74.581923,
                        15.579271
                    ],
                    [
                        74.58127,
                        15.579301
                    ],
                    [
                        74.580327,
                        15.579415
                    ],
                    [
                        74.578558,
                        15.579624
                    ],
                    [
                        74.577728,
                        15.579725
                    ],
                    [
                        74.577427,
                        15.579761
                    ],
                    [
                        74.577288,
                        15.579823
                    ],
                    [
                        74.577151,
                        15.579935
                    ],
                    [
                        74.576761,
                        15.580408
                    ],
                    [
                        74.575493,
                        15.582194
                    ],
                    [
                        74.575177,
                        15.58253
                    ],
                    [
                        74.574437,
                        15.583127
                    ],
                    [
                        74.573888,
                        15.583564
                    ],
                    [
                        74.572978,
                        15.585032
                    ],
                    [
                        74.572698,
                        15.585313
                    ],
                    [
                        74.572239,
                        15.585451
                    ],
                    [
                        74.57166,
                        15.585572
                    ],
                    [
                        74.569485,
                        15.585917
                    ],
                    [
                        74.56753,
                        15.586537
                    ],
                    [
                        74.567233,
                        15.5867
                    ],
                    [
                        74.566508,
                        15.587357
                    ],
                    [
                        74.565298,
                        15.588789
                    ],
                    [
                        74.564621,
                        15.589525
                    ],
                    [
                        74.563648,
                        15.590817
                    ],
                    [
                        74.563487,
                        15.59095
                    ],
                    [
                        74.562826,
                        15.591299
                    ],
                    [
                        74.562758,
                        15.591369
                    ],
                    [
                        74.562355,
                        15.592124
                    ],
                    [
                        74.562046,
                        15.592511
                    ],
                    [
                        74.561515,
                        15.592879
                    ],
                    [
                        74.560866,
                        15.593299
                    ],
                    [
                        74.56057,
                        15.593742
                    ],
                    [
                        74.560541,
                        15.593954
                    ],
                    [
                        74.560564,
                        15.5945
                    ],
                    [
                        74.560535,
                        15.595077
                    ],
                    [
                        74.560433,
                        15.595614
                    ],
                    [
                        74.560261,
                        15.595969
                    ],
                    [
                        74.559052,
                        15.597214
                    ],
                    [
                        74.558939,
                        15.597312
                    ],
                    [
                        74.558683,
                        15.5974
                    ],
                    [
                        74.557585,
                        15.597603
                    ],
                    [
                        74.557065,
                        15.597748
                    ],
                    [
                        74.556594,
                        15.597938
                    ],
                    [
                        74.554354,
                        15.599305
                    ],
                    [
                        74.553269,
                        15.599656
                    ],
                    [
                        74.553019,
                        15.599723
                    ],
                    [
                        74.552685,
                        15.599915
                    ],
                    [
                        74.552191,
                        15.600356
                    ],
                    [
                        74.551254,
                        15.602356
                    ],
                    [
                        74.55113,
                        15.602519
                    ],
                    [
                        74.548301,
                        15.60435
                    ],
                    [
                        74.547512,
                        15.604482
                    ],
                    [
                        74.546236,
                        15.604854
                    ],
                    [
                        74.544925,
                        15.605024
                    ],
                    [
                        74.543814,
                        15.605129
                    ],
                    [
                        74.539638,
                        15.605297
                    ],
                    [
                        74.539048,
                        15.605344
                    ],
                    [
                        74.538626,
                        15.605378
                    ],
                    [
                        74.537784,
                        15.605546
                    ],
                    [
                        74.537247,
                        15.605727
                    ],
                    [
                        74.535936,
                        15.606435
                    ],
                    [
                        74.533963,
                        15.608008
                    ],
                    [
                        74.53298,
                        15.608487
                    ],
                    [
                        74.532278,
                        15.608656
                    ],
                    [
                        74.530523,
                        15.609021
                    ],
                    [
                        74.530438,
                        15.609052
                    ],
                    [
                        74.530374,
                        15.609093
                    ],
                    [
                        74.530331,
                        15.609165
                    ],
                    [
                        74.529348,
                        15.610942
                    ],
                    [
                        74.5289,
                        15.611889
                    ],
                    [
                        74.528263,
                        15.61291
                    ],
                    [
                        74.527693,
                        15.613941
                    ],
                    [
                        74.52744,
                        15.614228
                    ],
                    [
                        74.527117,
                        15.614553
                    ],
                    [
                        74.527003,
                        15.614794
                    ],
                    [
                        74.526892,
                        15.615277
                    ],
                    [
                        74.526892,
                        15.615851
                    ],
                    [
                        74.526816,
                        15.616651
                    ],
                    [
                        74.526536,
                        15.617765
                    ],
                    [
                        74.526002,
                        15.618713
                    ],
                    [
                        74.525649,
                        15.619516
                    ],
                    [
                        74.525315,
                        15.620603
                    ],
                    [
                        74.525095,
                        15.621466
                    ],
                    [
                        74.525009,
                        15.621666
                    ],
                    [
                        74.524839,
                        15.621823
                    ],
                    [
                        74.523644,
                        15.622527
                    ],
                    [
                        74.522953,
                        15.623076
                    ],
                    [
                        74.521403,
                        15.624674
                    ],
                    [
                        74.52006,
                        15.625863
                    ],
                    [
                        74.519365,
                        15.626433
                    ],
                    [
                        74.51905,
                        15.626581
                    ],
                    [
                        74.518349,
                        15.627289
                    ],
                    [
                        74.518159,
                        15.627499
                    ],
                    [
                        74.517426,
                        15.628424
                    ],
                    [
                        74.517239,
                        15.628623
                    ],
                    [
                        74.516397,
                        15.629398
                    ],
                    [
                        74.515013,
                        15.630748
                    ],
                    [
                        74.514155,
                        15.631693
                    ],
                    [
                        74.513133,
                        15.632741
                    ],
                    [
                        74.51292,
                        15.632905
                    ],
                    [
                        74.512723,
                        15.633031
                    ],
                    [
                        74.512522,
                        15.633134
                    ],
                    [
                        74.512342,
                        15.633188
                    ],
                    [
                        74.511123,
                        15.633526
                    ],
                    [
                        74.510276,
                        15.633725
                    ],
                    [
                        74.509455,
                        15.633953
                    ],
                    [
                        74.509205,
                        15.634045
                    ],
                    [
                        74.508766,
                        15.6343
                    ],
                    [
                        74.50839,
                        15.63458
                    ],
                    [
                        74.508234,
                        15.634724
                    ],
                    [
                        74.508081,
                        15.634913
                    ],
                    [
                        74.507907,
                        15.635167
                    ],
                    [
                        74.507662,
                        15.635584
                    ],
                    [
                        74.507055,
                        15.636712
                    ],
                    [
                        74.506942,
                        15.636921
                    ],
                    [
                        74.505986,
                        15.638643
                    ],
                    [
                        74.505103,
                        15.640138
                    ],
                    [
                        74.504942,
                        15.640412
                    ],
                    [
                        74.504846,
                        15.640645
                    ],
                    [
                        74.504791,
                        15.640855
                    ],
                    [
                        74.504348,
                        15.643023
                    ],
                    [
                        74.504311,
                        15.643209
                    ],
                    [
                        74.504,
                        15.643934
                    ],
                    [
                        74.503717,
                        15.644522
                    ],
                    [
                        74.503372,
                        15.644563
                    ],
                    [
                        74.501886,
                        15.645363
                    ],
                    [
                        74.501317,
                        15.645667
                    ],
                    [
                        74.500399,
                        15.646143
                    ],
                    [
                        74.499738,
                        15.646544
                    ],
                    [
                        74.499277,
                        15.646824
                    ],
                    [
                        74.498977,
                        15.647025
                    ],
                    [
                        74.498659,
                        15.647168
                    ],
                    [
                        74.498498,
                        15.647228
                    ],
                    [
                        74.498205,
                        15.647331
                    ],
                    [
                        74.49803,
                        15.647424
                    ],
                    [
                        74.497815,
                        15.647572
                    ],
                    [
                        74.496425,
                        15.64865
                    ],
                    [
                        74.496126,
                        15.648984
                    ],
                    [
                        74.495726,
                        15.64943
                    ],
                    [
                        74.49454,
                        15.650968
                    ],
                    [
                        74.492727,
                        15.652395
                    ],
                    [
                        74.492238,
                        15.652847
                    ],
                    [
                        74.490153,
                        15.655279
                    ],
                    [
                        74.488005,
                        15.656748
                    ],
                    [
                        74.486014,
                        15.658169
                    ],
                    [
                        74.481869,
                        15.660617
                    ],
                    [
                        74.480902,
                        15.661033
                    ],
                    [
                        74.479522,
                        15.661599
                    ],
                    [
                        74.47877,
                        15.661738
                    ],
                    [
                        74.478088,
                        15.661825
                    ],
                    [
                        74.477133,
                        15.662139
                    ],
                    [
                        74.476746,
                        15.662198
                    ],
                    [
                        74.476284,
                        15.662228
                    ],
                    [
                        74.476014,
                        15.662304
                    ],
                    [
                        74.475572,
                        15.66246
                    ],
                    [
                        74.475279,
                        15.662593
                    ],
                    [
                        74.47277,
                        15.663873
                    ],
                    [
                        74.470217,
                        15.665208
                    ],
                    [
                        74.469317,
                        15.665682
                    ],
                    [
                        74.46729,
                        15.66669
                    ],
                    [
                        74.461181,
                        15.669836
                    ],
                    [
                        74.460207,
                        15.670312
                    ],
                    [
                        74.459749,
                        15.670536
                    ],
                    [
                        74.457722,
                        15.671703
                    ],
                    [
                        74.453228,
                        15.674277
                    ],
                    [
                        74.451172,
                        15.675471
                    ],
                    [
                        74.45089,
                        15.675682
                    ],
                    [
                        74.447831,
                        15.678276
                    ],
                    [
                        74.446609,
                        15.679262
                    ],
                    [
                        74.446301,
                        15.679496
                    ],
                    [
                        74.445994,
                        15.679641
                    ],
                    [
                        74.445277,
                        15.679939
                    ],
                    [
                        74.444518,
                        15.680297
                    ],
                    [
                        74.443912,
                        15.680622
                    ],
                    [
                        74.44307,
                        15.680651
                    ],
                    [
                        74.441808,
                        15.680362
                    ],
                    [
                        74.440565,
                        15.679693
                    ],
                    [
                        74.439991,
                        15.679375
                    ],
                    [
                        74.43968,
                        15.678983
                    ],
                    [
                        74.439574,
                        15.678787
                    ],
                    [
                        74.439562,
                        15.678683
                    ],
                    [
                        74.43942,
                        15.67848
                    ],
                    [
                        74.43924,
                        15.678437
                    ],
                    [
                        74.439018,
                        15.678455
                    ],
                    [
                        74.438602,
                        15.678575
                    ],
                    [
                        74.438178,
                        15.678585
                    ],
                    [
                        74.437894,
                        15.678554
                    ],
                    [
                        74.437374,
                        15.678373
                    ],
                    [
                        74.436923,
                        15.678187
                    ],
                    [
                        74.436263,
                        15.678074
                    ],
                    [
                        74.435882,
                        15.678063
                    ],
                    [
                        74.435448,
                        15.678161
                    ],
                    [
                        74.435169,
                        15.678311
                    ],
                    [
                        74.434622,
                        15.678745
                    ],
                    [
                        74.433946,
                        15.679329
                    ],
                    [
                        74.433205,
                        15.679835
                    ],
                    [
                        74.432433,
                        15.680145
                    ],
                    [
                        74.432142,
                        15.68023
                    ],
                    [
                        74.431344,
                        15.680491
                    ],
                    [
                        74.431097,
                        15.68062
                    ],
                    [
                        74.430716,
                        15.680883
                    ],
                    [
                        74.430309,
                        15.681007
                    ],
                    [
                        74.428501,
                        15.681286
                    ],
                    [
                        74.428222,
                        15.681348
                    ],
                    [
                        74.427889,
                        15.681286
                    ],
                    [
                        74.4276,
                        15.681167
                    ],
                    [
                        74.427213,
                        15.680899
                    ],
                    [
                        74.427122,
                        15.68079
                    ],
                    [
                        74.427042,
                        15.680775
                    ],
                    [
                        74.426961,
                        15.680785
                    ],
                    [
                        74.426891,
                        15.681048
                    ],
                    [
                        74.426704,
                        15.681214
                    ],
                    [
                        74.426484,
                        15.681317
                    ],
                    [
                        74.426178,
                        15.681348
                    ],
                    [
                        74.425636,
                        15.681348
                    ],
                    [
                        74.425175,
                        15.681415
                    ],
                    [
                        74.42503,
                        15.681451
                    ],
                    [
                        74.424515,
                        15.682464
                    ],
                    [
                        74.424022,
                        15.683357
                    ],
                    [
                        74.423904,
                        15.683517
                    ],
                    [
                        74.423807,
                        15.683574
                    ],
                    [
                        74.4237,
                        15.683595
                    ],
                    [
                        74.423566,
                        15.683579
                    ],
                    [
                        74.423448,
                        15.683507
                    ],
                    [
                        74.422938,
                        15.683197
                    ],
                    [
                        74.422778,
                        15.683072
                    ],
                    [
                        74.422666,
                        15.682682
                    ],
                    [
                        74.422595,
                        15.682619
                    ],
                    [
                        74.422466,
                        15.682582
                    ],
                    [
                        74.421699,
                        15.682546
                    ],
                    [
                        74.421135,
                        15.6825
                    ],
                    [
                        74.420958,
                        15.68251
                    ],
                    [
                        74.420749,
                        15.682634
                    ],
                    [
                        74.420615,
                        15.68282
                    ],
                    [
                        74.420352,
                        15.683135
                    ],
                    [
                        74.419923,
                        15.683605
                    ],
                    [
                        74.419623,
                        15.683775
                    ],
                    [
                        74.419167,
                        15.683987
                    ],
                    [
                        74.417826,
                        15.684545
                    ],
                    [
                        74.417547,
                        15.684746
                    ],
                    [
                        74.417329,
                        15.684857
                    ],
                    [
                        74.417128,
                        15.68503
                    ],
                    [
                        74.416442,
                        15.685697
                    ],
                    [
                        74.416114,
                        15.686089
                    ],
                    [
                        74.415819,
                        15.686616
                    ],
                    [
                        74.415691,
                        15.686972
                    ],
                    [
                        74.415551,
                        15.687427
                    ],
                    [
                        74.415379,
                        15.687803
                    ],
                    [
                        74.414681,
                        15.688978
                    ],
                    [
                        74.414622,
                        15.689306
                    ],
                    [
                        74.414526,
                        15.690056
                    ],
                    [
                        74.414185,
                        15.691279
                    ],
                    [
                        74.414078,
                        15.691615
                    ],
                    [
                        74.413976,
                        15.691842
                    ],
                    [
                        74.4137,
                        15.692129
                    ],
                    [
                        74.413123,
                        15.692617
                    ],
                    [
                        74.412573,
                        15.693092
                    ],
                    [
                        74.41116,
                        15.694713
                    ],
                    [
                        74.41061,
                        15.695323
                    ],
                    [
                        74.410223,
                        15.695752
                    ],
                    [
                        74.409971,
                        15.696067
                    ],
                    [
                        74.409716,
                        15.696498
                    ],
                    [
                        74.409526,
                        15.696782
                    ],
                    [
                        74.409457,
                        15.696828
                    ],
                    [
                        74.409395,
                        15.69687
                    ],
                    [
                        74.409218,
                        15.696921
                    ],
                    [
                        74.409033,
                        15.696935
                    ],
                    [
                        74.40859,
                        15.697053
                    ],
                    [
                        74.4081,
                        15.697141
                    ],
                    [
                        74.407676,
                        15.697306
                    ],
                    [
                        74.407483,
                        15.697337
                    ],
                    [
                        74.407145,
                        15.697322
                    ],
                    [
                        74.406348,
                        15.697141
                    ],
                    [
                        74.405879,
                        15.697028
                    ],
                    [
                        74.405648,
                        15.696935
                    ],
                    [
                        74.40471,
                        15.696465
                    ],
                    [
                        74.404543,
                        15.696413
                    ],
                    [
                        74.404393,
                        15.696387
                    ],
                    [
                        74.403653,
                        15.696429
                    ],
                    [
                        74.402113,
                        15.696475
                    ],
                    [
                        74.400279,
                        15.696439
                    ],
                    [
                        74.399259,
                        15.696378
                    ],
                    [
                        74.39833,
                        15.69626
                    ],
                    [
                        74.396807,
                        15.696025
                    ],
                    [
                        74.396313,
                        15.695891
                    ],
                    [
                        74.395853,
                        15.695613
                    ],
                    [
                        74.395123,
                        15.69522
                    ],
                    [
                        74.394893,
                        15.695148
                    ],
                    [
                        74.394689,
                        15.695122
                    ],
                    [
                        74.393602,
                        15.695324
                    ],
                    [
                        74.392844,
                        15.695582
                    ],
                    [
                        74.392387,
                        15.695829
                    ],
                    [
                        74.389947,
                        15.697219
                    ],
                    [
                        74.3897,
                        15.697317
                    ],
                    [
                        74.3894,
                        15.697348
                    ],
                    [
                        74.388573,
                        15.697389
                    ],
                    [
                        74.388107,
                        15.697286
                    ],
                    [
                        74.387779,
                        15.697167
                    ],
                    [
                        74.387361,
                        15.696893
                    ],
                    [
                        74.386637,
                        15.696387
                    ],
                    [
                        74.38646,
                        15.696289
                    ],
                    [
                        74.383257,
                        15.694921
                    ],
                    [
                        74.380918,
                        15.69364
                    ],
                    [
                        74.380414,
                        15.693413
                    ],
                    [
                        74.380124,
                        15.693309
                    ],
                    [
                        74.379942,
                        15.693289
                    ],
                    [
                        74.379234,
                        15.693154
                    ],
                    [
                        74.378987,
                        15.693092
                    ],
                    [
                        74.378397,
                        15.693278
                    ],
                    [
                        74.378097,
                        15.693474
                    ],
                    [
                        74.377788,
                        15.693529
                    ],
                    [
                        74.377689,
                        15.693547
                    ],
                    [
                        74.377314,
                        15.693547
                    ],
                    [
                        74.376895,
                        15.693402
                    ],
                    [
                        74.376348,
                        15.693423
                    ],
                    [
                        74.375297,
                        15.693826
                    ],
                    [
                        74.373333,
                        15.694497
                    ],
                    [
                        74.37285,
                        15.694683
                    ],
                    [
                        74.372378,
                        15.694972
                    ],
                    [
                        74.371777,
                        15.695303
                    ],
                    [
                        74.370749,
                        15.695551
                    ],
                    [
                        74.369845,
                        15.695564
                    ],
                    [
                        74.369517,
                        15.695421
                    ],
                    [
                        74.369043,
                        15.695164
                    ],
                    [
                        74.368681,
                        15.695012
                    ],
                    [
                        74.368166,
                        15.694743
                    ],
                    [
                        74.367144,
                        15.694113
                    ],
                    [
                        74.366723,
                        15.693847
                    ],
                    [
                        74.366621,
                        15.693765
                    ],
                    [
                        74.366037,
                        15.693186
                    ],
                    [
                        74.365205,
                        15.692582
                    ],
                    [
                        74.36465,
                        15.692152
                    ],
                    [
                        74.364419,
                        15.692015
                    ],
                    [
                        74.364214,
                        15.691784
                    ],
                    [
                        74.363964,
                        15.691621
                    ],
                    [
                        74.363656,
                        15.691309
                    ],
                    [
                        74.363194,
                        15.690776
                    ],
                    [
                        74.362994,
                        15.690507
                    ],
                    [
                        74.362539,
                        15.69
                    ],
                    [
                        74.36233,
                        15.689788
                    ],
                    [
                        74.362019,
                        15.689509
                    ],
                    [
                        74.361879,
                        15.689416
                    ],
                    [
                        74.361477,
                        15.689266
                    ],
                    [
                        74.360661,
                        15.689096
                    ],
                    [
                        74.360205,
                        15.689024
                    ],
                    [
                        74.359792,
                        15.688993
                    ],
                    [
                        74.359648,
                        15.688998
                    ],
                    [
                        74.359562,
                        15.689029
                    ],
                    [
                        74.359267,
                        15.689251
                    ],
                    [
                        74.359138,
                        15.689297
                    ],
                    [
                        74.358961,
                        15.689318
                    ],
                    [
                        74.358795,
                        15.689297
                    ],
                    [
                        74.35792,
                        15.689039
                    ],
                    [
                        74.357198,
                        15.688797
                    ],
                    [
                        74.356826,
                        15.688672
                    ],
                    [
                        74.356515,
                        15.688502
                    ],
                    [
                        74.355758,
                        15.688203
                    ],
                    [
                        74.355106,
                        15.687739
                    ],
                    [
                        74.353717,
                        15.686801
                    ],
                    [
                        74.353253,
                        15.686452
                    ],
                    [
                        74.352722,
                        15.686183
                    ],
                    [
                        74.352566,
                        15.686147
                    ],
                    [
                        74.351258,
                        15.686168
                    ],
                    [
                        74.350952,
                        15.686152
                    ],
                    [
                        74.350657,
                        15.686095
                    ],
                    [
                        74.349262,
                        15.685904
                    ],
                    [
                        74.348731,
                        15.685873
                    ],
                    [
                        74.347535,
                        15.685816
                    ],
                    [
                        74.346849,
                        15.685877
                    ],
                    [
                        74.346597,
                        15.685934
                    ],
                    [
                        74.345917,
                        15.686482
                    ],
                    [
                        74.345367,
                        15.686972
                    ],
                    [
                        74.344472,
                        15.687428
                    ],
                    [
                        74.344252,
                        15.687485
                    ],
                    [
                        74.343946,
                        15.687521
                    ],
                    [
                        74.343275,
                        15.687593
                    ],
                    [
                        74.342133,
                        15.687691
                    ],
                    [
                        74.339847,
                        15.687696
                    ],
                    [
                        74.335073,
                        15.687758
                    ],
                    [
                        74.334209,
                        15.687727
                    ],
                    [
                        74.333297,
                        15.687511
                    ],
                    [
                        74.332144,
                        15.687459
                    ],
                    [
                        74.331243,
                        15.687386
                    ],
                    [
                        74.330853,
                        15.687331
                    ],
                    [
                        74.330031,
                        15.687211
                    ],
                    [
                        74.329322,
                        15.687149
                    ],
                    [
                        74.328877,
                        15.687061
                    ],
                    [
                        74.328453,
                        15.68688
                    ],
                    [
                        74.327858,
                        15.686565
                    ],
                    [
                        74.327617,
                        15.686483
                    ],
                    [
                        74.327343,
                        15.686436
                    ],
                    [
                        74.327123,
                        15.686436
                    ],
                    [
                        74.326667,
                        15.686493
                    ],
                    [
                        74.326399,
                        15.686493
                    ],
                    [
                        74.326222,
                        15.686441
                    ],
                    [
                        74.325868,
                        15.686286
                    ],
                    [
                        74.325288,
                        15.686131
                    ],
                    [
                        74.32479,
                        15.686126
                    ],
                    [
                        74.324602,
                        15.686173
                    ],
                    [
                        74.324081,
                        15.6864
                    ],
                    [
                        74.32376,
                        15.686519
                    ],
                    [
                        74.32347,
                        15.686607
                    ],
                    [
                        74.323144,
                        15.686664
                    ],
                    [
                        74.322591,
                        15.686583
                    ],
                    [
                        74.322308,
                        15.686578
                    ],
                    [
                        74.321779,
                        15.686613
                    ],
                    [
                        74.321372,
                        15.686669
                    ],
                    [
                        74.318449,
                        15.686467
                    ],
                    [
                        74.317086,
                        15.686295
                    ],
                    [
                        74.313181,
                        15.686266
                    ],
                    [
                        74.312065,
                        15.686049
                    ],
                    [
                        74.3114,
                        15.686002
                    ],
                    [
                        74.309976,
                        15.685935
                    ],
                    [
                        74.308138,
                        15.685884
                    ],
                    [
                        74.306797,
                        15.68608
                    ],
                    [
                        74.30551,
                        15.686193
                    ],
                    [
                        74.304973,
                        15.686255
                    ],
                    [
                        74.304609,
                        15.686338
                    ],
                    [
                        74.303654,
                        15.686638
                    ],
                    [
                        74.303214,
                        15.686824
                    ],
                    [
                        74.302838,
                        15.686927
                    ],
                    [
                        74.301819,
                        15.687144
                    ],
                    [
                        74.301079,
                        15.687144
                    ],
                    [
                        74.300757,
                        15.687226
                    ],
                    [
                        74.300435,
                        15.68734
                    ],
                    [
                        74.300102,
                        15.68734
                    ],
                    [
                        74.299791,
                        15.687288
                    ],
                    [
                        74.299545,
                        15.687175
                    ],
                    [
                        74.299097,
                        15.68712
                    ],
                    [
                        74.297806,
                        15.686937
                    ],
                    [
                        74.296562,
                        15.686937
                    ],
                    [
                        74.295393,
                        15.687381
                    ],
                    [
                        74.295127,
                        15.687348
                    ],
                    [
                        74.294671,
                        15.687221
                    ],
                    [
                        74.294266,
                        15.687144
                    ],
                    [
                        74.294105,
                        15.687144
                    ],
                    [
                        74.293461,
                        15.68734
                    ],
                    [
                        74.293118,
                        15.687299
                    ],
                    [
                        74.292641,
                        15.687129
                    ],
                    [
                        74.292413,
                        15.687009
                    ],
                    [
                        74.291592,
                        15.686648
                    ],
                    [
                        74.290661,
                        15.686503
                    ],
                    [
                        74.290471,
                        15.686447
                    ],
                    [
                        74.288169,
                        15.685199
                    ],
                    [
                        74.287518,
                        15.684928
                    ],
                    [
                        74.287354,
                        15.684831
                    ],
                    [
                        74.287048,
                        15.684603
                    ],
                    [
                        74.286804,
                        15.684492
                    ],
                    [
                        74.286646,
                        15.68443
                    ],
                    [
                        74.285318,
                        15.684128
                    ],
                    [
                        74.28491,
                        15.684009
                    ],
                    [
                        74.284648,
                        15.683906
                    ],
                    [
                        74.283762,
                        15.683467
                    ],
                    [
                        74.283371,
                        15.683234
                    ],
                    [
                        74.282474,
                        15.682658
                    ],
                    [
                        74.282329,
                        15.682594
                    ],
                    [
                        74.282154,
                        15.682538
                    ],
                    [
                        74.281988,
                        15.682516
                    ],
                    [
                        74.281752,
                        15.682526
                    ],
                    [
                        74.281506,
                        15.682565
                    ],
                    [
                        74.281306,
                        15.682628
                    ],
                    [
                        74.280879,
                        15.682898
                    ],
                    [
                        74.280477,
                        15.682945
                    ],
                    [
                        74.280383,
                        15.683008
                    ],
                    [
                        74.280144,
                        15.68334
                    ],
                    [
                        74.279852,
                        15.683611
                    ],
                    [
                        74.279685,
                        15.683678
                    ],
                    [
                        74.279492,
                        15.683714
                    ],
                    [
                        74.279208,
                        15.683714
                    ],
                    [
                        74.278983,
                        15.683652
                    ],
                    [
                        74.278677,
                        15.683503
                    ],
                    [
                        74.278484,
                        15.683456
                    ],
                    [
                        74.278098,
                        15.683467
                    ],
                    [
                        74.277212,
                        15.68372
                    ],
                    [
                        74.276435,
                        15.684138
                    ],
                    [
                        74.275786,
                        15.684324
                    ],
                    [
                        74.275249,
                        15.684567
                    ],
                    [
                        74.274986,
                        15.684871
                    ],
                    [
                        74.274804,
                        15.685031
                    ],
                    [
                        74.274332,
                        15.685362
                    ],
                    [
                        74.274128,
                        15.685605
                    ],
                    [
                        74.27364,
                        15.685878
                    ],
                    [
                        74.273506,
                        15.685992
                    ],
                    [
                        74.27342,
                        15.686183
                    ],
                    [
                        74.273307,
                        15.686498
                    ],
                    [
                        74.27305,
                        15.686906
                    ],
                    [
                        74.272985,
                        15.68717
                    ],
                    [
                        74.272991,
                        15.687324
                    ],
                    [
                        74.2732,
                        15.688337
                    ],
                    [
                        74.273216,
                        15.689013
                    ],
                    [
                        74.273184,
                        15.689272
                    ],
                    [
                        74.273114,
                        15.689416
                    ],
                    [
                        74.272996,
                        15.689473
                    ],
                    [
                        74.272814,
                        15.689509
                    ],
                    [
                        74.272621,
                        15.689463
                    ],
                    [
                        74.27224,
                        15.689313
                    ],
                    [
                        74.27202,
                        15.689261
                    ],
                    [
                        74.271542,
                        15.689199
                    ],
                    [
                        74.27062,
                        15.689215
                    ],
                    [
                        74.270464,
                        15.689204
                    ],
                    [
                        74.270185,
                        15.68907
                    ],
                    [
                        74.269885,
                        15.688946
                    ],
                    [
                        74.269691,
                        15.688895
                    ],
                    [
                        74.269557,
                        15.688967
                    ],
                    [
                        74.269488,
                        15.689086
                    ],
                    [
                        74.269397,
                        15.689607
                    ],
                    [
                        74.269225,
                        15.690191
                    ],
                    [
                        74.269064,
                        15.690619
                    ],
                    [
                        74.26893,
                        15.690811
                    ],
                    [
                        74.268801,
                        15.690878
                    ],
                    [
                        74.26864,
                        15.690929
                    ],
                    [
                        74.268291,
                        15.690929
                    ],
                    [
                        74.268088,
                        15.690857
                    ],
                    [
                        74.267063,
                        15.690599
                    ],
                    [
                        74.265888,
                        15.69049
                    ],
                    [
                        74.265625,
                        15.69049
                    ],
                    [
                        74.265314,
                        15.690532
                    ],
                    [
                        74.264789,
                        15.690671
                    ],
                    [
                        74.264018,
                        15.691014
                    ],
                    [
                        74.263319,
                        15.69127
                    ],
                    [
                        74.263109,
                        15.691374
                    ],
                    [
                        74.258244,
                        15.694064
                    ],
                    [
                        74.258067,
                        15.694142
                    ],
                    [
                        74.257606,
                        15.69424
                    ],
                    [
                        74.257187,
                        15.694369
                    ],
                    [
                        74.256994,
                        15.694452
                    ],
                    [
                        74.256281,
                        15.694921
                    ],
                    [
                        74.254897,
                        15.695412
                    ],
                    [
                        74.252992,
                        15.695877
                    ],
                    [
                        74.252001,
                        15.6961
                    ],
                    [
                        74.2512,
                        15.69628
                    ],
                    [
                        74.251023,
                        15.6963
                    ],
                    [
                        74.250884,
                        15.69629
                    ],
                    [
                        74.249924,
                        15.69597
                    ],
                    [
                        74.249438,
                        15.695701
                    ],
                    [
                        74.24921,
                        15.695639
                    ],
                    [
                        74.249012,
                        15.695629
                    ],
                    [
                        74.248691,
                        15.695723
                    ],
                    [
                        74.248458,
                        15.695794
                    ],
                    [
                        74.246952,
                        15.696306
                    ],
                    [
                        74.246764,
                        15.696357
                    ],
                    [
                        74.24566,
                        15.696453
                    ],
                    [
                        74.244457,
                        15.696564
                    ],
                    [
                        74.244259,
                        15.696564
                    ],
                    [
                        74.244055,
                        15.696543
                    ],
                    [
                        74.243009,
                        15.696409
                    ],
                    [
                        74.242435,
                        15.696326
                    ],
                    [
                        74.242231,
                        15.696337
                    ],
                    [
                        74.24185,
                        15.696393
                    ],
                    [
                        74.23919,
                        15.696652
                    ],
                    [
                        74.238589,
                        15.696745
                    ],
                    [
                        74.23589,
                        15.697375
                    ],
                    [
                        74.234576,
                        15.697529
                    ],
                    [
                        74.234152,
                        15.697566
                    ],
                    [
                        74.232769,
                        15.697573
                    ],
                    [
                        74.231357,
                        15.697581
                    ],
                    [
                        74.23103,
                        15.697555
                    ],
                    [
                        74.230167,
                        15.697359
                    ],
                    [
                        74.229523,
                        15.697333
                    ],
                    [
                        74.229238,
                        15.697349
                    ],
                    [
                        74.228842,
                        15.697437
                    ],
                    [
                        74.228455,
                        15.697633
                    ],
                    [
                        74.22794,
                        15.697839
                    ],
                    [
                        74.226213,
                        15.698222
                    ],
                    [
                        74.22544,
                        15.698268
                    ],
                    [
                        74.225108,
                        15.698247
                    ],
                    [
                        74.224464,
                        15.697968
                    ],
                    [
                        74.223981,
                        15.697783
                    ],
                    [
                        74.223209,
                        15.697576
                    ],
                    [
                        74.222398,
                        15.697452
                    ],
                    [
                        74.221213,
                        15.697452
                    ],
                    [
                        74.220462,
                        15.697411
                    ],
                    [
                        74.220258,
                        15.697473
                    ],
                    [
                        74.220044,
                        15.697793
                    ],
                    [
                        74.219921,
                        15.698121
                    ],
                    [
                        74.219861,
                        15.698278
                    ],
                    [
                        74.21969,
                        15.698464
                    ],
                    [
                        74.219497,
                        15.698537
                    ],
                    [
                        74.218145,
                        15.698681
                    ],
                    [
                        74.217684,
                        15.69866
                    ],
                    [
                        74.217388,
                        15.698565
                    ],
                    [
                        74.217093,
                        15.698382
                    ],
                    [
                        74.216139,
                        15.69755
                    ],
                    [
                        74.215844,
                        15.697411
                    ],
                    [
                        74.215211,
                        15.697194
                    ],
                    [
                        74.21446,
                        15.696734
                    ],
                    [
                        74.21402,
                        15.696553
                    ],
                    [
                        74.213789,
                        15.696486
                    ],
                    [
                        74.212856,
                        15.696326
                    ],
                    [
                        74.211885,
                        15.696264
                    ],
                    [
                        74.211579,
                        15.696269
                    ],
                    [
                        74.211262,
                        15.696368
                    ],
                    [
                        74.210935,
                        15.696517
                    ],
                    [
                        74.210822,
                        15.696538
                    ],
                    [
                        74.210629,
                        15.696512
                    ],
                    [
                        74.210409,
                        15.696368
                    ],
                    [
                        74.210307,
                        15.696213
                    ],
                    [
                        74.210248,
                        15.696022
                    ],
                    [
                        74.210157,
                        15.695453
                    ],
                    [
                        74.210012,
                        15.695237
                    ],
                    [
                        74.209809,
                        15.695014
                    ],
                    [
                        74.209605,
                        15.694875
                    ],
                    [
                        74.209492,
                        15.694813
                    ],
                    [
                        74.209143,
                        15.694751
                    ],
                    [
                        74.208484,
                        15.694575
                    ],
                    [
                        74.2077,
                        15.694338
                    ],
                    [
                        74.206542,
                        15.693873
                    ],
                    [
                        74.206129,
                        15.693636
                    ],
                    [
                        74.205241,
                        15.693005
                    ],
                    [
                        74.204712,
                        15.692657
                    ],
                    [
                        74.20398,
                        15.692326
                    ],
                    [
                        74.203283,
                        15.692053
                    ],
                    [
                        74.202459,
                        15.691756
                    ],
                    [
                        74.202111,
                        15.691732
                    ],
                    [
                        74.201561,
                        15.6918
                    ],
                    [
                        74.201432,
                        15.691792
                    ],
                    [
                        74.201255,
                        15.691727
                    ],
                    [
                        74.201161,
                        15.691634
                    ],
                    [
                        74.201024,
                        15.691353
                    ],
                    [
                        74.200794,
                        15.691002
                    ],
                    [
                        74.200633,
                        15.690883
                    ],
                    [
                        74.200442,
                        15.690811
                    ],
                    [
                        74.199466,
                        15.690527
                    ],
                    [
                        74.198871,
                        15.690279
                    ],
                    [
                        74.198581,
                        15.690139
                    ],
                    [
                        74.19828,
                        15.690093
                    ],
                    [
                        74.197535,
                        15.690165
                    ],
                    [
                        74.197358,
                        15.690237
                    ],
                    [
                        74.196886,
                        15.69078
                    ],
                    [
                        74.196682,
                        15.690852
                    ],
                    [
                        74.196542,
                        15.690862
                    ],
                    [
                        74.196322,
                        15.690774
                    ],
                    [
                        74.196237,
                        15.690671
                    ],
                    [
                        74.196108,
                        15.690449
                    ],
                    [
                        74.195963,
                        15.690077
                    ],
                    [
                        74.195255,
                        15.68861
                    ],
                    [
                        74.195008,
                        15.688321
                    ],
                    [
                        74.194638,
                        15.688141
                    ],
                    [
                        74.194472,
                        15.688141
                    ],
                    [
                        74.193806,
                        15.688332
                    ],
                    [
                        74.193667,
                        15.688332
                    ],
                    [
                        74.193426,
                        15.688285
                    ],
                    [
                        74.192728,
                        15.687913
                    ],
                    [
                        74.19217,
                        15.687634
                    ],
                    [
                        74.191849,
                        15.687381
                    ],
                    [
                        74.191639,
                        15.687164
                    ],
                    [
                        74.191511,
                        15.686927
                    ],
                    [
                        74.191172,
                        15.6861
                    ],
                    [
                        74.190894,
                        15.685548
                    ],
                    [
                        74.190615,
                        15.685052
                    ],
                    [
                        74.19055,
                        15.684902
                    ],
                    [
                        74.190459,
                        15.684468
                    ],
                    [
                        74.190175,
                        15.683363
                    ],
                    [
                        74.190068,
                        15.683229
                    ],
                    [
                        74.189917,
                        15.6831
                    ],
                    [
                        74.189756,
                        15.683074
                    ],
                    [
                        74.189547,
                        15.683079
                    ],
                    [
                        74.189145,
                        15.683141
                    ],
                    [
                        74.188898,
                        15.683126
                    ],
                    [
                        74.188732,
                        15.683079
                    ],
                    [
                        74.188464,
                        15.682966
                    ],
                    [
                        74.187396,
                        15.682382
                    ],
                    [
                        74.187074,
                        15.682284
                    ],
                    [
                        74.186795,
                        15.682175
                    ],
                    [
                        74.186624,
                        15.682134
                    ],
                    [
                        74.185728,
                        15.682005
                    ],
                    [
                        74.185261,
                        15.682005
                    ],
                    [
                        74.185084,
                        15.682041
                    ],
                    [
                        74.184891,
                        15.682124
                    ],
                    [
                        74.183003,
                        15.682718
                    ],
                    [
                        74.182734,
                        15.68279
                    ],
                    [
                        74.181479,
                        15.683002
                    ],
                    [
                        74.181028,
                        15.683033
                    ],
                    [
                        74.180851,
                        15.682981
                    ],
                    [
                        74.180685,
                        15.682893
                    ],
                    [
                        74.179553,
                        15.68216
                    ],
                    [
                        74.179253,
                        15.682
                    ],
                    [
                        74.178545,
                        15.681733
                    ],
                    [
                        74.177729,
                        15.681421
                    ],
                    [
                        74.177263,
                        15.681132
                    ],
                    [
                        74.177053,
                        15.680982
                    ],
                    [
                        74.176862,
                        15.680767
                    ],
                    [
                        74.176045,
                        15.679784
                    ],
                    [
                        74.175278,
                        15.679097
                    ],
                    [
                        74.174468,
                        15.67841
                    ],
                    [
                        74.174194,
                        15.678085
                    ],
                    [
                        74.174087,
                        15.677873
                    ],
                    [
                        74.174033,
                        15.677703
                    ],
                    [
                        74.174039,
                        15.677517
                    ],
                    [
                        74.174012,
                        15.677419
                    ],
                    [
                        74.173899,
                        15.677243
                    ],
                    [
                        74.173701,
                        15.677073
                    ],
                    [
                        74.173518,
                        15.676856
                    ],
                    [
                        74.173454,
                        15.676633
                    ],
                    [
                        74.173411,
                        15.676003
                    ],
                    [
                        74.173363,
                        15.675854
                    ],
                    [
                        74.173202,
                        15.675652
                    ],
                    [
                        74.172279,
                        15.675017
                    ],
                    [
                        74.170241,
                        15.673545
                    ],
                    [
                        74.17001,
                        15.673421
                    ],
                    [
                        74.169865,
                        15.67338
                    ],
                    [
                        74.16949,
                        15.673369
                    ],
                    [
                        74.169366,
                        15.673416
                    ],
                    [
                        74.169125,
                        15.673602
                    ],
                    [
                        74.168948,
                        15.673715
                    ],
                    [
                        74.168706,
                        15.674015
                    ],
                    [
                        74.168272,
                        15.67448
                    ],
                    [
                        74.168111,
                        15.674547
                    ],
                    [
                        74.16795,
                        15.674531
                    ],
                    [
                        74.167666,
                        15.674444
                    ],
                    [
                        74.167494,
                        15.674356
                    ],
                    [
                        74.167446,
                        15.674252
                    ],
                    [
                        74.167408,
                        15.674051
                    ],
                    [
                        74.16744,
                        15.673912
                    ],
                    [
                        74.167564,
                        15.673679
                    ],
                    [
                        74.167558,
                        15.673509
                    ],
                    [
                        74.167435,
                        15.673271
                    ],
                    [
                        74.167269,
                        15.673158
                    ],
                    [
                        74.167059,
                        15.673049
                    ],
                    [
                        74.166679,
                        15.672956
                    ],
                    [
                        74.166094,
                        15.672853
                    ],
                    [
                        74.165579,
                        15.672858
                    ],
                    [
                        74.165273,
                        15.672884
                    ],
                    [
                        74.165005,
                        15.67293
                    ],
                    [
                        74.164876,
                        15.673023
                    ],
                    [
                        74.164694,
                        15.673307
                    ],
                    [
                        74.164587,
                        15.673359
                    ],
                    [
                        74.164458,
                        15.673369
                    ],
                    [
                        74.164399,
                        15.673323
                    ],
                    [
                        74.164334,
                        15.67323
                    ],
                    [
                        74.164321,
                        15.673043
                    ],
                    [
                        74.1643,
                        15.672977
                    ],
                    [
                        74.164216,
                        15.672917
                    ],
                    [
                        74.164144,
                        15.672897
                    ],
                    [
                        74.163857,
                        15.672861
                    ],
                    [
                        74.163616,
                        15.672853
                    ],
                    [
                        74.163516,
                        15.672822
                    ],
                    [
                        74.163393,
                        15.672737
                    ],
                    [
                        74.163278,
                        15.672507
                    ],
                    [
                        74.163229,
                        15.672313
                    ],
                    [
                        74.163192,
                        15.672277
                    ],
                    [
                        74.163125,
                        15.672243
                    ],
                    [
                        74.162258,
                        15.672145
                    ],
                    [
                        74.161599,
                        15.672207
                    ],
                    [
                        74.161542,
                        15.672269
                    ],
                    [
                        74.161497,
                        15.672365
                    ],
                    [
                        74.161413,
                        15.672832
                    ],
                    [
                        74.161328,
                        15.672951
                    ],
                    [
                        74.161279,
                        15.672974
                    ],
                    [
                        74.161231,
                        15.672959
                    ],
                    [
                        74.161084,
                        15.672861
                    ],
                    [
                        74.161017,
                        15.672783
                    ],
                    [
                        74.1607,
                        15.67221
                    ],
                    [
                        74.160323,
                        15.671816
                    ],
                    [
                        74.160121,
                        15.671692
                    ],
                    [
                        74.159919,
                        15.671598
                    ],
                    [
                        74.159056,
                        15.671259
                    ],
                    [
                        74.15834,
                        15.670787
                    ],
                    [
                        74.15794,
                        15.670616
                    ],
                    [
                        74.157725,
                        15.670588
                    ],
                    [
                        74.157599,
                        15.670588
                    ],
                    [
                        74.156223,
                        15.670826
                    ],
                    [
                        74.155883,
                        15.670805
                    ],
                    [
                        74.155558,
                        15.670691
                    ],
                    [
                        74.155266,
                        15.67056
                    ],
                    [
                        74.154799,
                        15.670322
                    ],
                    [
                        74.153734,
                        15.669576
                    ],
                    [
                        74.153692,
                        15.669529
                    ],
                    [
                        74.153611,
                        15.669413
                    ],
                    [
                        74.153415,
                        15.669051
                    ],
                    [
                        74.153211,
                        15.668514
                    ],
                    [
                        74.153179,
                        15.668075
                    ],
                    [
                        74.153179,
                        15.667644
                    ],
                    [
                        74.153286,
                        15.665363
                    ],
                    [
                        74.153281,
                        15.665239
                    ],
                    [
                        74.153179,
                        15.664638
                    ],
                    [
                        74.153139,
                        15.664516
                    ],
                    [
                        74.152922,
                        15.664191
                    ],
                    [
                        74.152605,
                        15.663961
                    ],
                    [
                        74.151849,
                        15.663687
                    ],
                    [
                        74.150553,
                        15.663292
                    ],
                    [
                        74.149395,
                        15.662745
                    ],
                    [
                        74.148322,
                        15.662177
                    ],
                    [
                        74.148053,
                        15.661887
                    ],
                    [
                        74.147689,
                        15.660968
                    ],
                    [
                        74.147313,
                        15.660121
                    ],
                    [
                        74.147302,
                        15.659788
                    ],
                    [
                        74.147431,
                        15.659268
                    ],
                    [
                        74.148375,
                        15.656681
                    ],
                    [
                        74.148407,
                        15.656102
                    ],
                    [
                        74.148289,
                        15.655451
                    ],
                    [
                        74.148064,
                        15.654769
                    ],
                    [
                        74.14786,
                        15.654588
                    ],
                    [
                        74.147656,
                        15.654408
                    ],
                    [
                        74.147099,
                        15.654119
                    ],
                    [
                        74.146766,
                        15.653881
                    ],
                    [
                        74.146519,
                        15.653581
                    ],
                    [
                        74.146316,
                        15.653304
                    ],
                    [
                        74.146026,
                        15.65292
                    ],
                    [
                        74.145731,
                        15.652578
                    ],
                    [
                        74.145516,
                        15.652493
                    ],
                    [
                        74.14528,
                        15.652475
                    ],
                    [
                        74.145001,
                        15.652518
                    ],
                    [
                        74.144559,
                        15.652673
                    ],
                    [
                        74.142509,
                        15.652642
                    ],
                    [
                        74.14112,
                        15.652591
                    ],
                    [
                        74.140281,
                        15.6525
                    ],
                    [
                        74.139774,
                        15.652356
                    ],
                    [
                        74.139133,
                        15.652087
                    ],
                    [
                        74.138441,
                        15.651821
                    ],
                    [
                        74.137797,
                        15.651245
                    ],
                    [
                        74.137141,
                        15.650719
                    ],
                    [
                        74.136874,
                        15.650461
                    ],
                    [
                        74.136029,
                        15.649827
                    ],
                    [
                        74.13556,
                        15.64936
                    ],
                    [
                        74.135251,
                        15.649143
                    ],
                    [
                        74.135144,
                        15.649161
                    ],
                    [
                        74.13471,
                        15.649442
                    ],
                    [
                        74.134565,
                        15.649491
                    ],
                    [
                        74.134388,
                        15.649479
                    ],
                    [
                        74.134101,
                        15.649422
                    ],
                    [
                        74.133366,
                        15.649515
                    ],
                    [
                        74.132566,
                        15.649685
                    ],
                    [
                        74.13222,
                        15.649863
                    ],
                    [
                        74.131145,
                        15.650188
                    ],
                    [
                        74.130772,
                        15.65016
                    ],
                    [
                        74.130627,
                        15.650188
                    ],
                    [
                        74.130499,
                        15.650323
                    ],
                    [
                        74.130415,
                        15.650629
                    ],
                    [
                        74.130265,
                        15.650748
                    ],
                    [
                        74.129978,
                        15.650828
                    ],
                    [
                        74.129817,
                        15.650771
                    ],
                    [
                        74.129729,
                        15.650699
                    ],
                    [
                        74.129603,
                        15.650692
                    ],
                    [
                        74.129471,
                        15.650726
                    ],
                    [
                        74.129353,
                        15.650673
                    ],
                    [
                        74.129224,
                        15.650651
                    ],
                    [
                        74.129002,
                        15.650739
                    ],
                    [
                        74.128827,
                        15.650769
                    ],
                    [
                        74.128497,
                        15.651001
                    ],
                    [
                        74.128256,
                        15.651056
                    ],
                    [
                        74.128095,
                        15.65113
                    ],
                    [
                        74.127929,
                        15.651262
                    ],
                    [
                        74.127835,
                        15.651371
                    ],
                    [
                        74.127701,
                        15.651364
                    ],
                    [
                        74.12754,
                        15.651239
                    ],
                    [
                        74.127299,
                        15.651192
                    ],
                    [
                        74.127009,
                        15.651258
                    ],
                    [
                        74.126767,
                        15.651174
                    ],
                    [
                        74.126227,
                        15.6511
                    ],
                    [
                        74.126052,
                        15.65109
                    ],
                    [
                        74.125589,
                        15.651105
                    ],
                    [
                        74.125361,
                        15.651072
                    ],
                    [
                        74.125098,
                        15.651077
                    ],
                    [
                        74.124862,
                        15.651013
                    ],
                    [
                        74.124668,
                        15.650937
                    ],
                    [
                        74.12444,
                        15.65087
                    ],
                    [
                        74.123852,
                        15.650833
                    ],
                    [
                        74.123495,
                        15.650906
                    ],
                    [
                        74.123087,
                        15.651055
                    ],
                    [
                        74.122814,
                        15.651069
                    ],
                    [
                        74.122666,
                        15.651125
                    ],
                    [
                        74.122464,
                        15.651239
                    ],
                    [
                        74.122143,
                        15.651346
                    ],
                    [
                        74.121675,
                        15.651464
                    ],
                    [
                        74.121254,
                        15.651505
                    ],
                    [
                        74.120756,
                        15.651461
                    ],
                    [
                        74.120457,
                        15.651506
                    ],
                    [
                        74.120298,
                        15.651507
                    ],
                    [
                        74.120173,
                        15.651573
                    ],
                    [
                        74.119947,
                        15.651609
                    ],
                    [
                        74.119797,
                        15.651542
                    ],
                    [
                        74.119719,
                        15.651444
                    ],
                    [
                        74.119698,
                        15.651308
                    ],
                    [
                        74.11972,
                        15.65123
                    ],
                    [
                        74.119902,
                        15.651104
                    ],
                    [
                        74.120065,
                        15.651049
                    ],
                    [
                        74.120778,
                        15.650993
                    ],
                    [
                        74.121241,
                        15.650854
                    ],
                    [
                        74.122322,
                        15.65038
                    ],
                    [
                        74.122627,
                        15.650206
                    ],
                    [
                        74.122951,
                        15.649891
                    ],
                    [
                        74.122991,
                        15.64973
                    ],
                    [
                        74.122988,
                        15.649565
                    ],
                    [
                        74.122894,
                        15.649361
                    ],
                    [
                        74.12268,
                        15.649335
                    ],
                    [
                        74.121526,
                        15.649599
                    ],
                    [
                        74.121419,
                        15.649599
                    ],
                    [
                        74.121194,
                        15.649557
                    ],
                    [
                        74.12099,
                        15.64949
                    ],
                    [
                        74.120808,
                        15.649532
                    ],
                    [
                        74.120303,
                        15.649764
                    ],
                    [
                        74.120212,
                        15.649865
                    ],
                    [
                        74.119981,
                        15.649932
                    ],
                    [
                        74.119488,
                        15.649911
                    ],
                    [
                        74.119354,
                        15.649888
                    ],
                    [
                        74.119161,
                        15.649826
                    ],
                    [
                        74.118801,
                        15.649811
                    ],
                    [
                        74.118608,
                        15.649782
                    ],
                    [
                        74.118361,
                        15.649782
                    ],
                    [
                        74.118184,
                        15.649759
                    ],
                    [
                        74.118048,
                        15.649591
                    ],
                    [
                        74.117844,
                        15.649271
                    ],
                    [
                        74.117567,
                        15.649118
                    ],
                    [
                        74.117412,
                        15.648976
                    ],
                    [
                        74.117329,
                        15.648814
                    ],
                    [
                        74.117208,
                        15.648653
                    ],
                    [
                        74.117082,
                        15.64856
                    ],
                    [
                        74.116787,
                        15.648496
                    ],
                    [
                        74.116453,
                        15.648505
                    ],
                    [
                        74.115572,
                        15.648603
                    ],
                    [
                        74.11533,
                        15.648593
                    ],
                    [
                        74.115201,
                        15.648603
                    ],
                    [
                        74.115047,
                        15.648653
                    ],
                    [
                        74.114983,
                        15.648913
                    ],
                    [
                        74.115006,
                        15.649072
                    ],
                    [
                        74.115112,
                        15.649526
                    ],
                    [
                        74.115104,
                        15.649624
                    ],
                    [
                        74.115065,
                        15.649668
                    ],
                    [
                        74.114951,
                        15.649666
                    ],
                    [
                        74.114385,
                        15.649184
                    ],
                    [
                        74.11424,
                        15.648884
                    ],
                    [
                        74.114074,
                        15.648639
                    ],
                    [
                        74.113764,
                        15.648023
                    ],
                    [
                        74.113526,
                        15.647631
                    ],
                    [
                        74.113437,
                        15.647609
                    ],
                    [
                        74.113252,
                        15.647665
                    ],
                    [
                        74.113089,
                        15.647748
                    ],
                    [
                        74.112951,
                        15.647743
                    ],
                    [
                        74.112856,
                        15.647686
                    ],
                    [
                        74.112769,
                        15.647574
                    ],
                    [
                        74.112702,
                        15.647439
                    ],
                    [
                        74.112547,
                        15.647271
                    ],
                    [
                        74.112258,
                        15.647159
                    ],
                    [
                        74.111599,
                        15.646965
                    ],
                    [
                        74.111438,
                        15.646874
                    ],
                    [
                        74.111342,
                        15.646737
                    ],
                    [
                        74.111323,
                        15.646606
                    ],
                    [
                        74.111353,
                        15.646499
                    ],
                    [
                        74.111432,
                        15.646333
                    ],
                    [
                        74.111648,
                        15.646134
                    ],
                    [
                        74.111741,
                        15.645947
                    ],
                    [
                        74.111905,
                        15.645305
                    ],
                    [
                        74.111982,
                        15.645199
                    ],
                    [
                        74.112134,
                        15.645108
                    ],
                    [
                        74.11225,
                        15.644995
                    ],
                    [
                        74.112294,
                        15.64486
                    ],
                    [
                        74.112295,
                        15.644653
                    ],
                    [
                        74.112361,
                        15.644396
                    ],
                    [
                        74.112495,
                        15.644275
                    ],
                    [
                        74.112692,
                        15.64413
                    ],
                    [
                        74.112771,
                        15.643976
                    ],
                    [
                        74.112745,
                        15.643532
                    ],
                    [
                        74.11267,
                        15.64324
                    ],
                    [
                        74.112629,
                        15.642969
                    ],
                    [
                        74.112719,
                        15.642461
                    ],
                    [
                        74.112757,
                        15.642325
                    ],
                    [
                        74.112745,
                        15.642094
                    ],
                    [
                        74.112789,
                        15.641894
                    ],
                    [
                        74.112916,
                        15.641643
                    ],
                    [
                        74.113117,
                        15.641536
                    ],
                    [
                        74.113324,
                        15.641504
                    ],
                    [
                        74.113516,
                        15.64153
                    ],
                    [
                        74.113708,
                        15.641607
                    ],
                    [
                        74.113934,
                        15.641615
                    ],
                    [
                        74.114827,
                        15.641264
                    ],
                    [
                        74.115357,
                        15.640883
                    ],
                    [
                        74.115793,
                        15.640413
                    ],
                    [
                        74.116005,
                        15.640251
                    ],
                    [
                        74.116449,
                        15.639437
                    ],
                    [
                        74.116459,
                        15.639358
                    ],
                    [
                        74.116434,
                        15.639237
                    ],
                    [
                        74.116388,
                        15.639139
                    ],
                    [
                        74.116433,
                        15.638971
                    ],
                    [
                        74.116539,
                        15.638812
                    ],
                    [
                        74.116859,
                        15.638474
                    ],
                    [
                        74.117042,
                        15.6382
                    ],
                    [
                        74.117311,
                        15.637745
                    ],
                    [
                        74.117408,
                        15.637552
                    ],
                    [
                        74.117472,
                        15.637213
                    ],
                    [
                        74.117492,
                        15.636893
                    ],
                    [
                        74.117602,
                        15.636585
                    ],
                    [
                        74.117626,
                        15.636438
                    ],
                    [
                        74.11757,
                        15.635866
                    ],
                    [
                        74.117617,
                        15.635724
                    ],
                    [
                        74.117712,
                        15.635546
                    ],
                    [
                        74.117818,
                        15.635406
                    ],
                    [
                        74.117952,
                        15.635301
                    ],
                    [
                        74.118177,
                        15.635216
                    ],
                    [
                        74.1192,
                        15.634985
                    ],
                    [
                        74.11947,
                        15.634892
                    ],
                    [
                        74.119496,
                        15.634827
                    ],
                    [
                        74.119478,
                        15.634755
                    ],
                    [
                        74.119439,
                        15.634709
                    ],
                    [
                        74.118651,
                        15.634693
                    ],
                    [
                        74.118423,
                        15.634718
                    ],
                    [
                        74.117442,
                        15.634967
                    ],
                    [
                        74.117326,
                        15.635052
                    ],
                    [
                        74.117106,
                        15.635425
                    ],
                    [
                        74.116847,
                        15.635915
                    ],
                    [
                        74.11684,
                        15.636052
                    ],
                    [
                        74.116968,
                        15.636367
                    ],
                    [
                        74.116948,
                        15.636453
                    ],
                    [
                        74.116809,
                        15.636652
                    ],
                    [
                        74.116765,
                        15.636749
                    ],
                    [
                        74.1167,
                        15.637094
                    ],
                    [
                        74.11662,
                        15.637258
                    ],
                    [
                        74.116523,
                        15.637367
                    ],
                    [
                        74.116286,
                        15.637483
                    ],
                    [
                        74.115534,
                        15.638037
                    ],
                    [
                        74.115248,
                        15.638174
                    ],
                    [
                        74.115035,
                        15.638467
                    ],
                    [
                        74.114943,
                        15.638671
                    ],
                    [
                        74.114864,
                        15.638898
                    ],
                    [
                        74.114791,
                        15.639003
                    ],
                    [
                        74.114701,
                        15.639052
                    ],
                    [
                        74.114248,
                        15.639193
                    ],
                    [
                        74.11391,
                        15.639256
                    ],
                    [
                        74.113775,
                        15.639242
                    ],
                    [
                        74.113716,
                        15.639218
                    ],
                    [
                        74.113697,
                        15.639156
                    ],
                    [
                        74.113738,
                        15.639088
                    ],
                    [
                        74.113835,
                        15.639033
                    ],
                    [
                        74.114114,
                        15.63896
                    ],
                    [
                        74.114283,
                        15.638884
                    ],
                    [
                        74.114397,
                        15.638752
                    ],
                    [
                        74.114724,
                        15.638257
                    ],
                    [
                        74.115055,
                        15.637808
                    ],
                    [
                        74.115116,
                        15.637684
                    ],
                    [
                        74.115137,
                        15.637468
                    ],
                    [
                        74.115124,
                        15.637127
                    ],
                    [
                        74.115214,
                        15.636834
                    ],
                    [
                        74.115321,
                        15.63667
                    ],
                    [
                        74.11548,
                        15.636549
                    ],
                    [
                        74.115907,
                        15.636409
                    ],
                    [
                        74.116079,
                        15.636182
                    ],
                    [
                        74.116092,
                        15.63603
                    ],
                    [
                        74.116019,
                        15.635882
                    ],
                    [
                        74.1157,
                        15.63566
                    ],
                    [
                        74.115722,
                        15.635278
                    ],
                    [
                        74.11621,
                        15.634828
                    ],
                    [
                        74.116285,
                        15.634371
                    ],
                    [
                        74.116358,
                        15.634064
                    ],
                    [
                        74.11658,
                        15.633808
                    ],
                    [
                        74.116875,
                        15.633702
                    ],
                    [
                        74.117087,
                        15.633679
                    ],
                    [
                        74.117425,
                        15.633403
                    ],
                    [
                        74.118179,
                        15.633026
                    ],
                    [
                        74.118257,
                        15.632933
                    ],
                    [
                        74.118314,
                        15.632633
                    ],
                    [
                        74.118412,
                        15.632513
                    ],
                    [
                        74.118572,
                        15.632413
                    ],
                    [
                        74.11893,
                        15.63249
                    ],
                    [
                        74.119101,
                        15.632465
                    ],
                    [
                        74.119175,
                        15.63238
                    ],
                    [
                        74.119335,
                        15.631987
                    ],
                    [
                        74.119523,
                        15.63098
                    ],
                    [
                        74.119348,
                        15.62778
                    ],
                    [
                        74.118927,
                        15.623908
                    ],
                    [
                        74.119921,
                        15.61848
                    ],
                    [
                        74.120286,
                        15.618025
                    ],
                    [
                        74.120286,
                        15.617896
                    ],
                    [
                        74.120286,
                        15.617819
                    ],
                    [
                        74.119986,
                        15.617116
                    ],
                    [
                        74.119868,
                        15.61694
                    ],
                    [
                        74.119814,
                        15.616641
                    ],
                    [
                        74.119911,
                        15.616403
                    ],
                    [
                        74.1202,
                        15.616052
                    ],
                    [
                        74.1202,
                        15.615855
                    ],
                    [
                        74.120032,
                        15.615581
                    ],
                    [
                        74.119629,
                        15.61547
                    ],
                    [
                        74.119516,
                        15.615362
                    ],
                    [
                        74.119476,
                        15.61513
                    ],
                    [
                        74.1192,
                        15.614209
                    ],
                    [
                        74.119268,
                        15.613433
                    ],
                    [
                        74.119456,
                        15.61249
                    ],
                    [
                        74.119434,
                        15.612386
                    ],
                    [
                        74.119336,
                        15.612302
                    ],
                    [
                        74.119168,
                        15.612324
                    ],
                    [
                        74.118941,
                        15.612438
                    ],
                    [
                        74.118619,
                        15.612657
                    ],
                    [
                        74.118115,
                        15.612809
                    ],
                    [
                        74.115021,
                        15.612489
                    ],
                    [
                        74.112368,
                        15.611726
                    ],
                    [
                        74.112148,
                        15.611573
                    ],
                    [
                        74.111815,
                        15.611511
                    ],
                    [
                        74.111606,
                        15.611573
                    ],
                    [
                        74.111117,
                        15.612242
                    ],
                    [
                        74.110973,
                        15.612562
                    ],
                    [
                        74.111069,
                        15.61285
                    ],
                    [
                        74.111213,
                        15.613139
                    ],
                    [
                        74.111193,
                        15.613508
                    ],
                    [
                        74.110875,
                        15.613786
                    ],
                    [
                        74.110337,
                        15.61416
                    ],
                    [
                        74.109818,
                        15.614355
                    ],
                    [
                        74.10918,
                        15.614292
                    ],
                    [
                        74.108582,
                        15.613379
                    ],
                    [
                        74.108477,
                        15.613085
                    ],
                    [
                        74.108538,
                        15.612473
                    ],
                    [
                        74.108711,
                        15.611794
                    ],
                    [
                        74.108869,
                        15.61154
                    ],
                    [
                        74.109591,
                        15.610786
                    ],
                    [
                        74.109642,
                        15.610677
                    ],
                    [
                        74.109574,
                        15.610573
                    ],
                    [
                        74.108809,
                        15.609605
                    ],
                    [
                        74.108274,
                        15.608805
                    ],
                    [
                        74.108094,
                        15.607621
                    ],
                    [
                        74.105505,
                        15.606745
                    ],
                    [
                        74.104332,
                        15.606753
                    ],
                    [
                        74.103986,
                        15.606636
                    ],
                    [
                        74.103705,
                        15.606468
                    ],
                    [
                        74.103401,
                        15.606075
                    ],
                    [
                        74.103215,
                        15.605585
                    ],
                    [
                        74.103179,
                        15.605144
                    ],
                    [
                        74.103146,
                        15.605058
                    ],
                    [
                        74.103097,
                        15.605027
                    ],
                    [
                        74.10301,
                        15.605005
                    ],
                    [
                        74.102921,
                        15.60502
                    ],
                    [
                        74.102869,
                        15.605053
                    ],
                    [
                        74.102817,
                        15.605151
                    ],
                    [
                        74.102711,
                        15.605588
                    ],
                    [
                        74.102605,
                        15.605831
                    ],
                    [
                        74.102434,
                        15.606029
                    ],
                    [
                        74.102337,
                        15.606051
                    ],
                    [
                        74.102256,
                        15.606035
                    ],
                    [
                        74.101734,
                        15.605834
                    ],
                    [
                        74.101656,
                        15.605842
                    ],
                    [
                        74.101592,
                        15.605869
                    ],
                    [
                        74.100571,
                        15.607117
                    ],
                    [
                        74.100546,
                        15.607162
                    ],
                    [
                        74.100528,
                        15.607274
                    ],
                    [
                        74.100586,
                        15.608258
                    ],
                    [
                        74.100543,
                        15.608465
                    ],
                    [
                        74.099902,
                        15.609402
                    ],
                    [
                        74.099776,
                        15.609483
                    ],
                    [
                        74.099634,
                        15.60947
                    ],
                    [
                        74.099312,
                        15.609216
                    ],
                    [
                        74.099193,
                        15.609168
                    ],
                    [
                        74.099088,
                        15.60916
                    ],
                    [
                        74.098992,
                        15.609192
                    ],
                    [
                        74.09887,
                        15.60927
                    ],
                    [
                        74.09781,
                        15.610107
                    ],
                    [
                        74.096926,
                        15.611062
                    ],
                    [
                        74.096586,
                        15.611277
                    ],
                    [
                        74.096238,
                        15.611746
                    ],
                    [
                        74.096116,
                        15.611873
                    ],
                    [
                        74.094873,
                        15.612337
                    ],
                    [
                        74.094354,
                        15.612499
                    ],
                    [
                        74.093026,
                        15.612985
                    ],
                    [
                        74.09232,
                        15.613435
                    ],
                    [
                        74.091872,
                        15.613974
                    ],
                    [
                        74.091538,
                        15.614643
                    ],
                    [
                        74.091211,
                        15.615203
                    ],
                    [
                        74.091011,
                        15.615483
                    ],
                    [
                        74.090646,
                        15.615739
                    ],
                    [
                        74.090459,
                        15.61581
                    ],
                    [
                        74.090405,
                        15.615809
                    ],
                    [
                        74.090179,
                        15.615805
                    ],
                    [
                        74.089812,
                        15.6157
                    ],
                    [
                        74.089664,
                        15.615684
                    ],
                    [
                        74.088906,
                        15.615802
                    ],
                    [
                        74.088505,
                        15.615592
                    ],
                    [
                        74.088073,
                        15.615322
                    ],
                    [
                        74.087656,
                        15.615161
                    ],
                    [
                        74.08706,
                        15.615267
                    ],
                    [
                        74.086779,
                        15.615278
                    ],
                    [
                        74.086476,
                        15.615171
                    ],
                    [
                        74.085691,
                        15.614895
                    ],
                    [
                        74.08545,
                        15.614862
                    ],
                    [
                        74.085158,
                        15.614941
                    ],
                    [
                        74.0848,
                        15.615105
                    ],
                    [
                        74.084583,
                        15.615165
                    ],
                    [
                        74.084246,
                        15.615087
                    ],
                    [
                        74.083463,
                        15.615157
                    ],
                    [
                        74.081417,
                        15.614434
                    ],
                    [
                        74.081074,
                        15.614207
                    ],
                    [
                        74.080758,
                        15.613877
                    ],
                    [
                        74.08053,
                        15.613761
                    ],
                    [
                        74.080172,
                        15.613718
                    ],
                    [
                        74.079824,
                        15.613785
                    ],
                    [
                        74.078655,
                        15.614123
                    ],
                    [
                        74.078363,
                        15.6143
                    ],
                    [
                        74.078239,
                        15.614376
                    ],
                    [
                        74.077535,
                        15.614664
                    ],
                    [
                        74.077361,
                        15.614704
                    ],
                    [
                        74.077167,
                        15.614715
                    ],
                    [
                        74.076981,
                        15.614658
                    ],
                    [
                        74.076463,
                        15.614242
                    ],
                    [
                        74.076271,
                        15.614153
                    ],
                    [
                        74.075638,
                        15.61395
                    ],
                    [
                        74.075008,
                        15.613727
                    ],
                    [
                        74.074012,
                        15.613399
                    ],
                    [
                        74.073786,
                        15.613371
                    ],
                    [
                        74.073535,
                        15.613392
                    ],
                    [
                        74.072945,
                        15.613549
                    ],
                    [
                        74.072698,
                        15.613615
                    ],
                    [
                        74.072546,
                        15.613655
                    ],
                    [
                        74.072155,
                        15.613758
                    ],
                    [
                        74.071616,
                        15.613668
                    ],
                    [
                        74.070525,
                        15.613436
                    ],
                    [
                        74.070178,
                        15.613308
                    ],
                    [
                        74.06895,
                        15.612542
                    ],
                    [
                        74.067538,
                        15.611595
                    ],
                    [
                        74.067255,
                        15.611402
                    ],
                    [
                        74.06708,
                        15.611282
                    ],
                    [
                        74.066526,
                        15.610903
                    ],
                    [
                        74.065616,
                        15.610333
                    ],
                    [
                        74.065023,
                        15.609937
                    ],
                    [
                        74.064011,
                        15.609156
                    ],
                    [
                        74.062226,
                        15.607897
                    ],
                    [
                        74.061518,
                        15.60737
                    ],
                    [
                        74.060865,
                        15.606859
                    ],
                    [
                        74.060408,
                        15.606494
                    ],
                    [
                        74.059335,
                        15.605731
                    ],
                    [
                        74.058626,
                        15.605203
                    ],
                    [
                        74.058223,
                        15.604705
                    ],
                    [
                        74.057977,
                        15.604404
                    ],
                    [
                        74.057665,
                        15.604035
                    ],
                    [
                        74.057525,
                        15.603872
                    ],
                    [
                        74.0571,
                        15.60338
                    ],
                    [
                        74.056768,
                        15.603197
                    ],
                    [
                        74.056288,
                        15.602948
                    ],
                    [
                        74.055721,
                        15.602701
                    ],
                    [
                        74.054788,
                        15.602359
                    ],
                    [
                        74.054085,
                        15.602086
                    ],
                    [
                        74.052741,
                        15.601792
                    ],
                    [
                        74.051946,
                        15.601447
                    ],
                    [
                        74.051713,
                        15.601317
                    ],
                    [
                        74.051587,
                        15.601247
                    ],
                    [
                        74.051214,
                        15.601039
                    ],
                    [
                        74.050589,
                        15.600738
                    ],
                    [
                        74.050196,
                        15.600528
                    ],
                    [
                        74.049878,
                        15.600291
                    ],
                    [
                        74.049704,
                        15.60008
                    ],
                    [
                        74.049525,
                        15.59965
                    ],
                    [
                        74.04944,
                        15.599263
                    ],
                    [
                        74.048781,
                        15.597926
                    ],
                    [
                        74.048573,
                        15.597416
                    ],
                    [
                        74.048383,
                        15.596935
                    ],
                    [
                        74.048045,
                        15.596245
                    ],
                    [
                        74.047856,
                        15.595911
                    ],
                    [
                        74.047554,
                        15.595563
                    ],
                    [
                        74.046889,
                        15.595017
                    ],
                    [
                        74.046273,
                        15.594815
                    ],
                    [
                        74.045937,
                        15.594621
                    ],
                    [
                        74.045481,
                        15.594426
                    ],
                    [
                        74.044741,
                        15.594242
                    ],
                    [
                        74.042502,
                        15.593767
                    ],
                    [
                        74.041005,
                        15.593429
                    ],
                    [
                        74.039539,
                        15.592905
                    ],
                    [
                        74.038968,
                        15.592661
                    ],
                    [
                        74.038254,
                        15.59235
                    ],
                    [
                        74.037923,
                        15.592116
                    ],
                    [
                        74.037774,
                        15.591981
                    ],
                    [
                        74.037602,
                        15.591869
                    ],
                    [
                        74.03736,
                        15.591829
                    ],
                    [
                        74.036458,
                        15.591734
                    ],
                    [
                        74.036274,
                        15.59175
                    ],
                    [
                        74.034836,
                        15.591965
                    ],
                    [
                        74.034442,
                        15.592024
                    ],
                    [
                        74.034332,
                        15.592027
                    ],
                    [
                        74.034287,
                        15.592028
                    ],
                    [
                        74.034162,
                        15.591967
                    ],
                    [
                        74.034081,
                        15.591895
                    ],
                    [
                        74.034046,
                        15.591805
                    ],
                    [
                        74.034021,
                        15.591421
                    ],
                    [
                        74.033928,
                        15.591258
                    ],
                    [
                        74.033791,
                        15.591138
                    ],
                    [
                        74.033346,
                        15.591004
                    ],
                    [
                        74.033172,
                        15.590951
                    ],
                    [
                        74.033037,
                        15.590858
                    ],
                    [
                        74.032584,
                        15.59038
                    ],
                    [
                        74.032232,
                        15.589955
                    ],
                    [
                        74.032051,
                        15.589792
                    ],
                    [
                        74.031867,
                        15.589676
                    ],
                    [
                        74.030416,
                        15.588768
                    ],
                    [
                        74.029744,
                        15.588429
                    ],
                    [
                        74.029303,
                        15.588236
                    ],
                    [
                        74.028949,
                        15.587972
                    ],
                    [
                        74.028501,
                        15.587624
                    ],
                    [
                        74.027502,
                        15.586875
                    ],
                    [
                        74.026828,
                        15.586329
                    ],
                    [
                        74.025171,
                        15.584989
                    ],
                    [
                        74.025004,
                        15.584861
                    ],
                    [
                        74.02429,
                        15.584293
                    ],
                    [
                        74.024049,
                        15.584138
                    ],
                    [
                        74.023786,
                        15.584004
                    ],
                    [
                        74.023523,
                        15.583921
                    ],
                    [
                        74.02306,
                        15.583837
                    ],
                    [
                        74.022704,
                        15.583771
                    ],
                    [
                        74.022155,
                        15.583577
                    ],
                    [
                        74.021922,
                        15.583437
                    ],
                    [
                        74.020142,
                        15.581514
                    ],
                    [
                        74.020058,
                        15.581404
                    ],
                    [
                        74.02,
                        15.581273
                    ],
                    [
                        74.01996,
                        15.58086
                    ],
                    [
                        74.019964,
                        15.580384
                    ],
                    [
                        74.020076,
                        15.579662
                    ],
                    [
                        74.020079,
                        15.579413
                    ],
                    [
                        74.019883,
                        15.579065
                    ],
                    [
                        74.019602,
                        15.578687
                    ],
                    [
                        74.019475,
                        15.578471
                    ],
                    [
                        74.019673,
                        15.57751
                    ],
                    [
                        74.019701,
                        15.577331
                    ],
                    [
                        74.019682,
                        15.577106
                    ],
                    [
                        74.019677,
                        15.576968
                    ],
                    [
                        74.01966,
                        15.57652
                    ],
                    [
                        74.019549,
                        15.576287
                    ],
                    [
                        74.01939,
                        15.576021
                    ],
                    [
                        74.019245,
                        15.575736
                    ],
                    [
                        74.019135,
                        15.575098
                    ],
                    [
                        74.019013,
                        15.574861
                    ],
                    [
                        74.018624,
                        15.574173
                    ],
                    [
                        74.018302,
                        15.573717
                    ],
                    [
                        74.017749,
                        15.573116
                    ],
                    [
                        74.016869,
                        15.572123
                    ],
                    [
                        74.016529,
                        15.57182
                    ],
                    [
                        74.016405,
                        15.571734
                    ],
                    [
                        74.016108,
                        15.571605
                    ],
                    [
                        74.015744,
                        15.571557
                    ],
                    [
                        74.014677,
                        15.571431
                    ],
                    [
                        74.014329,
                        15.571447
                    ],
                    [
                        74.013537,
                        15.571588
                    ],
                    [
                        74.013417,
                        15.571591
                    ],
                    [
                        74.013335,
                        15.571593
                    ],
                    [
                        74.013137,
                        15.57152
                    ],
                    [
                        74.012999,
                        15.57143
                    ],
                    [
                        74.012849,
                        15.571269
                    ],
                    [
                        74.01252,
                        15.570832
                    ],
                    [
                        74.012454,
                        15.570745
                    ],
                    [
                        74.012094,
                        15.57039
                    ],
                    [
                        74.01085,
                        15.569952
                    ],
                    [
                        74.009376,
                        15.569077
                    ],
                    [
                        74.009019,
                        15.568783
                    ],
                    [
                        74.008725,
                        15.568443
                    ],
                    [
                        74.008613,
                        15.568023
                    ],
                    [
                        74.008617,
                        15.567777
                    ],
                    [
                        74.008758,
                        15.567103
                    ],
                    [
                        74.008896,
                        15.566608
                    ],
                    [
                        74.008932,
                        15.56639
                    ],
                    [
                        74.008916,
                        15.566304
                    ],
                    [
                        74.008547,
                        15.565864
                    ],
                    [
                        74.008436,
                        15.565705
                    ],
                    [
                        74.008316,
                        15.565409
                    ],
                    [
                        74.008241,
                        15.565169
                    ],
                    [
                        74.008211,
                        15.565027
                    ],
                    [
                        74.00822,
                        15.56494
                    ],
                    [
                        74.009001,
                        15.565208
                    ],
                    [
                        74.008929,
                        15.565372
                    ],
                    [
                        74.008846,
                        15.565491
                    ],
                    [
                        74.008734,
                        15.565629
                    ],
                    [
                        74.008584,
                        15.565736
                    ],
                    [
                        74.007606,
                        15.566189
                    ],
                    [
                        74.00745,
                        15.566303
                    ],
                    [
                        74.007218,
                        15.566421
                    ],
                    [
                        74.006542,
                        15.566624
                    ],
                    [
                        74.006375,
                        15.566736
                    ],
                    [
                        74.006288,
                        15.566794
                    ],
                    [
                        74.005931,
                        15.567078
                    ],
                    [
                        74.00557,
                        15.567366
                    ],
                    [
                        74.005313,
                        15.567555
                    ],
                    [
                        74.004999,
                        15.567812
                    ],
                    [
                        74.004906,
                        15.567866
                    ],
                    [
                        74.00461,
                        15.567884
                    ],
                    [
                        74.003892,
                        15.567849
                    ],
                    [
                        74.003033,
                        15.567857
                    ],
                    [
                        74.002932,
                        15.567878
                    ],
                    [
                        74.00263,
                        15.568029
                    ],
                    [
                        74.002032,
                        15.568386
                    ],
                    [
                        74.001522,
                        15.568713
                    ],
                    [
                        74.001114,
                        15.569007
                    ],
                    [
                        74.000886,
                        15.569237
                    ],
                    [
                        74.000572,
                        15.569576
                    ],
                    [
                        74.000296,
                        15.569923
                    ],
                    [
                        73.999873,
                        15.570653
                    ],
                    [
                        73.999739,
                        15.570846
                    ],
                    [
                        73.999569,
                        15.571047
                    ],
                    [
                        73.999384,
                        15.571249
                    ],
                    [
                        73.999001,
                        15.571601
                    ],
                    [
                        73.998661,
                        15.571844
                    ],
                    [
                        73.998332,
                        15.572079
                    ],
                    [
                        73.998075,
                        15.572248
                    ],
                    [
                        73.997686,
                        15.572499
                    ],
                    [
                        73.997484,
                        15.572608
                    ],
                    [
                        73.996709,
                        15.573045
                    ],
                    [
                        73.995858,
                        15.573448
                    ],
                    [
                        73.995494,
                        15.573738
                    ],
                    [
                        73.995466,
                        15.573762
                    ],
                    [
                        73.995177,
                        15.574001
                    ],
                    [
                        73.994412,
                        15.574562
                    ],
                    [
                        73.99416,
                        15.574687
                    ],
                    [
                        73.993269,
                        15.575126
                    ],
                    [
                        73.99301,
                        15.575247
                    ],
                    [
                        73.992664,
                        15.575338
                    ],
                    [
                        73.992238,
                        15.575341
                    ],
                    [
                        73.99055,
                        15.575275
                    ],
                    [
                        73.990314,
                        15.575349
                    ],
                    [
                        73.990105,
                        15.575444
                    ],
                    [
                        73.989473,
                        15.575839
                    ],
                    [
                        73.988912,
                        15.576274
                    ],
                    [
                        73.988724,
                        15.576357
                    ],
                    [
                        73.988531,
                        15.576397
                    ],
                    [
                        73.987002,
                        15.576483
                    ],
                    [
                        73.985919,
                        15.576567
                    ],
                    [
                        73.985593,
                        15.576611
                    ],
                    [
                        73.984542,
                        15.576932
                    ],
                    [
                        73.9842,
                        15.576973
                    ],
                    [
                        73.983867,
                        15.576977
                    ],
                    [
                        73.983382,
                        15.576895
                    ],
                    [
                        73.982855,
                        15.576835
                    ],
                    [
                        73.982639,
                        15.576836
                    ],
                    [
                        73.982177,
                        15.576873
                    ],
                    [
                        73.98157,
                        15.576962
                    ],
                    [
                        73.981263,
                        15.577001
                    ],
                    [
                        73.981178,
                        15.577012
                    ],
                    [
                        73.980591,
                        15.577016
                    ],
                    [
                        73.979556,
                        15.576994
                    ],
                    [
                        73.979158,
                        15.576992
                    ],
                    [
                        73.978962,
                        15.577009
                    ],
                    [
                        73.978804,
                        15.577049
                    ],
                    [
                        73.978237,
                        15.577318
                    ],
                    [
                        73.97649,
                        15.578024
                    ],
                    [
                        73.975312,
                        15.578401
                    ],
                    [
                        73.973919,
                        15.578851
                    ],
                    [
                        73.973126,
                        15.579108
                    ],
                    [
                        73.972601,
                        15.579245
                    ],
                    [
                        73.97124,
                        15.579983
                    ],
                    [
                        73.970682,
                        15.580425
                    ],
                    [
                        73.970322,
                        15.580711
                    ],
                    [
                        73.970086,
                        15.580878
                    ],
                    [
                        73.969439,
                        15.581337
                    ],
                    [
                        73.969103,
                        15.58143
                    ],
                    [
                        73.9682,
                        15.58136
                    ],
                    [
                        73.967048,
                        15.582137
                    ],
                    [
                        73.967031,
                        15.582146
                    ],
                    [
                        73.966988,
                        15.582168
                    ],
                    [
                        73.966909,
                        15.582209
                    ],
                    [
                        73.965123,
                        15.582729
                    ],
                    [
                        73.963823,
                        15.583108
                    ],
                    [
                        73.962078,
                        15.583436
                    ],
                    [
                        73.961808,
                        15.583476
                    ],
                    [
                        73.961706,
                        15.583496
                    ],
                    [
                        73.960031,
                        15.584436
                    ],
                    [
                        73.959159,
                        15.584925
                    ],
                    [
                        73.95867,
                        15.585199
                    ],
                    [
                        73.958518,
                        15.585284
                    ],
                    [
                        73.958141,
                        15.585366
                    ],
                    [
                        73.95768,
                        15.585467
                    ],
                    [
                        73.957002,
                        15.585611
                    ],
                    [
                        73.956899,
                        15.585633
                    ],
                    [
                        73.956234,
                        15.585864
                    ],
                    [
                        73.955852,
                        15.585997
                    ],
                    [
                        73.955674,
                        15.586059
                    ],
                    [
                        73.955476,
                        15.586128
                    ],
                    [
                        73.954753,
                        15.586511
                    ],
                    [
                        73.953661,
                        15.587144
                    ],
                    [
                        73.953489,
                        15.587246
                    ],
                    [
                        73.953208,
                        15.58745
                    ],
                    [
                        73.952946,
                        15.5876
                    ],
                    [
                        73.952787,
                        15.587633
                    ],
                    [
                        73.952327,
                        15.587727
                    ],
                    [
                        73.952093,
                        15.587775
                    ],
                    [
                        73.951526,
                        15.587892
                    ],
                    [
                        73.951479,
                        15.587901
                    ],
                    [
                        73.951243,
                        15.587847
                    ],
                    [
                        73.951074,
                        15.58777
                    ],
                    [
                        73.950505,
                        15.587509
                    ],
                    [
                        73.950383,
                        15.587514
                    ],
                    [
                        73.950343,
                        15.587528
                    ],
                    [
                        73.950314,
                        15.587557
                    ],
                    [
                        73.95026,
                        15.587665
                    ],
                    [
                        73.950233,
                        15.587832
                    ],
                    [
                        73.950304,
                        15.588147
                    ],
                    [
                        73.95021,
                        15.588223
                    ],
                    [
                        73.949819,
                        15.588912
                    ],
                    [
                        73.949719,
                        15.588966
                    ],
                    [
                        73.949643,
                        15.589076
                    ],
                    [
                        73.948878,
                        15.589979
                    ],
                    [
                        73.948539,
                        15.590344
                    ],
                    [
                        73.948333,
                        15.590497
                    ],
                    [
                        73.947853,
                        15.590774
                    ],
                    [
                        73.947129,
                        15.591031
                    ],
                    [
                        73.946536,
                        15.591148
                    ],
                    [
                        73.946301,
                        15.591176
                    ],
                    [
                        73.946279,
                        15.591179
                    ],
                    [
                        73.94625,
                        15.59121
                    ],
                    [
                        73.946249,
                        15.591231
                    ],
                    [
                        73.946274,
                        15.591265
                    ],
                    [
                        73.946182,
                        15.591373
                    ],
                    [
                        73.945479,
                        15.59251
                    ],
                    [
                        73.945031,
                        15.593153
                    ],
                    [
                        73.944594,
                        15.59381
                    ],
                    [
                        73.943575,
                        15.595343
                    ],
                    [
                        73.942853,
                        15.596319
                    ],
                    [
                        73.942068,
                        15.597055
                    ],
                    [
                        73.941684,
                        15.597414
                    ],
                    [
                        73.940846,
                        15.598253
                    ],
                    [
                        73.939973,
                        15.599127
                    ],
                    [
                        73.938667,
                        15.600434
                    ],
                    [
                        73.938092,
                        15.601009
                    ],
                    [
                        73.937967,
                        15.601135
                    ],
                    [
                        73.93753,
                        15.601571
                    ],
                    [
                        73.937239,
                        15.601863
                    ],
                    [
                        73.936945,
                        15.602157
                    ],
                    [
                        73.936663,
                        15.602443
                    ],
                    [
                        73.935855,
                        15.603271
                    ],
                    [
                        73.935766,
                        15.603362
                    ],
                    [
                        73.935584,
                        15.603548
                    ],
                    [
                        73.935102,
                        15.604043
                    ],
                    [
                        73.934665,
                        15.604491
                    ],
                    [
                        73.93445,
                        15.60474
                    ],
                    [
                        73.934398,
                        15.6048
                    ],
                    [
                        73.934249,
                        15.605049
                    ],
                    [
                        73.934099,
                        15.605301
                    ],
                    [
                        73.93399,
                        15.605484
                    ],
                    [
                        73.933378,
                        15.606493
                    ],
                    [
                        73.93294,
                        15.607199
                    ],
                    [
                        73.932124,
                        15.608517
                    ],
                    [
                        73.931635,
                        15.609306
                    ],
                    [
                        73.931409,
                        15.609671
                    ],
                    [
                        73.93116,
                        15.610014
                    ],
                    [
                        73.930364,
                        15.611112
                    ],
                    [
                        73.930062,
                        15.611528
                    ],
                    [
                        73.929659,
                        15.612083
                    ],
                    [
                        73.928875,
                        15.613165
                    ],
                    [
                        73.92877,
                        15.61331
                    ],
                    [
                        73.928708,
                        15.613335
                    ],
                    [
                        73.928284,
                        15.61351
                    ],
                    [
                        73.927662,
                        15.613766
                    ],
                    [
                        73.92637,
                        15.614978
                    ],
                    [
                        73.926278,
                        15.615043
                    ],
                    [
                        73.924582,
                        15.616235
                    ],
                    [
                        73.924161,
                        15.616532
                    ],
                    [
                        73.923924,
                        15.616638
                    ],
                    [
                        73.92301,
                        15.617049
                    ],
                    [
                        73.921608,
                        15.617678
                    ],
                    [
                        73.921119,
                        15.617898
                    ],
                    [
                        73.921005,
                        15.617949
                    ],
                    [
                        73.92059,
                        15.618135
                    ],
                    [
                        73.920253,
                        15.618287
                    ],
                    [
                        73.919287,
                        15.61872
                    ],
                    [
                        73.918293,
                        15.619167
                    ],
                    [
                        73.91785,
                        15.619317
                    ],
                    [
                        73.916534,
                        15.619342
                    ],
                    [
                        73.916207,
                        15.619381
                    ],
                    [
                        73.915143,
                        15.619512
                    ],
                    [
                        73.913789,
                        15.619746
                    ],
                    [
                        73.9135,
                        15.619803
                    ],
                    [
                        73.913312,
                        15.619803
                    ],
                    [
                        73.913063,
                        15.619751
                    ],
                    [
                        73.911606,
                        15.619255
                    ],
                    [
                        73.911029,
                        15.619116
                    ],
                    [
                        73.910807,
                        15.61909
                    ],
                    [
                        73.909651,
                        15.618943
                    ],
                    [
                        73.909289,
                        15.618919
                    ],
                    [
                        73.908328,
                        15.618917
                    ],
                    [
                        73.90802,
                        15.618956
                    ],
                    [
                        73.907679,
                        15.619061
                    ],
                    [
                        73.907484,
                        15.61918
                    ],
                    [
                        73.906598,
                        15.62009
                    ],
                    [
                        73.906432,
                        15.620223
                    ],
                    [
                        73.906301,
                        15.620164
                    ],
                    [
                        73.906014,
                        15.619999
                    ],
                    [
                        73.905458,
                        15.61965
                    ],
                    [
                        73.905129,
                        15.619616
                    ],
                    [
                        73.904705,
                        15.619738
                    ],
                    [
                        73.904465,
                        15.619806
                    ],
                    [
                        73.904211,
                        15.619814
                    ],
                    [
                        73.903302,
                        15.619477
                    ],
                    [
                        73.902975,
                        15.619391
                    ],
                    [
                        73.900974,
                        15.619389
                    ],
                    [
                        73.899145,
                        15.619466
                    ],
                    [
                        73.898925,
                        15.619475
                    ],
                    [
                        73.898361,
                        15.61949
                    ],
                    [
                        73.897052,
                        15.619441
                    ],
                    [
                        73.896197,
                        15.619451
                    ],
                    [
                        73.895275,
                        15.619534
                    ],
                    [
                        73.894415,
                        15.61963
                    ],
                    [
                        73.894266,
                        15.61965
                    ],
                    [
                        73.893893,
                        15.619692
                    ],
                    [
                        73.893064,
                        15.619898
                    ],
                    [
                        73.892402,
                        15.620084
                    ],
                    [
                        73.891763,
                        15.620229
                    ],
                    [
                        73.891222,
                        15.620081
                    ],
                    [
                        73.890732,
                        15.620132
                    ],
                    [
                        73.890251,
                        15.620235
                    ],
                    [
                        73.889816,
                        15.620375
                    ],
                    [
                        73.888783,
                        15.620666
                    ],
                    [
                        73.88781,
                        15.620917
                    ],
                    [
                        73.886951,
                        15.621371
                    ],
                    [
                        73.886205,
                        15.62179
                    ],
                    [
                        73.886003,
                        15.621903
                    ],
                    [
                        73.885202,
                        15.622345
                    ],
                    [
                        73.884458,
                        15.622657
                    ],
                    [
                        73.884114,
                        15.622746
                    ],
                    [
                        73.883988,
                        15.622778
                    ],
                    [
                        73.883856,
                        15.622813
                    ],
                    [
                        73.88251,
                        15.623213
                    ],
                    [
                        73.881964,
                        15.623425
                    ],
                    [
                        73.880356,
                        15.624294
                    ],
                    [
                        73.87964,
                        15.624735
                    ],
                    [
                        73.87921,
                        15.625098
                    ],
                    [
                        73.878764,
                        15.62563
                    ],
                    [
                        73.878571,
                        15.625814
                    ],
                    [
                        73.878336,
                        15.625979
                    ],
                    [
                        73.875831,
                        15.626705
                    ],
                    [
                        73.875419,
                        15.626831
                    ],
                    [
                        73.875058,
                        15.626938
                    ],
                    [
                        73.87409,
                        15.627214
                    ],
                    [
                        73.873672,
                        15.627302
                    ],
                    [
                        73.873299,
                        15.627283
                    ],
                    [
                        73.871196,
                        15.62693
                    ],
                    [
                        73.870914,
                        15.626875
                    ],
                    [
                        73.870657,
                        15.626777
                    ],
                    [
                        73.869268,
                        15.626103
                    ],
                    [
                        73.869155,
                        15.626067
                    ],
                    [
                        73.869017,
                        15.626045
                    ],
                    [
                        73.867293,
                        15.626351
                    ],
                    [
                        73.867215,
                        15.626364
                    ],
                    [
                        73.866275,
                        15.626525
                    ],
                    [
                        73.865111,
                        15.626728
                    ],
                    [
                        73.86497,
                        15.626753
                    ],
                    [
                        73.86456,
                        15.626824
                    ],
                    [
                        73.863431,
                        15.627142
                    ],
                    [
                        73.86311,
                        15.627199
                    ],
                    [
                        73.862466,
                        15.627212
                    ],
                    [
                        73.862295,
                        15.627249
                    ],
                    [
                        73.862175,
                        15.627338
                    ],
                    [
                        73.861989,
                        15.627517
                    ],
                    [
                        73.861859,
                        15.627699
                    ],
                    [
                        73.861744,
                        15.627748
                    ],
                    [
                        73.861674,
                        15.627739
                    ],
                    [
                        73.860844,
                        15.627795
                    ],
                    [
                        73.860536,
                        15.627809
                    ],
                    [
                        73.860379,
                        15.627761
                    ],
                    [
                        73.860007,
                        15.627498
                    ],
                    [
                        73.85975,
                        15.627259
                    ],
                    [
                        73.859295,
                        15.62682
                    ],
                    [
                        73.859023,
                        15.626499
                    ],
                    [
                        73.858834,
                        15.626277
                    ],
                    [
                        73.858662,
                        15.626106
                    ],
                    [
                        73.858315,
                        15.625705
                    ],
                    [
                        73.858196,
                        15.62552
                    ],
                    [
                        73.858117,
                        15.625227
                    ],
                    [
                        73.858016,
                        15.62485
                    ],
                    [
                        73.857724,
                        15.624077
                    ],
                    [
                        73.85762,
                        15.623882
                    ],
                    [
                        73.857393,
                        15.623734
                    ],
                    [
                        73.857182,
                        15.623596
                    ],
                    [
                        73.856348,
                        15.623046
                    ],
                    [
                        73.856027,
                        15.622834
                    ],
                    [
                        73.855846,
                        15.62275
                    ],
                    [
                        73.85559,
                        15.62263
                    ],
                    [
                        73.855306,
                        15.622546
                    ],
                    [
                        73.85395,
                        15.622049
                    ],
                    [
                        73.852404,
                        15.621505
                    ],
                    [
                        73.852139,
                        15.62142
                    ],
                    [
                        73.850815,
                        15.621132
                    ],
                    [
                        73.850762,
                        15.621126
                    ],
                    [
                        73.850256,
                        15.621035
                    ],
                    [
                        73.849676,
                        15.620909
                    ],
                    [
                        73.849319,
                        15.620738
                    ],
                    [
                        73.848569,
                        15.620398
                    ],
                    [
                        73.847976,
                        15.619995
                    ],
                    [
                        73.847683,
                        15.619776
                    ],
                    [
                        73.847608,
                        15.619713
                    ],
                    [
                        73.847275,
                        15.61943
                    ],
                    [
                        73.847002,
                        15.619249
                    ],
                    [
                        73.84642,
                        15.61884
                    ],
                    [
                        73.846206,
                        15.618694
                    ],
                    [
                        73.845908,
                        15.618547
                    ],
                    [
                        73.845015,
                        15.61839
                    ],
                    [
                        73.844556,
                        15.618364
                    ],
                    [
                        73.843886,
                        15.618467
                    ],
                    [
                        73.843178,
                        15.618591
                    ],
                    [
                        73.841107,
                        15.618974
                    ],
                    [
                        73.840729,
                        15.618981
                    ],
                    [
                        73.840581,
                        15.618981
                    ],
                    [
                        73.839237,
                        15.618894
                    ],
                    [
                        73.838824,
                        15.618873
                    ],
                    [
                        73.837792,
                        15.618806
                    ],
                    [
                        73.83766,
                        15.618801
                    ],
                    [
                        73.83743,
                        15.618793
                    ],
                    [
                        73.836574,
                        15.618733
                    ],
                    [
                        73.835457,
                        15.618697
                    ],
                    [
                        73.834917,
                        15.618654
                    ],
                    [
                        73.834882,
                        15.618614
                    ],
                    [
                        73.834348,
                        15.618522
                    ],
                    [
                        73.833007,
                        15.618186
                    ],
                    [
                        73.83273,
                        15.618062
                    ],
                    [
                        73.832451,
                        15.617868
                    ],
                    [
                        73.832139,
                        15.617562
                    ],
                    [
                        73.83155,
                        15.616775
                    ],
                    [
                        73.831151,
                        15.616107
                    ],
                    [
                        73.831069,
                        15.615982
                    ],
                    [
                        73.830917,
                        15.615764
                    ],
                    [
                        73.829345,
                        15.613513
                    ],
                    [
                        73.829252,
                        15.613393
                    ],
                    [
                        73.82919,
                        15.613366
                    ],
                    [
                        73.829135,
                        15.613283
                    ],
                    [
                        73.828964,
                        15.613039
                    ],
                    [
                        73.828642,
                        15.612643
                    ],
                    [
                        73.828629,
                        15.612573
                    ],
                    [
                        73.828379,
                        15.612285
                    ],
                    [
                        73.828263,
                        15.612151
                    ],
                    [
                        73.827994,
                        15.611911
                    ],
                    [
                        73.827412,
                        15.611468
                    ],
                    [
                        73.827124,
                        15.611248
                    ],
                    [
                        73.826998,
                        15.611151
                    ],
                    [
                        73.82599,
                        15.610373
                    ],
                    [
                        73.825913,
                        15.610315
                    ],
                    [
                        73.825838,
                        15.610309
                    ],
                    [
                        73.825461,
                        15.610044
                    ],
                    [
                        73.825118,
                        15.609762
                    ],
                    [
                        73.824748,
                        15.609506
                    ],
                    [
                        73.824309,
                        15.6092
                    ],
                    [
                        73.824153,
                        15.609036
                    ],
                    [
                        73.824043,
                        15.608837
                    ],
                    [
                        73.823946,
                        15.608731
                    ],
                    [
                        73.823984,
                        15.608522
                    ],
                    [
                        73.824013,
                        15.60836
                    ],
                    [
                        73.823723,
                        15.608311
                    ],
                    [
                        73.823627,
                        15.608098
                    ],
                    [
                        73.823051,
                        15.60655
                    ],
                    [
                        73.82273,
                        15.605691
                    ],
                    [
                        73.82261,
                        15.60545
                    ],
                    [
                        73.822429,
                        15.605291
                    ],
                    [
                        73.821437,
                        15.604861
                    ],
                    [
                        73.820548,
                        15.604471
                    ],
                    [
                        73.819893,
                        15.604201
                    ],
                    [
                        73.819545,
                        15.604062
                    ],
                    [
                        73.819099,
                        15.603874
                    ],
                    [
                        73.818362,
                        15.603545
                    ],
                    [
                        73.818308,
                        15.603521
                    ],
                    [
                        73.817917,
                        15.603354
                    ],
                    [
                        73.817797,
                        15.603307
                    ],
                    [
                        73.817004,
                        15.602996
                    ],
                    [
                        73.816757,
                        15.602938
                    ],
                    [
                        73.816575,
                        15.602877
                    ],
                    [
                        73.816261,
                        15.602668
                    ],
                    [
                        73.816082,
                        15.602488
                    ],
                    [
                        73.81605,
                        15.602438
                    ],
                    [
                        73.815773,
                        15.602053
                    ],
                    [
                        73.815678,
                        15.601893
                    ],
                    [
                        73.815639,
                        15.601949
                    ],
                    [
                        73.81561,
                        15.602049
                    ],
                    [
                        73.815546,
                        15.602299
                    ],
                    [
                        73.81551,
                        15.602418
                    ],
                    [
                        73.81537,
                        15.602879
                    ],
                    [
                        73.815286,
                        15.603183
                    ],
                    [
                        73.815209,
                        15.603309
                    ],
                    [
                        73.815181,
                        15.603355
                    ],
                    [
                        73.814066,
                        15.603979
                    ],
                    [
                        73.813652,
                        15.604322
                    ],
                    [
                        73.813624,
                        15.604359
                    ],
                    [
                        73.81347,
                        15.604568
                    ],
                    [
                        73.81337,
                        15.604702
                    ],
                    [
                        73.813339,
                        15.604751
                    ],
                    [
                        73.813214,
                        15.604679
                    ],
                    [
                        73.812975,
                        15.604373
                    ],
                    [
                        73.812767,
                        15.604025
                    ],
                    [
                        73.812608,
                        15.603683
                    ],
                    [
                        73.812482,
                        15.603191
                    ],
                    [
                        73.812248,
                        15.602191
                    ],
                    [
                        73.81219,
                        15.60218
                    ],
                    [
                        73.812065,
                        15.602191
                    ],
                    [
                        73.812026,
                        15.602177
                    ],
                    [
                        73.811927,
                        15.602061
                    ],
                    [
                        73.811699,
                        15.60189
                    ],
                    [
                        73.81162,
                        15.601852
                    ],
                    [
                        73.811544,
                        15.601826
                    ],
                    [
                        73.811049,
                        15.601437
                    ],
                    [
                        73.810873,
                        15.601318
                    ],
                    [
                        73.810781,
                        15.601255
                    ],
                    [
                        73.810588,
                        15.601147
                    ],
                    [
                        73.810248,
                        15.600949
                    ],
                    [
                        73.810082,
                        15.600817
                    ],
                    [
                        73.810001,
                        15.600716
                    ],
                    [
                        73.809873,
                        15.600594
                    ],
                    [
                        73.809749,
                        15.600529
                    ],
                    [
                        73.80954,
                        15.600481
                    ],
                    [
                        73.809253,
                        15.600445
                    ],
                    [
                        73.80896,
                        15.60038
                    ],
                    [
                        73.808734,
                        15.60028
                    ],
                    [
                        73.808475,
                        15.60062
                    ],
                    [
                        73.808299,
                        15.600761
                    ],
                    [
                        73.807946,
                        15.600897
                    ],
                    [
                        73.807638,
                        15.601078
                    ],
                    [
                        73.80663,
                        15.601846
                    ],
                    [
                        73.806519,
                        15.601931
                    ],
                    [
                        73.806094,
                        15.602131
                    ],
                    [
                        73.804926,
                        15.602681
                    ],
                    [
                        73.804663,
                        15.602804
                    ],
                    [
                        73.804503,
                        15.602745
                    ],
                    [
                        73.804112,
                        15.602556
                    ],
                    [
                        73.804047,
                        15.602446
                    ],
                    [
                        73.804028,
                        15.602324
                    ],
                    [
                        73.804088,
                        15.602043
                    ],
                    [
                        73.804221,
                        15.601136
                    ],
                    [
                        73.804125,
                        15.601079
                    ],
                    [
                        73.803604,
                        15.60084
                    ],
                    [
                        73.803331,
                        15.600759
                    ],
                    [
                        73.803213,
                        15.600754
                    ],
                    [
                        73.80314,
                        15.600772
                    ],
                    [
                        73.802845,
                        15.600973
                    ],
                    [
                        73.8027,
                        15.601019
                    ],
                    [
                        73.801716,
                        15.601335
                    ],
                    [
                        73.801257,
                        15.601348
                    ],
                    [
                        73.800665,
                        15.601172
                    ],
                    [
                        73.800282,
                        15.600988
                    ],
                    [
                        73.800152,
                        15.600834
                    ],
                    [
                        73.799747,
                        15.599994
                    ],
                    [
                        73.799661,
                        15.599844
                    ],
                    [
                        73.799492,
                        15.599351
                    ],
                    [
                        73.799494,
                        15.599126
                    ],
                    [
                        73.799478,
                        15.598951
                    ],
                    [
                        73.799331,
                        15.598664
                    ],
                    [
                        73.799053,
                        15.598364
                    ],
                    [
                        73.799042,
                        15.598284
                    ],
                    [
                        73.799169,
                        15.598218
                    ],
                    [
                        73.79916,
                        15.598137
                    ],
                    [
                        73.799076,
                        15.597923
                    ],
                    [
                        73.799022,
                        15.597786
                    ],
                    [
                        73.799029,
                        15.597607
                    ],
                    [
                        73.799206,
                        15.59691
                    ],
                    [
                        73.799153,
                        15.596656
                    ],
                    [
                        73.799131,
                        15.596606
                    ],
                    [
                        73.799039,
                        15.596088
                    ],
                    [
                        73.798969,
                        15.595928
                    ],
                    [
                        73.798876,
                        15.595806
                    ],
                    [
                        73.798771,
                        15.595721
                    ],
                    [
                        73.798237,
                        15.595416
                    ],
                    [
                        73.797982,
                        15.595288
                    ],
                    [
                        73.797851,
                        15.595249
                    ],
                    [
                        73.797741,
                        15.595237
                    ],
                    [
                        73.797111,
                        15.595245
                    ],
                    [
                        73.796341,
                        15.595238
                    ],
                    [
                        73.795822,
                        15.595251
                    ],
                    [
                        73.795349,
                        15.595336
                    ],
                    [
                        73.795105,
                        15.59543
                    ],
                    [
                        73.794535,
                        15.595615
                    ],
                    [
                        73.794504,
                        15.595627
                    ],
                    [
                        73.79442,
                        15.595659
                    ],
                    [
                        73.79419,
                        15.59584
                    ],
                    [
                        73.793611,
                        15.596398
                    ],
                    [
                        73.793299,
                        15.596623
                    ],
                    [
                        73.792978,
                        15.596724
                    ],
                    [
                        73.792291,
                        15.596811
                    ],
                    [
                        73.791988,
                        15.596958
                    ],
                    [
                        73.791695,
                        15.597049
                    ],
                    [
                        73.79132,
                        15.597152
                    ],
                    [
                        73.789845,
                        15.597111
                    ],
                    [
                        73.789407,
                        15.597133
                    ],
                    [
                        73.789368,
                        15.597135
                    ],
                    [
                        73.787988,
                        15.59722
                    ],
                    [
                        73.787549,
                        15.597194
                    ],
                    [
                        73.787362,
                        15.597166
                    ],
                    [
                        73.786771,
                        15.59708
                    ],
                    [
                        73.786317,
                        15.59707
                    ],
                    [
                        73.784481,
                        15.59709
                    ],
                    [
                        73.783662,
                        15.597189
                    ],
                    [
                        73.783557,
                        15.597226
                    ],
                    [
                        73.783529,
                        15.597237
                    ],
                    [
                        73.783316,
                        15.597313
                    ],
                    [
                        73.782895,
                        15.597457
                    ],
                    [
                        73.782328,
                        15.59762
                    ],
                    [
                        73.7821,
                        15.597676
                    ],
                    [
                        73.78187,
                        15.597709
                    ],
                    [
                        73.781011,
                        15.597647
                    ],
                    [
                        73.7808,
                        15.597559
                    ],
                    [
                        73.780443,
                        15.597329
                    ],
                    [
                        73.780289,
                        15.597211
                    ],
                    [
                        73.779805,
                        15.59668
                    ],
                    [
                        73.779468,
                        15.596419
                    ],
                    [
                        73.779451,
                        15.596406
                    ],
                    [
                        73.779434,
                        15.596392
                    ],
                    [
                        73.77936,
                        15.596335
                    ],
                    [
                        73.779142,
                        15.596107
                    ],
                    [
                        73.778976,
                        15.595805
                    ],
                    [
                        73.778786,
                        15.595508
                    ],
                    [
                        73.778469,
                        15.595145
                    ],
                    [
                        73.778308,
                        15.59501
                    ],
                    [
                        73.778099,
                        15.594845
                    ],
                    [
                        73.777871,
                        15.59463
                    ],
                    [
                        73.777351,
                        15.594001
                    ],
                    [
                        73.776785,
                        15.593361
                    ],
                    [
                        73.776774,
                        15.593349
                    ],
                    [
                        73.776561,
                        15.593125
                    ],
                    [
                        73.776361,
                        15.592984
                    ],
                    [
                        73.776195,
                        15.592896
                    ],
                    [
                        73.775916,
                        15.592791
                    ],
                    [
                        73.775275,
                        15.592542
                    ],
                    [
                        73.775258,
                        15.592536
                    ],
                    [
                        73.775202,
                        15.592514
                    ],
                    [
                        73.775054,
                        15.592461
                    ],
                    [
                        73.774292,
                        15.592152
                    ],
                    [
                        73.774277,
                        15.592146
                    ],
                    [
                        73.774239,
                        15.592131
                    ],
                    [
                        73.773764,
                        15.591941
                    ],
                    [
                        73.773515,
                        15.591855
                    ],
                    [
                        73.77291,
                        15.591646
                    ],
                    [
                        73.772231,
                        15.591412
                    ],
                    [
                        73.771905,
                        15.591319
                    ],
                    [
                        73.771059,
                        15.591138
                    ],
                    [
                        73.770145,
                        15.590853
                    ],
                    [
                        73.770029,
                        15.590812
                    ],
                    [
                        73.769845,
                        15.590748
                    ],
                    [
                        73.769668,
                        15.590662
                    ],
                    [
                        73.769143,
                        15.590487
                    ],
                    [
                        73.76879,
                        15.590429
                    ],
                    [
                        73.768467,
                        15.590382
                    ],
                    [
                        73.768366,
                        15.59037
                    ],
                    [
                        73.768087,
                        15.590337
                    ],
                    [
                        73.767998,
                        15.590327
                    ],
                    [
                        73.767715,
                        15.590242
                    ],
                    [
                        73.767513,
                        15.590241
                    ],
                    [
                        73.767185,
                        15.590289
                    ],
                    [
                        73.766998,
                        15.590316
                    ],
                    [
                        73.766747,
                        15.590302
                    ],
                    [
                        73.766645,
                        15.590275
                    ],
                    [
                        73.766369,
                        15.590155
                    ],
                    [
                        73.766049,
                        15.59009
                    ],
                    [
                        73.765749,
                        15.590031
                    ],
                    [
                        73.765484,
                        15.590017
                    ],
                    [
                        73.765419,
                        15.590009
                    ],
                    [
                        73.765305,
                        15.589994
                    ],
                    [
                        73.76468,
                        15.590053
                    ],
                    [
                        73.764549,
                        15.590019
                    ],
                    [
                        73.764515,
                        15.589997
                    ],
                    [
                        73.764486,
                        15.58995
                    ],
                    [
                        73.764532,
                        15.589582
                    ],
                    [
                        73.764529,
                        15.589505
                    ],
                    [
                        73.764435,
                        15.589312
                    ],
                    [
                        73.7644,
                        15.58914
                    ],
                    [
                        73.764427,
                        15.588908
                    ],
                    [
                        73.764433,
                        15.588483
                    ],
                    [
                        73.764408,
                        15.588435
                    ],
                    [
                        73.763695,
                        15.588171
                    ],
                    [
                        73.763093,
                        15.588009
                    ],
                    [
                        73.76227,
                        15.587822
                    ],
                    [
                        73.761959,
                        15.587714
                    ],
                    [
                        73.761676,
                        15.587672
                    ],
                    [
                        73.761222,
                        15.587666
                    ],
                    [
                        73.760725,
                        15.587692
                    ],
                    [
                        73.760294,
                        15.58767
                    ],
                    [
                        73.759903,
                        15.587668
                    ],
                    [
                        73.759479,
                        15.587598
                    ],
                    [
                        73.758792,
                        15.587451
                    ],
                    [
                        73.758236,
                        15.58721
                    ],
                    [
                        73.757786,
                        15.587105
                    ],
                    [
                        73.757372,
                        15.587045
                    ],
                    [
                        73.757299,
                        15.587025
                    ],
                    [
                        73.757271,
                        15.586983
                    ],
                    [
                        73.757289,
                        15.586726
                    ],
                    [
                        73.757266,
                        15.586387
                    ],
                    [
                        73.757224,
                        15.58631
                    ],
                    [
                        73.757135,
                        15.586287
                    ],
                    [
                        73.75622,
                        15.586229
                    ],
                    [
                        73.756032,
                        15.586197
                    ],
                    [
                        73.755702,
                        15.586064
                    ],
                    [
                        73.75438,
                        15.585425
                    ],
                    [
                        73.754211,
                        15.585293
                    ],
                    [
                        73.753804,
                        15.584907
                    ],
                    [
                        73.753667,
                        15.584777
                    ],
                    [
                        73.753409,
                        15.584697
                    ],
                    [
                        73.75313,
                        15.584496
                    ],
                    [
                        73.752824,
                        15.584319
                    ],
                    [
                        73.752753,
                        15.584305
                    ],
                    [
                        73.752271,
                        15.58421
                    ],
                    [
                        73.751649,
                        15.584159
                    ],
                    [
                        73.751124,
                        15.584119
                    ],
                    [
                        73.750152,
                        15.584072
                    ],
                    [
                        73.748992,
                        15.583901
                    ],
                    [
                        73.748898,
                        15.583912
                    ],
                    [
                        73.748407,
                        15.58397
                    ],
                    [
                        73.748148,
                        15.58403
                    ],
                    [
                        73.747744,
                        15.584171
                    ],
                    [
                        73.747364,
                        15.58432
                    ],
                    [
                        73.747175,
                        15.584369
                    ],
                    [
                        73.746514,
                        15.584482
                    ],
                    [
                        73.746081,
                        15.584803
                    ],
                    [
                        73.744849,
                        15.585451
                    ],
                    [
                        73.744634,
                        15.585565
                    ],
                    [
                        73.744444,
                        15.585665
                    ],
                    [
                        73.743949,
                        15.585778
                    ],
                    [
                        73.743448,
                        15.585674
                    ],
                    [
                        73.742537,
                        15.585486
                    ],
                    [
                        73.742433,
                        15.585464
                    ],
                    [
                        73.741885,
                        15.585345
                    ],
                    [
                        73.741652,
                        15.585303
                    ],
                    [
                        73.741494,
                        15.585263
                    ],
                    [
                        73.741395,
                        15.585257
                    ],
                    [
                        73.741252,
                        15.585209
                    ],
                    [
                        73.741068,
                        15.585191
                    ],
                    [
                        73.740845,
                        15.585198
                    ],
                    [
                        73.740647,
                        15.585207
                    ],
                    [
                        73.740441,
                        15.585203
                    ],
                    [
                        73.740374,
                        15.585206
                    ],
                    [
                        73.740101,
                        15.585219
                    ],
                    [
                        73.739977,
                        15.585216
                    ],
                    [
                        73.739738,
                        15.585188
                    ],
                    [
                        73.739218,
                        15.585012
                    ],
                    [
                        73.739058,
                        15.584912
                    ],
                    [
                        73.738988,
                        15.584887
                    ],
                    [
                        73.737764,
                        15.584496
                    ],
                    [
                        73.737684,
                        15.584418
                    ]
                ],
                "type": "LineString"
            }
        }
    ],
    "metadata": {
        "attribution": "openrouteservice.org | OpenStreetMap contributors",
        "service": "routing",
        "timestamp": 1756627160880,
        "query": {
            "coordinates": [
                [
                    77.569744,
                    12.977825
                ],
                [
                    73.737638,
                    15.584436
                ]
            ],
            "profile": "driving-car",
            "profileName": "driving-car",
            "format": "geojson"
        },
        "engine": {
            "version": "9.3.0",
            "build_date": "2025-06-06T15:39:25Z",
            "graph_date": "2025-08-24T11:22:16Z",
            "osm_date": "2025-08-18T00:00:00Z"
        }
    }
}