{
    "type": "FeatureCollection",
    "bbox": [
        76.65263,
        12.30803,
        77.571251,
        12.980145
    ],
    "features": [
        {
            "bbox": [
                76.65263,
                12.30803,
                77.571251,
                12.980145
            ],
            "type": "Feature",
            "properties": {
                "segments": [
                    {
                        "distance": 138929.9,
                        "duration": 6427.5,
                        "steps": [
                            {
                                "distance": 94.5,
                                "duration": 17.0,
                                "type": 11,
                                "instruction": "Head north",
                                "name": "-",
                                "way_points": [
                                    0,
                                    3
                                ]
                            },
                            {
                                "distance": 107.3,
                                "duration": 19.3,
                                "type": 1,
                                "instruction": "Turn right",
                                "name": "-",
                                "way_points": [
                                    3,
                                    5
                                ]
                            },
                            {
                                "distance": 146.3,
                                "duration": 13.2,
                                "type": 0,
                                "instruction": "Turn left onto Gubbi Thotadappa Road",
                                "name": "Gubbi Thotadappa Road",
                                "way_points": [
                                    5,
                                    8
                                ]
                            },
                            {
                                "distance": 669.4,
                                "duration": 73.4,
                                "type": 7,
                                "instruction": "Enter the roundabout and take the 3rd exit onto Gubbi Thotadappa Road",
                                "name": "Gubbi Thotadappa Road",
                                "exit_number": 3,
                                "way_points": [
                                    8,
                                    29
                                ]
                            },
                            {
                                "distance": 13.1,
                                "duration": 1.1,
                                "type": 1,
                                "instruction": "Turn right onto Tank Bund Road",
                                "name": "Tank Bund Road",
                                "way_points": [
                                    29,
                                    30
                                ]
                            },
                            {
                                "distance": 17.0,
                                "duration": 6.1,
                                "type": 6,
                                "instruction": "Continue straight",
                                "name": "-",
                                "way_points": [
                                    30,
                                    31
                                ]
                            },
                            {
                                "distance": 1132.7,
                                "duration": 135.7,
                                "type": 2,
                                "instruction": "Turn sharp left onto Cottonpete Main Road",
                                "name": "Cottonpete Main Road",
                                "way_points": [
                                    31,
                                    66
                                ]
                            },
                            {
                                "distance": 52.6,
                                "duration": 9.8,
                                "type": 13,
                                "instruction": "Keep right onto Cottonpete Main Road",
                                "name": "Cottonpete Main Road",
                                "way_points": [
                                    66,
                                    68
                                ]
                            },
                            {
                                "distance": 428.0,
                                "duration": 28.0,
                                "type": 12,
                                "instruction": "Keep left onto Cottonpete Main Road",
                                "name": "Cottonpete Main Road",
                                "way_points": [
                                    68,
                                    75
                                ]
                            },
                            {
                                "distance": 3631.3,
                                "duration": 322.9,
                                "type": 1,
                                "instruction": "Turn right onto Aluri Venkata Rao Road",
                                "name": "Aluri Venkata Rao Road",
                                "way_points": [
                                    75,
                                    138
                                ]
                            },
                            {
                                "distance": 8038.4,
                                "duration": 562.8,
                                "type": 12,
                                "instruction": "Keep left onto Mysore Road",
                                "name": "Mysore Road",
                                "way_points": [
                                    138,
                                    287
                                ]
                            },
                            {
                                "distance": 1770.4,
                                "duration": 145.1,
                                "type": 0,
                                "instruction": "Turn left",
                                "name": "-",
                                "way_points": [
                                    287,
                                    321
                                ]
                            },
                            {
                                "distance": 117408.1,
                                "duration": 4702.3,
                                "type": 6,
                                "instruction": "Continue straight onto Kumbalagodu Flyover, NH275, EC34",
                                "name": "Kumbalagodu Flyover, NH275, EC34",
                                "way_points": [
                                    321,
                                    1144
                                ]
                            },
                            {
                                "distance": 50.1,
                                "duration": 9.1,
                                "type": 13,
                                "instruction": "Keep right onto Bangalore-Mysore Road, NH150A, NH275",
                                "name": "Bangalore-Mysore Road, NH150A, NH275",
                                "way_points": [
                                    1144,
                                    1146
                                ]
                            },
                            {
                                "distance": 2871.2,
                                "duration": 202.1,
                                "type": 6,
                                "instruction": "Continue straight onto Bangalore Road, NH150A",
                                "name": "Bangalore Road, NH150A",
                                "way_points": [
                                    1146,
                                    1185
                                ]
                            },
                            {
                                "distance": 1903.2,
                                "duration": 140.0,
                                "type": 7,
                                "instruction": "Enter the roundabout and take the 3rd exit onto Ashoka Road",
                                "name": "Ashoka Road",
                                "exit_number": 3,
                                "way_points": [
                                    1185,
                                    1233
                                ]
                            },
                            {
                                "distance": 369.7,
                                "duration": 25.2,
                                "type": 7,
                                "instruction": "Enter the roundabout and take the 3rd exit onto Albert Victor Road",
                                "name": "Albert Victor Road",
                                "exit_number": 3,
                                "way_points": [
                                    1233,
                                    1248
                                ]
                            },
                            {
                                "distance": 226.6,
                                "duration": 14.3,
                                "type": 7,
                                "instruction": "Enter the roundabout and take the 3rd exit onto Sayyaji Rao Road",
                                "name": "Sayyaji Rao Road",
                                "exit_number": 3,
                                "way_points": [
                                    1248,
                                    1263
                                ]
                            },
                            {
                                "distance": 0.0,
                                "duration": 0.0,
                                "type": 10,
                                "instruction": "Arrive at Sayyaji Rao Road, on the right",
                                "name": "-",
                                "way_points": [
                                    1263,
                                    1263
                                ]
                            }
                        ]
                    }
                ],
                "way_points": [
                    0,
                    1263
                ],
                "summary": {
                    "distance": 138929.9,
                    "duration": 6427.5
                }
            },
            "geometry": {
                "coordinates": [
                    [
                        77.569735,
                        12.977827
                    ],
                    [
                        77.569758,
                        12.977944
                    ],
                    [
                        77.569867,
                        12.978624
                    ],
                    [
                        77.569874,
                        12.978666
                    ],
                    [
                        77.569933,
                        12.978701
                    ],
                    [
                        77.570852,
                        12.978639
                    ],
                    [
                        77.570868,
                        12.97878
                    ],
                    [
                        77.570956,
                        12.97947
                    ],
                    [
                        77.570996,
                        12.979947
                    ],
                    [
                        77.570982,
                        12.980017
                    ],
                    [
                        77.571009,
                        12.980094
                    ],
                    [
                        77.571079,
                        12.98014
                    ],
                    [
                        77.571121,
                        12.980145
                    ],
                    [
                        77.571195,
                        12.980121
                    ],
                    [
                        77.571223,
                        12.980094
                    ],
                    [
                        77.571251,
                        12.98001
                    ],
                    [
                        77.571242,
                        12.979966
                    ],
                    [
                        77.571181,
                        12.979899
                    ],
                    [
                        77.571103,
                        12.979885
                    ],
                    [
                        77.571071,
                        12.97989
                    ],
                    [
                        77.570946,
                        12.978581
                    ],
                    [
                        77.57089,
                        12.977315
                    ],
                    [
                        77.570961,
                        12.976812
                    ],
                    [
                        77.57101,
                        12.976475
                    ],
                    [
                        77.571023,
                        12.97618
                    ],
                    [
                        77.570984,
                        12.97556
                    ],
                    [
                        77.570906,
                        12.975294
                    ],
                    [
                        77.570769,
                        12.97497
                    ],
                    [
                        77.57076,
                        12.974767
                    ],
                    [
                        77.570755,
                        12.974647
                    ],
                    [
                        77.570636,
                        12.974668
                    ],
                    [
                        77.570484,
                        12.974709
                    ],
                    [
                        77.570486,
                        12.974541
                    ],
                    [
                        77.570437,
                        12.97402
                    ],
                    [
                        77.570361,
                        12.973584
                    ],
                    [
                        77.57033,
                        12.973322
                    ],
                    [
                        77.570281,
                        12.972978
                    ],
                    [
                        77.570283,
                        12.972663
                    ],
                    [
                        77.570287,
                        12.97222
                    ],
                    [
                        77.570287,
                        12.972194
                    ],
                    [
                        77.57029,
                        12.971903
                    ],
                    [
                        77.570291,
                        12.971782
                    ],
                    [
                        77.570291,
                        12.971676
                    ],
                    [
                        77.57029,
                        12.97147
                    ],
                    [
                        77.570294,
                        12.971403
                    ],
                    [
                        77.570292,
                        12.971202
                    ],
                    [
                        77.570278,
                        12.970829
                    ],
                    [
                        77.570262,
                        12.970408
                    ],
                    [
                        77.570265,
                        12.970103
                    ],
                    [
                        77.570239,
                        12.969831
                    ],
                    [
                        77.570234,
                        12.969691
                    ],
                    [
                        77.57022,
                        12.969321
                    ],
                    [
                        77.570204,
                        12.968918
                    ],
                    [
                        77.570211,
                        12.968547
                    ],
                    [
                        77.570214,
                        12.968353
                    ],
                    [
                        77.570216,
                        12.968233
                    ],
                    [
                        77.57022,
                        12.967962
                    ],
                    [
                        77.570175,
                        12.967229
                    ],
                    [
                        77.570148,
                        12.966828
                    ],
                    [
                        77.570134,
                        12.966754
                    ],
                    [
                        77.570103,
                        12.966428
                    ],
                    [
                        77.570099,
                        12.966009
                    ],
                    [
                        77.570083,
                        12.965581
                    ],
                    [
                        77.570081,
                        12.965498
                    ],
                    [
                        77.570073,
                        12.965161
                    ],
                    [
                        77.570065,
                        12.964901
                    ],
                    [
                        77.570044,
                        12.964545
                    ],
                    [
                        77.569916,
                        12.964288
                    ],
                    [
                        77.569815,
                        12.964129
                    ],
                    [
                        77.569714,
                        12.964025
                    ],
                    [
                        77.569647,
                        12.963906
                    ],
                    [
                        77.569519,
                        12.963561
                    ],
                    [
                        77.569268,
                        12.962778
                    ],
                    [
                        77.569176,
                        12.962423
                    ],
                    [
                        77.569013,
                        12.961907
                    ],
                    [
                        77.56855,
                        12.960501
                    ],
                    [
                        77.568347,
                        12.960494
                    ],
                    [
                        77.567261,
                        12.960462
                    ],
                    [
                        77.56584,
                        12.960419
                    ],
                    [
                        77.565275,
                        12.960403
                    ],
                    [
                        77.564895,
                        12.960391
                    ],
                    [
                        77.564455,
                        12.960378
                    ],
                    [
                        77.563261,
                        12.960342
                    ],
                    [
                        77.562021,
                        12.960305
                    ],
                    [
                        77.560765,
                        12.960267
                    ],
                    [
                        77.559218,
                        12.960221
                    ],
                    [
                        77.558438,
                        12.960203
                    ],
                    [
                        77.557474,
                        12.960174
                    ],
                    [
                        77.556811,
                        12.960162
                    ],
                    [
                        77.556145,
                        12.959767
                    ],
                    [
                        77.555894,
                        12.959491
                    ],
                    [
                        77.555371,
                        12.9587
                    ],
                    [
                        77.555178,
                        12.958509
                    ],
                    [
                        77.554993,
                        12.958355
                    ],
                    [
                        77.554793,
                        12.958233
                    ],
                    [
                        77.55452,
                        12.958135
                    ],
                    [
                        77.553515,
                        12.957797
                    ],
                    [
                        77.552906,
                        12.957607
                    ],
                    [
                        77.552132,
                        12.957379
                    ],
                    [
                        77.552042,
                        12.957352
                    ],
                    [
                        77.550674,
                        12.956935
                    ],
                    [
                        77.54977,
                        12.956819
                    ],
                    [
                        77.548813,
                        12.956649
                    ],
                    [
                        77.548625,
                        12.956614
                    ],
                    [
                        77.548447,
                        12.956581
                    ],
                    [
                        77.548378,
                        12.956569
                    ],
                    [
                        77.548165,
                        12.956532
                    ],
                    [
                        77.547783,
                        12.956466
                    ],
                    [
                        77.547146,
                        12.956346
                    ],
                    [
                        77.546847,
                        12.956241
                    ],
                    [
                        77.546501,
                        12.956062
                    ],
                    [
                        77.546314,
                        12.955973
                    ],
                    [
                        77.545658,
                        12.95558
                    ],
                    [
                        77.54533,
                        12.955345
                    ],
                    [
                        77.545062,
                        12.955151
                    ],
                    [
                        77.544161,
                        12.954348
                    ],
                    [
                        77.544104,
                        12.954301
                    ],
                    [
                        77.543627,
                        12.953944
                    ],
                    [
                        77.543325,
                        12.953804
                    ],
                    [
                        77.543134,
                        12.953737
                    ],
                    [
                        77.543049,
                        12.953707
                    ],
                    [
                        77.542919,
                        12.953672
                    ],
                    [
                        77.542553,
                        12.953564
                    ],
                    [
                        77.542175,
                        12.953329
                    ],
                    [
                        77.54186,
                        12.953076
                    ],
                    [
                        77.541711,
                        12.952982
                    ],
                    [
                        77.541346,
                        12.952626
                    ],
                    [
                        77.541172,
                        12.952458
                    ],
                    [
                        77.54098,
                        12.952315
                    ],
                    [
                        77.540063,
                        12.951766
                    ],
                    [
                        77.539879,
                        12.95164
                    ],
                    [
                        77.539201,
                        12.951185
                    ],
                    [
                        77.539131,
                        12.951132
                    ],
                    [
                        77.538964,
                        12.951034
                    ],
                    [
                        77.538754,
                        12.950939
                    ],
                    [
                        77.538401,
                        12.950838
                    ],
                    [
                        77.538299,
                        12.950802
                    ],
                    [
                        77.538077,
                        12.950686
                    ],
                    [
                        77.537989,
                        12.950634
                    ],
                    [
                        77.537636,
                        12.950334
                    ],
                    [
                        77.537119,
                        12.949877
                    ],
                    [
                        77.536844,
                        12.949633
                    ],
                    [
                        77.536536,
                        12.949308
                    ],
                    [
                        77.536272,
                        12.949065
                    ],
                    [
                        77.536043,
                        12.948892
                    ],
                    [
                        77.53591,
                        12.948797
                    ],
                    [
                        77.535703,
                        12.948657
                    ],
                    [
                        77.535281,
                        12.948419
                    ],
                    [
                        77.535205,
                        12.948378
                    ],
                    [
                        77.534963,
                        12.948192
                    ],
                    [
                        77.534575,
                        12.94798
                    ],
                    [
                        77.534254,
                        12.947799
                    ],
                    [
                        77.533882,
                        12.947639
                    ],
                    [
                        77.533576,
                        12.947543
                    ],
                    [
                        77.533351,
                        12.947471
                    ],
                    [
                        77.533137,
                        12.94741
                    ],
                    [
                        77.53295,
                        12.947366
                    ],
                    [
                        77.531696,
                        12.946971
                    ],
                    [
                        77.53085,
                        12.946621
                    ],
                    [
                        77.52915,
                        12.945856
                    ],
                    [
                        77.528812,
                        12.945667
                    ],
                    [
                        77.528285,
                        12.945338
                    ],
                    [
                        77.528014,
                        12.945132
                    ],
                    [
                        77.527716,
                        12.944865
                    ],
                    [
                        77.527074,
                        12.944193
                    ],
                    [
                        77.526175,
                        12.943085
                    ],
                    [
                        77.526106,
                        12.942992
                    ],
                    [
                        77.525877,
                        12.942675
                    ],
                    [
                        77.525816,
                        12.942588
                    ],
                    [
                        77.525618,
                        12.942312
                    ],
                    [
                        77.524748,
                        12.941136
                    ],
                    [
                        77.52461,
                        12.940932
                    ],
                    [
                        77.524308,
                        12.940486
                    ],
                    [
                        77.524118,
                        12.940264
                    ],
                    [
                        77.523905,
                        12.940012
                    ],
                    [
                        77.523775,
                        12.939858
                    ],
                    [
                        77.523505,
                        12.939539
                    ],
                    [
                        77.522953,
                        12.938958
                    ],
                    [
                        77.522908,
                        12.938931
                    ],
                    [
                        77.522409,
                        12.938624
                    ],
                    [
                        77.522134,
                        12.938426
                    ],
                    [
                        77.522106,
                        12.938405
                    ],
                    [
                        77.521993,
                        12.938324
                    ],
                    [
                        77.521664,
                        12.938087
                    ],
                    [
                        77.521071,
                        12.937523
                    ],
                    [
                        77.520625,
                        12.937068
                    ],
                    [
                        77.520464,
                        12.936967
                    ],
                    [
                        77.520228,
                        12.936817
                    ],
                    [
                        77.518744,
                        12.936376
                    ],
                    [
                        77.518254,
                        12.936308
                    ],
                    [
                        77.517483,
                        12.93629
                    ],
                    [
                        77.517213,
                        12.936283
                    ],
                    [
                        77.516744,
                        12.936267
                    ],
                    [
                        77.51635,
                        12.936216
                    ],
                    [
                        77.51512,
                        12.936056
                    ],
                    [
                        77.514423,
                        12.935914
                    ],
                    [
                        77.51399,
                        12.935783
                    ],
                    [
                        77.513695,
                        12.935689
                    ],
                    [
                        77.513322,
                        12.935581
                    ],
                    [
                        77.513093,
                        12.935531
                    ],
                    [
                        77.513016,
                        12.935512
                    ],
                    [
                        77.512996,
                        12.935507
                    ],
                    [
                        77.512904,
                        12.935478
                    ],
                    [
                        77.512895,
                        12.935476
                    ],
                    [
                        77.512235,
                        12.935289
                    ],
                    [
                        77.511643,
                        12.935075
                    ],
                    [
                        77.511478,
                        12.934996
                    ],
                    [
                        77.511204,
                        12.934865
                    ],
                    [
                        77.510078,
                        12.93397
                    ],
                    [
                        77.509141,
                        12.933187
                    ],
                    [
                        77.508542,
                        12.932623
                    ],
                    [
                        77.506714,
                        12.931409
                    ],
                    [
                        77.506475,
                        12.931213
                    ],
                    [
                        77.506404,
                        12.931126
                    ],
                    [
                        77.506181,
                        12.930721
                    ],
                    [
                        77.505828,
                        12.930077
                    ],
                    [
                        77.505629,
                        12.929825
                    ],
                    [
                        77.505506,
                        12.929739
                    ],
                    [
                        77.505299,
                        12.929612
                    ],
                    [
                        77.50516,
                        12.929555
                    ],
                    [
                        77.50503,
                        12.929479
                    ],
                    [
                        77.504439,
                        12.929292
                    ],
                    [
                        77.503862,
                        12.929072
                    ],
                    [
                        77.503644,
                        12.928899
                    ],
                    [
                        77.503387,
                        12.928658
                    ],
                    [
                        77.502737,
                        12.927937
                    ],
                    [
                        77.502235,
                        12.927509
                    ],
                    [
                        77.50142,
                        12.926892
                    ],
                    [
                        77.500636,
                        12.926363
                    ],
                    [
                        77.500576,
                        12.926317
                    ],
                    [
                        77.500422,
                        12.926198
                    ],
                    [
                        77.499515,
                        12.925426
                    ],
                    [
                        77.499046,
                        12.924954
                    ],
                    [
                        77.498971,
                        12.924879
                    ],
                    [
                        77.498323,
                        12.924278
                    ],
                    [
                        77.497742,
                        12.923681
                    ],
                    [
                        77.497447,
                        12.923412
                    ],
                    [
                        77.497229,
                        12.923252
                    ],
                    [
                        77.497087,
                        12.923155
                    ],
                    [
                        77.496466,
                        12.922917
                    ],
                    [
                        77.496014,
                        12.922729
                    ],
                    [
                        77.495953,
                        12.922696
                    ],
                    [
                        77.495099,
                        12.922247
                    ],
                    [
                        77.494694,
                        12.922034
                    ],
                    [
                        77.494491,
                        12.921927
                    ],
                    [
                        77.494245,
                        12.921798
                    ],
                    [
                        77.493824,
                        12.921511
                    ],
                    [
                        77.493588,
                        12.921262
                    ],
                    [
                        77.493386,
                        12.920944
                    ],
                    [
                        77.493078,
                        12.920517
                    ],
                    [
                        77.492666,
                        12.920057
                    ],
                    [
                        77.492051,
                        12.919573
                    ],
                    [
                        77.491515,
                        12.919044
                    ],
                    [
                        77.491008,
                        12.918119
                    ],
                    [
                        77.490788,
                        12.917689
                    ],
                    [
                        77.49005,
                        12.916816
                    ],
                    [
                        77.4897,
                        12.916488
                    ],
                    [
                        77.489133,
                        12.916086
                    ],
                    [
                        77.488328,
                        12.915557
                    ],
                    [
                        77.488072,
                        12.915414
                    ],
                    [
                        77.487766,
                        12.915203
                    ],
                    [
                        77.487437,
                        12.914908
                    ],
                    [
                        77.486968,
                        12.914439
                    ],
                    [
                        77.486864,
                        12.914314
                    ],
                    [
                        77.486801,
                        12.914238
                    ],
                    [
                        77.4863,
                        12.913725
                    ],
                    [
                        77.48568,
                        12.913069
                    ],
                    [
                        77.485416,
                        12.912835
                    ],
                    [
                        77.485271,
                        12.912663
                    ],
                    [
                        77.485133,
                        12.912435
                    ],
                    [
                        77.485094,
                        12.912313
                    ],
                    [
                        77.484922,
                        12.911773
                    ],
                    [
                        77.484749,
                        12.911232
                    ],
                    [
                        77.484606,
                        12.910827
                    ],
                    [
                        77.484486,
                        12.910663
                    ],
                    [
                        77.484388,
                        12.910547
                    ],
                    [
                        77.484229,
                        12.910435
                    ],
                    [
                        77.484074,
                        12.910392
                    ],
                    [
                        77.483689,
                        12.91032
                    ],
                    [
                        77.48351,
                        12.910323
                    ],
                    [
                        77.483171,
                        12.910328
                    ],
                    [
                        77.48271,
                        12.910333
                    ],
                    [
                        77.482482,
                        12.910342
                    ],
                    [
                        77.482152,
                        12.91035
                    ],
                    [
                        77.481823,
                        12.910246
                    ],
                    [
                        77.481197,
                        12.910021
                    ],
                    [
                        77.480757,
                        12.909863
                    ],
                    [
                        77.480369,
                        12.909724
                    ],
                    [
                        77.480356,
                        12.909614
                    ],
                    [
                        77.480288,
                        12.909501
                    ],
                    [
                        77.480114,
                        12.909344
                    ],
                    [
                        77.479581,
                        12.90911
                    ],
                    [
                        77.47881,
                        12.908839
                    ],
                    [
                        77.478506,
                        12.908744
                    ],
                    [
                        77.478219,
                        12.908671
                    ],
                    [
                        77.477616,
                        12.908464
                    ],
                    [
                        77.477499,
                        12.908453
                    ],
                    [
                        77.47733,
                        12.908376
                    ],
                    [
                        77.477232,
                        12.908317
                    ],
                    [
                        77.477135,
                        12.908293
                    ],
                    [
                        77.475961,
                        12.907524
                    ],
                    [
                        77.475594,
                        12.907312
                    ],
                    [
                        77.475377,
                        12.907224
                    ],
                    [
                        77.47511,
                        12.907152
                    ],
                    [
                        77.474027,
                        12.906954
                    ],
                    [
                        77.473552,
                        12.906737
                    ],
                    [
                        77.473199,
                        12.906515
                    ],
                    [
                        77.472708,
                        12.906103
                    ],
                    [
                        77.472277,
                        12.905781
                    ],
                    [
                        77.47167,
                        12.905405
                    ],
                    [
                        77.471021,
                        12.904924
                    ],
                    [
                        77.47084,
                        12.904716
                    ],
                    [
                        77.470687,
                        12.904507
                    ],
                    [
                        77.470488,
                        12.904158
                    ],
                    [
                        77.470276,
                        12.903771
                    ],
                    [
                        77.469782,
                        12.902961
                    ],
                    [
                        77.469647,
                        12.902764
                    ],
                    [
                        77.469339,
                        12.902377
                    ],
                    [
                        77.469092,
                        12.902135
                    ],
                    [
                        77.468967,
                        12.902023
                    ],
                    [
                        77.468838,
                        12.90192
                    ],
                    [
                        77.467383,
                        12.900986
                    ],
                    [
                        77.466002,
                        12.900163
                    ],
                    [
                        77.463448,
                        12.898416
                    ],
                    [
                        77.463268,
                        12.898307
                    ],
                    [
                        77.462023,
                        12.897459
                    ],
                    [
                        77.461607,
                        12.897128
                    ],
                    [
                        77.461298,
                        12.89683
                    ],
                    [
                        77.460883,
                        12.896347
                    ],
                    [
                        77.458327,
                        12.89303
                    ],
                    [
                        77.457978,
                        12.89267
                    ],
                    [
                        77.457709,
                        12.892437
                    ],
                    [
                        77.457519,
                        12.892293
                    ],
                    [
                        77.45573,
                        12.891181
                    ],
                    [
                        77.455035,
                        12.890702
                    ],
                    [
                        77.454393,
                        12.890222
                    ],
                    [
                        77.453445,
                        12.889481
                    ],
                    [
                        77.453029,
                        12.889089
                    ],
                    [
                        77.452821,
                        12.888851
                    ],
                    [
                        77.449038,
                        12.884104
                    ],
                    [
                        77.448701,
                        12.883645
                    ],
                    [
                        77.448481,
                        12.883302
                    ],
                    [
                        77.446673,
                        12.880288
                    ],
                    [
                        77.445246,
                        12.877986
                    ],
                    [
                        77.444528,
                        12.876876
                    ],
                    [
                        77.444246,
                        12.87648
                    ],
                    [
                        77.443804,
                        12.875968
                    ],
                    [
                        77.443278,
                        12.875443
                    ],
                    [
                        77.443031,
                        12.875222
                    ],
                    [
                        77.442788,
                        12.875014
                    ],
                    [
                        77.440766,
                        12.873473
                    ],
                    [
                        77.440362,
                        12.87316
                    ],
                    [
                        77.440079,
                        12.87292
                    ],
                    [
                        77.439698,
                        12.872516
                    ],
                    [
                        77.439484,
                        12.872233
                    ],
                    [
                        77.439296,
                        12.871934
                    ],
                    [
                        77.439135,
                        12.87162
                    ],
                    [
                        77.438956,
                        12.87119
                    ],
                    [
                        77.438192,
                        12.86943
                    ],
                    [
                        77.437406,
                        12.867559
                    ],
                    [
                        77.43706,
                        12.866917
                    ],
                    [
                        77.436769,
                        12.866518
                    ],
                    [
                        77.436283,
                        12.865925
                    ],
                    [
                        77.435868,
                        12.86547
                    ],
                    [
                        77.435642,
                        12.865184
                    ],
                    [
                        77.434554,
                        12.863881
                    ],
                    [
                        77.433797,
                        12.863021
                    ],
                    [
                        77.433434,
                        12.862521
                    ],
                    [
                        77.432957,
                        12.861921
                    ],
                    [
                        77.431895,
                        12.86069
                    ],
                    [
                        77.431522,
                        12.860197
                    ],
                    [
                        77.431086,
                        12.859568
                    ],
                    [
                        77.430604,
                        12.859074
                    ],
                    [
                        77.429798,
                        12.858408
                    ],
                    [
                        77.429149,
                        12.857847
                    ],
                    [
                        77.428357,
                        12.857224
                    ],
                    [
                        77.427841,
                        12.856702
                    ],
                    [
                        77.427386,
                        12.856142
                    ],
                    [
                        77.426924,
                        12.855491
                    ],
                    [
                        77.426505,
                        12.85477
                    ],
                    [
                        77.426245,
                        12.854221
                    ],
                    [
                        77.425801,
                        12.853099
                    ],
                    [
                        77.425552,
                        12.852548
                    ],
                    [
                        77.425212,
                        12.851857
                    ],
                    [
                        77.424649,
                        12.850907
                    ],
                    [
                        77.423955,
                        12.849677
                    ],
                    [
                        77.422285,
                        12.845894
                    ],
                    [
                        77.421449,
                        12.843728
                    ],
                    [
                        77.42125,
                        12.843334
                    ],
                    [
                        77.420758,
                        12.84258
                    ],
                    [
                        77.420494,
                        12.842246
                    ],
                    [
                        77.416817,
                        12.838244
                    ],
                    [
                        77.416053,
                        12.837396
                    ],
                    [
                        77.415776,
                        12.837025
                    ],
                    [
                        77.415516,
                        12.836584
                    ],
                    [
                        77.415382,
                        12.836358
                    ],
                    [
                        77.413141,
                        12.831987
                    ],
                    [
                        77.41297,
                        12.831516
                    ],
                    [
                        77.412827,
                        12.831093
                    ],
                    [
                        77.412727,
                        12.830725
                    ],
                    [
                        77.412651,
                        12.83034
                    ],
                    [
                        77.412475,
                        12.829054
                    ],
                    [
                        77.412281,
                        12.828108
                    ],
                    [
                        77.411591,
                        12.825627
                    ],
                    [
                        77.411065,
                        12.823687
                    ],
                    [
                        77.410891,
                        12.822985
                    ],
                    [
                        77.410584,
                        12.821377
                    ],
                    [
                        77.410471,
                        12.820971
                    ],
                    [
                        77.410244,
                        12.820373
                    ],
                    [
                        77.410072,
                        12.820014
                    ],
                    [
                        77.409915,
                        12.819743
                    ],
                    [
                        77.40966,
                        12.819354
                    ],
                    [
                        77.409113,
                        12.818697
                    ],
                    [
                        77.408743,
                        12.818348
                    ],
                    [
                        77.4084,
                        12.818078
                    ],
                    [
                        77.40791,
                        12.817762
                    ],
                    [
                        77.407162,
                        12.81743
                    ],
                    [
                        77.406664,
                        12.817266
                    ],
                    [
                        77.406154,
                        12.817149
                    ],
                    [
                        77.405712,
                        12.817086
                    ],
                    [
                        77.404966,
                        12.817051
                    ],
                    [
                        77.398633,
                        12.816769
                    ],
                    [
                        77.398358,
                        12.816761
                    ],
                    [
                        77.394706,
                        12.816606
                    ],
                    [
                        77.394518,
                        12.816601
                    ],
                    [
                        77.391973,
                        12.816478
                    ],
                    [
                        77.391142,
                        12.816418
                    ],
                    [
                        77.390273,
                        12.816295
                    ],
                    [
                        77.389541,
                        12.816119
                    ],
                    [
                        77.388315,
                        12.815764
                    ],
                    [
                        77.38732,
                        12.815374
                    ],
                    [
                        77.386432,
                        12.814971
                    ],
                    [
                        77.385713,
                        12.814579
                    ],
                    [
                        77.385027,
                        12.81414
                    ],
                    [
                        77.384528,
                        12.813797
                    ],
                    [
                        77.383897,
                        12.813303
                    ],
                    [
                        77.383388,
                        12.812853
                    ],
                    [
                        77.38312,
                        12.812617
                    ],
                    [
                        77.382833,
                        12.812322
                    ],
                    [
                        77.378643,
                        12.807719
                    ],
                    [
                        77.376284,
                        12.805052
                    ],
                    [
                        77.375878,
                        12.804515
                    ],
                    [
                        77.375754,
                        12.804337
                    ],
                    [
                        77.375057,
                        12.803215
                    ],
                    [
                        77.374645,
                        12.802431
                    ],
                    [
                        77.374208,
                        12.801439
                    ],
                    [
                        77.373751,
                        12.800013
                    ],
                    [
                        77.37356,
                        12.799174
                    ],
                    [
                        77.373442,
                        12.798365
                    ],
                    [
                        77.373386,
                        12.79787
                    ],
                    [
                        77.373327,
                        12.796731
                    ],
                    [
                        77.373304,
                        12.795394
                    ],
                    [
                        77.373313,
                        12.794581
                    ],
                    [
                        77.373309,
                        12.793902
                    ],
                    [
                        77.373309,
                        12.793831
                    ],
                    [
                        77.373291,
                        12.792708
                    ],
                    [
                        77.37326,
                        12.790961
                    ],
                    [
                        77.373251,
                        12.78711
                    ],
                    [
                        77.37321,
                        12.786677
                    ],
                    [
                        77.373101,
                        12.786163
                    ],
                    [
                        77.373021,
                        12.785882
                    ],
                    [
                        77.372884,
                        12.785506
                    ],
                    [
                        77.372696,
                        12.785079
                    ],
                    [
                        77.372486,
                        12.784718
                    ],
                    [
                        77.372175,
                        12.784247
                    ],
                    [
                        77.371489,
                        12.783407
                    ],
                    [
                        77.371272,
                        12.783159
                    ],
                    [
                        77.369649,
                        12.781288
                    ],
                    [
                        77.369381,
                        12.781003
                    ],
                    [
                        77.369088,
                        12.78074
                    ],
                    [
                        77.368628,
                        12.780373
                    ],
                    [
                        77.367986,
                        12.77997
                    ],
                    [
                        77.365079,
                        12.778418
                    ],
                    [
                        77.364333,
                        12.778032
                    ],
                    [
                        77.36365,
                        12.777646
                    ],
                    [
                        77.362215,
                        12.7769
                    ],
                    [
                        77.359658,
                        12.775719
                    ],
                    [
                        77.359205,
                        12.775463
                    ],
                    [
                        77.358633,
                        12.775107
                    ],
                    [
                        77.355296,
                        12.772886
                    ],
                    [
                        77.354755,
                        12.772541
                    ],
                    [
                        77.354299,
                        12.772274
                    ],
                    [
                        77.354197,
                        12.772213
                    ],
                    [
                        77.353971,
                        12.772081
                    ],
                    [
                        77.353422,
                        12.771795
                    ],
                    [
                        77.352962,
                        12.771584
                    ],
                    [
                        77.352442,
                        12.771366
                    ],
                    [
                        77.351411,
                        12.770987
                    ],
                    [
                        77.35086,
                        12.770819
                    ],
                    [
                        77.350287,
                        12.770664
                    ],
                    [
                        77.349661,
                        12.770515
                    ],
                    [
                        77.348832,
                        12.77038
                    ],
                    [
                        77.346529,
                        12.770087
                    ],
                    [
                        77.344264,
                        12.769773
                    ],
                    [
                        77.343764,
                        12.769704
                    ],
                    [
                        77.340137,
                        12.769239
                    ],
                    [
                        77.33712,
                        12.768783
                    ],
                    [
                        77.336804,
                        12.7687
                    ],
                    [
                        77.33638,
                        12.768547
                    ],
                    [
                        77.334428,
                        12.767768
                    ],
                    [
                        77.334102,
                        12.767618
                    ],
                    [
                        77.333745,
                        12.767418
                    ],
                    [
                        77.333473,
                        12.767229
                    ],
                    [
                        77.333223,
                        12.767026
                    ],
                    [
                        77.330253,
                        12.764352
                    ],
                    [
                        77.329902,
                        12.764004
                    ],
                    [
                        77.326743,
                        12.760656
                    ],
                    [
                        77.324714,
                        12.758445
                    ],
                    [
                        77.324442,
                        12.758166
                    ],
                    [
                        77.32394,
                        12.7577
                    ],
                    [
                        77.321472,
                        12.755778
                    ],
                    [
                        77.321321,
                        12.755668
                    ],
                    [
                        77.32002,
                        12.75473
                    ],
                    [
                        77.319528,
                        12.754317
                    ],
                    [
                        77.319222,
                        12.754013
                    ],
                    [
                        77.318877,
                        12.753602
                    ],
                    [
                        77.318607,
                        12.753248
                    ],
                    [
                        77.315636,
                        12.749191
                    ],
                    [
                        77.315433,
                        12.748913
                    ],
                    [
                        77.314877,
                        12.74822
                    ],
                    [
                        77.314268,
                        12.747563
                    ],
                    [
                        77.313965,
                        12.747266
                    ],
                    [
                        77.313352,
                        12.74673
                    ],
                    [
                        77.312717,
                        12.746257
                    ],
                    [
                        77.312156,
                        12.745872
                    ],
                    [
                        77.311854,
                        12.745685
                    ],
                    [
                        77.311469,
                        12.745456
                    ],
                    [
                        77.311106,
                        12.745272
                    ],
                    [
                        77.310737,
                        12.745091
                    ],
                    [
                        77.310314,
                        12.744914
                    ],
                    [
                        77.309408,
                        12.744572
                    ],
                    [
                        77.309055,
                        12.744456
                    ],
                    [
                        77.292625,
                        12.740062
                    ],
                    [
                        77.29223,
                        12.739978
                    ],
                    [
                        77.291739,
                        12.739915
                    ],
                    [
                        77.29104,
                        12.739852
                    ],
                    [
                        77.290613,
                        12.739835
                    ],
                    [
                        77.290311,
                        12.739835
                    ],
                    [
                        77.289946,
                        12.739862
                    ],
                    [
                        77.289574,
                        12.739909
                    ],
                    [
                        77.289175,
                        12.739985
                    ],
                    [
                        77.28887,
                        12.740059
                    ],
                    [
                        77.288054,
                        12.740315
                    ],
                    [
                        77.285049,
                        12.741518
                    ],
                    [
                        77.284296,
                        12.74182
                    ],
                    [
                        77.280553,
                        12.743331
                    ],
                    [
                        77.280387,
                        12.743398
                    ],
                    [
                        77.264566,
                        12.749786
                    ],
                    [
                        77.264032,
                        12.749968
                    ],
                    [
                        77.263442,
                        12.750127
                    ],
                    [
                        77.262994,
                        12.750218
                    ],
                    [
                        77.262332,
                        12.750311
                    ],
                    [
                        77.261785,
                        12.75036
                    ],
                    [
                        77.261259,
                        12.750362
                    ],
                    [
                        77.260667,
                        12.750326
                    ],
                    [
                        77.259626,
                        12.750199
                    ],
                    [
                        77.259199,
                        12.750127
                    ],
                    [
                        77.258817,
                        12.750032
                    ],
                    [
                        77.258406,
                        12.749902
                    ],
                    [
                        77.257988,
                        12.749743
                    ],
                    [
                        77.257548,
                        12.74955
                    ],
                    [
                        77.257107,
                        12.749336
                    ],
                    [
                        77.256734,
                        12.749127
                    ],
                    [
                        77.25614,
                        12.748739
                    ],
                    [
                        77.255845,
                        12.74852
                    ],
                    [
                        77.255182,
                        12.747959
                    ],
                    [
                        77.254595,
                        12.747375
                    ],
                    [
                        77.254373,
                        12.747122
                    ],
                    [
                        77.251391,
                        12.743381
                    ],
                    [
                        77.24701,
                        12.737532
                    ],
                    [
                        77.246892,
                        12.73739
                    ],
                    [
                        77.246611,
                        12.737053
                    ],
                    [
                        77.245987,
                        12.736398
                    ],
                    [
                        77.235448,
                        12.727146
                    ],
                    [
                        77.235082,
                        12.726804
                    ],
                    [
                        77.234811,
                        12.726504
                    ],
                    [
                        77.234279,
                        12.725789
                    ],
                    [
                        77.230393,
                        12.720034
                    ],
                    [
                        77.225645,
                        12.712911
                    ],
                    [
                        77.224933,
                        12.711914
                    ],
                    [
                        77.221711,
                        12.707136
                    ],
                    [
                        77.221253,
                        12.706401
                    ],
                    [
                        77.217883,
                        12.700353
                    ],
                    [
                        77.21784,
                        12.700275
                    ],
                    [
                        77.216529,
                        12.698276
                    ],
                    [
                        77.216024,
                        12.69767
                    ],
                    [
                        77.211187,
                        12.692678
                    ],
                    [
                        77.210915,
                        12.692418
                    ],
                    [
                        77.210656,
                        12.692194
                    ],
                    [
                        77.209949,
                        12.691648
                    ],
                    [
                        77.205905,
                        12.688837
                    ],
                    [
                        77.205541,
                        12.688571
                    ],
                    [
                        77.205216,
                        12.688316
                    ],
                    [
                        77.204903,
                        12.688042
                    ],
                    [
                        77.204595,
                        12.687737
                    ],
                    [
                        77.204282,
                        12.6874
                    ],
                    [
                        77.204048,
                        12.687115
                    ],
                    [
                        77.203787,
                        12.686762
                    ],
                    [
                        77.201501,
                        12.683131
                    ],
                    [
                        77.201047,
                        12.682503
                    ],
                    [
                        77.20063,
                        12.681973
                    ],
                    [
                        77.200333,
                        12.681622
                    ],
                    [
                        77.199778,
                        12.681019
                    ],
                    [
                        77.196932,
                        12.678124
                    ],
                    [
                        77.19618,
                        12.677401
                    ],
                    [
                        77.193394,
                        12.674848
                    ],
                    [
                        77.192581,
                        12.674045
                    ],
                    [
                        77.190718,
                        12.672123
                    ],
                    [
                        77.190212,
                        12.671564
                    ],
                    [
                        77.189963,
                        12.67125
                    ],
                    [
                        77.189668,
                        12.670833
                    ],
                    [
                        77.189499,
                        12.670555
                    ],
                    [
                        77.189313,
                        12.670193
                    ],
                    [
                        77.189125,
                        12.669779
                    ],
                    [
                        77.188913,
                        12.669243
                    ],
                    [
                        77.188795,
                        12.668839
                    ],
                    [
                        77.188349,
                        12.66712
                    ],
                    [
                        77.188181,
                        12.66632
                    ],
                    [
                        77.188068,
                        12.6659
                    ],
                    [
                        77.187828,
                        12.66513
                    ],
                    [
                        77.187592,
                        12.664545
                    ],
                    [
                        77.187293,
                        12.663908
                    ],
                    [
                        77.186886,
                        12.66323
                    ],
                    [
                        77.186548,
                        12.662724
                    ],
                    [
                        77.186201,
                        12.662264
                    ],
                    [
                        77.185715,
                        12.661709
                    ],
                    [
                        77.185297,
                        12.661282
                    ],
                    [
                        77.184773,
                        12.660817
                    ],
                    [
                        77.184218,
                        12.660377
                    ],
                    [
                        77.183578,
                        12.659955
                    ],
                    [
                        77.182629,
                        12.659433
                    ],
                    [
                        77.178399,
                        12.657418
                    ],
                    [
                        77.177744,
                        12.657074
                    ],
                    [
                        77.177498,
                        12.656899
                    ],
                    [
                        77.177197,
                        12.656679
                    ],
                    [
                        77.176874,
                        12.656383
                    ],
                    [
                        77.176588,
                        12.656059
                    ],
                    [
                        77.176365,
                        12.65577
                    ],
                    [
                        77.176163,
                        12.655449
                    ],
                    [
                        77.175942,
                        12.655022
                    ],
                    [
                        77.175805,
                        12.654666
                    ],
                    [
                        77.175691,
                        12.654291
                    ],
                    [
                        77.175609,
                        12.653885
                    ],
                    [
                        77.175434,
                        12.652408
                    ],
                    [
                        77.175346,
                        12.651537
                    ],
                    [
                        77.175152,
                        12.649768
                    ],
                    [
                        77.175028,
                        12.648989
                    ],
                    [
                        77.174907,
                        12.648496
                    ],
                    [
                        77.174709,
                        12.64797
                    ],
                    [
                        77.174533,
                        12.64762
                    ],
                    [
                        77.17433,
                        12.64725
                    ],
                    [
                        77.173936,
                        12.646687
                    ],
                    [
                        77.173666,
                        12.646378
                    ],
                    [
                        77.173424,
                        12.646152
                    ],
                    [
                        77.17292,
                        12.645727
                    ],
                    [
                        77.172477,
                        12.645433
                    ],
                    [
                        77.172118,
                        12.64523
                    ],
                    [
                        77.171688,
                        12.645036
                    ],
                    [
                        77.171048,
                        12.644808
                    ],
                    [
                        77.170355,
                        12.644663
                    ],
                    [
                        77.169211,
                        12.644486
                    ],
                    [
                        77.166658,
                        12.644024
                    ],
                    [
                        77.166341,
                        12.643968
                    ],
                    [
                        77.165718,
                        12.643869
                    ],
                    [
                        77.164629,
                        12.643744
                    ],
                    [
                        77.163729,
                        12.643698
                    ],
                    [
                        77.161042,
                        12.643613
                    ],
                    [
                        77.16018,
                        12.643511
                    ],
                    [
                        77.159473,
                        12.6433
                    ],
                    [
                        77.158088,
                        12.642856
                    ],
                    [
                        77.15752,
                        12.642657
                    ],
                    [
                        77.156777,
                        12.642333
                    ],
                    [
                        77.156007,
                        12.641975
                    ],
                    [
                        77.155401,
                        12.641741
                    ],
                    [
                        77.15479,
                        12.641542
                    ],
                    [
                        77.153899,
                        12.641289
                    ],
                    [
                        77.152789,
                        12.641028
                    ],
                    [
                        77.152249,
                        12.640926
                    ],
                    [
                        77.151693,
                        12.640862
                    ],
                    [
                        77.15111,
                        12.640824
                    ],
                    [
                        77.149475,
                        12.640757
                    ],
                    [
                        77.14899,
                        12.640723
                    ],
                    [
                        77.148546,
                        12.64068
                    ],
                    [
                        77.148009,
                        12.640589
                    ],
                    [
                        77.145158,
                        12.640047
                    ],
                    [
                        77.144738,
                        12.639953
                    ],
                    [
                        77.143731,
                        12.639664
                    ],
                    [
                        77.140845,
                        12.638777
                    ],
                    [
                        77.140012,
                        12.638541
                    ],
                    [
                        77.139512,
                        12.638415
                    ],
                    [
                        77.139096,
                        12.638349
                    ],
                    [
                        77.138769,
                        12.638322
                    ],
                    [
                        77.137123,
                        12.638292
                    ],
                    [
                        77.136514,
                        12.638265
                    ],
                    [
                        77.135531,
                        12.638158
                    ],
                    [
                        77.134627,
                        12.637991
                    ],
                    [
                        77.130444,
                        12.637117
                    ],
                    [
                        77.130336,
                        12.637094
                    ],
                    [
                        77.126114,
                        12.63623
                    ],
                    [
                        77.125546,
                        12.636084
                    ],
                    [
                        77.124542,
                        12.635772
                    ],
                    [
                        77.123475,
                        12.635401
                    ],
                    [
                        77.12302,
                        12.635205
                    ],
                    [
                        77.12256,
                        12.634965
                    ],
                    [
                        77.122132,
                        12.634712
                    ],
                    [
                        77.114466,
                        12.629922
                    ],
                    [
                        77.113855,
                        12.629576
                    ],
                    [
                        77.113053,
                        12.629176
                    ],
                    [
                        77.112541,
                        12.629034
                    ],
                    [
                        77.111637,
                        12.628883
                    ],
                    [
                        77.110508,
                        12.628833
                    ],
                    [
                        77.109332,
                        12.628731
                    ],
                    [
                        77.108542,
                        12.628592
                    ],
                    [
                        77.107835,
                        12.628406
                    ],
                    [
                        77.107728,
                        12.628378
                    ],
                    [
                        77.107083,
                        12.628207
                    ],
                    [
                        77.105485,
                        12.627637
                    ],
                    [
                        77.1006,
                        12.624904
                    ],
                    [
                        77.099433,
                        12.624243
                    ],
                    [
                        77.097627,
                        12.623222
                    ],
                    [
                        77.096686,
                        12.622511
                    ],
                    [
                        77.094072,
                        12.620392
                    ],
                    [
                        77.092184,
                        12.618924
                    ],
                    [
                        77.091316,
                        12.618401
                    ],
                    [
                        77.089005,
                        12.617131
                    ],
                    [
                        77.088374,
                        12.61667
                    ],
                    [
                        77.087669,
                        12.616063
                    ],
                    [
                        77.08666,
                        12.614992
                    ],
                    [
                        77.086058,
                        12.61428
                    ],
                    [
                        77.085739,
                        12.613902
                    ],
                    [
                        77.084468,
                        12.61236
                    ],
                    [
                        77.083348,
                        12.611137
                    ],
                    [
                        77.076712,
                        12.603542
                    ],
                    [
                        77.075132,
                        12.602109
                    ],
                    [
                        77.074014,
                        12.60142
                    ],
                    [
                        77.073217,
                        12.601083
                    ],
                    [
                        77.071318,
                        12.60047
                    ],
                    [
                        77.068896,
                        12.599716
                    ],
                    [
                        77.064945,
                        12.598589
                    ],
                    [
                        77.063384,
                        12.598144
                    ],
                    [
                        77.062601,
                        12.59792
                    ],
                    [
                        77.057213,
                        12.596288
                    ],
                    [
                        77.054844,
                        12.59557
                    ],
                    [
                        77.05302,
                        12.595041
                    ],
                    [
                        77.052045,
                        12.594684
                    ],
                    [
                        77.051502,
                        12.594328
                    ],
                    [
                        77.050372,
                        12.593472
                    ],
                    [
                        77.050207,
                        12.593325
                    ],
                    [
                        77.047609,
                        12.591321
                    ],
                    [
                        77.04637,
                        12.590322
                    ],
                    [
                        77.045678,
                        12.589797
                    ],
                    [
                        77.044802,
                        12.589104
                    ],
                    [
                        77.042897,
                        12.587557
                    ],
                    [
                        77.041693,
                        12.58652
                    ],
                    [
                        77.040384,
                        12.585362
                    ],
                    [
                        77.039448,
                        12.584569
                    ],
                    [
                        77.037955,
                        12.583253
                    ],
                    [
                        77.037539,
                        12.582926
                    ],
                    [
                        77.037216,
                        12.582698
                    ],
                    [
                        77.036646,
                        12.582409
                    ],
                    [
                        77.036333,
                        12.582279
                    ],
                    [
                        77.035213,
                        12.581837
                    ],
                    [
                        77.034558,
                        12.581603
                    ],
                    [
                        77.033113,
                        12.58117
                    ],
                    [
                        77.032557,
                        12.581035
                    ],
                    [
                        77.032153,
                        12.580951
                    ],
                    [
                        77.031408,
                        12.580813
                    ],
                    [
                        77.031101,
                        12.580725
                    ],
                    [
                        77.030843,
                        12.580632
                    ],
                    [
                        77.030248,
                        12.580362
                    ],
                    [
                        77.029285,
                        12.579896
                    ],
                    [
                        77.028239,
                        12.579425
                    ],
                    [
                        77.026434,
                        12.57873
                    ],
                    [
                        77.024272,
                        12.577985
                    ],
                    [
                        77.023397,
                        12.577629
                    ],
                    [
                        77.020973,
                        12.576601
                    ],
                    [
                        77.020473,
                        12.576363
                    ],
                    [
                        77.019634,
                        12.576018
                    ],
                    [
                        77.018988,
                        12.575736
                    ],
                    [
                        77.017084,
                        12.57484
                    ],
                    [
                        77.016862,
                        12.574722
                    ],
                    [
                        77.013249,
                        12.572936
                    ],
                    [
                        77.013023,
                        12.572834
                    ],
                    [
                        77.012448,
                        12.57257
                    ],
                    [
                        77.009234,
                        12.571014
                    ],
                    [
                        77.0061,
                        12.569596
                    ],
                    [
                        77.005551,
                        12.569378
                    ],
                    [
                        77.005027,
                        12.569205
                    ],
                    [
                        77.004416,
                        12.569046
                    ],
                    [
                        77.004021,
                        12.568962
                    ],
                    [
                        77.003595,
                        12.568902
                    ],
                    [
                        77.003042,
                        12.568842
                    ],
                    [
                        77.00116,
                        12.568772
                    ],
                    [
                        77.001046,
                        12.568767
                    ],
                    [
                        77.000317,
                        12.568712
                    ],
                    [
                        76.999877,
                        12.568647
                    ],
                    [
                        76.999531,
                        12.568566
                    ],
                    [
                        76.998981,
                        12.568377
                    ],
                    [
                        76.998233,
                        12.56802
                    ],
                    [
                        76.994784,
                        12.566233
                    ],
                    [
                        76.992544,
                        12.5651
                    ],
                    [
                        76.991525,
                        12.564608
                    ],
                    [
                        76.988982,
                        12.563319
                    ],
                    [
                        76.985037,
                        12.561389
                    ],
                    [
                        76.984938,
                        12.56134
                    ],
                    [
                        76.982108,
                        12.559962
                    ],
                    [
                        76.980685,
                        12.559213
                    ],
                    [
                        76.978778,
                        12.558176
                    ],
                    [
                        76.978495,
                        12.558048
                    ],
                    [
                        76.978066,
                        12.557826
                    ],
                    [
                        76.976062,
                        12.556722
                    ],
                    [
                        76.974676,
                        12.555982
                    ],
                    [
                        76.97458,
                        12.555928
                    ],
                    [
                        76.973517,
                        12.555367
                    ],
                    [
                        76.971221,
                        12.553921
                    ],
                    [
                        76.970434,
                        12.553494
                    ],
                    [
                        76.968587,
                        12.552388
                    ],
                    [
                        76.967551,
                        12.551749
                    ],
                    [
                        76.96474,
                        12.54997
                    ],
                    [
                        76.964268,
                        12.549711
                    ],
                    [
                        76.962361,
                        12.548722
                    ],
                    [
                        76.959875,
                        12.547585
                    ],
                    [
                        76.959116,
                        12.547277
                    ],
                    [
                        76.958553,
                        12.547097
                    ],
                    [
                        76.957254,
                        12.546635
                    ],
                    [
                        76.956145,
                        12.546296
                    ],
                    [
                        76.954958,
                        12.545985
                    ],
                    [
                        76.954647,
                        12.545946
                    ],
                    [
                        76.954087,
                        12.545929
                    ],
                    [
                        76.953409,
                        12.545965
                    ],
                    [
                        76.9521,
                        12.546005
                    ],
                    [
                        76.950656,
                        12.546107
                    ],
                    [
                        76.950382,
                        12.54611
                    ],
                    [
                        76.950028,
                        12.546084
                    ],
                    [
                        76.949343,
                        12.546126
                    ],
                    [
                        76.94897,
                        12.546098
                    ],
                    [
                        76.948325,
                        12.546122
                    ],
                    [
                        76.948198,
                        12.546132
                    ],
                    [
                        76.947805,
                        12.546168
                    ],
                    [
                        76.947346,
                        12.546264
                    ],
                    [
                        76.94671,
                        12.54648
                    ],
                    [
                        76.945192,
                        12.54707
                    ],
                    [
                        76.943564,
                        12.54761
                    ],
                    [
                        76.943151,
                        12.547715
                    ],
                    [
                        76.942725,
                        12.547777
                    ],
                    [
                        76.942237,
                        12.547772
                    ],
                    [
                        76.94012,
                        12.547602
                    ],
                    [
                        76.93717,
                        12.547142
                    ],
                    [
                        76.935416,
                        12.546795
                    ],
                    [
                        76.9334,
                        12.546422
                    ],
                    [
                        76.933142,
                        12.546372
                    ],
                    [
                        76.931839,
                        12.546161
                    ],
                    [
                        76.930117,
                        12.546082
                    ],
                    [
                        76.929781,
                        12.546103
                    ],
                    [
                        76.929149,
                        12.546191
                    ],
                    [
                        76.928264,
                        12.546373
                    ],
                    [
                        76.926435,
                        12.546841
                    ],
                    [
                        76.924555,
                        12.547287
                    ],
                    [
                        76.923326,
                        12.547451
                    ],
                    [
                        76.923091,
                        12.547458
                    ],
                    [
                        76.922967,
                        12.547461
                    ],
                    [
                        76.92256,
                        12.547472
                    ],
                    [
                        76.921817,
                        12.547391
                    ],
                    [
                        76.920768,
                        12.547148
                    ],
                    [
                        76.918253,
                        12.546426
                    ],
                    [
                        76.917344,
                        12.546195
                    ],
                    [
                        76.916394,
                        12.545993
                    ],
                    [
                        76.916286,
                        12.545967
                    ],
                    [
                        76.915999,
                        12.545899
                    ],
                    [
                        76.914248,
                        12.545672
                    ],
                    [
                        76.896675,
                        12.543819
                    ],
                    [
                        76.895714,
                        12.543719
                    ],
                    [
                        76.895032,
                        12.54365
                    ],
                    [
                        76.894391,
                        12.543605
                    ],
                    [
                        76.893203,
                        12.54361
                    ],
                    [
                        76.89204,
                        12.543659
                    ],
                    [
                        76.890576,
                        12.54386
                    ],
                    [
                        76.889669,
                        12.544042
                    ],
                    [
                        76.888575,
                        12.544316
                    ],
                    [
                        76.888448,
                        12.544349
                    ],
                    [
                        76.887514,
                        12.54457
                    ],
                    [
                        76.88673,
                        12.544837
                    ],
                    [
                        76.885954,
                        12.545055
                    ],
                    [
                        76.885067,
                        12.545269
                    ],
                    [
                        76.88434,
                        12.545403
                    ],
                    [
                        76.883237,
                        12.545548
                    ],
                    [
                        76.882629,
                        12.545598
                    ],
                    [
                        76.880604,
                        12.54565
                    ],
                    [
                        76.879209,
                        12.545547
                    ],
                    [
                        76.877777,
                        12.545319
                    ],
                    [
                        76.876904,
                        12.545136
                    ],
                    [
                        76.875948,
                        12.544904
                    ],
                    [
                        76.874731,
                        12.544494
                    ],
                    [
                        76.873491,
                        12.543959
                    ],
                    [
                        76.872506,
                        12.543494
                    ],
                    [
                        76.870585,
                        12.542308
                    ],
                    [
                        76.87038,
                        12.54215
                    ],
                    [
                        76.870175,
                        12.541992
                    ],
                    [
                        76.869606,
                        12.541548
                    ],
                    [
                        76.86847,
                        12.540503
                    ],
                    [
                        76.867319,
                        12.539359
                    ],
                    [
                        76.866952,
                        12.538909
                    ],
                    [
                        76.86627,
                        12.537976
                    ],
                    [
                        76.866184,
                        12.537848
                    ],
                    [
                        76.86569,
                        12.537098
                    ],
                    [
                        76.865167,
                        12.536203
                    ],
                    [
                        76.864546,
                        12.534979
                    ],
                    [
                        76.864308,
                        12.534391
                    ],
                    [
                        76.86397,
                        12.533492
                    ],
                    [
                        76.863514,
                        12.53199
                    ],
                    [
                        76.863245,
                        12.530708
                    ],
                    [
                        76.863225,
                        12.530581
                    ],
                    [
                        76.863002,
                        12.529115
                    ],
                    [
                        76.86257,
                        12.525669
                    ],
                    [
                        76.862372,
                        12.524646
                    ],
                    [
                        76.862264,
                        12.524085
                    ],
                    [
                        76.862226,
                        12.523927
                    ],
                    [
                        76.861907,
                        12.522622
                    ],
                    [
                        76.861875,
                        12.522505
                    ],
                    [
                        76.861233,
                        12.52015
                    ],
                    [
                        76.860768,
                        12.519084
                    ],
                    [
                        76.860641,
                        12.518861
                    ],
                    [
                        76.860077,
                        12.518008
                    ],
                    [
                        76.859508,
                        12.517403
                    ],
                    [
                        76.859311,
                        12.517206
                    ],
                    [
                        76.859002,
                        12.5169
                    ],
                    [
                        76.858407,
                        12.516455
                    ],
                    [
                        76.857583,
                        12.51598
                    ],
                    [
                        76.85643,
                        12.515347
                    ],
                    [
                        76.854336,
                        12.514334
                    ],
                    [
                        76.852443,
                        12.51348
                    ],
                    [
                        76.852364,
                        12.513446
                    ],
                    [
                        76.851208,
                        12.51296
                    ],
                    [
                        76.85098,
                        12.512876
                    ],
                    [
                        76.850859,
                        12.512831
                    ],
                    [
                        76.845903,
                        12.511043
                    ],
                    [
                        76.8442,
                        12.510432
                    ],
                    [
                        76.841458,
                        12.509448
                    ],
                    [
                        76.840684,
                        12.509136
                    ],
                    [
                        76.838829,
                        12.508351
                    ],
                    [
                        76.838713,
                        12.508302
                    ],
                    [
                        76.834747,
                        12.506622
                    ],
                    [
                        76.834627,
                        12.50657
                    ],
                    [
                        76.834372,
                        12.506459
                    ],
                    [
                        76.831505,
                        12.505001
                    ],
                    [
                        76.827637,
                        12.502983
                    ],
                    [
                        76.827531,
                        12.502928
                    ],
                    [
                        76.826231,
                        12.50225
                    ],
                    [
                        76.826005,
                        12.502133
                    ],
                    [
                        76.824791,
                        12.501505
                    ],
                    [
                        76.823862,
                        12.501025
                    ],
                    [
                        76.822885,
                        12.50052
                    ],
                    [
                        76.821407,
                        12.499763
                    ],
                    [
                        76.821036,
                        12.499602
                    ],
                    [
                        76.82057,
                        12.499438
                    ],
                    [
                        76.820137,
                        12.499318
                    ],
                    [
                        76.819739,
                        12.499234
                    ],
                    [
                        76.819539,
                        12.499201
                    ],
                    [
                        76.818614,
                        12.499112
                    ],
                    [
                        76.818437,
                        12.499096
                    ],
                    [
                        76.817176,
                        12.498985
                    ],
                    [
                        76.816716,
                        12.498929
                    ],
                    [
                        76.816262,
                        12.498839
                    ],
                    [
                        76.815841,
                        12.498723
                    ],
                    [
                        76.815429,
                        12.498579
                    ],
                    [
                        76.814959,
                        12.49837
                    ],
                    [
                        76.813432,
                        12.497509
                    ],
                    [
                        76.813032,
                        12.497318
                    ],
                    [
                        76.81241,
                        12.497084
                    ],
                    [
                        76.811782,
                        12.496918
                    ],
                    [
                        76.811361,
                        12.496843
                    ],
                    [
                        76.810462,
                        12.496739
                    ],
                    [
                        76.805342,
                        12.496276
                    ],
                    [
                        76.804059,
                        12.496098
                    ],
                    [
                        76.803883,
                        12.496071
                    ],
                    [
                        76.802427,
                        12.495849
                    ],
                    [
                        76.794562,
                        12.494579
                    ],
                    [
                        76.79284,
                        12.49432
                    ],
                    [
                        76.792073,
                        12.494141
                    ],
                    [
                        76.791306,
                        12.493897
                    ],
                    [
                        76.790553,
                        12.49359
                    ],
                    [
                        76.78591,
                        12.491249
                    ],
                    [
                        76.783913,
                        12.490235
                    ],
                    [
                        76.783479,
                        12.48998
                    ],
                    [
                        76.783069,
                        12.489686
                    ],
                    [
                        76.782532,
                        12.489272
                    ],
                    [
                        76.782285,
                        12.489034
                    ],
                    [
                        76.78159,
                        12.48831
                    ],
                    [
                        76.78113,
                        12.487702
                    ],
                    [
                        76.780055,
                        12.48621
                    ],
                    [
                        76.77988,
                        12.485995
                    ],
                    [
                        76.779644,
                        12.485741
                    ],
                    [
                        76.779112,
                        12.485289
                    ],
                    [
                        76.778282,
                        12.484753
                    ],
                    [
                        76.775909,
                        12.48353
                    ],
                    [
                        76.775731,
                        12.483431
                    ],
                    [
                        76.775237,
                        12.483172
                    ],
                    [
                        76.774158,
                        12.482534
                    ],
                    [
                        76.770326,
                        12.480077
                    ],
                    [
                        76.767423,
                        12.478037
                    ],
                    [
                        76.763663,
                        12.475429
                    ],
                    [
                        76.762895,
                        12.474738
                    ],
                    [
                        76.756251,
                        12.469148
                    ],
                    [
                        76.755951,
                        12.468941
                    ],
                    [
                        76.755832,
                        12.468859
                    ],
                    [
                        76.755323,
                        12.468543
                    ],
                    [
                        76.754925,
                        12.468321
                    ],
                    [
                        76.752857,
                        12.467379
                    ],
                    [
                        76.752151,
                        12.467021
                    ],
                    [
                        76.748611,
                        12.464923
                    ],
                    [
                        76.747806,
                        12.464348
                    ],
                    [
                        76.747323,
                        12.463929
                    ],
                    [
                        76.746934,
                        12.463551
                    ],
                    [
                        76.746533,
                        12.463041
                    ],
                    [
                        76.746257,
                        12.462644
                    ],
                    [
                        76.745997,
                        12.46222
                    ],
                    [
                        76.7457,
                        12.461648
                    ],
                    [
                        76.743468,
                        12.456981
                    ],
                    [
                        76.743106,
                        12.456306
                    ],
                    [
                        76.7427,
                        12.455694
                    ],
                    [
                        76.742387,
                        12.455329
                    ],
                    [
                        76.741919,
                        12.454885
                    ],
                    [
                        76.741472,
                        12.454523
                    ],
                    [
                        76.740529,
                        12.453825
                    ],
                    [
                        76.740061,
                        12.453459
                    ],
                    [
                        76.739716,
                        12.453142
                    ],
                    [
                        76.739431,
                        12.452836
                    ],
                    [
                        76.739191,
                        12.452455
                    ],
                    [
                        76.737915,
                        12.450256
                    ],
                    [
                        76.737492,
                        12.449633
                    ],
                    [
                        76.734334,
                        12.446093
                    ],
                    [
                        76.734215,
                        12.445961
                    ],
                    [
                        76.733849,
                        12.445615
                    ],
                    [
                        76.732804,
                        12.444805
                    ],
                    [
                        76.731206,
                        12.443685
                    ],
                    [
                        76.730278,
                        12.443035
                    ],
                    [
                        76.729339,
                        12.442377
                    ],
                    [
                        76.728877,
                        12.44203
                    ],
                    [
                        76.728361,
                        12.441768
                    ],
                    [
                        76.72782,
                        12.441566
                    ],
                    [
                        76.72732,
                        12.441415
                    ],
                    [
                        76.72606,
                        12.441109
                    ],
                    [
                        76.725576,
                        12.440946
                    ],
                    [
                        76.725198,
                        12.440784
                    ],
                    [
                        76.724755,
                        12.440557
                    ],
                    [
                        76.72437,
                        12.440231
                    ],
                    [
                        76.724092,
                        12.440012
                    ],
                    [
                        76.723653,
                        12.43964
                    ],
                    [
                        76.72332,
                        12.439259
                    ],
                    [
                        76.722612,
                        12.438406
                    ],
                    [
                        76.718844,
                        12.434024
                    ],
                    [
                        76.716298,
                        12.431064
                    ],
                    [
                        76.715455,
                        12.430125
                    ],
                    [
                        76.714608,
                        12.429259
                    ],
                    [
                        76.713062,
                        12.427902
                    ],
                    [
                        76.712761,
                        12.42763
                    ],
                    [
                        76.709392,
                        12.424573
                    ],
                    [
                        76.708906,
                        12.424098
                    ],
                    [
                        76.707249,
                        12.422598
                    ],
                    [
                        76.705893,
                        12.421344
                    ],
                    [
                        76.703742,
                        12.419393
                    ],
                    [
                        76.703036,
                        12.418736
                    ],
                    [
                        76.70256,
                        12.418213
                    ],
                    [
                        76.702213,
                        12.417708
                    ],
                    [
                        76.701989,
                        12.417259
                    ],
                    [
                        76.70088,
                        12.414906
                    ],
                    [
                        76.699716,
                        12.41254
                    ],
                    [
                        76.699516,
                        12.412139
                    ],
                    [
                        76.699305,
                        12.411792
                    ],
                    [
                        76.698905,
                        12.411236
                    ],
                    [
                        76.698476,
                        12.410708
                    ],
                    [
                        76.697858,
                        12.410084
                    ],
                    [
                        76.697381,
                        12.409678
                    ],
                    [
                        76.696888,
                        12.409342
                    ],
                    [
                        76.696351,
                        12.409035
                    ],
                    [
                        76.695725,
                        12.408748
                    ],
                    [
                        76.694924,
                        12.408475
                    ],
                    [
                        76.694736,
                        12.408421
                    ],
                    [
                        76.687739,
                        12.406465
                    ],
                    [
                        76.684478,
                        12.405547
                    ],
                    [
                        76.678897,
                        12.403975
                    ],
                    [
                        76.678653,
                        12.403905
                    ],
                    [
                        76.678173,
                        12.403738
                    ],
                    [
                        76.677718,
                        12.403542
                    ],
                    [
                        76.677288,
                        12.403321
                    ],
                    [
                        76.674777,
                        12.401831
                    ],
                    [
                        76.674607,
                        12.401726
                    ],
                    [
                        76.673648,
                        12.401133
                    ],
                    [
                        76.671581,
                        12.399932
                    ],
                    [
                        76.670994,
                        12.399591
                    ],
                    [
                        76.670421,
                        12.399225
                    ],
                    [
                        76.669849,
                        12.398699
                    ],
                    [
                        76.669634,
                        12.39847
                    ],
                    [
                        76.669402,
                        12.39819
                    ],
                    [
                        76.669197,
                        12.397888
                    ],
                    [
                        76.669044,
                        12.397625
                    ],
                    [
                        76.668907,
                        12.397348
                    ],
                    [
                        76.668771,
                        12.397025
                    ],
                    [
                        76.668204,
                        12.395449
                    ],
                    [
                        76.667886,
                        12.394427
                    ],
                    [
                        76.667287,
                        12.392501
                    ],
                    [
                        76.667176,
                        12.392098
                    ],
                    [
                        76.667094,
                        12.391656
                    ],
                    [
                        76.667057,
                        12.391296
                    ],
                    [
                        76.66697,
                        12.389773
                    ],
                    [
                        76.66695,
                        12.388326
                    ],
                    [
                        76.666912,
                        12.387678
                    ],
                    [
                        76.666898,
                        12.387137
                    ],
                    [
                        76.666891,
                        12.386874
                    ],
                    [
                        76.666864,
                        12.385834
                    ],
                    [
                        76.666884,
                        12.384586
                    ],
                    [
                        76.667144,
                        12.382722
                    ],
                    [
                        76.66718,
                        12.382471
                    ],
                    [
                        76.667338,
                        12.381176
                    ],
                    [
                        76.667355,
                        12.379918
                    ],
                    [
                        76.667285,
                        12.379061
                    ],
                    [
                        76.667056,
                        12.377715
                    ],
                    [
                        76.667015,
                        12.37753
                    ],
                    [
                        76.666636,
                        12.376399
                    ],
                    [
                        76.665964,
                        12.374752
                    ],
                    [
                        76.665661,
                        12.37394
                    ],
                    [
                        76.665332,
                        12.373278
                    ],
                    [
                        76.664951,
                        12.372785
                    ],
                    [
                        76.66451,
                        12.372342
                    ],
                    [
                        76.663231,
                        12.37119
                    ],
                    [
                        76.663047,
                        12.371006
                    ],
                    [
                        76.662932,
                        12.370892
                    ],
                    [
                        76.662534,
                        12.37032
                    ],
                    [
                        76.662387,
                        12.370071
                    ],
                    [
                        76.662179,
                        12.369564
                    ],
                    [
                        76.662053,
                        12.369103
                    ],
                    [
                        76.661989,
                        12.368419
                    ],
                    [
                        76.661739,
                        12.365112
                    ],
                    [
                        76.661572,
                        12.362652
                    ],
                    [
                        76.661568,
                        12.362409
                    ],
                    [
                        76.661603,
                        12.36196
                    ],
                    [
                        76.661749,
                        12.361171
                    ],
                    [
                        76.661776,
                        12.361029
                    ],
                    [
                        76.661943,
                        12.36018
                    ],
                    [
                        76.662024,
                        12.35963
                    ],
                    [
                        76.662041,
                        12.359363
                    ],
                    [
                        76.662024,
                        12.358746
                    ],
                    [
                        76.661431,
                        12.353681
                    ],
                    [
                        76.661242,
                        12.3512
                    ],
                    [
                        76.661137,
                        12.350797
                    ],
                    [
                        76.661051,
                        12.350489
                    ],
                    [
                        76.661011,
                        12.350364
                    ],
                    [
                        76.660907,
                        12.350037
                    ],
                    [
                        76.660165,
                        12.347782
                    ],
                    [
                        76.660031,
                        12.347456
                    ],
                    [
                        76.659607,
                        12.346172
                    ],
                    [
                        76.659481,
                        12.345694
                    ],
                    [
                        76.65932,
                        12.345169
                    ],
                    [
                        76.659117,
                        12.344652
                    ],
                    [
                        76.65891,
                        12.344192
                    ],
                    [
                        76.658526,
                        12.343413
                    ],
                    [
                        76.65838,
                        12.343121
                    ],
                    [
                        76.658065,
                        12.342454
                    ],
                    [
                        76.657966,
                        12.342206
                    ],
                    [
                        76.657957,
                        12.342009
                    ],
                    [
                        76.658077,
                        12.340295
                    ],
                    [
                        76.658082,
                        12.340001
                    ],
                    [
                        76.658019,
                        12.339452
                    ],
                    [
                        76.657955,
                        12.339037
                    ],
                    [
                        76.65786,
                        12.338195
                    ],
                    [
                        76.657815,
                        12.337384
                    ],
                    [
                        76.657779,
                        12.336326
                    ],
                    [
                        76.657747,
                        12.334152
                    ],
                    [
                        76.657742,
                        12.33381
                    ],
                    [
                        76.657759,
                        12.333242
                    ],
                    [
                        76.657806,
                        12.332611
                    ],
                    [
                        76.657855,
                        12.331863
                    ],
                    [
                        76.657849,
                        12.331578
                    ],
                    [
                        76.657843,
                        12.331386
                    ],
                    [
                        76.657848,
                        12.331132
                    ],
                    [
                        76.657823,
                        12.330784
                    ],
                    [
                        76.657827,
                        12.330582
                    ],
                    [
                        76.657789,
                        12.329938
                    ],
                    [
                        76.657728,
                        12.329612
                    ],
                    [
                        76.657779,
                        12.329365
                    ],
                    [
                        76.657955,
                        12.328802
                    ],
                    [
                        76.65805,
                        12.328296
                    ],
                    [
                        76.658199,
                        12.32707
                    ],
                    [
                        76.658368,
                        12.325697
                    ],
                    [
                        76.65847,
                        12.325328
                    ],
                    [
                        76.658521,
                        12.325195
                    ],
                    [
                        76.658611,
                        12.325185
                    ],
                    [
                        76.658634,
                        12.325166
                    ],
                    [
                        76.658659,
                        12.32511
                    ],
                    [
                        76.658657,
                        12.32508
                    ],
                    [
                        76.658644,
                        12.325047
                    ],
                    [
                        76.658598,
                        12.325007
                    ],
                    [
                        76.658566,
                        12.324999
                    ],
                    [
                        76.658502,
                        12.325013
                    ],
                    [
                        76.658476,
                        12.324933
                    ],
                    [
                        76.658303,
                        12.324232
                    ],
                    [
                        76.65828,
                        12.323926
                    ],
                    [
                        76.658187,
                        12.323059
                    ],
                    [
                        76.658073,
                        12.322206
                    ],
                    [
                        76.65805,
                        12.322082
                    ],
                    [
                        76.658001,
                        12.32181
                    ],
                    [
                        76.657965,
                        12.321614
                    ],
                    [
                        76.657921,
                        12.3214
                    ],
                    [
                        76.657833,
                        12.320905
                    ],
                    [
                        76.657785,
                        12.320635
                    ],
                    [
                        76.65769,
                        12.320127
                    ],
                    [
                        76.657657,
                        12.319952
                    ],
                    [
                        76.657597,
                        12.319672
                    ],
                    [
                        76.657459,
                        12.318885
                    ],
                    [
                        76.657388,
                        12.318467
                    ],
                    [
                        76.657349,
                        12.318245
                    ],
                    [
                        76.657334,
                        12.318158
                    ],
                    [
                        76.657302,
                        12.317964
                    ],
                    [
                        76.657237,
                        12.31758
                    ],
                    [
                        76.657202,
                        12.317369
                    ],
                    [
                        76.657169,
                        12.317173
                    ],
                    [
                        76.657149,
                        12.317088
                    ],
                    [
                        76.657102,
                        12.316883
                    ],
                    [
                        76.657048,
                        12.316648
                    ],
                    [
                        76.65691,
                        12.316055
                    ],
                    [
                        76.656863,
                        12.315871
                    ],
                    [
                        76.656707,
                        12.314912
                    ],
                    [
                        76.65666,
                        12.314604
                    ],
                    [
                        76.65659,
                        12.314092
                    ],
                    [
                        76.656581,
                        12.314018
                    ],
                    [
                        76.656554,
                        12.313737
                    ],
                    [
                        76.656471,
                        12.312873
                    ],
                    [
                        76.656402,
                        12.312258
                    ],
                    [
                        76.656361,
                        12.311893
                    ],
                    [
                        76.656338,
                        12.311668
                    ],
                    [
                        76.656281,
                        12.311054
                    ],
                    [
                        76.656145,
                        12.309891
                    ],
                    [
                        76.656,
                        12.308951
                    ],
                    [
                        76.655917,
                        12.308507
                    ],
                    [
                        76.655988,
                        12.30847
                    ],
                    [
                        76.656044,
                        12.308412
                    ],
                    [
                        76.656078,
                        12.308341
                    ],
                    [
                        76.656087,
                        12.308263
                    ],
                    [
                        76.656071,
                        12.308186
                    ],
                    [
                        76.656028,
                        12.308115
                    ],
                    [
                        76.655964,
                        12.308062
                    ],
                    [
                        76.655886,
                        12.308033
                    ],
                    [
                        76.655802,
                        12.30803
                    ],
                    [
                        76.655723,
                        12.308054
                    ],
                    [
                        76.655655,
                        12.308102
                    ],
                    [
                        76.655608,
                        12.30817
                    ],
                    [
                        76.655585,
                        12.308249
                    ],
                    [
                        76.655423,
                        12.308278
                    ],
                    [
                        76.653296,
                        12.308676
                    ],
                    [
                        76.653221,
                        12.308586
                    ],
                    [
                        76.653167,
                        12.308558
                    ],
                    [
                        76.653092,
                        12.308544
                    ],
                    [
                        76.653025,
                        12.308553
                    ],
                    [
                        76.652965,
                        12.30858
                    ],
                    [
                        76.652915,
                        12.308623
                    ],
                    [
                        76.65288,
                        12.308679
                    ],
                    [
                        76.652863,
                        12.308742
                    ],
                    [
                        76.652866,
                        12.30881
                    ],
                    [
                        76.652923,
                        12.308918
                    ],
                    [
                        76.652971,
                        12.308956
                    ],
                    [
                        76.652872,
                        12.309309
                    ],
                    [
                        76.652825,
                        12.309475
                    ],
                    [
                        76.65273,
                        12.309788
                    ],
                    [
                        76.65263,
                        12.310119
                    ]
                ],
                "type": "LineString"
            }
        }
    ],
    "metadata": {
        "attribution": "openrouteservice.org | OpenStreetMap contributors",
        "service": "routing",
        "timestamp": 1756624763994,
        "query": {
            "coordinates": [
                [
                    77.569744,
                    12.977825
                ],
                [
                    76.652643,
                    12.310123
                ]
            ],
            "profile": "driving-car",
            "profileName": "driving-car",
            "format": "geojson"
        },
        "engine": {
            "version": "9.3.0",
            "build_date": "2025-06-06T15:39:25Z",
            "graph_date": "2025-08-24T11:22:16Z",
            "osm_date": "2025-08-18T00:00:00Z"
        }
    }
}