{
    "type": "FeatureCollection",
    "bbox": [
        -72.263438,
        -13.423479,
        -71.828208,
        -13.258276
    ],
    "features": [
        {
            "bbox": [
                -72.263438,
                -13.423479,
                -71.828208,
                -13.258276
            ],
            "type": "Feature",
            "properties": {
                "segments": [
                    {
                        "distance": 68353.4,
                        "duration": 5193.9,
                        "steps": [
                            {
                                "distance": 1422.5,
                                "duration": 341.4,
                                "type": 11,
                                "instruction": "Head southwest on Calle del Costado",
                                "name": "Calle del Costado",
                                "way_points": [
                                    0,
                                    1
                                ]
                            },
                            {
                                "distance": 10.6,
                                "duration": 3.8,
                                "type": 1,
                                "instruction": "Turn right onto Avenida Alameda Cien Ventanas, PE-28B",
                                "name": "Avenida Alameda Cien Ventanas, PE-28B",
                                "way_points": [
                                    1,
                                    2
                                ]
                            },
                            {
                                "distance": 55.5,
                                "duration": 13.3,
                                "type": 0,
                                "instruction": "Turn left",
                                "name": "-",
                                "way_points": [
                                    2,
                                    3
                                ]
                            },
                            {
                                "distance": 212.3,
                                "duration": 25.5,
                                "type": 0,
                                "instruction": "Turn left onto Avenida Ollantay, PE-28B",
                                "name": "Avenida Ollantay, PE-28B",
                                "way_points": [
                                    3,
                                    10
                                ]
                            },
                            {
                                "distance": 90.8,
                                "duration": 3.8,
                                "type": 0,
                                "instruction": "Turn left onto Pallpamccaro, PE-28B",
                                "name": "Pallpamccaro, PE-28B",
                                "way_points": [
                                    10,
                                    12
                                ]
                            },
                            {
                                "distance": 19490.7,
                                "duration": 1603.3,
                                "type": 1,
                                "instruction": "Turn right onto Avenida Alameda Cien Ventanas, PE-28B",
                                "name": "Avenida Alameda Cien Ventanas, PE-28B",
                                "way_points": [
                                    12,
                                    249
                                ]
                            },
                            {
                                "distance": 37836.3,
                                "duration": 2539.5,
                                "type": 12,
                                "instruction": "Keep left onto PE-28B",
                                "name": "PE-28B",
                                "way_points": [
                                    249,
                                    657
                                ]
                            },
                            {
                                "distance": 1430.5,
                                "duration": 147.1,
                                "type": 6,
                                "instruction": "Continue straight onto Avenida Federico Zamalloa, CU-112",
                                "name": "Avenida Federico Zamalloa, CU-112",
                                "way_points": [
                                    657,
                                    688
                                ]
                            },
                            {
                                "distance": 5341.1,
                                "duration": 338.8,
                                "type": 1,
                                "instruction": "Turn right onto Avenida Federico Zamalloa, CU-112",
                                "name": "Avenida Federico Zamalloa, CU-112",
                                "way_points": [
                                    688,
                                    820
                                ]
                            },
                            {
                                "distance": 2463.1,
                                "duration": 177.3,
                                "type": 4,
                                "instruction": "Turn slight left",
                                "name": "-",
                                "way_points": [
                                    820,
                                    913
                                ]
                            },
                            {
                                "distance": 0.0,
                                "duration": 0.0,
                                "type": 10,
                                "instruction": "Arrive at your destination, on the right",
                                "name": "-",
                                "way_points": [
                                    913,
                                    913
                                ]
                            }
                        ]
                    }
                ],
                "extras": {
                    "roadaccessrestrictions": {
                        "values": [
                            [
                                0,
                                1,
                                1
                            ],
                            [
                                1,
                                913,
                                0
                            ]
                        ],
                        "summary": [
                            {
                                "value": 0.0,
                                "distance": 66930.9,
                                "amount": 97.92
                            },
                            {
                                "value": 1.0,
                                "distance": 1422.5,
                                "amount": 2.08
                            }
                        ]
                    }
                },
                "warnings": [
                    {
                        "code": 1,
                        "message": "There may be restrictions on some roads"
                    }
                ],
                "way_points": [
                    0,
                    913
                ],
                "summary": {
                    "distance": 68353.4,
                    "duration": 5193.9
                }
            },
            "geometry": {
                "coordinates": [
                    [
                        -72.263228,
                        -13.258453
                    ],
                    [
                        -72.26324,
                        -13.25848
                    ],
                    [
                        -72.263336,
                        -13.258461
                    ],
                    [
                        -72.263438,
                        -13.25895
                    ],
                    [
                        -72.263034,
                        -13.259154
                    ],
                    [
                        -72.263098,
                        -13.259301
                    ],
                    [
                        -72.262973,
                        -13.259339
                    ],
                    [
                        -72.262809,
                        -13.259392
                    ],
                    [
                        -72.262469,
                        -13.259518
                    ],
                    [
                        -72.262146,
                        -13.259639
                    ],
                    [
                        -72.261836,
                        -13.259742
                    ],
                    [
                        -72.261753,
                        -13.259664
                    ],
                    [
                        -72.261501,
                        -13.259003
                    ],
                    [
                        -72.261416,
                        -13.258979
                    ],
                    [
                        -72.261331,
                        -13.258982
                    ],
                    [
                        -72.259846,
                        -13.259357
                    ],
                    [
                        -72.259117,
                        -13.259537
                    ],
                    [
                        -72.259017,
                        -13.259492
                    ],
                    [
                        -72.258602,
                        -13.259386
                    ],
                    [
                        -72.25851,
                        -13.259417
                    ],
                    [
                        -72.258507,
                        -13.259469
                    ],
                    [
                        -72.258524,
                        -13.259529
                    ],
                    [
                        -72.258574,
                        -13.259587
                    ],
                    [
                        -72.258728,
                        -13.259678
                    ],
                    [
                        -72.25906,
                        -13.259817
                    ],
                    [
                        -72.259194,
                        -13.259903
                    ],
                    [
                        -72.259247,
                        -13.259967
                    ],
                    [
                        -72.259307,
                        -13.260079
                    ],
                    [
                        -72.259373,
                        -13.260279
                    ],
                    [
                        -72.259453,
                        -13.260617
                    ],
                    [
                        -72.259511,
                        -13.261001
                    ],
                    [
                        -72.259889,
                        -13.262132
                    ],
                    [
                        -72.259902,
                        -13.262186
                    ],
                    [
                        -72.259908,
                        -13.262252
                    ],
                    [
                        -72.259884,
                        -13.262318
                    ],
                    [
                        -72.259845,
                        -13.262368
                    ],
                    [
                        -72.259713,
                        -13.262415
                    ],
                    [
                        -72.25965,
                        -13.262406
                    ],
                    [
                        -72.258318,
                        -13.261768
                    ],
                    [
                        -72.255229,
                        -13.260311
                    ],
                    [
                        -72.253754,
                        -13.259591
                    ],
                    [
                        -72.252697,
                        -13.258983
                    ],
                    [
                        -72.252303,
                        -13.258682
                    ],
                    [
                        -72.252168,
                        -13.258545
                    ],
                    [
                        -72.25201,
                        -13.258433
                    ],
                    [
                        -72.251743,
                        -13.258319
                    ],
                    [
                        -72.251454,
                        -13.258276
                    ],
                    [
                        -72.251275,
                        -13.258285
                    ],
                    [
                        -72.2511,
                        -13.258323
                    ],
                    [
                        -72.250412,
                        -13.258603
                    ],
                    [
                        -72.249744,
                        -13.258924
                    ],
                    [
                        -72.247206,
                        -13.260088
                    ],
                    [
                        -72.244442,
                        -13.261328
                    ],
                    [
                        -72.242333,
                        -13.262274
                    ],
                    [
                        -72.240846,
                        -13.263001
                    ],
                    [
                        -72.240321,
                        -13.26321
                    ],
                    [
                        -72.239978,
                        -13.263304
                    ],
                    [
                        -72.239649,
                        -13.263366
                    ],
                    [
                        -72.237878,
                        -13.263555
                    ],
                    [
                        -72.237461,
                        -13.263609
                    ],
                    [
                        -72.236842,
                        -13.263726
                    ],
                    [
                        -72.23624,
                        -13.263882
                    ],
                    [
                        -72.235846,
                        -13.26401
                    ],
                    [
                        -72.233619,
                        -13.264894
                    ],
                    [
                        -72.229988,
                        -13.266311
                    ],
                    [
                        -72.227356,
                        -13.267413
                    ],
                    [
                        -72.226295,
                        -13.267804
                    ],
                    [
                        -72.224975,
                        -13.268164
                    ],
                    [
                        -72.223551,
                        -13.268505
                    ],
                    [
                        -72.222651,
                        -13.268809
                    ],
                    [
                        -72.222125,
                        -13.269047
                    ],
                    [
                        -72.221537,
                        -13.269415
                    ],
                    [
                        -72.220348,
                        -13.270511
                    ],
                    [
                        -72.219361,
                        -13.271502
                    ],
                    [
                        -72.218216,
                        -13.272688
                    ],
                    [
                        -72.217385,
                        -13.273495
                    ],
                    [
                        -72.217065,
                        -13.273724
                    ],
                    [
                        -72.216716,
                        -13.273928
                    ],
                    [
                        -72.215084,
                        -13.274824
                    ],
                    [
                        -72.214448,
                        -13.275162
                    ],
                    [
                        -72.213772,
                        -13.275524
                    ],
                    [
                        -72.213511,
                        -13.275632
                    ],
                    [
                        -72.213307,
                        -13.275687
                    ],
                    [
                        -72.21303,
                        -13.275712
                    ],
                    [
                        -72.211965,
                        -13.275637
                    ],
                    [
                        -72.211802,
                        -13.275645
                    ],
                    [
                        -72.21156,
                        -13.27573
                    ],
                    [
                        -72.211433,
                        -13.27581
                    ],
                    [
                        -72.211279,
                        -13.275954
                    ],
                    [
                        -72.210215,
                        -13.277371
                    ],
                    [
                        -72.209838,
                        -13.277719
                    ],
                    [
                        -72.207205,
                        -13.279217
                    ],
                    [
                        -72.206107,
                        -13.279856
                    ],
                    [
                        -72.205031,
                        -13.280553
                    ],
                    [
                        -72.203908,
                        -13.281226
                    ],
                    [
                        -72.202177,
                        -13.282079
                    ],
                    [
                        -72.201596,
                        -13.282318
                    ],
                    [
                        -72.200765,
                        -13.28257
                    ],
                    [
                        -72.200119,
                        -13.282693
                    ],
                    [
                        -72.199969,
                        -13.28271
                    ],
                    [
                        -72.199852,
                        -13.282688
                    ],
                    [
                        -72.199797,
                        -13.28266
                    ],
                    [
                        -72.199642,
                        -13.282515
                    ],
                    [
                        -72.199602,
                        -13.282369
                    ],
                    [
                        -72.199588,
                        -13.28207
                    ],
                    [
                        -72.199549,
                        -13.2818
                    ],
                    [
                        -72.199474,
                        -13.281518
                    ],
                    [
                        -72.19939,
                        -13.281281
                    ],
                    [
                        -72.19934,
                        -13.281034
                    ],
                    [
                        -72.199325,
                        -13.280804
                    ],
                    [
                        -72.199357,
                        -13.28046
                    ],
                    [
                        -72.199357,
                        -13.280258
                    ],
                    [
                        -72.199329,
                        -13.280057
                    ],
                    [
                        -72.199272,
                        -13.279856
                    ],
                    [
                        -72.199133,
                        -13.279559
                    ],
                    [
                        -72.198919,
                        -13.279273
                    ],
                    [
                        -72.198799,
                        -13.279152
                    ],
                    [
                        -72.198668,
                        -13.27905
                    ],
                    [
                        -72.198409,
                        -13.278892
                    ],
                    [
                        -72.198295,
                        -13.278839
                    ],
                    [
                        -72.198024,
                        -13.278769
                    ],
                    [
                        -72.196903,
                        -13.278682
                    ],
                    [
                        -72.195491,
                        -13.278604
                    ],
                    [
                        -72.194413,
                        -13.278516
                    ],
                    [
                        -72.190991,
                        -13.278309
                    ],
                    [
                        -72.189762,
                        -13.278242
                    ],
                    [
                        -72.18916,
                        -13.278191
                    ],
                    [
                        -72.189126,
                        -13.278189
                    ],
                    [
                        -72.185371,
                        -13.277937
                    ],
                    [
                        -72.184215,
                        -13.277833
                    ],
                    [
                        -72.183649,
                        -13.277798
                    ],
                    [
                        -72.18323,
                        -13.27777
                    ],
                    [
                        -72.182618,
                        -13.277737
                    ],
                    [
                        -72.182415,
                        -13.277723
                    ],
                    [
                        -72.181298,
                        -13.277655
                    ],
                    [
                        -72.180836,
                        -13.277644
                    ],
                    [
                        -72.177861,
                        -13.277438
                    ],
                    [
                        -72.177593,
                        -13.277379
                    ],
                    [
                        -72.176982,
                        -13.277112
                    ],
                    [
                        -72.176895,
                        -13.277056
                    ],
                    [
                        -72.17576,
                        -13.276331
                    ],
                    [
                        -72.17491,
                        -13.2758
                    ],
                    [
                        -72.173731,
                        -13.275016
                    ],
                    [
                        -72.173412,
                        -13.27485
                    ],
                    [
                        -72.173196,
                        -13.274739
                    ],
                    [
                        -72.173042,
                        -13.27456
                    ],
                    [
                        -72.172408,
                        -13.274182
                    ],
                    [
                        -72.172135,
                        -13.27402
                    ],
                    [
                        -72.171866,
                        -13.273929
                    ],
                    [
                        -72.171738,
                        -13.273918
                    ],
                    [
                        -72.171608,
                        -13.273929
                    ],
                    [
                        -72.171416,
                        -13.273978
                    ],
                    [
                        -72.171006,
                        -13.274101
                    ],
                    [
                        -72.169506,
                        -13.274597
                    ],
                    [
                        -72.16914,
                        -13.274757
                    ],
                    [
                        -72.168793,
                        -13.274973
                    ],
                    [
                        -72.167889,
                        -13.275832
                    ],
                    [
                        -72.167654,
                        -13.276034
                    ],
                    [
                        -72.167391,
                        -13.27621
                    ],
                    [
                        -72.166915,
                        -13.276421
                    ],
                    [
                        -72.166547,
                        -13.276583
                    ],
                    [
                        -72.163468,
                        -13.277711
                    ],
                    [
                        -72.162796,
                        -13.277997
                    ],
                    [
                        -72.161833,
                        -13.278572
                    ],
                    [
                        -72.161514,
                        -13.278709
                    ],
                    [
                        -72.160972,
                        -13.278855
                    ],
                    [
                        -72.160515,
                        -13.27895
                    ],
                    [
                        -72.160167,
                        -13.279039
                    ],
                    [
                        -72.159959,
                        -13.27911
                    ],
                    [
                        -72.159849,
                        -13.279163
                    ],
                    [
                        -72.15958,
                        -13.279345
                    ],
                    [
                        -72.15939,
                        -13.279554
                    ],
                    [
                        -72.158706,
                        -13.280713
                    ],
                    [
                        -72.15811,
                        -13.281757
                    ],
                    [
                        -72.157213,
                        -13.283278
                    ],
                    [
                        -72.15699,
                        -13.283614
                    ],
                    [
                        -72.156765,
                        -13.283898
                    ],
                    [
                        -72.156537,
                        -13.284137
                    ],
                    [
                        -72.156191,
                        -13.284425
                    ],
                    [
                        -72.155978,
                        -13.284578
                    ],
                    [
                        -72.155721,
                        -13.284729
                    ],
                    [
                        -72.154397,
                        -13.285346
                    ],
                    [
                        -72.153848,
                        -13.285595
                    ],
                    [
                        -72.153623,
                        -13.285702
                    ],
                    [
                        -72.153438,
                        -13.285787
                    ],
                    [
                        -72.150437,
                        -13.287218
                    ],
                    [
                        -72.147728,
                        -13.288468
                    ],
                    [
                        -72.146241,
                        -13.289096
                    ],
                    [
                        -72.145249,
                        -13.289568
                    ],
                    [
                        -72.144284,
                        -13.290028
                    ],
                    [
                        -72.14332,
                        -13.290478
                    ],
                    [
                        -72.141288,
                        -13.29141
                    ],
                    [
                        -72.140444,
                        -13.291853
                    ],
                    [
                        -72.139288,
                        -13.29247
                    ],
                    [
                        -72.139153,
                        -13.29256
                    ],
                    [
                        -72.138722,
                        -13.292824
                    ],
                    [
                        -72.138396,
                        -13.293033
                    ],
                    [
                        -72.138153,
                        -13.293184
                    ],
                    [
                        -72.137416,
                        -13.293687
                    ],
                    [
                        -72.136885,
                        -13.294012
                    ],
                    [
                        -72.135487,
                        -13.294947
                    ],
                    [
                        -72.133933,
                        -13.295977
                    ],
                    [
                        -72.132707,
                        -13.296773
                    ],
                    [
                        -72.132083,
                        -13.297188
                    ],
                    [
                        -72.131426,
                        -13.297625
                    ],
                    [
                        -72.130628,
                        -13.298162
                    ],
                    [
                        -72.130397,
                        -13.298316
                    ],
                    [
                        -72.129947,
                        -13.298601
                    ],
                    [
                        -72.129764,
                        -13.298714
                    ],
                    [
                        -72.129679,
                        -13.298769
                    ],
                    [
                        -72.12846,
                        -13.299556
                    ],
                    [
                        -72.126683,
                        -13.30071
                    ],
                    [
                        -72.126437,
                        -13.300879
                    ],
                    [
                        -72.125825,
                        -13.301285
                    ],
                    [
                        -72.125746,
                        -13.301339
                    ],
                    [
                        -72.12558,
                        -13.301453
                    ],
                    [
                        -72.125451,
                        -13.30154
                    ],
                    [
                        -72.124727,
                        -13.302009
                    ],
                    [
                        -72.12471,
                        -13.30202
                    ],
                    [
                        -72.12461,
                        -13.302085
                    ],
                    [
                        -72.123979,
                        -13.302535
                    ],
                    [
                        -72.123393,
                        -13.302969
                    ],
                    [
                        -72.1233,
                        -13.303047
                    ],
                    [
                        -72.122274,
                        -13.303924
                    ],
                    [
                        -72.122066,
                        -13.304122
                    ],
                    [
                        -72.121535,
                        -13.304797
                    ],
                    [
                        -72.121409,
                        -13.304939
                    ],
                    [
                        -72.121096,
                        -13.305317
                    ],
                    [
                        -72.12078,
                        -13.305691
                    ],
                    [
                        -72.120196,
                        -13.306391
                    ],
                    [
                        -72.119318,
                        -13.307369
                    ],
                    [
                        -72.118884,
                        -13.307854
                    ],
                    [
                        -72.118422,
                        -13.308278
                    ],
                    [
                        -72.118152,
                        -13.308429
                    ],
                    [
                        -72.117903,
                        -13.308551
                    ],
                    [
                        -72.117678,
                        -13.308627
                    ],
                    [
                        -72.117405,
                        -13.308712
                    ],
                    [
                        -72.116882,
                        -13.308855
                    ],
                    [
                        -72.116355,
                        -13.309018
                    ],
                    [
                        -72.115265,
                        -13.309345
                    ],
                    [
                        -72.114783,
                        -13.309476
                    ],
                    [
                        -72.114712,
                        -13.3095
                    ],
                    [
                        -72.1144,
                        -13.309599
                    ],
                    [
                        -72.11431,
                        -13.309618
                    ],
                    [
                        -72.113619,
                        -13.309841
                    ],
                    [
                        -72.112443,
                        -13.310184
                    ],
                    [
                        -72.111458,
                        -13.310467
                    ],
                    [
                        -72.111249,
                        -13.310525
                    ],
                    [
                        -72.111156,
                        -13.310545
                    ],
                    [
                        -72.110815,
                        -13.310651
                    ],
                    [
                        -72.110161,
                        -13.310782
                    ],
                    [
                        -72.109797,
                        -13.310808
                    ],
                    [
                        -72.109165,
                        -13.310831
                    ],
                    [
                        -72.108431,
                        -13.310851
                    ],
                    [
                        -72.108374,
                        -13.310852
                    ],
                    [
                        -72.108086,
                        -13.310918
                    ],
                    [
                        -72.107736,
                        -13.311
                    ],
                    [
                        -72.107659,
                        -13.311017
                    ],
                    [
                        -72.107521,
                        -13.311051
                    ],
                    [
                        -72.106885,
                        -13.311205
                    ],
                    [
                        -72.106493,
                        -13.3113
                    ],
                    [
                        -72.105625,
                        -13.311511
                    ],
                    [
                        -72.105187,
                        -13.311617
                    ],
                    [
                        -72.104248,
                        -13.311854
                    ],
                    [
                        -72.100828,
                        -13.31268
                    ],
                    [
                        -72.099221,
                        -13.313072
                    ],
                    [
                        -72.097788,
                        -13.313412
                    ],
                    [
                        -72.097357,
                        -13.313515
                    ],
                    [
                        -72.096493,
                        -13.31372
                    ],
                    [
                        -72.095446,
                        -13.314004
                    ],
                    [
                        -72.095021,
                        -13.314157
                    ],
                    [
                        -72.094734,
                        -13.314296
                    ],
                    [
                        -72.093936,
                        -13.314789
                    ],
                    [
                        -72.0933,
                        -13.315211
                    ],
                    [
                        -72.092835,
                        -13.31552
                    ],
                    [
                        -72.092656,
                        -13.315639
                    ],
                    [
                        -72.092553,
                        -13.315707
                    ],
                    [
                        -72.0918,
                        -13.316207
                    ],
                    [
                        -72.091116,
                        -13.316671
                    ],
                    [
                        -72.091066,
                        -13.316706
                    ],
                    [
                        -72.089888,
                        -13.317501
                    ],
                    [
                        -72.088803,
                        -13.318229
                    ],
                    [
                        -72.088642,
                        -13.318335
                    ],
                    [
                        -72.088159,
                        -13.318655
                    ],
                    [
                        -72.087722,
                        -13.318932
                    ],
                    [
                        -72.087274,
                        -13.319251
                    ],
                    [
                        -72.087171,
                        -13.31932
                    ],
                    [
                        -72.086487,
                        -13.319792
                    ],
                    [
                        -72.085875,
                        -13.32022
                    ],
                    [
                        -72.085297,
                        -13.320649
                    ],
                    [
                        -72.084712,
                        -13.321071
                    ],
                    [
                        -72.084106,
                        -13.321487
                    ],
                    [
                        -72.08351,
                        -13.32191
                    ],
                    [
                        -72.082921,
                        -13.32234
                    ],
                    [
                        -72.082351,
                        -13.322749
                    ],
                    [
                        -72.081767,
                        -13.323173
                    ],
                    [
                        -72.081173,
                        -13.323595
                    ],
                    [
                        -72.080583,
                        -13.324021
                    ],
                    [
                        -72.079998,
                        -13.324435
                    ],
                    [
                        -72.079389,
                        -13.324867
                    ],
                    [
                        -72.078778,
                        -13.325273
                    ],
                    [
                        -72.078516,
                        -13.325481
                    ],
                    [
                        -72.07825,
                        -13.325644
                    ],
                    [
                        -72.076512,
                        -13.326841
                    ],
                    [
                        -72.074117,
                        -13.328616
                    ],
                    [
                        -72.074088,
                        -13.328639
                    ],
                    [
                        -72.071117,
                        -13.330841
                    ],
                    [
                        -72.068179,
                        -13.333019
                    ],
                    [
                        -72.068148,
                        -13.333042
                    ],
                    [
                        -72.067905,
                        -13.333222
                    ],
                    [
                        -72.067274,
                        -13.333742
                    ],
                    [
                        -72.067003,
                        -13.333947
                    ],
                    [
                        -72.066453,
                        -13.334299
                    ],
                    [
                        -72.06592,
                        -13.334558
                    ],
                    [
                        -72.065652,
                        -13.334622
                    ],
                    [
                        -72.06538,
                        -13.334642
                    ],
                    [
                        -72.065075,
                        -13.334633
                    ],
                    [
                        -72.064787,
                        -13.334558
                    ],
                    [
                        -72.064142,
                        -13.334238
                    ],
                    [
                        -72.064006,
                        -13.334171
                    ],
                    [
                        -72.063729,
                        -13.334015
                    ],
                    [
                        -72.062013,
                        -13.333126
                    ],
                    [
                        -72.06065,
                        -13.33242
                    ],
                    [
                        -72.058007,
                        -13.330954
                    ],
                    [
                        -72.05747,
                        -13.330656
                    ],
                    [
                        -72.057139,
                        -13.330473
                    ],
                    [
                        -72.056292,
                        -13.330003
                    ],
                    [
                        -72.055401,
                        -13.329582
                    ],
                    [
                        -72.055063,
                        -13.329447
                    ],
                    [
                        -72.053767,
                        -13.329054
                    ],
                    [
                        -72.05286,
                        -13.328876
                    ],
                    [
                        -72.052327,
                        -13.328772
                    ],
                    [
                        -72.051815,
                        -13.328673
                    ],
                    [
                        -72.047962,
                        -13.327913
                    ],
                    [
                        -72.047405,
                        -13.327804
                    ],
                    [
                        -72.047065,
                        -13.327738
                    ],
                    [
                        -72.046025,
                        -13.327534
                    ],
                    [
                        -72.044533,
                        -13.327589
                    ],
                    [
                        -72.040532,
                        -13.327735
                    ],
                    [
                        -72.039738,
                        -13.327522
                    ],
                    [
                        -72.03963,
                        -13.327493
                    ],
                    [
                        -72.039568,
                        -13.327455
                    ],
                    [
                        -72.037652,
                        -13.326581
                    ],
                    [
                        -72.036565,
                        -13.326054
                    ],
                    [
                        -72.036241,
                        -13.325852
                    ],
                    [
                        -72.036098,
                        -13.325726
                    ],
                    [
                        -72.035871,
                        -13.325524
                    ],
                    [
                        -72.035635,
                        -13.325218
                    ],
                    [
                        -72.035472,
                        -13.324929
                    ],
                    [
                        -72.035205,
                        -13.32429
                    ],
                    [
                        -72.035144,
                        -13.324019
                    ],
                    [
                        -72.034743,
                        -13.322564
                    ],
                    [
                        -72.034633,
                        -13.322097
                    ],
                    [
                        -72.034565,
                        -13.321397
                    ],
                    [
                        -72.034491,
                        -13.319812
                    ],
                    [
                        -72.034485,
                        -13.318584
                    ],
                    [
                        -72.034463,
                        -13.31782
                    ],
                    [
                        -72.034455,
                        -13.317452
                    ],
                    [
                        -72.03442,
                        -13.317287
                    ],
                    [
                        -72.03437,
                        -13.317118
                    ],
                    [
                        -72.034238,
                        -13.31684
                    ],
                    [
                        -72.034053,
                        -13.316558
                    ],
                    [
                        -72.033811,
                        -13.316301
                    ],
                    [
                        -72.033463,
                        -13.316033
                    ],
                    [
                        -72.031209,
                        -13.31453
                    ],
                    [
                        -72.030993,
                        -13.314384
                    ],
                    [
                        -72.030761,
                        -13.314227
                    ],
                    [
                        -72.029856,
                        -13.313614
                    ],
                    [
                        -72.029663,
                        -13.313482
                    ],
                    [
                        -72.027728,
                        -13.312167
                    ],
                    [
                        -72.026283,
                        -13.311185
                    ],
                    [
                        -72.025075,
                        -13.310365
                    ],
                    [
                        -72.024456,
                        -13.310153
                    ],
                    [
                        -72.023803,
                        -13.31007
                    ],
                    [
                        -72.023168,
                        -13.310137
                    ],
                    [
                        -72.022695,
                        -13.310239
                    ],
                    [
                        -72.022613,
                        -13.310258
                    ],
                    [
                        -72.022498,
                        -13.31029
                    ],
                    [
                        -72.020941,
                        -13.310645
                    ],
                    [
                        -72.019178,
                        -13.311041
                    ],
                    [
                        -72.016669,
                        -13.31162
                    ],
                    [
                        -72.014186,
                        -13.312187
                    ],
                    [
                        -72.012314,
                        -13.312623
                    ],
                    [
                        -72.011913,
                        -13.312677
                    ],
                    [
                        -72.011555,
                        -13.312726
                    ],
                    [
                        -72.011156,
                        -13.312755
                    ],
                    [
                        -72.010748,
                        -13.312734
                    ],
                    [
                        -72.009865,
                        -13.312622
                    ],
                    [
                        -72.008437,
                        -13.312333
                    ],
                    [
                        -72.007944,
                        -13.312233
                    ],
                    [
                        -72.005367,
                        -13.311711
                    ],
                    [
                        -72.004722,
                        -13.311581
                    ],
                    [
                        -72.00268,
                        -13.311168
                    ],
                    [
                        -72.000723,
                        -13.310771
                    ],
                    [
                        -72.000489,
                        -13.310759
                    ],
                    [
                        -71.99996,
                        -13.31073
                    ],
                    [
                        -71.999204,
                        -13.310863
                    ],
                    [
                        -71.998406,
                        -13.311189
                    ],
                    [
                        -71.997625,
                        -13.311749
                    ],
                    [
                        -71.996878,
                        -13.312676
                    ],
                    [
                        -71.993069,
                        -13.31819
                    ],
                    [
                        -71.992517,
                        -13.319039
                    ],
                    [
                        -71.990527,
                        -13.321863
                    ],
                    [
                        -71.990161,
                        -13.322284
                    ],
                    [
                        -71.98954,
                        -13.322999
                    ],
                    [
                        -71.987136,
                        -13.325229
                    ],
                    [
                        -71.986536,
                        -13.325672
                    ],
                    [
                        -71.985392,
                        -13.326293
                    ],
                    [
                        -71.982842,
                        -13.327509
                    ],
                    [
                        -71.982081,
                        -13.327843
                    ],
                    [
                        -71.981351,
                        -13.327985
                    ],
                    [
                        -71.980892,
                        -13.328039
                    ],
                    [
                        -71.980407,
                        -13.327994
                    ],
                    [
                        -71.979558,
                        -13.327868
                    ],
                    [
                        -71.979184,
                        -13.327743
                    ],
                    [
                        -71.978287,
                        -13.32744
                    ],
                    [
                        -71.974997,
                        -13.32634
                    ],
                    [
                        -71.969781,
                        -13.324603
                    ],
                    [
                        -71.966716,
                        -13.323562
                    ],
                    [
                        -71.966338,
                        -13.323433
                    ],
                    [
                        -71.964303,
                        -13.322742
                    ],
                    [
                        -71.963762,
                        -13.322562
                    ],
                    [
                        -71.963049,
                        -13.32234
                    ],
                    [
                        -71.962509,
                        -13.322177
                    ],
                    [
                        -71.962134,
                        -13.322064
                    ],
                    [
                        -71.96174,
                        -13.321999
                    ],
                    [
                        -71.961122,
                        -13.321994
                    ],
                    [
                        -71.960674,
                        -13.322053
                    ],
                    [
                        -71.960028,
                        -13.322243
                    ],
                    [
                        -71.959723,
                        -13.322377
                    ],
                    [
                        -71.959478,
                        -13.322488
                    ],
                    [
                        -71.95927,
                        -13.322583
                    ],
                    [
                        -71.958637,
                        -13.32287
                    ],
                    [
                        -71.958586,
                        -13.322893
                    ],
                    [
                        -71.958112,
                        -13.32311
                    ],
                    [
                        -71.958067,
                        -13.323131
                    ],
                    [
                        -71.957966,
                        -13.323179
                    ],
                    [
                        -71.957952,
                        -13.323186
                    ],
                    [
                        -71.957156,
                        -13.323563
                    ],
                    [
                        -71.957029,
                        -13.323623
                    ],
                    [
                        -71.956648,
                        -13.323802
                    ],
                    [
                        -71.956177,
                        -13.324027
                    ],
                    [
                        -71.955882,
                        -13.324168
                    ],
                    [
                        -71.955597,
                        -13.324297
                    ],
                    [
                        -71.955101,
                        -13.324527
                    ],
                    [
                        -71.954568,
                        -13.324759
                    ],
                    [
                        -71.953796,
                        -13.32511
                    ],
                    [
                        -71.953546,
                        -13.325253
                    ],
                    [
                        -71.953343,
                        -13.325414
                    ],
                    [
                        -71.953293,
                        -13.32548
                    ],
                    [
                        -71.953151,
                        -13.325717
                    ],
                    [
                        -71.953102,
                        -13.325777
                    ],
                    [
                        -71.953052,
                        -13.325873
                    ],
                    [
                        -71.952931,
                        -13.326083
                    ],
                    [
                        -71.952868,
                        -13.326269
                    ],
                    [
                        -71.952797,
                        -13.326617
                    ],
                    [
                        -71.952777,
                        -13.326845
                    ],
                    [
                        -71.952629,
                        -13.328778
                    ],
                    [
                        -71.952368,
                        -13.331848
                    ],
                    [
                        -71.952316,
                        -13.332379
                    ],
                    [
                        -71.952238,
                        -13.333445
                    ],
                    [
                        -71.952137,
                        -13.334531
                    ],
                    [
                        -71.952031,
                        -13.335818
                    ],
                    [
                        -71.952012,
                        -13.336054
                    ],
                    [
                        -71.951888,
                        -13.337506
                    ],
                    [
                        -71.951791,
                        -13.338244
                    ],
                    [
                        -71.951732,
                        -13.338431
                    ],
                    [
                        -71.951636,
                        -13.338591
                    ],
                    [
                        -71.951549,
                        -13.338699
                    ],
                    [
                        -71.951436,
                        -13.338794
                    ],
                    [
                        -71.951226,
                        -13.338912
                    ],
                    [
                        -71.949624,
                        -13.339566
                    ],
                    [
                        -71.949471,
                        -13.339618
                    ],
                    [
                        -71.94928,
                        -13.339621
                    ],
                    [
                        -71.948546,
                        -13.339505
                    ],
                    [
                        -71.948208,
                        -13.339509
                    ],
                    [
                        -71.948041,
                        -13.339546
                    ],
                    [
                        -71.947945,
                        -13.339599
                    ],
                    [
                        -71.947889,
                        -13.339638
                    ],
                    [
                        -71.947402,
                        -13.340103
                    ],
                    [
                        -71.946994,
                        -13.340599
                    ],
                    [
                        -71.946858,
                        -13.340741
                    ],
                    [
                        -71.946754,
                        -13.340825
                    ],
                    [
                        -71.946678,
                        -13.34087
                    ],
                    [
                        -71.94649,
                        -13.340946
                    ],
                    [
                        -71.945878,
                        -13.341104
                    ],
                    [
                        -71.945649,
                        -13.341217
                    ],
                    [
                        -71.945474,
                        -13.341324
                    ],
                    [
                        -71.945297,
                        -13.341528
                    ],
                    [
                        -71.945185,
                        -13.341705
                    ],
                    [
                        -71.944753,
                        -13.342588
                    ],
                    [
                        -71.944385,
                        -13.343288
                    ],
                    [
                        -71.943578,
                        -13.34414
                    ],
                    [
                        -71.943081,
                        -13.344516
                    ],
                    [
                        -71.942643,
                        -13.344674
                    ],
                    [
                        -71.941836,
                        -13.344811
                    ],
                    [
                        -71.941383,
                        -13.34496
                    ],
                    [
                        -71.941021,
                        -13.345259
                    ],
                    [
                        -71.940626,
                        -13.345891
                    ],
                    [
                        -71.940145,
                        -13.346804
                    ],
                    [
                        -71.939192,
                        -13.348655
                    ],
                    [
                        -71.938862,
                        -13.349388
                    ],
                    [
                        -71.937915,
                        -13.351159
                    ],
                    [
                        -71.937768,
                        -13.35136
                    ],
                    [
                        -71.937607,
                        -13.351537
                    ],
                    [
                        -71.937408,
                        -13.351832
                    ],
                    [
                        -71.937194,
                        -13.3522
                    ],
                    [
                        -71.937027,
                        -13.352428
                    ],
                    [
                        -71.936298,
                        -13.353162
                    ],
                    [
                        -71.935665,
                        -13.353894
                    ],
                    [
                        -71.935187,
                        -13.354391
                    ],
                    [
                        -71.933871,
                        -13.35584
                    ],
                    [
                        -71.933579,
                        -13.356141
                    ],
                    [
                        -71.933487,
                        -13.35622
                    ],
                    [
                        -71.933347,
                        -13.356309
                    ],
                    [
                        -71.932526,
                        -13.356705
                    ],
                    [
                        -71.932068,
                        -13.356979
                    ],
                    [
                        -71.931507,
                        -13.357212
                    ],
                    [
                        -71.930603,
                        -13.357538
                    ],
                    [
                        -71.926022,
                        -13.359047
                    ],
                    [
                        -71.925357,
                        -13.359264
                    ],
                    [
                        -71.924649,
                        -13.359586
                    ],
                    [
                        -71.924528,
                        -13.359657
                    ],
                    [
                        -71.924327,
                        -13.359808
                    ],
                    [
                        -71.924182,
                        -13.359939
                    ],
                    [
                        -71.924091,
                        -13.36003
                    ],
                    [
                        -71.923946,
                        -13.360257
                    ],
                    [
                        -71.923742,
                        -13.360771
                    ],
                    [
                        -71.923286,
                        -13.362047
                    ],
                    [
                        -71.92273,
                        -13.363573
                    ],
                    [
                        -71.922487,
                        -13.364258
                    ],
                    [
                        -71.922143,
                        -13.36493
                    ],
                    [
                        -71.921815,
                        -13.365516
                    ],
                    [
                        -71.921462,
                        -13.366126
                    ],
                    [
                        -71.921138,
                        -13.36663
                    ],
                    [
                        -71.920542,
                        -13.367622
                    ],
                    [
                        -71.920333,
                        -13.367971
                    ],
                    [
                        -71.920317,
                        -13.368001
                    ],
                    [
                        -71.919929,
                        -13.368697
                    ],
                    [
                        -71.919272,
                        -13.37034
                    ],
                    [
                        -71.918807,
                        -13.371466
                    ],
                    [
                        -71.918316,
                        -13.3727
                    ],
                    [
                        -71.918021,
                        -13.373367
                    ],
                    [
                        -71.917142,
                        -13.37556
                    ],
                    [
                        -71.916641,
                        -13.376761
                    ],
                    [
                        -71.915334,
                        -13.380006
                    ],
                    [
                        -71.91455,
                        -13.382044
                    ],
                    [
                        -71.914355,
                        -13.382477
                    ],
                    [
                        -71.913923,
                        -13.383576
                    ],
                    [
                        -71.913764,
                        -13.383881
                    ],
                    [
                        -71.913617,
                        -13.384092
                    ],
                    [
                        -71.913308,
                        -13.384465
                    ],
                    [
                        -71.913099,
                        -13.384653
                    ],
                    [
                        -71.912858,
                        -13.384815
                    ],
                    [
                        -71.911994,
                        -13.385225
                    ],
                    [
                        -71.911541,
                        -13.385397
                    ],
                    [
                        -71.911321,
                        -13.385433
                    ],
                    [
                        -71.911104,
                        -13.385444
                    ],
                    [
                        -71.910771,
                        -13.385439
                    ],
                    [
                        -71.910582,
                        -13.385406
                    ],
                    [
                        -71.908188,
                        -13.384439
                    ],
                    [
                        -71.907322,
                        -13.384093
                    ],
                    [
                        -71.906826,
                        -13.383932
                    ],
                    [
                        -71.906099,
                        -13.383759
                    ],
                    [
                        -71.905584,
                        -13.383735
                    ],
                    [
                        -71.905208,
                        -13.383739
                    ],
                    [
                        -71.904579,
                        -13.383817
                    ],
                    [
                        -71.903993,
                        -13.383939
                    ],
                    [
                        -71.903758,
                        -13.384036
                    ],
                    [
                        -71.903298,
                        -13.38429
                    ],
                    [
                        -71.903125,
                        -13.384438
                    ],
                    [
                        -71.902948,
                        -13.384615
                    ],
                    [
                        -71.901175,
                        -13.386667
                    ],
                    [
                        -71.900661,
                        -13.387287
                    ],
                    [
                        -71.900191,
                        -13.387867
                    ],
                    [
                        -71.899666,
                        -13.38845
                    ],
                    [
                        -71.899218,
                        -13.388994
                    ],
                    [
                        -71.898734,
                        -13.389593
                    ],
                    [
                        -71.898268,
                        -13.390118
                    ],
                    [
                        -71.898011,
                        -13.390439
                    ],
                    [
                        -71.897852,
                        -13.390672
                    ],
                    [
                        -71.897678,
                        -13.391
                    ],
                    [
                        -71.897584,
                        -13.39135
                    ],
                    [
                        -71.897542,
                        -13.391543
                    ],
                    [
                        -71.897273,
                        -13.394403
                    ],
                    [
                        -71.897103,
                        -13.396263
                    ],
                    [
                        -71.896754,
                        -13.400541
                    ],
                    [
                        -71.89664,
                        -13.401248
                    ],
                    [
                        -71.896569,
                        -13.401542
                    ],
                    [
                        -71.896352,
                        -13.402112
                    ],
                    [
                        -71.896205,
                        -13.402392
                    ],
                    [
                        -71.896016,
                        -13.402687
                    ],
                    [
                        -71.895544,
                        -13.403442
                    ],
                    [
                        -71.894915,
                        -13.404108
                    ],
                    [
                        -71.893881,
                        -13.405341
                    ],
                    [
                        -71.893461,
                        -13.405737
                    ],
                    [
                        -71.892201,
                        -13.406594
                    ],
                    [
                        -71.891341,
                        -13.407421
                    ],
                    [
                        -71.890708,
                        -13.408065
                    ],
                    [
                        -71.889894,
                        -13.408803
                    ],
                    [
                        -71.889657,
                        -13.408978
                    ],
                    [
                        -71.88923,
                        -13.409205
                    ],
                    [
                        -71.887314,
                        -13.409958
                    ],
                    [
                        -71.887205,
                        -13.410013
                    ],
                    [
                        -71.887024,
                        -13.41016
                    ],
                    [
                        -71.886696,
                        -13.410601
                    ],
                    [
                        -71.88613,
                        -13.411625
                    ],
                    [
                        -71.885973,
                        -13.411855
                    ],
                    [
                        -71.885787,
                        -13.412035
                    ],
                    [
                        -71.88567,
                        -13.412102
                    ],
                    [
                        -71.885458,
                        -13.412176
                    ],
                    [
                        -71.885154,
                        -13.41223
                    ],
                    [
                        -71.884658,
                        -13.412232
                    ],
                    [
                        -71.884076,
                        -13.412198
                    ],
                    [
                        -71.883461,
                        -13.412249
                    ],
                    [
                        -71.882993,
                        -13.412369
                    ],
                    [
                        -71.882678,
                        -13.412494
                    ],
                    [
                        -71.882389,
                        -13.412732
                    ],
                    [
                        -71.881208,
                        -13.414013
                    ],
                    [
                        -71.880736,
                        -13.414486
                    ],
                    [
                        -71.880398,
                        -13.414951
                    ],
                    [
                        -71.880009,
                        -13.415641
                    ],
                    [
                        -71.879916,
                        -13.415771
                    ],
                    [
                        -71.879725,
                        -13.415954
                    ],
                    [
                        -71.879576,
                        -13.416052
                    ],
                    [
                        -71.879001,
                        -13.416332
                    ],
                    [
                        -71.878797,
                        -13.416392
                    ],
                    [
                        -71.878668,
                        -13.416402
                    ],
                    [
                        -71.877314,
                        -13.41633
                    ],
                    [
                        -71.876888,
                        -13.416385
                    ],
                    [
                        -71.876745,
                        -13.416355
                    ],
                    [
                        -71.875828,
                        -13.416556
                    ],
                    [
                        -71.875393,
                        -13.416687
                    ],
                    [
                        -71.875136,
                        -13.416807
                    ],
                    [
                        -71.874036,
                        -13.417454
                    ],
                    [
                        -71.873572,
                        -13.417877
                    ],
                    [
                        -71.872199,
                        -13.41921
                    ],
                    [
                        -71.871912,
                        -13.419439
                    ],
                    [
                        -71.871799,
                        -13.419499
                    ],
                    [
                        -71.871496,
                        -13.41958
                    ],
                    [
                        -71.870113,
                        -13.419812
                    ],
                    [
                        -71.869426,
                        -13.41981
                    ],
                    [
                        -71.868595,
                        -13.419772
                    ],
                    [
                        -71.868264,
                        -13.419718
                    ],
                    [
                        -71.86773,
                        -13.419711
                    ],
                    [
                        -71.867371,
                        -13.419751
                    ],
                    [
                        -71.86621,
                        -13.419934
                    ],
                    [
                        -71.862099,
                        -13.420655
                    ],
                    [
                        -71.861091,
                        -13.420837
                    ],
                    [
                        -71.85946,
                        -13.421095
                    ],
                    [
                        -71.857224,
                        -13.421555
                    ],
                    [
                        -71.855796,
                        -13.421897
                    ],
                    [
                        -71.85409,
                        -13.422294
                    ],
                    [
                        -71.853745,
                        -13.422373
                    ],
                    [
                        -71.853209,
                        -13.422494
                    ],
                    [
                        -71.852286,
                        -13.422708
                    ],
                    [
                        -71.851591,
                        -13.422844
                    ],
                    [
                        -71.851049,
                        -13.422982
                    ],
                    [
                        -71.850933,
                        -13.423008
                    ],
                    [
                        -71.850729,
                        -13.423057
                    ],
                    [
                        -71.850275,
                        -13.423206
                    ],
                    [
                        -71.849606,
                        -13.42344
                    ],
                    [
                        -71.849486,
                        -13.423479
                    ],
                    [
                        -71.849414,
                        -13.423452
                    ],
                    [
                        -71.849359,
                        -13.423403
                    ],
                    [
                        -71.849053,
                        -13.422636
                    ],
                    [
                        -71.848887,
                        -13.422186
                    ],
                    [
                        -71.848268,
                        -13.420607
                    ],
                    [
                        -71.848206,
                        -13.420518
                    ],
                    [
                        -71.848095,
                        -13.420482
                    ],
                    [
                        -71.847944,
                        -13.420421
                    ],
                    [
                        -71.847716,
                        -13.420415
                    ],
                    [
                        -71.847449,
                        -13.420466
                    ],
                    [
                        -71.846323,
                        -13.420682
                    ],
                    [
                        -71.845506,
                        -13.420938
                    ],
                    [
                        -71.844867,
                        -13.421228
                    ],
                    [
                        -71.843982,
                        -13.421628
                    ],
                    [
                        -71.843752,
                        -13.421689
                    ],
                    [
                        -71.842991,
                        -13.421781
                    ],
                    [
                        -71.842711,
                        -13.421858
                    ],
                    [
                        -71.842437,
                        -13.422023
                    ],
                    [
                        -71.842207,
                        -13.422188
                    ],
                    [
                        -71.841871,
                        -13.422465
                    ],
                    [
                        -71.841801,
                        -13.422496
                    ],
                    [
                        -71.841709,
                        -13.422496
                    ],
                    [
                        -71.841591,
                        -13.422391
                    ],
                    [
                        -71.841207,
                        -13.421818
                    ],
                    [
                        -71.841112,
                        -13.421575
                    ],
                    [
                        -71.841052,
                        -13.421461
                    ],
                    [
                        -71.840956,
                        -13.421434
                    ],
                    [
                        -71.840847,
                        -13.421445
                    ],
                    [
                        -71.84072,
                        -13.421469
                    ],
                    [
                        -71.839544,
                        -13.421791
                    ],
                    [
                        -71.838164,
                        -13.422164
                    ],
                    [
                        -71.838077,
                        -13.422175
                    ],
                    [
                        -71.837964,
                        -13.422137
                    ],
                    [
                        -71.837788,
                        -13.421989
                    ],
                    [
                        -71.837603,
                        -13.421441
                    ],
                    [
                        -71.837523,
                        -13.421208
                    ],
                    [
                        -71.837291,
                        -13.420852
                    ],
                    [
                        -71.837005,
                        -13.420563
                    ],
                    [
                        -71.836739,
                        -13.420353
                    ],
                    [
                        -71.836618,
                        -13.420148
                    ],
                    [
                        -71.8366,
                        -13.419951
                    ],
                    [
                        -71.836746,
                        -13.419306
                    ],
                    [
                        -71.836747,
                        -13.419103
                    ],
                    [
                        -71.836582,
                        -13.418657
                    ],
                    [
                        -71.836603,
                        -13.418484
                    ],
                    [
                        -71.836719,
                        -13.418323
                    ],
                    [
                        -71.837242,
                        -13.417714
                    ],
                    [
                        -71.837779,
                        -13.417228
                    ],
                    [
                        -71.837887,
                        -13.417165
                    ],
                    [
                        -71.838092,
                        -13.417133
                    ],
                    [
                        -71.83841,
                        -13.417211
                    ],
                    [
                        -71.838688,
                        -13.417173
                    ],
                    [
                        -71.83883,
                        -13.417027
                    ],
                    [
                        -71.838887,
                        -13.416805
                    ],
                    [
                        -71.838749,
                        -13.416646
                    ],
                    [
                        -71.83859,
                        -13.416638
                    ],
                    [
                        -71.837883,
                        -13.416782
                    ],
                    [
                        -71.837668,
                        -13.416982
                    ],
                    [
                        -71.837333,
                        -13.417135
                    ],
                    [
                        -71.83699,
                        -13.417202
                    ],
                    [
                        -71.836255,
                        -13.417378
                    ],
                    [
                        -71.836117,
                        -13.417268
                    ],
                    [
                        -71.836087,
                        -13.417143
                    ],
                    [
                        -71.836218,
                        -13.417038
                    ],
                    [
                        -71.836824,
                        -13.416919
                    ],
                    [
                        -71.836955,
                        -13.416868
                    ],
                    [
                        -71.83703,
                        -13.416791
                    ],
                    [
                        -71.837587,
                        -13.415772
                    ],
                    [
                        -71.837608,
                        -13.415578
                    ],
                    [
                        -71.837496,
                        -13.415491
                    ],
                    [
                        -71.837373,
                        -13.415515
                    ],
                    [
                        -71.836935,
                        -13.416264
                    ],
                    [
                        -71.836183,
                        -13.416517
                    ],
                    [
                        -71.835886,
                        -13.416583
                    ],
                    [
                        -71.835503,
                        -13.416692
                    ],
                    [
                        -71.835423,
                        -13.416812
                    ],
                    [
                        -71.835347,
                        -13.417376
                    ],
                    [
                        -71.835231,
                        -13.417462
                    ],
                    [
                        -71.835125,
                        -13.417397
                    ],
                    [
                        -71.835112,
                        -13.417264
                    ],
                    [
                        -71.83519,
                        -13.416668
                    ],
                    [
                        -71.835258,
                        -13.416509
                    ],
                    [
                        -71.83561,
                        -13.416291
                    ],
                    [
                        -71.836209,
                        -13.416041
                    ],
                    [
                        -71.836355,
                        -13.415764
                    ],
                    [
                        -71.836339,
                        -13.415557
                    ],
                    [
                        -71.836289,
                        -13.415396
                    ],
                    [
                        -71.836211,
                        -13.415311
                    ],
                    [
                        -71.836058,
                        -13.41523
                    ],
                    [
                        -71.835861,
                        -13.415077
                    ],
                    [
                        -71.83576,
                        -13.414925
                    ],
                    [
                        -71.83573,
                        -13.414757
                    ],
                    [
                        -71.835731,
                        -13.413871
                    ],
                    [
                        -71.835823,
                        -13.413497
                    ],
                    [
                        -71.835996,
                        -13.412563
                    ],
                    [
                        -71.836093,
                        -13.412317
                    ],
                    [
                        -71.836263,
                        -13.412147
                    ],
                    [
                        -71.836605,
                        -13.411946
                    ],
                    [
                        -71.836823,
                        -13.411628
                    ],
                    [
                        -71.836845,
                        -13.4115
                    ],
                    [
                        -71.836821,
                        -13.411274
                    ],
                    [
                        -71.836074,
                        -13.409817
                    ],
                    [
                        -71.835861,
                        -13.409501
                    ],
                    [
                        -71.835761,
                        -13.409375
                    ],
                    [
                        -71.835699,
                        -13.409323
                    ],
                    [
                        -71.835568,
                        -13.409129
                    ],
                    [
                        -71.835167,
                        -13.409069
                    ],
                    [
                        -71.834901,
                        -13.408975
                    ],
                    [
                        -71.834435,
                        -13.408872
                    ],
                    [
                        -71.833706,
                        -13.408644
                    ],
                    [
                        -71.83363,
                        -13.40858
                    ],
                    [
                        -71.833556,
                        -13.408477
                    ],
                    [
                        -71.833428,
                        -13.408367
                    ],
                    [
                        -71.833282,
                        -13.408285
                    ],
                    [
                        -71.832433,
                        -13.408046
                    ],
                    [
                        -71.830601,
                        -13.407342
                    ],
                    [
                        -71.830293,
                        -13.407301
                    ],
                    [
                        -71.829093,
                        -13.407584
                    ],
                    [
                        -71.82875,
                        -13.407559
                    ],
                    [
                        -71.828281,
                        -13.407385
                    ],
                    [
                        -71.828226,
                        -13.407319
                    ],
                    [
                        -71.828218,
                        -13.407281
                    ],
                    [
                        -71.828208,
                        -13.407165
                    ],
                    [
                        -71.828283,
                        -13.40714
                    ],
                    [
                        -71.828377,
                        -13.407137
                    ],
                    [
                        -71.828711,
                        -13.407241
                    ],
                    [
                        -71.828915,
                        -13.407256
                    ],
                    [
                        -71.829137,
                        -13.407219
                    ],
                    [
                        -71.830187,
                        -13.406608
                    ],
                    [
                        -71.831211,
                        -13.405983
                    ],
                    [
                        -71.831326,
                        -13.405941
                    ],
                    [
                        -71.831431,
                        -13.405946
                    ],
                    [
                        -71.831515,
                        -13.405985
                    ],
                    [
                        -71.831583,
                        -13.406055
                    ],
                    [
                        -71.831615,
                        -13.406174
                    ],
                    [
                        -71.831668,
                        -13.40667
                    ],
                    [
                        -71.831715,
                        -13.406761
                    ],
                    [
                        -71.831777,
                        -13.406803
                    ],
                    [
                        -71.831942,
                        -13.406861
                    ],
                    [
                        -71.832484,
                        -13.406897
                    ],
                    [
                        -71.833184,
                        -13.406922
                    ],
                    [
                        -71.83331,
                        -13.406893
                    ],
                    [
                        -71.833428,
                        -13.406833
                    ],
                    [
                        -71.833627,
                        -13.406685
                    ],
                    [
                        -71.833885,
                        -13.406455
                    ],
                    [
                        -71.834062,
                        -13.406205
                    ],
                    [
                        -71.834122,
                        -13.406023
                    ],
                    [
                        -71.834118,
                        -13.405962
                    ],
                    [
                        -71.834045,
                        -13.405841
                    ],
                    [
                        -71.833968,
                        -13.405767
                    ],
                    [
                        -71.83229,
                        -13.404483
                    ],
                    [
                        -71.831826,
                        -13.40418
                    ],
                    [
                        -71.831625,
                        -13.404107
                    ],
                    [
                        -71.831508,
                        -13.404105
                    ],
                    [
                        -71.831431,
                        -13.404121
                    ],
                    [
                        -71.831147,
                        -13.404329
                    ],
                    [
                        -71.831027,
                        -13.404388
                    ],
                    [
                        -71.830944,
                        -13.40439
                    ],
                    [
                        -71.83089,
                        -13.404363
                    ],
                    [
                        -71.830867,
                        -13.404288
                    ],
                    [
                        -71.83088,
                        -13.404191
                    ],
                    [
                        -71.830937,
                        -13.404075
                    ],
                    [
                        -71.831073,
                        -13.403863
                    ],
                    [
                        -71.831258,
                        -13.403674
                    ],
                    [
                        -71.831401,
                        -13.403609
                    ],
                    [
                        -71.832076,
                        -13.403628
                    ],
                    [
                        -71.832346,
                        -13.403567
                    ],
                    [
                        -71.832767,
                        -13.403398
                    ],
                    [
                        -71.832901,
                        -13.403345
                    ],
                    [
                        -71.833347,
                        -13.403226
                    ],
                    [
                        -71.833668,
                        -13.403217
                    ],
                    [
                        -71.834085,
                        -13.40326
                    ],
                    [
                        -71.834582,
                        -13.403372
                    ],
                    [
                        -71.834846,
                        -13.40347
                    ],
                    [
                        -71.835099,
                        -13.4036
                    ],
                    [
                        -71.835316,
                        -13.403789
                    ],
                    [
                        -71.835518,
                        -13.404016
                    ],
                    [
                        -71.835824,
                        -13.404313
                    ],
                    [
                        -71.835939,
                        -13.404394
                    ],
                    [
                        -71.836064,
                        -13.404457
                    ],
                    [
                        -71.836283,
                        -13.404502
                    ],
                    [
                        -71.836426,
                        -13.404461
                    ],
                    [
                        -71.836671,
                        -13.404359
                    ],
                    [
                        -71.83692,
                        -13.404321
                    ],
                    [
                        -71.837026,
                        -13.404332
                    ],
                    [
                        -71.837268,
                        -13.404442
                    ],
                    [
                        -71.837802,
                        -13.404738
                    ],
                    [
                        -71.838078,
                        -13.404868
                    ],
                    [
                        -71.838221,
                        -13.404905
                    ],
                    [
                        -71.838386,
                        -13.404898
                    ],
                    [
                        -71.838773,
                        -13.404774
                    ],
                    [
                        -71.838896,
                        -13.404765
                    ],
                    [
                        -71.838991,
                        -13.404789
                    ],
                    [
                        -71.839061,
                        -13.404837
                    ],
                    [
                        -71.839248,
                        -13.405061
                    ],
                    [
                        -71.839441,
                        -13.405256
                    ],
                    [
                        -71.839537,
                        -13.405291
                    ],
                    [
                        -71.839624,
                        -13.405287
                    ],
                    [
                        -71.839658,
                        -13.40524
                    ],
                    [
                        -71.839668,
                        -13.405161
                    ],
                    [
                        -71.839647,
                        -13.405057
                    ],
                    [
                        -71.839595,
                        -13.404969
                    ],
                    [
                        -71.839251,
                        -13.404522
                    ],
                    [
                        -71.839111,
                        -13.404409
                    ],
                    [
                        -71.838998,
                        -13.404361
                    ],
                    [
                        -71.838878,
                        -13.404347
                    ],
                    [
                        -71.838758,
                        -13.40436
                    ],
                    [
                        -71.838472,
                        -13.404477
                    ],
                    [
                        -71.838369,
                        -13.404482
                    ],
                    [
                        -71.838273,
                        -13.404458
                    ],
                    [
                        -71.838186,
                        -13.404423
                    ],
                    [
                        -71.838124,
                        -13.404379
                    ],
                    [
                        -71.837737,
                        -13.404002
                    ],
                    [
                        -71.837678,
                        -13.403916
                    ],
                    [
                        -71.837599,
                        -13.403716
                    ],
                    [
                        -71.837492,
                        -13.403119
                    ],
                    [
                        -71.837428,
                        -13.403013
                    ],
                    [
                        -71.837317,
                        -13.402952
                    ],
                    [
                        -71.83716,
                        -13.402916
                    ],
                    [
                        -71.837053,
                        -13.402923
                    ],
                    [
                        -71.836932,
                        -13.402977
                    ],
                    [
                        -71.836461,
                        -13.403257
                    ],
                    [
                        -71.83629,
                        -13.403332
                    ],
                    [
                        -71.836178,
                        -13.40332
                    ],
                    [
                        -71.836116,
                        -13.403286
                    ],
                    [
                        -71.836085,
                        -13.403216
                    ],
                    [
                        -71.836105,
                        -13.403125
                    ],
                    [
                        -71.836188,
                        -13.403062
                    ],
                    [
                        -71.836689,
                        -13.402762
                    ],
                    [
                        -71.837134,
                        -13.402522
                    ],
                    [
                        -71.837287,
                        -13.402472
                    ],
                    [
                        -71.83743,
                        -13.402468
                    ],
                    [
                        -71.837569,
                        -13.402508
                    ],
                    [
                        -71.837683,
                        -13.402647
                    ],
                    [
                        -71.838115,
                        -13.403356
                    ],
                    [
                        -71.838187,
                        -13.403451
                    ],
                    [
                        -71.838275,
                        -13.403517
                    ],
                    [
                        -71.838395,
                        -13.403553
                    ],
                    [
                        -71.838534,
                        -13.403531
                    ],
                    [
                        -71.838817,
                        -13.403264
                    ],
                    [
                        -71.838946,
                        -13.403213
                    ],
                    [
                        -71.839103,
                        -13.403196
                    ],
                    [
                        -71.839257,
                        -13.403209
                    ],
                    [
                        -71.839389,
                        -13.403244
                    ],
                    [
                        -71.839868,
                        -13.403559
                    ],
                    [
                        -71.840414,
                        -13.404011
                    ],
                    [
                        -71.840528,
                        -13.404207
                    ],
                    [
                        -71.840597,
                        -13.40443
                    ],
                    [
                        -71.840766,
                        -13.404725
                    ],
                    [
                        -71.84113,
                        -13.405259
                    ],
                    [
                        -71.84118,
                        -13.405361
                    ]
                ],
                "type": "LineString"
            }
        }
    ],
    "metadata": {
        "attribution": "openrouteservice.org | OpenStreetMap contributors",
        "service": "routing",
        "timestamp": 1756622552112,
        "query": {
            "coordinates": [
                [
                    -72.263261,
                    -13.25844
                ],
                [
                    -71.84123,
                    -13.405338
                ]
            ],
            "profile": "driving-car",
            "profileName": "driving-car",
            "format": "geojson"
        },
        "engine": {
            "version": "9.3.0",
            "build_date": "2025-06-06T15:39:25Z",
            "graph_date": "2025-08-24T11:22:16Z",
            "osm_date": "2025-08-18T00:00:00Z"
        }
    }
}