{
    "type": "FeatureCollection",
    "bbox": [
        76.250546,
        9.499549,
        76.348413,
        9.97327
    ],
    "features": [
        {
            "bbox": [
                76.250546,
                9.499549,
                76.348413,
                9.97327
            ],
            "type": "Feature",
            "properties": {
                "segments": [
                    {
                        "distance": 63410.3,
                        "duration": 4055.3,
                        "steps": [
                            {
                                "distance": 119.4,
                                "duration": 43.0,
                                "type": 11,
                                "instruction": "Head north",
                                "name": "-",
                                "way_points": [
                                    0,
                                    4
                                ]
                            },
                            {
                                "distance": 110.0,
                                "duration": 20.6,
                                "type": 0,
                                "instruction": "Turn left",
                                "name": "-",
                                "way_points": [
                                    4,
                                    7
                                ]
                            },
                            {
                                "distance": 220.6,
                                "duration": 35.3,
                                "type": 1,
                                "instruction": "Turn right onto Park Avenue",
                                "name": "Park Avenue",
                                "way_points": [
                                    7,
                                    10
                                ]
                            },
                            {
                                "distance": 299.4,
                                "duration": 43.1,
                                "type": 0,
                                "instruction": "Turn left onto Hospital Road",
                                "name": "Hospital Road",
                                "way_points": [
                                    10,
                                    14
                                ]
                            },
                            {
                                "distance": 212.5,
                                "duration": 19.1,
                                "type": 1,
                                "instruction": "Turn right onto TD Road",
                                "name": "TD Road",
                                "way_points": [
                                    14,
                                    15
                                ]
                            },
                            {
                                "distance": 80.4,
                                "duration": 11.6,
                                "type": 0,
                                "instruction": "Turn left onto Club Road",
                                "name": "Club Road",
                                "way_points": [
                                    15,
                                    16
                                ]
                            },
                            {
                                "distance": 103.5,
                                "duration": 12.4,
                                "type": 5,
                                "instruction": "Turn slight right onto Club Road",
                                "name": "Club Road",
                                "way_points": [
                                    16,
                                    19
                                ]
                            },
                            {
                                "distance": 127.9,
                                "duration": 24.3,
                                "type": 0,
                                "instruction": "Turn left onto Layam Road",
                                "name": "Layam Road",
                                "way_points": [
                                    19,
                                    23
                                ]
                            },
                            {
                                "distance": 5322.8,
                                "duration": 509.9,
                                "type": 1,
                                "instruction": "Turn right onto Mahatma Gandhi Road",
                                "name": "Mahatma Gandhi Road",
                                "way_points": [
                                    23,
                                    114
                                ]
                            },
                            {
                                "distance": 882.2,
                                "duration": 81.9,
                                "type": 0,
                                "instruction": "Turn left onto Old NH 47",
                                "name": "Old NH 47",
                                "way_points": [
                                    114,
                                    122
                                ]
                            },
                            {
                                "distance": 37.4,
                                "duration": 9.0,
                                "type": 13,
                                "instruction": "Keep right",
                                "name": "-",
                                "way_points": [
                                    122,
                                    123
                                ]
                            },
                            {
                                "distance": 112.6,
                                "duration": 9.0,
                                "type": 1,
                                "instruction": "Turn right onto MDR",
                                "name": "MDR",
                                "way_points": [
                                    123,
                                    129
                                ]
                            },
                            {
                                "distance": 456.2,
                                "duration": 29.9,
                                "type": 12,
                                "instruction": "Keep left onto Pallichal Road",
                                "name": "Pallichal Road",
                                "way_points": [
                                    129,
                                    136
                                ]
                            },
                            {
                                "distance": 981.2,
                                "duration": 64.2,
                                "type": 0,
                                "instruction": "Turn left onto Forty Feet Road",
                                "name": "Forty Feet Road",
                                "way_points": [
                                    136,
                                    151
                                ]
                            },
                            {
                                "distance": 295.0,
                                "duration": 28.2,
                                "type": 1,
                                "instruction": "Turn right onto Waterland Road",
                                "name": "Waterland Road",
                                "way_points": [
                                    151,
                                    157
                                ]
                            },
                            {
                                "distance": 1062.0,
                                "duration": 69.5,
                                "type": 1,
                                "instruction": "Turn right onto Waterland Road",
                                "name": "Waterland Road",
                                "way_points": [
                                    157,
                                    170
                                ]
                            },
                            {
                                "distance": 688.7,
                                "duration": 52.4,
                                "type": 0,
                                "instruction": "Turn left",
                                "name": "-",
                                "way_points": [
                                    170,
                                    189
                                ]
                            },
                            {
                                "distance": 20300.4,
                                "duration": 1108.4,
                                "type": 0,
                                "instruction": "Turn left onto Pandikudi - Chellanam Road, SH66",
                                "name": "Pandikudi - Chellanam Road, SH66",
                                "way_points": [
                                    189,
                                    491
                                ]
                            },
                            {
                                "distance": 286.1,
                                "duration": 18.7,
                                "type": 1,
                                "instruction": "Turn right onto Alappuzha - Arthunkal - Chellanam - Thoppumpady Road, SH66",
                                "name": "Alappuzha - Arthunkal - Chellanam - Thoppumpady Road, SH66",
                                "way_points": [
                                    491,
                                    496
                                ]
                            },
                            {
                                "distance": 9833.8,
                                "duration": 521.0,
                                "type": 1,
                                "instruction": "Turn right onto Alappuzha - Arthunkal - Chellanam - Thoppumpady Road, SH66",
                                "name": "Alappuzha - Arthunkal - Chellanam - Thoppumpady Road, SH66",
                                "way_points": [
                                    496,
                                    678
                                ]
                            },
                            {
                                "distance": 18703.0,
                                "duration": 1049.8,
                                "type": 1,
                                "instruction": "Turn right onto Alappuzha - Arthunkal - Chellanam - Thoppumpady Road, SH66",
                                "name": "Alappuzha - Arthunkal - Chellanam - Thoppumpady Road, SH66",
                                "way_points": [
                                    678,
                                    1049
                                ]
                            },
                            {
                                "distance": 2223.8,
                                "duration": 153.1,
                                "type": 0,
                                "instruction": "Turn left onto VCNB Road, MDR",
                                "name": "VCNB Road, MDR",
                                "way_points": [
                                    1049,
                                    1070
                                ]
                            },
                            {
                                "distance": 44.0,
                                "duration": 13.0,
                                "type": 1,
                                "instruction": "Turn right onto Alappuzha - Thannermukkam Road, SH40",
                                "name": "Alappuzha - Thannermukkam Road, SH40",
                                "way_points": [
                                    1070,
                                    1073
                                ]
                            },
                            {
                                "distance": 716.8,
                                "duration": 62.8,
                                "type": 12,
                                "instruction": "Keep left",
                                "name": "-",
                                "way_points": [
                                    1073,
                                    1092
                                ]
                            },
                            {
                                "distance": 31.6,
                                "duration": 7.6,
                                "type": 1,
                                "instruction": "Turn right",
                                "name": "-",
                                "way_points": [
                                    1092,
                                    1094
                                ]
                            },
                            {
                                "distance": 159.1,
                                "duration": 57.3,
                                "type": 0,
                                "instruction": "Turn left",
                                "name": "-",
                                "way_points": [
                                    1094,
                                    1098
                                ]
                            },
                            {
                                "distance": 0.0,
                                "duration": 0.0,
                                "type": 10,
                                "instruction": "Arrive at your destination, on the left",
                                "name": "-",
                                "way_points": [
                                    1098,
                                    1098
                                ]
                            }
                        ]
                    }
                ],
                "way_points": [
                    0,
                    1098
                ],
                "summary": {
                    "distance": 63410.3,
                    "duration": 4055.3
                }
            },
            "geometry": {
                "coordinates": [
                    [
                        76.278481,
                        9.972741
                    ],
                    [
                        76.278352,
                        9.973139
                    ],
                    [
                        76.278331,
                        9.973243
                    ],
                    [
                        76.278415,
                        9.97327
                    ],
                    [
                        76.278598,
                        9.972844
                    ],
                    [
                        76.278635,
                        9.972861
                    ],
                    [
                        76.279152,
                        9.973072
                    ],
                    [
                        76.27952,
                        9.973235
                    ],
                    [
                        76.279648,
                        9.972932
                    ],
                    [
                        76.279921,
                        9.971995
                    ],
                    [
                        76.28014,
                        9.971349
                    ],
                    [
                        76.280576,
                        9.97144
                    ],
                    [
                        76.281084,
                        9.971524
                    ],
                    [
                        76.282189,
                        9.971721
                    ],
                    [
                        76.282833,
                        9.971811
                    ],
                    [
                        76.283089,
                        9.969917
                    ],
                    [
                        76.283811,
                        9.970045
                    ],
                    [
                        76.284354,
                        9.969777
                    ],
                    [
                        76.284583,
                        9.969657
                    ],
                    [
                        76.284639,
                        9.969604
                    ],
                    [
                        76.284916,
                        9.969632
                    ],
                    [
                        76.285129,
                        9.969693
                    ],
                    [
                        76.285649,
                        9.969843
                    ],
                    [
                        76.285773,
                        9.969868
                    ],
                    [
                        76.286072,
                        9.968928
                    ],
                    [
                        76.286157,
                        9.968436
                    ],
                    [
                        76.286287,
                        9.967712
                    ],
                    [
                        76.286417,
                        9.96695
                    ],
                    [
                        76.286559,
                        9.965977
                    ],
                    [
                        76.286609,
                        9.965428
                    ],
                    [
                        76.286684,
                        9.965285
                    ],
                    [
                        76.286814,
                        9.965085
                    ],
                    [
                        76.287382,
                        9.964361
                    ],
                    [
                        76.287421,
                        9.964302
                    ],
                    [
                        76.287594,
                        9.963999
                    ],
                    [
                        76.287862,
                        9.963541
                    ],
                    [
                        76.288441,
                        9.962673
                    ],
                    [
                        76.288455,
                        9.96259
                    ],
                    [
                        76.288626,
                        9.961392
                    ],
                    [
                        76.288764,
                        9.960705
                    ],
                    [
                        76.288909,
                        9.960052
                    ],
                    [
                        76.289183,
                        9.959054
                    ],
                    [
                        76.289303,
                        9.958613
                    ],
                    [
                        76.289388,
                        9.958301
                    ],
                    [
                        76.289433,
                        9.958153
                    ],
                    [
                        76.289566,
                        9.957779
                    ],
                    [
                        76.28965,
                        9.957601
                    ],
                    [
                        76.289734,
                        9.95741
                    ],
                    [
                        76.289865,
                        9.95727
                    ],
                    [
                        76.289989,
                        9.957189
                    ],
                    [
                        76.29049,
                        9.956947
                    ],
                    [
                        76.291513,
                        9.956483
                    ],
                    [
                        76.291741,
                        9.956257
                    ],
                    [
                        76.292238,
                        9.95571
                    ],
                    [
                        76.292331,
                        9.95559
                    ],
                    [
                        76.29243,
                        9.95531
                    ],
                    [
                        76.292577,
                        9.954752
                    ],
                    [
                        76.292756,
                        9.954082
                    ],
                    [
                        76.292771,
                        9.954021
                    ],
                    [
                        76.292835,
                        9.953789
                    ],
                    [
                        76.293017,
                        9.953083
                    ],
                    [
                        76.293083,
                        9.952818
                    ],
                    [
                        76.293192,
                        9.952298
                    ],
                    [
                        76.293193,
                        9.952247
                    ],
                    [
                        76.293203,
                        9.951971
                    ],
                    [
                        76.293211,
                        9.951778
                    ],
                    [
                        76.293178,
                        9.95161
                    ],
                    [
                        76.293114,
                        9.951449
                    ],
                    [
                        76.292893,
                        9.951056
                    ],
                    [
                        76.292405,
                        9.950397
                    ],
                    [
                        76.292152,
                        9.950032
                    ],
                    [
                        76.291973,
                        9.949639
                    ],
                    [
                        76.291789,
                        9.949364
                    ],
                    [
                        76.291654,
                        9.949227
                    ],
                    [
                        76.291491,
                        9.948941
                    ],
                    [
                        76.291384,
                        9.948765
                    ],
                    [
                        76.291254,
                        9.948551
                    ],
                    [
                        76.291032,
                        9.948244
                    ],
                    [
                        76.29055,
                        9.947865
                    ],
                    [
                        76.290383,
                        9.94778
                    ],
                    [
                        76.288715,
                        9.946991
                    ],
                    [
                        76.287281,
                        9.946281
                    ],
                    [
                        76.285922,
                        9.945585
                    ],
                    [
                        76.285145,
                        9.94517
                    ],
                    [
                        76.284252,
                        9.944693
                    ],
                    [
                        76.283965,
                        9.944554
                    ],
                    [
                        76.283832,
                        9.944457
                    ],
                    [
                        76.283743,
                        9.944367
                    ],
                    [
                        76.282994,
                        9.943642
                    ],
                    [
                        76.28254,
                        9.943103
                    ],
                    [
                        76.282449,
                        9.942994
                    ],
                    [
                        76.281726,
                        9.941662
                    ],
                    [
                        76.279923,
                        9.938315
                    ],
                    [
                        76.279646,
                        9.937863
                    ],
                    [
                        76.279385,
                        9.937524
                    ],
                    [
                        76.279085,
                        9.937223
                    ],
                    [
                        76.278754,
                        9.936981
                    ],
                    [
                        76.278426,
                        9.936792
                    ],
                    [
                        76.278062,
                        9.936651
                    ],
                    [
                        76.27773,
                        9.936558
                    ],
                    [
                        76.27739,
                        9.936497
                    ],
                    [
                        76.277122,
                        9.936478
                    ],
                    [
                        76.276635,
                        9.936495
                    ],
                    [
                        76.275727,
                        9.936756
                    ],
                    [
                        76.275581,
                        9.936764
                    ],
                    [
                        76.275492,
                        9.936734
                    ],
                    [
                        76.275358,
                        9.936665
                    ],
                    [
                        76.27531,
                        9.936629
                    ],
                    [
                        76.27525,
                        9.936605
                    ],
                    [
                        76.275175,
                        9.936606
                    ],
                    [
                        76.275101,
                        9.936627
                    ],
                    [
                        76.274467,
                        9.936853
                    ],
                    [
                        76.274318,
                        9.936913
                    ],
                    [
                        76.273479,
                        9.937251
                    ],
                    [
                        76.272786,
                        9.937421
                    ],
                    [
                        76.272689,
                        9.937209
                    ],
                    [
                        76.272135,
                        9.936231
                    ],
                    [
                        76.271566,
                        9.935557
                    ],
                    [
                        76.271406,
                        9.935392
                    ],
                    [
                        76.269885,
                        9.933706
                    ],
                    [
                        76.26843,
                        9.93197
                    ],
                    [
                        76.268211,
                        9.931772
                    ],
                    [
                        76.267618,
                        9.93143
                    ],
                    [
                        76.26735,
                        9.931222
                    ],
                    [
                        76.267241,
                        9.931378
                    ],
                    [
                        76.267076,
                        9.931625
                    ],
                    [
                        76.266989,
                        9.931716
                    ],
                    [
                        76.266824,
                        9.931779
                    ],
                    [
                        76.266717,
                        9.931819
                    ],
                    [
                        76.266609,
                        9.931863
                    ],
                    [
                        76.265378,
                        9.931665
                    ],
                    [
                        76.265109,
                        9.931631
                    ],
                    [
                        76.264763,
                        9.931582
                    ],
                    [
                        76.264155,
                        9.931498
                    ],
                    [
                        76.263196,
                        9.931376
                    ],
                    [
                        76.262867,
                        9.931341
                    ],
                    [
                        76.262503,
                        9.931215
                    ],
                    [
                        76.262702,
                        9.930602
                    ],
                    [
                        76.262713,
                        9.930553
                    ],
                    [
                        76.262923,
                        9.930055
                    ],
                    [
                        76.263055,
                        9.929549
                    ],
                    [
                        76.263211,
                        9.928847
                    ],
                    [
                        76.263306,
                        9.928568
                    ],
                    [
                        76.263617,
                        9.927633
                    ],
                    [
                        76.263853,
                        9.927055
                    ],
                    [
                        76.264133,
                        9.926444
                    ],
                    [
                        76.26428,
                        9.926122
                    ],
                    [
                        76.26443,
                        9.925619
                    ],
                    [
                        76.264534,
                        9.925392
                    ],
                    [
                        76.264868,
                        9.924498
                    ],
                    [
                        76.265093,
                        9.923897
                    ],
                    [
                        76.265464,
                        9.922903
                    ],
                    [
                        76.264477,
                        9.922522
                    ],
                    [
                        76.264076,
                        9.922358
                    ],
                    [
                        76.263945,
                        9.92231
                    ],
                    [
                        76.263552,
                        9.922162
                    ],
                    [
                        76.263083,
                        9.922001
                    ],
                    [
                        76.262952,
                        9.921949
                    ],
                    [
                        76.262271,
                        9.923794
                    ],
                    [
                        76.26219,
                        9.923862
                    ],
                    [
                        76.26212,
                        9.923872
                    ],
                    [
                        76.261558,
                        9.923732
                    ],
                    [
                        76.261431,
                        9.9237
                    ],
                    [
                        76.259708,
                        9.92329
                    ],
                    [
                        76.25965,
                        9.923298
                    ],
                    [
                        76.259613,
                        9.923324
                    ],
                    [
                        76.259588,
                        9.923371
                    ],
                    [
                        76.259105,
                        9.924655
                    ],
                    [
                        76.258807,
                        9.924548
                    ],
                    [
                        76.256553,
                        9.923393
                    ],
                    [
                        76.25624,
                        9.923939
                    ],
                    [
                        76.255956,
                        9.9238
                    ],
                    [
                        76.255831,
                        9.923702
                    ],
                    [
                        76.255706,
                        9.923532
                    ],
                    [
                        76.255368,
                        9.923389
                    ],
                    [
                        76.25487,
                        9.923144
                    ],
                    [
                        76.254424,
                        9.922956
                    ],
                    [
                        76.254307,
                        9.922913
                    ],
                    [
                        76.254101,
                        9.922836
                    ],
                    [
                        76.253559,
                        9.922673
                    ],
                    [
                        76.252981,
                        9.922555
                    ],
                    [
                        76.252488,
                        9.922414
                    ],
                    [
                        76.251833,
                        9.922227
                    ],
                    [
                        76.251615,
                        9.9221
                    ],
                    [
                        76.25156,
                        9.922068
                    ],
                    [
                        76.25143,
                        9.921932
                    ],
                    [
                        76.251332,
                        9.921851
                    ],
                    [
                        76.251307,
                        9.921834
                    ],
                    [
                        76.250893,
                        9.921632
                    ],
                    [
                        76.250546,
                        9.921526
                    ],
                    [
                        76.250636,
                        9.92122
                    ],
                    [
                        76.250771,
                        9.920941
                    ],
                    [
                        76.251183,
                        9.919949
                    ],
                    [
                        76.251323,
                        9.919532
                    ],
                    [
                        76.251373,
                        9.919329
                    ],
                    [
                        76.251587,
                        9.918471
                    ],
                    [
                        76.251945,
                        9.917303
                    ],
                    [
                        76.252159,
                        9.916376
                    ],
                    [
                        76.252324,
                        9.915621
                    ],
                    [
                        76.252497,
                        9.914834
                    ],
                    [
                        76.252602,
                        9.91445
                    ],
                    [
                        76.252811,
                        9.913785
                    ],
                    [
                        76.253074,
                        9.913196
                    ],
                    [
                        76.25329,
                        9.912507
                    ],
                    [
                        76.253376,
                        9.912204
                    ],
                    [
                        76.253515,
                        9.911567
                    ],
                    [
                        76.253983,
                        9.910405
                    ],
                    [
                        76.254112,
                        9.91007
                    ],
                    [
                        76.254279,
                        9.909711
                    ],
                    [
                        76.254532,
                        9.909279
                    ],
                    [
                        76.254774,
                        9.908631
                    ],
                    [
                        76.254948,
                        9.908155
                    ],
                    [
                        76.255185,
                        9.907617
                    ],
                    [
                        76.255355,
                        9.907203
                    ],
                    [
                        76.255592,
                        9.906485
                    ],
                    [
                        76.255655,
                        9.906259
                    ],
                    [
                        76.255721,
                        9.90593
                    ],
                    [
                        76.255825,
                        9.905594
                    ],
                    [
                        76.256262,
                        9.904505
                    ],
                    [
                        76.256363,
                        9.904227
                    ],
                    [
                        76.256423,
                        9.904064
                    ],
                    [
                        76.256873,
                        9.902819
                    ],
                    [
                        76.257241,
                        9.901777
                    ],
                    [
                        76.257348,
                        9.901303
                    ],
                    [
                        76.257401,
                        9.901056
                    ],
                    [
                        76.257523,
                        9.900591
                    ],
                    [
                        76.257656,
                        9.900084
                    ],
                    [
                        76.257775,
                        9.899545
                    ],
                    [
                        76.257797,
                        9.89939
                    ],
                    [
                        76.25785,
                        9.89901
                    ],
                    [
                        76.257875,
                        9.898823
                    ],
                    [
                        76.257898,
                        9.898654
                    ],
                    [
                        76.258024,
                        9.89741
                    ],
                    [
                        76.258062,
                        9.89721
                    ],
                    [
                        76.258201,
                        9.896703
                    ],
                    [
                        76.2583,
                        9.896451
                    ],
                    [
                        76.258405,
                        9.896186
                    ],
                    [
                        76.258537,
                        9.895789
                    ],
                    [
                        76.258752,
                        9.895324
                    ],
                    [
                        76.258813,
                        9.895114
                    ],
                    [
                        76.258918,
                        9.894688
                    ],
                    [
                        76.25908,
                        9.893673
                    ],
                    [
                        76.259132,
                        9.893362
                    ],
                    [
                        76.259156,
                        9.893223
                    ],
                    [
                        76.25933,
                        9.892593
                    ],
                    [
                        76.259466,
                        9.891956
                    ],
                    [
                        76.259528,
                        9.891731
                    ],
                    [
                        76.259572,
                        9.891459
                    ],
                    [
                        76.259637,
                        9.891196
                    ],
                    [
                        76.259807,
                        9.890704
                    ],
                    [
                        76.260076,
                        9.889895
                    ],
                    [
                        76.260206,
                        9.889413
                    ],
                    [
                        76.260302,
                        9.889089
                    ],
                    [
                        76.260514,
                        9.888344
                    ],
                    [
                        76.260592,
                        9.888052
                    ],
                    [
                        76.26073,
                        9.887535
                    ],
                    [
                        76.260987,
                        9.886369
                    ],
                    [
                        76.261076,
                        9.885961
                    ],
                    [
                        76.261158,
                        9.885578
                    ],
                    [
                        76.261336,
                        9.884954
                    ],
                    [
                        76.261627,
                        9.883915
                    ],
                    [
                        76.261708,
                        9.883493
                    ],
                    [
                        76.262172,
                        9.881897
                    ],
                    [
                        76.262615,
                        9.880348
                    ],
                    [
                        76.262921,
                        9.879274
                    ],
                    [
                        76.263091,
                        9.878721
                    ],
                    [
                        76.263246,
                        9.878248
                    ],
                    [
                        76.263375,
                        9.877791
                    ],
                    [
                        76.26356,
                        9.877262
                    ],
                    [
                        76.263666,
                        9.876959
                    ],
                    [
                        76.263804,
                        9.876566
                    ],
                    [
                        76.263964,
                        9.876108
                    ],
                    [
                        76.263985,
                        9.876047
                    ],
                    [
                        76.26404,
                        9.875881
                    ],
                    [
                        76.264128,
                        9.875657
                    ],
                    [
                        76.264345,
                        9.87513
                    ],
                    [
                        76.264465,
                        9.87489
                    ],
                    [
                        76.265085,
                        9.873729
                    ],
                    [
                        76.265273,
                        9.873307
                    ],
                    [
                        76.265637,
                        9.87255
                    ],
                    [
                        76.265706,
                        9.872402
                    ],
                    [
                        76.265755,
                        9.872247
                    ],
                    [
                        76.265946,
                        9.871531
                    ],
                    [
                        76.266299,
                        9.870365
                    ],
                    [
                        76.266486,
                        9.869733
                    ],
                    [
                        76.266763,
                        9.868622
                    ],
                    [
                        76.2668,
                        9.868474
                    ],
                    [
                        76.266811,
                        9.868432
                    ],
                    [
                        76.266859,
                        9.868248
                    ],
                    [
                        76.267009,
                        9.867716
                    ],
                    [
                        76.267522,
                        9.865914
                    ],
                    [
                        76.267575,
                        9.865822
                    ],
                    [
                        76.267583,
                        9.865689
                    ],
                    [
                        76.267788,
                        9.864839
                    ],
                    [
                        76.268067,
                        9.863153
                    ],
                    [
                        76.268276,
                        9.862329
                    ],
                    [
                        76.268527,
                        9.861507
                    ],
                    [
                        76.270171,
                        9.856122
                    ],
                    [
                        76.270158,
                        9.856056
                    ],
                    [
                        76.270121,
                        9.856011
                    ],
                    [
                        76.269964,
                        9.855952
                    ],
                    [
                        76.267777,
                        9.855437
                    ],
                    [
                        76.267454,
                        9.855395
                    ],
                    [
                        76.267102,
                        9.855417
                    ],
                    [
                        76.266416,
                        9.855461
                    ],
                    [
                        76.266327,
                        9.855453
                    ],
                    [
                        76.266248,
                        9.855427
                    ],
                    [
                        76.266207,
                        9.855414
                    ],
                    [
                        76.265869,
                        9.855281
                    ],
                    [
                        76.265612,
                        9.855178
                    ],
                    [
                        76.265509,
                        9.855087
                    ],
                    [
                        76.265462,
                        9.855024
                    ],
                    [
                        76.26545,
                        9.854929
                    ],
                    [
                        76.265467,
                        9.85475
                    ],
                    [
                        76.265537,
                        9.854302
                    ],
                    [
                        76.265603,
                        9.85418
                    ],
                    [
                        76.266079,
                        9.853651
                    ],
                    [
                        76.266176,
                        9.853469
                    ],
                    [
                        76.266439,
                        9.852576
                    ],
                    [
                        76.266591,
                        9.851845
                    ],
                    [
                        76.26668,
                        9.85132
                    ],
                    [
                        76.266905,
                        9.850031
                    ],
                    [
                        76.266989,
                        9.849696
                    ],
                    [
                        76.267076,
                        9.84938
                    ],
                    [
                        76.267656,
                        9.84754
                    ],
                    [
                        76.267789,
                        9.847085
                    ],
                    [
                        76.268247,
                        9.845393
                    ],
                    [
                        76.268342,
                        9.845042
                    ],
                    [
                        76.268589,
                        9.844123
                    ],
                    [
                        76.268775,
                        9.843279
                    ],
                    [
                        76.269037,
                        9.842166
                    ],
                    [
                        76.269193,
                        9.841509
                    ],
                    [
                        76.269355,
                        9.840699
                    ],
                    [
                        76.269514,
                        9.839727
                    ],
                    [
                        76.269609,
                        9.839194
                    ],
                    [
                        76.269687,
                        9.838724
                    ],
                    [
                        76.269725,
                        9.83857
                    ],
                    [
                        76.270021,
                        9.837183
                    ],
                    [
                        76.270138,
                        9.836652
                    ],
                    [
                        76.270175,
                        9.836482
                    ],
                    [
                        76.270254,
                        9.835855
                    ],
                    [
                        76.270284,
                        9.835321
                    ],
                    [
                        76.270392,
                        9.834261
                    ],
                    [
                        76.270459,
                        9.833714
                    ],
                    [
                        76.270479,
                        9.833619
                    ],
                    [
                        76.2706,
                        9.832977
                    ],
                    [
                        76.27079,
                        9.831955
                    ],
                    [
                        76.27087,
                        9.831632
                    ],
                    [
                        76.270942,
                        9.831386
                    ],
                    [
                        76.271385,
                        9.830112
                    ],
                    [
                        76.271564,
                        9.829489
                    ],
                    [
                        76.272021,
                        9.828123
                    ],
                    [
                        76.272263,
                        9.827389
                    ],
                    [
                        76.272296,
                        9.82725
                    ],
                    [
                        76.272511,
                        9.826228
                    ],
                    [
                        76.272674,
                        9.825565
                    ],
                    [
                        76.272766,
                        9.825009
                    ],
                    [
                        76.272943,
                        9.824346
                    ],
                    [
                        76.273004,
                        9.823902
                    ],
                    [
                        76.273268,
                        9.822765
                    ],
                    [
                        76.273476,
                        9.821708
                    ],
                    [
                        76.273562,
                        9.821202
                    ],
                    [
                        76.273887,
                        9.820033
                    ],
                    [
                        76.274128,
                        9.819043
                    ],
                    [
                        76.274327,
                        9.818326
                    ],
                    [
                        76.274753,
                        9.816454
                    ],
                    [
                        76.274861,
                        9.816101
                    ],
                    [
                        76.275094,
                        9.81486
                    ],
                    [
                        76.275263,
                        9.814336
                    ],
                    [
                        76.275423,
                        9.813753
                    ],
                    [
                        76.275483,
                        9.813436
                    ],
                    [
                        76.275588,
                        9.812915
                    ],
                    [
                        76.275644,
                        9.812402
                    ],
                    [
                        76.275653,
                        9.81232
                    ],
                    [
                        76.275715,
                        9.811768
                    ],
                    [
                        76.275843,
                        9.809884
                    ],
                    [
                        76.27586,
                        9.80942
                    ],
                    [
                        76.275989,
                        9.808637
                    ],
                    [
                        76.276136,
                        9.807994
                    ],
                    [
                        76.276395,
                        9.806909
                    ],
                    [
                        76.276486,
                        9.806587
                    ],
                    [
                        76.276714,
                        9.805526
                    ],
                    [
                        76.27689,
                        9.804382
                    ],
                    [
                        76.276915,
                        9.804264
                    ],
                    [
                        76.277321,
                        9.801753
                    ],
                    [
                        76.27736,
                        9.801613
                    ],
                    [
                        76.278038,
                        9.799145
                    ],
                    [
                        76.278076,
                        9.798929
                    ],
                    [
                        76.278158,
                        9.798459
                    ],
                    [
                        76.278228,
                        9.798056
                    ],
                    [
                        76.278392,
                        9.797115
                    ],
                    [
                        76.278472,
                        9.796629
                    ],
                    [
                        76.278487,
                        9.796451
                    ],
                    [
                        76.278469,
                        9.796323
                    ],
                    [
                        76.278378,
                        9.796093
                    ],
                    [
                        76.278283,
                        9.795938
                    ],
                    [
                        76.278127,
                        9.795446
                    ],
                    [
                        76.277854,
                        9.79481
                    ],
                    [
                        76.277818,
                        9.794704
                    ],
                    [
                        76.277805,
                        9.794608
                    ],
                    [
                        76.277795,
                        9.793994
                    ],
                    [
                        76.277729,
                        9.79312
                    ],
                    [
                        76.277819,
                        9.791952
                    ],
                    [
                        76.277884,
                        9.790737
                    ],
                    [
                        76.277882,
                        9.790507
                    ],
                    [
                        76.277847,
                        9.790186
                    ],
                    [
                        76.277724,
                        9.789568
                    ],
                    [
                        76.277671,
                        9.789108
                    ],
                    [
                        76.277672,
                        9.788838
                    ],
                    [
                        76.277689,
                        9.788752
                    ],
                    [
                        76.277741,
                        9.788531
                    ],
                    [
                        76.277831,
                        9.788357
                    ],
                    [
                        76.27793,
                        9.788232
                    ],
                    [
                        76.278251,
                        9.787523
                    ],
                    [
                        76.27862,
                        9.78661
                    ],
                    [
                        76.278781,
                        9.786187
                    ],
                    [
                        76.278889,
                        9.785438
                    ],
                    [
                        76.279014,
                        9.784791
                    ],
                    [
                        76.279105,
                        9.784227
                    ],
                    [
                        76.279226,
                        9.78377
                    ],
                    [
                        76.279314,
                        9.783457
                    ],
                    [
                        76.279527,
                        9.782275
                    ],
                    [
                        76.27962,
                        9.781679
                    ],
                    [
                        76.279634,
                        9.781472
                    ],
                    [
                        76.279777,
                        9.780833
                    ],
                    [
                        76.280064,
                        9.78
                    ],
                    [
                        76.280137,
                        9.779678
                    ],
                    [
                        76.28019,
                        9.779111
                    ],
                    [
                        76.280229,
                        9.778877
                    ],
                    [
                        76.280243,
                        9.778675
                    ],
                    [
                        76.280172,
                        9.778054
                    ],
                    [
                        76.280125,
                        9.777287
                    ],
                    [
                        76.28031,
                        9.776548
                    ],
                    [
                        76.280469,
                        9.775756
                    ],
                    [
                        76.280489,
                        9.775673
                    ],
                    [
                        76.280513,
                        9.774846
                    ],
                    [
                        76.280561,
                        9.774701
                    ],
                    [
                        76.280765,
                        9.774395
                    ],
                    [
                        76.280843,
                        9.774079
                    ],
                    [
                        76.281007,
                        9.773168
                    ],
                    [
                        76.281108,
                        9.772155
                    ],
                    [
                        76.28141,
                        9.771309
                    ],
                    [
                        76.281464,
                        9.771015
                    ],
                    [
                        76.281474,
                        9.769907
                    ],
                    [
                        76.281476,
                        9.76965
                    ],
                    [
                        76.281477,
                        9.769169
                    ],
                    [
                        76.281505,
                        9.768693
                    ],
                    [
                        76.281503,
                        9.767966
                    ],
                    [
                        76.281547,
                        9.767756
                    ],
                    [
                        76.28178,
                        9.767129
                    ],
                    [
                        76.281827,
                        9.766926
                    ],
                    [
                        76.281856,
                        9.766677
                    ],
                    [
                        76.281828,
                        9.766298
                    ],
                    [
                        76.28196,
                        9.76552
                    ],
                    [
                        76.282278,
                        9.763815
                    ],
                    [
                        76.282287,
                        9.763064
                    ],
                    [
                        76.282313,
                        9.762877
                    ],
                    [
                        76.282386,
                        9.762348
                    ],
                    [
                        76.282497,
                        9.762121
                    ],
                    [
                        76.282658,
                        9.761178
                    ],
                    [
                        76.282847,
                        9.760729
                    ],
                    [
                        76.282937,
                        9.760239
                    ],
                    [
                        76.283059,
                        9.759748
                    ],
                    [
                        76.283185,
                        9.759342
                    ],
                    [
                        76.28326,
                        9.758653
                    ],
                    [
                        76.283282,
                        9.758462
                    ],
                    [
                        76.283306,
                        9.75797
                    ],
                    [
                        76.283425,
                        9.757542
                    ],
                    [
                        76.283461,
                        9.756759
                    ],
                    [
                        76.28358,
                        9.756328
                    ],
                    [
                        76.283825,
                        9.755582
                    ],
                    [
                        76.283774,
                        9.754737
                    ],
                    [
                        76.283796,
                        9.75451
                    ],
                    [
                        76.283936,
                        9.754067
                    ],
                    [
                        76.283968,
                        9.753967
                    ],
                    [
                        76.283966,
                        9.752793
                    ],
                    [
                        76.283946,
                        9.752532
                    ],
                    [
                        76.283898,
                        9.752229
                    ],
                    [
                        76.2839,
                        9.752066
                    ],
                    [
                        76.283885,
                        9.751752
                    ],
                    [
                        76.283927,
                        9.751538
                    ],
                    [
                        76.284028,
                        9.751376
                    ],
                    [
                        76.284308,
                        9.751139
                    ],
                    [
                        76.284587,
                        9.750864
                    ],
                    [
                        76.284832,
                        9.750686
                    ],
                    [
                        76.285026,
                        9.750611
                    ],
                    [
                        76.285342,
                        9.750614
                    ],
                    [
                        76.285628,
                        9.750374
                    ],
                    [
                        76.28574,
                        9.750341
                    ],
                    [
                        76.286412,
                        9.750162
                    ],
                    [
                        76.286449,
                        9.750159
                    ],
                    [
                        76.286527,
                        9.750098
                    ],
                    [
                        76.286568,
                        9.749398
                    ],
                    [
                        76.28656,
                        9.74933
                    ],
                    [
                        76.286496,
                        9.748765
                    ],
                    [
                        76.286345,
                        9.748356
                    ],
                    [
                        76.28597,
                        9.747647
                    ],
                    [
                        76.285287,
                        9.747791
                    ],
                    [
                        76.285167,
                        9.747806
                    ],
                    [
                        76.285048,
                        9.747775
                    ],
                    [
                        76.284962,
                        9.747713
                    ],
                    [
                        76.284873,
                        9.747618
                    ],
                    [
                        76.284826,
                        9.747368
                    ],
                    [
                        76.284812,
                        9.747078
                    ],
                    [
                        76.284846,
                        9.74649
                    ],
                    [
                        76.284789,
                        9.74555
                    ],
                    [
                        76.284802,
                        9.745302
                    ],
                    [
                        76.284844,
                        9.745077
                    ],
                    [
                        76.284905,
                        9.744883
                    ],
                    [
                        76.285022,
                        9.744614
                    ],
                    [
                        76.285121,
                        9.74401
                    ],
                    [
                        76.285142,
                        9.743676
                    ],
                    [
                        76.285221,
                        9.743241
                    ],
                    [
                        76.285438,
                        9.742762
                    ],
                    [
                        76.2855,
                        9.742516
                    ],
                    [
                        76.285724,
                        9.7413
                    ],
                    [
                        76.285754,
                        9.740859
                    ],
                    [
                        76.285729,
                        9.740489
                    ],
                    [
                        76.285693,
                        9.739802
                    ],
                    [
                        76.285724,
                        9.739619
                    ],
                    [
                        76.285931,
                        9.738415
                    ],
                    [
                        76.28602,
                        9.737993
                    ],
                    [
                        76.286127,
                        9.73762
                    ],
                    [
                        76.286178,
                        9.737364
                    ],
                    [
                        76.286173,
                        9.736904
                    ],
                    [
                        76.286175,
                        9.736693
                    ],
                    [
                        76.286172,
                        9.736249
                    ],
                    [
                        76.286149,
                        9.736022
                    ],
                    [
                        76.286017,
                        9.735587
                    ],
                    [
                        76.286072,
                        9.735441
                    ],
                    [
                        76.286185,
                        9.735212
                    ],
                    [
                        76.286239,
                        9.734971
                    ],
                    [
                        76.28626,
                        9.734385
                    ],
                    [
                        76.286143,
                        9.733909
                    ],
                    [
                        76.286152,
                        9.733082
                    ],
                    [
                        76.286201,
                        9.732669
                    ],
                    [
                        76.286323,
                        9.732313
                    ],
                    [
                        76.28642,
                        9.732127
                    ],
                    [
                        76.286432,
                        9.731154
                    ],
                    [
                        76.286465,
                        9.730751
                    ],
                    [
                        76.286863,
                        9.730183
                    ],
                    [
                        76.286926,
                        9.729682
                    ],
                    [
                        76.286957,
                        9.728772
                    ],
                    [
                        76.286965,
                        9.72847
                    ],
                    [
                        76.286901,
                        9.728332
                    ],
                    [
                        76.286763,
                        9.728249
                    ],
                    [
                        76.286613,
                        9.728089
                    ],
                    [
                        76.28658,
                        9.727936
                    ],
                    [
                        76.286667,
                        9.727466
                    ],
                    [
                        76.286695,
                        9.727124
                    ],
                    [
                        76.286692,
                        9.726022
                    ],
                    [
                        76.286786,
                        9.725473
                    ],
                    [
                        76.286967,
                        9.724759
                    ],
                    [
                        76.287035,
                        9.724432
                    ],
                    [
                        76.287125,
                        9.723192
                    ],
                    [
                        76.287169,
                        9.722949
                    ],
                    [
                        76.287344,
                        9.721621
                    ],
                    [
                        76.287366,
                        9.720704
                    ],
                    [
                        76.287562,
                        9.71902
                    ],
                    [
                        76.287671,
                        9.71758
                    ],
                    [
                        76.287722,
                        9.717276
                    ],
                    [
                        76.287714,
                        9.717025
                    ],
                    [
                        76.287737,
                        9.716858
                    ],
                    [
                        76.287788,
                        9.71672
                    ],
                    [
                        76.287823,
                        9.716406
                    ],
                    [
                        76.287871,
                        9.71613
                    ],
                    [
                        76.287931,
                        9.715938
                    ],
                    [
                        76.288023,
                        9.715149
                    ],
                    [
                        76.288008,
                        9.714729
                    ],
                    [
                        76.28808,
                        9.71394
                    ],
                    [
                        76.28796,
                        9.713413
                    ],
                    [
                        76.28805,
                        9.712842
                    ],
                    [
                        76.288005,
                        9.712312
                    ],
                    [
                        76.288002,
                        9.711634
                    ],
                    [
                        76.288046,
                        9.71124
                    ],
                    [
                        76.288059,
                        9.710796
                    ],
                    [
                        76.288107,
                        9.710572
                    ],
                    [
                        76.28827,
                        9.710349
                    ],
                    [
                        76.288366,
                        9.71009
                    ],
                    [
                        76.288419,
                        9.709945
                    ],
                    [
                        76.28857,
                        9.709743
                    ],
                    [
                        76.288639,
                        9.709565
                    ],
                    [
                        76.288763,
                        9.708688
                    ],
                    [
                        76.288855,
                        9.708213
                    ],
                    [
                        76.288965,
                        9.707324
                    ],
                    [
                        76.289085,
                        9.706525
                    ],
                    [
                        76.289038,
                        9.706313
                    ],
                    [
                        76.289036,
                        9.705821
                    ],
                    [
                        76.289103,
                        9.705187
                    ],
                    [
                        76.2892,
                        9.704517
                    ],
                    [
                        76.289192,
                        9.703974
                    ],
                    [
                        76.289259,
                        9.703385
                    ],
                    [
                        76.289331,
                        9.703061
                    ],
                    [
                        76.289506,
                        9.702439
                    ],
                    [
                        76.289647,
                        9.701717
                    ],
                    [
                        76.289638,
                        9.701212
                    ],
                    [
                        76.289668,
                        9.700985
                    ],
                    [
                        76.28973,
                        9.700575
                    ],
                    [
                        76.289777,
                        9.700008
                    ],
                    [
                        76.289772,
                        9.699219
                    ],
                    [
                        76.289938,
                        9.698227
                    ],
                    [
                        76.290322,
                        9.695141
                    ],
                    [
                        76.290321,
                        9.694872
                    ],
                    [
                        76.290288,
                        9.694695
                    ],
                    [
                        76.290318,
                        9.694093
                    ],
                    [
                        76.29046,
                        9.693029
                    ],
                    [
                        76.290641,
                        9.692118
                    ],
                    [
                        76.290685,
                        9.691723
                    ],
                    [
                        76.290693,
                        9.691398
                    ],
                    [
                        76.290744,
                        9.690784
                    ],
                    [
                        76.290892,
                        9.689359
                    ],
                    [
                        76.290924,
                        9.688419
                    ],
                    [
                        76.290988,
                        9.68794
                    ],
                    [
                        76.29095,
                        9.687353
                    ],
                    [
                        76.290945,
                        9.686888
                    ],
                    [
                        76.290974,
                        9.686314
                    ],
                    [
                        76.291042,
                        9.685939
                    ],
                    [
                        76.291153,
                        9.68549
                    ],
                    [
                        76.291236,
                        9.685355
                    ],
                    [
                        76.291542,
                        9.684965
                    ],
                    [
                        76.291677,
                        9.684685
                    ],
                    [
                        76.291744,
                        9.684405
                    ],
                    [
                        76.291737,
                        9.684326
                    ],
                    [
                        76.291825,
                        9.683879
                    ],
                    [
                        76.291965,
                        9.683301
                    ],
                    [
                        76.292176,
                        9.682545
                    ],
                    [
                        76.292266,
                        9.682195
                    ],
                    [
                        76.29233,
                        9.681223
                    ],
                    [
                        76.29233,
                        9.680935
                    ],
                    [
                        76.292375,
                        9.680465
                    ],
                    [
                        76.292546,
                        9.679798
                    ],
                    [
                        76.292962,
                        9.678179
                    ],
                    [
                        76.293106,
                        9.677621
                    ],
                    [
                        76.293106,
                        9.67753
                    ],
                    [
                        76.29354,
                        9.675912
                    ],
                    [
                        76.293627,
                        9.675396
                    ],
                    [
                        76.293711,
                        9.67504
                    ],
                    [
                        76.293914,
                        9.674753
                    ],
                    [
                        76.294117,
                        9.674391
                    ],
                    [
                        76.294225,
                        9.674128
                    ],
                    [
                        76.294253,
                        9.674023
                    ],
                    [
                        76.294381,
                        9.673546
                    ],
                    [
                        76.29445,
                        9.673138
                    ],
                    [
                        76.294473,
                        9.672889
                    ],
                    [
                        76.2947,
                        9.672036
                    ],
                    [
                        76.294784,
                        9.671306
                    ],
                    [
                        76.29478,
                        9.671207
                    ],
                    [
                        76.294744,
                        9.670429
                    ],
                    [
                        76.294811,
                        9.670011
                    ],
                    [
                        76.295056,
                        9.669377
                    ],
                    [
                        76.295157,
                        9.669194
                    ],
                    [
                        76.295335,
                        9.668974
                    ],
                    [
                        76.29558,
                        9.668848
                    ],
                    [
                        76.295795,
                        9.668714
                    ],
                    [
                        76.295898,
                        9.668606
                    ],
                    [
                        76.295911,
                        9.668573
                    ],
                    [
                        76.296006,
                        9.668256
                    ],
                    [
                        76.296013,
                        9.66792
                    ],
                    [
                        76.29603,
                        9.667769
                    ],
                    [
                        76.296116,
                        9.667478
                    ],
                    [
                        76.296192,
                        9.66732
                    ],
                    [
                        76.296546,
                        9.667153
                    ],
                    [
                        76.296731,
                        9.667024
                    ],
                    [
                        76.296989,
                        9.666784
                    ],
                    [
                        76.297093,
                        9.666655
                    ],
                    [
                        76.297173,
                        9.666486
                    ],
                    [
                        76.297357,
                        9.665778
                    ],
                    [
                        76.29739,
                        9.665675
                    ],
                    [
                        76.297542,
                        9.665605
                    ],
                    [
                        76.298064,
                        9.66542
                    ],
                    [
                        76.298239,
                        9.665311
                    ],
                    [
                        76.29835,
                        9.665215
                    ],
                    [
                        76.298697,
                        9.664964
                    ],
                    [
                        76.298931,
                        9.664705
                    ],
                    [
                        76.298965,
                        9.664534
                    ],
                    [
                        76.299013,
                        9.664387
                    ],
                    [
                        76.299054,
                        9.664344
                    ],
                    [
                        76.299113,
                        9.664314
                    ],
                    [
                        76.29949,
                        9.664212
                    ],
                    [
                        76.299479,
                        9.663851
                    ],
                    [
                        76.299507,
                        9.663404
                    ],
                    [
                        76.299567,
                        9.663087
                    ],
                    [
                        76.299576,
                        9.662954
                    ],
                    [
                        76.29941,
                        9.662555
                    ],
                    [
                        76.299217,
                        9.662139
                    ],
                    [
                        76.299207,
                        9.662058
                    ],
                    [
                        76.299236,
                        9.661881
                    ],
                    [
                        76.29929,
                        9.66146
                    ],
                    [
                        76.299312,
                        9.66118
                    ],
                    [
                        76.299323,
                        9.660841
                    ],
                    [
                        76.299388,
                        9.660248
                    ],
                    [
                        76.299533,
                        9.659481
                    ],
                    [
                        76.299577,
                        9.658983
                    ],
                    [
                        76.299584,
                        9.658601
                    ],
                    [
                        76.299545,
                        9.658337
                    ],
                    [
                        76.299419,
                        9.657769
                    ],
                    [
                        76.299375,
                        9.657025
                    ],
                    [
                        76.29937,
                        9.656435
                    ],
                    [
                        76.299392,
                        9.654572
                    ],
                    [
                        76.299444,
                        9.653927
                    ],
                    [
                        76.29947,
                        9.65358
                    ],
                    [
                        76.29957,
                        9.652483
                    ],
                    [
                        76.299756,
                        9.651166
                    ],
                    [
                        76.29989,
                        9.65033
                    ],
                    [
                        76.300029,
                        9.649871
                    ],
                    [
                        76.30009,
                        9.649537
                    ],
                    [
                        76.300095,
                        9.649346
                    ],
                    [
                        76.300046,
                        9.649159
                    ],
                    [
                        76.300005,
                        9.649072
                    ],
                    [
                        76.299852,
                        9.648847
                    ],
                    [
                        76.299743,
                        9.648702
                    ],
                    [
                        76.299486,
                        9.64825
                    ],
                    [
                        76.298954,
                        9.646793
                    ],
                    [
                        76.29878,
                        9.646278
                    ],
                    [
                        76.298757,
                        9.64616
                    ],
                    [
                        76.298724,
                        9.645692
                    ],
                    [
                        76.298722,
                        9.645431
                    ],
                    [
                        76.298724,
                        9.645272
                    ],
                    [
                        76.298722,
                        9.645118
                    ],
                    [
                        76.298703,
                        9.644739
                    ],
                    [
                        76.298692,
                        9.644591
                    ],
                    [
                        76.298647,
                        9.644032
                    ],
                    [
                        76.298609,
                        9.643733
                    ],
                    [
                        76.298472,
                        9.643293
                    ],
                    [
                        76.298461,
                        9.642763
                    ],
                    [
                        76.298505,
                        9.64198
                    ],
                    [
                        76.298552,
                        9.64152
                    ],
                    [
                        76.29863,
                        9.64077
                    ],
                    [
                        76.298654,
                        9.640325
                    ],
                    [
                        76.298635,
                        9.639817
                    ],
                    [
                        76.298646,
                        9.639418
                    ],
                    [
                        76.298753,
                        9.638506
                    ],
                    [
                        76.29877,
                        9.638279
                    ],
                    [
                        76.298763,
                        9.63795
                    ],
                    [
                        76.298668,
                        9.637367
                    ],
                    [
                        76.298638,
                        9.637075
                    ],
                    [
                        76.298629,
                        9.636755
                    ],
                    [
                        76.298666,
                        9.636417
                    ],
                    [
                        76.299044,
                        9.63468
                    ],
                    [
                        76.299163,
                        9.634033
                    ],
                    [
                        76.299256,
                        9.633634
                    ],
                    [
                        76.299357,
                        9.633056
                    ],
                    [
                        76.299388,
                        9.632794
                    ],
                    [
                        76.299438,
                        9.632378
                    ],
                    [
                        76.299461,
                        9.632011
                    ],
                    [
                        76.299493,
                        9.631464
                    ],
                    [
                        76.299537,
                        9.630477
                    ],
                    [
                        76.299527,
                        9.629456
                    ],
                    [
                        76.299567,
                        9.629052
                    ],
                    [
                        76.299739,
                        9.627676
                    ],
                    [
                        76.299808,
                        9.627342
                    ],
                    [
                        76.299883,
                        9.627072
                    ],
                    [
                        76.300242,
                        9.626053
                    ],
                    [
                        76.30032,
                        9.625712
                    ],
                    [
                        76.300397,
                        9.625142
                    ],
                    [
                        76.300491,
                        9.624563
                    ],
                    [
                        76.30058,
                        9.624138
                    ],
                    [
                        76.30067,
                        9.623691
                    ],
                    [
                        76.300709,
                        9.623405
                    ],
                    [
                        76.300712,
                        9.623109
                    ],
                    [
                        76.30065,
                        9.622662
                    ],
                    [
                        76.300567,
                        9.622134
                    ],
                    [
                        76.300536,
                        9.622019
                    ],
                    [
                        76.300493,
                        9.621859
                    ],
                    [
                        76.300417,
                        9.621417
                    ],
                    [
                        76.300376,
                        9.620895
                    ],
                    [
                        76.300382,
                        9.620754
                    ],
                    [
                        76.300453,
                        9.620275
                    ],
                    [
                        76.30051,
                        9.620003
                    ],
                    [
                        76.30055,
                        9.619625
                    ],
                    [
                        76.300521,
                        9.619489
                    ],
                    [
                        76.300511,
                        9.619008
                    ],
                    [
                        76.300529,
                        9.618762
                    ],
                    [
                        76.300882,
                        9.617195
                    ],
                    [
                        76.300983,
                        9.616702
                    ],
                    [
                        76.301039,
                        9.616509
                    ],
                    [
                        76.301105,
                        9.616134
                    ],
                    [
                        76.301431,
                        9.614033
                    ],
                    [
                        76.301501,
                        9.613578
                    ],
                    [
                        76.301684,
                        9.612671
                    ],
                    [
                        76.301814,
                        9.611946
                    ],
                    [
                        76.301833,
                        9.611527
                    ],
                    [
                        76.301819,
                        9.611317
                    ],
                    [
                        76.301801,
                        9.610924
                    ],
                    [
                        76.301811,
                        9.610142
                    ],
                    [
                        76.301817,
                        9.609937
                    ],
                    [
                        76.301846,
                        9.609472
                    ],
                    [
                        76.301839,
                        9.608983
                    ],
                    [
                        76.301845,
                        9.608748
                    ],
                    [
                        76.301829,
                        9.608449
                    ],
                    [
                        76.301828,
                        9.60786
                    ],
                    [
                        76.301852,
                        9.607444
                    ],
                    [
                        76.301892,
                        9.606936
                    ],
                    [
                        76.301952,
                        9.606233
                    ],
                    [
                        76.302146,
                        9.605338
                    ],
                    [
                        76.302208,
                        9.605039
                    ],
                    [
                        76.302343,
                        9.604496
                    ],
                    [
                        76.302399,
                        9.604281
                    ],
                    [
                        76.302616,
                        9.603018
                    ],
                    [
                        76.302688,
                        9.60262
                    ],
                    [
                        76.302682,
                        9.602467
                    ],
                    [
                        76.302688,
                        9.602286
                    ],
                    [
                        76.302753,
                        9.601762
                    ],
                    [
                        76.302909,
                        9.600168
                    ],
                    [
                        76.30298,
                        9.599671
                    ],
                    [
                        76.303097,
                        9.598916
                    ],
                    [
                        76.303245,
                        9.59825
                    ],
                    [
                        76.303272,
                        9.598014
                    ],
                    [
                        76.303343,
                        9.597415
                    ],
                    [
                        76.303411,
                        9.596473
                    ],
                    [
                        76.303456,
                        9.59613
                    ],
                    [
                        76.303531,
                        9.595895
                    ],
                    [
                        76.303576,
                        9.595799
                    ],
                    [
                        76.30366,
                        9.595656
                    ],
                    [
                        76.30387,
                        9.595322
                    ],
                    [
                        76.304078,
                        9.595105
                    ],
                    [
                        76.304193,
                        9.594813
                    ],
                    [
                        76.304229,
                        9.594669
                    ],
                    [
                        76.304346,
                        9.594323
                    ],
                    [
                        76.304412,
                        9.593976
                    ],
                    [
                        76.304475,
                        9.593787
                    ],
                    [
                        76.304482,
                        9.593498
                    ],
                    [
                        76.304531,
                        9.592873
                    ],
                    [
                        76.304585,
                        9.592135
                    ],
                    [
                        76.304652,
                        9.591307
                    ],
                    [
                        76.304715,
                        9.590896
                    ],
                    [
                        76.304815,
                        9.59042
                    ],
                    [
                        76.304866,
                        9.589746
                    ],
                    [
                        76.304908,
                        9.58942
                    ],
                    [
                        76.304943,
                        9.589006
                    ],
                    [
                        76.304999,
                        9.588782
                    ],
                    [
                        76.305068,
                        9.588663
                    ],
                    [
                        76.305284,
                        9.588268
                    ],
                    [
                        76.305358,
                        9.588113
                    ],
                    [
                        76.305395,
                        9.587918
                    ],
                    [
                        76.305465,
                        9.586995
                    ],
                    [
                        76.305545,
                        9.586396
                    ],
                    [
                        76.305635,
                        9.585872
                    ],
                    [
                        76.305687,
                        9.585471
                    ],
                    [
                        76.305727,
                        9.584985
                    ],
                    [
                        76.305877,
                        9.584322
                    ],
                    [
                        76.305961,
                        9.583971
                    ],
                    [
                        76.306031,
                        9.583673
                    ],
                    [
                        76.306025,
                        9.583037
                    ],
                    [
                        76.306146,
                        9.582669
                    ],
                    [
                        76.306214,
                        9.582392
                    ],
                    [
                        76.306237,
                        9.582259
                    ],
                    [
                        76.306225,
                        9.582163
                    ],
                    [
                        76.306175,
                        9.582068
                    ],
                    [
                        76.306124,
                        9.582055
                    ],
                    [
                        76.305999,
                        9.582019
                    ],
                    [
                        76.305907,
                        9.581994
                    ],
                    [
                        76.305779,
                        9.581876
                    ],
                    [
                        76.305626,
                        9.581668
                    ],
                    [
                        76.305602,
                        9.581574
                    ],
                    [
                        76.305599,
                        9.581467
                    ],
                    [
                        76.30563,
                        9.581234
                    ],
                    [
                        76.30568,
                        9.581013
                    ],
                    [
                        76.305865,
                        9.580348
                    ],
                    [
                        76.306126,
                        9.579483
                    ],
                    [
                        76.306503,
                        9.577754
                    ],
                    [
                        76.306524,
                        9.577678
                    ],
                    [
                        76.306651,
                        9.577248
                    ],
                    [
                        76.306863,
                        9.576208
                    ],
                    [
                        76.306915,
                        9.575669
                    ],
                    [
                        76.306968,
                        9.575115
                    ],
                    [
                        76.307,
                        9.57486
                    ],
                    [
                        76.307104,
                        9.574493
                    ],
                    [
                        76.307185,
                        9.574312
                    ],
                    [
                        76.307288,
                        9.574183
                    ],
                    [
                        76.307463,
                        9.574002
                    ],
                    [
                        76.307587,
                        9.573824
                    ],
                    [
                        76.307635,
                        9.573608
                    ],
                    [
                        76.307689,
                        9.573337
                    ],
                    [
                        76.30777,
                        9.572839
                    ],
                    [
                        76.307962,
                        9.572081
                    ],
                    [
                        76.308252,
                        9.571043
                    ],
                    [
                        76.308275,
                        9.570806
                    ],
                    [
                        76.308459,
                        9.569945
                    ],
                    [
                        76.308538,
                        9.569648
                    ],
                    [
                        76.308599,
                        9.569314
                    ],
                    [
                        76.308659,
                        9.568682
                    ],
                    [
                        76.308688,
                        9.568025
                    ],
                    [
                        76.308698,
                        9.567377
                    ],
                    [
                        76.308713,
                        9.567112
                    ],
                    [
                        76.308711,
                        9.566605
                    ],
                    [
                        76.308739,
                        9.566386
                    ],
                    [
                        76.308805,
                        9.566156
                    ],
                    [
                        76.308833,
                        9.566057
                    ],
                    [
                        76.309025,
                        9.565633
                    ],
                    [
                        76.309069,
                        9.565408
                    ],
                    [
                        76.309105,
                        9.565094
                    ],
                    [
                        76.309116,
                        9.56473
                    ],
                    [
                        76.30913,
                        9.56444
                    ],
                    [
                        76.309147,
                        9.564214
                    ],
                    [
                        76.309156,
                        9.564136
                    ],
                    [
                        76.309232,
                        9.563449
                    ],
                    [
                        76.309303,
                        9.562895
                    ],
                    [
                        76.309387,
                        9.562416
                    ],
                    [
                        76.309417,
                        9.562257
                    ],
                    [
                        76.309431,
                        9.562184
                    ],
                    [
                        76.309583,
                        9.561459
                    ],
                    [
                        76.309823,
                        9.560403
                    ],
                    [
                        76.309934,
                        9.560053
                    ],
                    [
                        76.310049,
                        9.559794
                    ],
                    [
                        76.310182,
                        9.559571
                    ],
                    [
                        76.310295,
                        9.559245
                    ],
                    [
                        76.310355,
                        9.55902
                    ],
                    [
                        76.310342,
                        9.558762
                    ],
                    [
                        76.310304,
                        9.558499
                    ],
                    [
                        76.310302,
                        9.558348
                    ],
                    [
                        76.310308,
                        9.558254
                    ],
                    [
                        76.310415,
                        9.55789
                    ],
                    [
                        76.310559,
                        9.557346
                    ],
                    [
                        76.310616,
                        9.557164
                    ],
                    [
                        76.310738,
                        9.556672
                    ],
                    [
                        76.31077,
                        9.556338
                    ],
                    [
                        76.310784,
                        9.555784
                    ],
                    [
                        76.310771,
                        9.555593
                    ],
                    [
                        76.310792,
                        9.55534
                    ],
                    [
                        76.310918,
                        9.554731
                    ],
                    [
                        76.311353,
                        9.552414
                    ],
                    [
                        76.311427,
                        9.552139
                    ],
                    [
                        76.311522,
                        9.551872
                    ],
                    [
                        76.311673,
                        9.551332
                    ],
                    [
                        76.311898,
                        9.550471
                    ],
                    [
                        76.311982,
                        9.550174
                    ],
                    [
                        76.31201,
                        9.549963
                    ],
                    [
                        76.312006,
                        9.549788
                    ],
                    [
                        76.311833,
                        9.548854
                    ],
                    [
                        76.311842,
                        9.548535
                    ],
                    [
                        76.31191,
                        9.54815
                    ],
                    [
                        76.312003,
                        9.547768
                    ],
                    [
                        76.312046,
                        9.547337
                    ],
                    [
                        76.312051,
                        9.547032
                    ],
                    [
                        76.312131,
                        9.546609
                    ],
                    [
                        76.312311,
                        9.545646
                    ],
                    [
                        76.312499,
                        9.544882
                    ],
                    [
                        76.312563,
                        9.54469
                    ],
                    [
                        76.312621,
                        9.544368
                    ],
                    [
                        76.312669,
                        9.543877
                    ],
                    [
                        76.312709,
                        9.542946
                    ],
                    [
                        76.312715,
                        9.542754
                    ],
                    [
                        76.312745,
                        9.542504
                    ],
                    [
                        76.312776,
                        9.542364
                    ],
                    [
                        76.312875,
                        9.541897
                    ],
                    [
                        76.31295,
                        9.541683
                    ],
                    [
                        76.31304,
                        9.541364
                    ],
                    [
                        76.313228,
                        9.540959
                    ],
                    [
                        76.313329,
                        9.540784
                    ],
                    [
                        76.313697,
                        9.540253
                    ],
                    [
                        76.313764,
                        9.540125
                    ],
                    [
                        76.313865,
                        9.539499
                    ],
                    [
                        76.314075,
                        9.538718
                    ],
                    [
                        76.314215,
                        9.538287
                    ],
                    [
                        76.314281,
                        9.538157
                    ],
                    [
                        76.314309,
                        9.538102
                    ],
                    [
                        76.314388,
                        9.538015
                    ],
                    [
                        76.314523,
                        9.53791
                    ],
                    [
                        76.314625,
                        9.537788
                    ],
                    [
                        76.314661,
                        9.537608
                    ],
                    [
                        76.314771,
                        9.537225
                    ],
                    [
                        76.314948,
                        9.536778
                    ],
                    [
                        76.315155,
                        9.536432
                    ],
                    [
                        76.315212,
                        9.536225
                    ],
                    [
                        76.315277,
                        9.535584
                    ],
                    [
                        76.315339,
                        9.5352
                    ],
                    [
                        76.315504,
                        9.534684
                    ],
                    [
                        76.315591,
                        9.534279
                    ],
                    [
                        76.315643,
                        9.53385
                    ],
                    [
                        76.3157,
                        9.533559
                    ],
                    [
                        76.315733,
                        9.533321
                    ],
                    [
                        76.315772,
                        9.533182
                    ],
                    [
                        76.315848,
                        9.532789
                    ],
                    [
                        76.31596,
                        9.532379
                    ],
                    [
                        76.316002,
                        9.532004
                    ],
                    [
                        76.316022,
                        9.531502
                    ],
                    [
                        76.316059,
                        9.531062
                    ],
                    [
                        76.316153,
                        9.530196
                    ],
                    [
                        76.316152,
                        9.530156
                    ],
                    [
                        76.316267,
                        9.529135
                    ],
                    [
                        76.316277,
                        9.529039
                    ],
                    [
                        76.316498,
                        9.52793
                    ],
                    [
                        76.316642,
                        9.527204
                    ],
                    [
                        76.316658,
                        9.526896
                    ],
                    [
                        76.316706,
                        9.526523
                    ],
                    [
                        76.316764,
                        9.5263
                    ],
                    [
                        76.316854,
                        9.525865
                    ],
                    [
                        76.317123,
                        9.525261
                    ],
                    [
                        76.317197,
                        9.525041
                    ],
                    [
                        76.317281,
                        9.524571
                    ],
                    [
                        76.317496,
                        9.523655
                    ],
                    [
                        76.317574,
                        9.523349
                    ],
                    [
                        76.317784,
                        9.522348
                    ],
                    [
                        76.317899,
                        9.521872
                    ],
                    [
                        76.317981,
                        9.52161
                    ],
                    [
                        76.318089,
                        9.521386
                    ],
                    [
                        76.318417,
                        9.520943
                    ],
                    [
                        76.318556,
                        9.520678
                    ],
                    [
                        76.3186,
                        9.520486
                    ],
                    [
                        76.318633,
                        9.520229
                    ],
                    [
                        76.318642,
                        9.520173
                    ],
                    [
                        76.31872,
                        9.519604
                    ],
                    [
                        76.318796,
                        9.519335
                    ],
                    [
                        76.318934,
                        9.518884
                    ],
                    [
                        76.319004,
                        9.518668
                    ],
                    [
                        76.319035,
                        9.518437
                    ],
                    [
                        76.319023,
                        9.518292
                    ],
                    [
                        76.318936,
                        9.517785
                    ],
                    [
                        76.318951,
                        9.517508
                    ],
                    [
                        76.318952,
                        9.516942
                    ],
                    [
                        76.319062,
                        9.516116
                    ],
                    [
                        76.319095,
                        9.515687
                    ],
                    [
                        76.319186,
                        9.514962
                    ],
                    [
                        76.319318,
                        9.514278
                    ],
                    [
                        76.319483,
                        9.513475
                    ],
                    [
                        76.319506,
                        9.513356
                    ],
                    [
                        76.319556,
                        9.513096
                    ],
                    [
                        76.319597,
                        9.51275
                    ],
                    [
                        76.319711,
                        9.512138
                    ],
                    [
                        76.31976,
                        9.511932
                    ],
                    [
                        76.319802,
                        9.511765
                    ],
                    [
                        76.319907,
                        9.511388
                    ],
                    [
                        76.320088,
                        9.510832
                    ],
                    [
                        76.320144,
                        9.510648
                    ],
                    [
                        76.320178,
                        9.510328
                    ],
                    [
                        76.320191,
                        9.510065
                    ],
                    [
                        76.320178,
                        9.510003
                    ],
                    [
                        76.320167,
                        9.50991
                    ],
                    [
                        76.320133,
                        9.509678
                    ],
                    [
                        76.320154,
                        9.509354
                    ],
                    [
                        76.320254,
                        9.508898
                    ],
                    [
                        76.320325,
                        9.508339
                    ],
                    [
                        76.320329,
                        9.50802
                    ],
                    [
                        76.320324,
                        9.507696
                    ],
                    [
                        76.320345,
                        9.507277
                    ],
                    [
                        76.320426,
                        9.5065
                    ],
                    [
                        76.320509,
                        9.506129
                    ],
                    [
                        76.320768,
                        9.505125
                    ],
                    [
                        76.320886,
                        9.504479
                    ],
                    [
                        76.320945,
                        9.504158
                    ],
                    [
                        76.321035,
                        9.503846
                    ],
                    [
                        76.321047,
                        9.50379
                    ],
                    [
                        76.32109,
                        9.503519
                    ],
                    [
                        76.321095,
                        9.503483
                    ],
                    [
                        76.321145,
                        9.503176
                    ],
                    [
                        76.321253,
                        9.502606
                    ],
                    [
                        76.321403,
                        9.501758
                    ],
                    [
                        76.32149,
                        9.501057
                    ],
                    [
                        76.321701,
                        9.500146
                    ],
                    [
                        76.32314,
                        9.50013
                    ],
                    [
                        76.323668,
                        9.500129
                    ],
                    [
                        76.32543,
                        9.50012
                    ],
                    [
                        76.327139,
                        9.500118
                    ],
                    [
                        76.328602,
                        9.500131
                    ],
                    [
                        76.32941,
                        9.500112
                    ],
                    [
                        76.330652,
                        9.5001
                    ],
                    [
                        76.330727,
                        9.5001
                    ],
                    [
                        76.330918,
                        9.500092
                    ],
                    [
                        76.331046,
                        9.500097
                    ],
                    [
                        76.332375,
                        9.500062
                    ],
                    [
                        76.332786,
                        9.500094
                    ],
                    [
                        76.334003,
                        9.50026
                    ],
                    [
                        76.335842,
                        9.500547
                    ],
                    [
                        76.336547,
                        9.500602
                    ],
                    [
                        76.33758,
                        9.500682
                    ],
                    [
                        76.338136,
                        9.500766
                    ],
                    [
                        76.338672,
                        9.500828
                    ],
                    [
                        76.339379,
                        9.500859
                    ],
                    [
                        76.340657,
                        9.500918
                    ],
                    [
                        76.34192,
                        9.501003
                    ],
                    [
                        76.34194,
                        9.500926
                    ],
                    [
                        76.341984,
                        9.500716
                    ],
                    [
                        76.342052,
                        9.500639
                    ],
                    [
                        76.342139,
                        9.500634
                    ],
                    [
                        76.342664,
                        9.500602
                    ],
                    [
                        76.342763,
                        9.500569
                    ],
                    [
                        76.343066,
                        9.500596
                    ],
                    [
                        76.343604,
                        9.500617
                    ],
                    [
                        76.344082,
                        9.50064
                    ],
                    [
                        76.344535,
                        9.500706
                    ],
                    [
                        76.3447,
                        9.500744
                    ],
                    [
                        76.344848,
                        9.500754
                    ],
                    [
                        76.345219,
                        9.500776
                    ],
                    [
                        76.345822,
                        9.500841
                    ],
                    [
                        76.346003,
                        9.500804
                    ],
                    [
                        76.346387,
                        9.500694
                    ],
                    [
                        76.346604,
                        9.500596
                    ],
                    [
                        76.34678,
                        9.500517
                    ],
                    [
                        76.347151,
                        9.500361
                    ],
                    [
                        76.347917,
                        9.500105
                    ],
                    [
                        76.348317,
                        9.499992
                    ],
                    [
                        76.348413,
                        9.49997
                    ],
                    [
                        76.348383,
                        9.499861
                    ],
                    [
                        76.348288,
                        9.499717
                    ],
                    [
                        76.348315,
                        9.49969
                    ],
                    [
                        76.348272,
                        9.499563
                    ],
                    [
                        76.348214,
                        9.499549
                    ],
                    [
                        76.347047,
                        9.499884
                    ]
                ],
                "type": "LineString"
            }
        }
    ],
    "metadata": {
        "attribution": "openrouteservice.org | OpenStreetMap contributors",
        "service": "routing",
        "timestamp": 1756625934019,
        "query": {
            "coordinates": [
                [
                    76.278355,
                    9.972701
                ],
                [
                    76.346937,
                    9.499852
                ]
            ],
            "profile": "driving-car",
            "profileName": "driving-car",
            "format": "geojson"
        },
        "engine": {
            "version": "9.3.0",
            "build_date": "2025-06-06T15:39:25Z",
            "graph_date": "2025-08-24T11:22:16Z",
            "osm_date": "2025-08-18T00:00:00Z"
        }
    }
}