{
    "type": "FeatureCollection",
    "bbox": [
        73.737684,
        15.378296,
        73.908206,
        15.58631
    ],
    "features": [
        {
            "bbox": [
                73.737684,
                15.378296,
                73.908206,
                15.58631
            ],
            "type": "Feature",
            "properties": {
                "segments": [
                    {
                        "distance": 46108.7,
                        "duration": 3266.2,
                        "steps": [
                            {
                                "distance": 416.6,
                                "duration": 42.0,
                                "type": 11,
                                "instruction": "Head northeast",
                                "name": "-",
                                "way_points": [
                                    0,
                                    14
                                ]
                            },
                            {
                                "distance": 1815.6,
                                "duration": 129.3,
                                "type": 5,
                                "instruction": "Turn slight right onto Anjuna Main Road",
                                "name": "Anjuna Main Road",
                                "way_points": [
                                    14,
                                    50
                                ]
                            },
                            {
                                "distance": 95.4,
                                "duration": 13.7,
                                "type": 1,
                                "instruction": "Turn right",
                                "name": "-",
                                "way_points": [
                                    50,
                                    52
                                ]
                            },
                            {
                                "distance": 103.7,
                                "duration": 14.9,
                                "type": 0,
                                "instruction": "Turn left",
                                "name": "-",
                                "way_points": [
                                    52,
                                    54
                                ]
                            },
                            {
                                "distance": 2793.3,
                                "duration": 167.6,
                                "type": 1,
                                "instruction": "Turn right onto Aguada - Siolim Road, MDR10",
                                "name": "Aguada - Siolim Road, MDR10",
                                "way_points": [
                                    54,
                                    97
                                ]
                            },
                            {
                                "distance": 1396.7,
                                "duration": 110.6,
                                "type": 2,
                                "instruction": "Turn sharp left",
                                "name": "-",
                                "way_points": [
                                    97,
                                    115
                                ]
                            },
                            {
                                "distance": 1823.1,
                                "duration": 131.0,
                                "type": 7,
                                "instruction": "Enter the roundabout and take the 3rd exit",
                                "name": "-",
                                "exit_number": 3,
                                "way_points": [
                                    115,
                                    143
                                ]
                            },
                            {
                                "distance": 721.9,
                                "duration": 52.3,
                                "type": 1,
                                "instruction": "Turn right onto Betim Veren Saligao Road, MDR9",
                                "name": "Betim Veren Saligao Road, MDR9",
                                "way_points": [
                                    143,
                                    156
                                ]
                            },
                            {
                                "distance": 4654.4,
                                "duration": 278.2,
                                "type": 0,
                                "instruction": "Turn left onto Chogm Road",
                                "name": "Chogm Road",
                                "way_points": [
                                    156,
                                    228
                                ]
                            },
                            {
                                "distance": 1956.7,
                                "duration": 156.5,
                                "type": 13,
                                "instruction": "Keep right onto NH66",
                                "name": "NH66",
                                "way_points": [
                                    228,
                                    263
                                ]
                            },
                            {
                                "distance": 3383.8,
                                "duration": 228.7,
                                "type": 1,
                                "instruction": "Turn right onto NH66",
                                "name": "NH66",
                                "way_points": [
                                    263,
                                    306
                                ]
                            },
                            {
                                "distance": 20.7,
                                "duration": 0.9,
                                "type": 13,
                                "instruction": "Keep right onto NH748",
                                "name": "NH748",
                                "way_points": [
                                    306,
                                    308
                                ]
                            },
                            {
                                "distance": 5050.6,
                                "duration": 267.2,
                                "type": 0,
                                "instruction": "Turn left onto NH66",
                                "name": "NH66",
                                "way_points": [
                                    308,
                                    368
                                ]
                            },
                            {
                                "distance": 9.6,
                                "duration": 3.4,
                                "type": 0,
                                "instruction": "Turn left",
                                "name": "-",
                                "way_points": [
                                    368,
                                    369
                                ]
                            },
                            {
                                "distance": 8606.2,
                                "duration": 483.5,
                                "type": 1,
                                "instruction": "Turn right",
                                "name": "-",
                                "way_points": [
                                    369,
                                    480
                                ]
                            },
                            {
                                "distance": 749.7,
                                "duration": 53.4,
                                "type": 12,
                                "instruction": "Keep left",
                                "name": "-",
                                "way_points": [
                                    480,
                                    497
                                ]
                            },
                            {
                                "distance": 5571.5,
                                "duration": 236.0,
                                "type": 12,
                                "instruction": "Keep left onto NH366",
                                "name": "NH366",
                                "way_points": [
                                    497,
                                    584
                                ]
                            },
                            {
                                "distance": 1956.3,
                                "duration": 140.8,
                                "type": 12,
                                "instruction": "Keep left",
                                "name": "-",
                                "way_points": [
                                    584,
                                    646
                                ]
                            },
                            {
                                "distance": 901.6,
                                "duration": 84.7,
                                "type": 0,
                                "instruction": "Turn left",
                                "name": "-",
                                "way_points": [
                                    646,
                                    676
                                ]
                            },
                            {
                                "distance": 14.4,
                                "duration": 0.9,
                                "type": 0,
                                "instruction": "Turn left onto NH566",
                                "name": "NH566",
                                "way_points": [
                                    676,
                                    680
                                ]
                            },
                            {
                                "distance": 728.2,
                                "duration": 58.3,
                                "type": 0,
                                "instruction": "Turn left onto NH566",
                                "name": "NH566",
                                "way_points": [
                                    680,
                                    694
                                ]
                            },
                            {
                                "distance": 97.3,
                                "duration": 23.3,
                                "type": 0,
                                "instruction": "Turn left",
                                "name": "-",
                                "way_points": [
                                    694,
                                    696
                                ]
                            },
                            {
                                "distance": 1360.8,
                                "duration": 244.9,
                                "type": 0,
                                "instruction": "Turn left",
                                "name": "-",
                                "way_points": [
                                    696,
                                    722
                                ]
                            },
                            {
                                "distance": 695.5,
                                "duration": 125.2,
                                "type": 13,
                                "instruction": "Keep right",
                                "name": "-",
                                "way_points": [
                                    722,
                                    729
                                ]
                            },
                            {
                                "distance": 91.5,
                                "duration": 22.0,
                                "type": 12,
                                "instruction": "Keep left",
                                "name": "-",
                                "way_points": [
                                    729,
                                    731
                                ]
                            },
                            {
                                "distance": 791.0,
                                "duration": 142.4,
                                "type": 0,
                                "instruction": "Turn left",
                                "name": "-",
                                "way_points": [
                                    731,
                                    744
                                ]
                            },
                            {
                                "distance": 302.5,
                                "duration": 54.5,
                                "type": 1,
                                "instruction": "Turn right",
                                "name": "-",
                                "way_points": [
                                    744,
                                    748
                                ]
                            },
                            {
                                "distance": 0.0,
                                "duration": 0.0,
                                "type": 10,
                                "instruction": "Arrive at your destination, on the left",
                                "name": "-",
                                "way_points": [
                                    748,
                                    748
                                ]
                            }
                        ]
                    }
                ],
                "way_points": [
                    0,
                    748
                ],
                "summary": {
                    "distance": 46108.7,
                    "duration": 3266.2
                }
            },
            "geometry": {
                "coordinates": [
                    [
                        73.737684,
                        15.584418
                    ],
                    [
                        73.737764,
                        15.584496
                    ],
                    [
                        73.738988,
                        15.584887
                    ],
                    [
                        73.739058,
                        15.584912
                    ],
                    [
                        73.739218,
                        15.585012
                    ],
                    [
                        73.739738,
                        15.585188
                    ],
                    [
                        73.739977,
                        15.585216
                    ],
                    [
                        73.740101,
                        15.585219
                    ],
                    [
                        73.740374,
                        15.585206
                    ],
                    [
                        73.740441,
                        15.585203
                    ],
                    [
                        73.740647,
                        15.585207
                    ],
                    [
                        73.740845,
                        15.585198
                    ],
                    [
                        73.741068,
                        15.585191
                    ],
                    [
                        73.741252,
                        15.585209
                    ],
                    [
                        73.741395,
                        15.585257
                    ],
                    [
                        73.741494,
                        15.585263
                    ],
                    [
                        73.741652,
                        15.585303
                    ],
                    [
                        73.741885,
                        15.585345
                    ],
                    [
                        73.742433,
                        15.585464
                    ],
                    [
                        73.742537,
                        15.585486
                    ],
                    [
                        73.743448,
                        15.585674
                    ],
                    [
                        73.743949,
                        15.585778
                    ],
                    [
                        73.744444,
                        15.585665
                    ],
                    [
                        73.744634,
                        15.585565
                    ],
                    [
                        73.744849,
                        15.585451
                    ],
                    [
                        73.746081,
                        15.584803
                    ],
                    [
                        73.746514,
                        15.584482
                    ],
                    [
                        73.747175,
                        15.584369
                    ],
                    [
                        73.747364,
                        15.58432
                    ],
                    [
                        73.747744,
                        15.584171
                    ],
                    [
                        73.748148,
                        15.58403
                    ],
                    [
                        73.748407,
                        15.58397
                    ],
                    [
                        73.748898,
                        15.583912
                    ],
                    [
                        73.748992,
                        15.583901
                    ],
                    [
                        73.750152,
                        15.584072
                    ],
                    [
                        73.751124,
                        15.584119
                    ],
                    [
                        73.751649,
                        15.584159
                    ],
                    [
                        73.752271,
                        15.58421
                    ],
                    [
                        73.752753,
                        15.584305
                    ],
                    [
                        73.752824,
                        15.584319
                    ],
                    [
                        73.75313,
                        15.584496
                    ],
                    [
                        73.753409,
                        15.584697
                    ],
                    [
                        73.753667,
                        15.584777
                    ],
                    [
                        73.753804,
                        15.584907
                    ],
                    [
                        73.754211,
                        15.585293
                    ],
                    [
                        73.75438,
                        15.585425
                    ],
                    [
                        73.755702,
                        15.586064
                    ],
                    [
                        73.756032,
                        15.586197
                    ],
                    [
                        73.75622,
                        15.586229
                    ],
                    [
                        73.757135,
                        15.586287
                    ],
                    [
                        73.757224,
                        15.58631
                    ],
                    [
                        73.757304,
                        15.586094
                    ],
                    [
                        73.757365,
                        15.585468
                    ],
                    [
                        73.757446,
                        15.585432
                    ],
                    [
                        73.758307,
                        15.585261
                    ],
                    [
                        73.758149,
                        15.584702
                    ],
                    [
                        73.758125,
                        15.584442
                    ],
                    [
                        73.758203,
                        15.583913
                    ],
                    [
                        73.758207,
                        15.583884
                    ],
                    [
                        73.758307,
                        15.583252
                    ],
                    [
                        73.758384,
                        15.582773
                    ],
                    [
                        73.758491,
                        15.582103
                    ],
                    [
                        73.758532,
                        15.581873
                    ],
                    [
                        73.758583,
                        15.581436
                    ],
                    [
                        73.758611,
                        15.581288
                    ],
                    [
                        73.758629,
                        15.58108
                    ],
                    [
                        73.758653,
                        15.580945
                    ],
                    [
                        73.758709,
                        15.580662
                    ],
                    [
                        73.758783,
                        15.58029
                    ],
                    [
                        73.759056,
                        15.579329
                    ],
                    [
                        73.759204,
                        15.579036
                    ],
                    [
                        73.75926,
                        15.578941
                    ],
                    [
                        73.759686,
                        15.578402
                    ],
                    [
                        73.760037,
                        15.578039
                    ],
                    [
                        73.760866,
                        15.577184
                    ],
                    [
                        73.760995,
                        15.577043
                    ],
                    [
                        73.761115,
                        15.576943
                    ],
                    [
                        73.761358,
                        15.576798
                    ],
                    [
                        73.761639,
                        15.576632
                    ],
                    [
                        73.761822,
                        15.576538
                    ],
                    [
                        73.762219,
                        15.576359
                    ],
                    [
                        73.763258,
                        15.575834
                    ],
                    [
                        73.763491,
                        15.575716
                    ],
                    [
                        73.763771,
                        15.575497
                    ],
                    [
                        73.764418,
                        15.574989
                    ],
                    [
                        73.765162,
                        15.574593
                    ],
                    [
                        73.765219,
                        15.574554
                    ],
                    [
                        73.765247,
                        15.574489
                    ],
                    [
                        73.765209,
                        15.573894
                    ],
                    [
                        73.765081,
                        15.57215
                    ],
                    [
                        73.765123,
                        15.571663
                    ],
                    [
                        73.76516,
                        15.571159
                    ],
                    [
                        73.764894,
                        15.567281
                    ],
                    [
                        73.764884,
                        15.566133
                    ],
                    [
                        73.764846,
                        15.564836
                    ],
                    [
                        73.764782,
                        15.564061
                    ],
                    [
                        73.764669,
                        15.563564
                    ],
                    [
                        73.764608,
                        15.56327
                    ],
                    [
                        73.765176,
                        15.56339
                    ],
                    [
                        73.765352,
                        15.563394
                    ],
                    [
                        73.766063,
                        15.563294
                    ],
                    [
                        73.766605,
                        15.563062
                    ],
                    [
                        73.766932,
                        15.562848
                    ],
                    [
                        73.768298,
                        15.56195
                    ],
                    [
                        73.769088,
                        15.561518
                    ],
                    [
                        73.769152,
                        15.561484
                    ],
                    [
                        73.769473,
                        15.561371
                    ],
                    [
                        73.771376,
                        15.560815
                    ],
                    [
                        73.772593,
                        15.560411
                    ],
                    [
                        73.773168,
                        15.560205
                    ],
                    [
                        73.77335,
                        15.560134
                    ],
                    [
                        73.774175,
                        15.559759
                    ],
                    [
                        73.774473,
                        15.559606
                    ],
                    [
                        73.774894,
                        15.559158
                    ],
                    [
                        73.775944,
                        15.558226
                    ],
                    [
                        73.776112,
                        15.55811
                    ],
                    [
                        73.776138,
                        15.558115
                    ],
                    [
                        73.776189,
                        15.558097
                    ],
                    [
                        73.776216,
                        15.558026
                    ],
                    [
                        73.776206,
                        15.558002
                    ],
                    [
                        73.776165,
                        15.557968
                    ],
                    [
                        73.776414,
                        15.557397
                    ],
                    [
                        73.776693,
                        15.556739
                    ],
                    [
                        73.776812,
                        15.556456
                    ],
                    [
                        73.776959,
                        15.55624
                    ],
                    [
                        73.778101,
                        15.554918
                    ],
                    [
                        73.778317,
                        15.554733
                    ],
                    [
                        73.779743,
                        15.55352
                    ],
                    [
                        73.779877,
                        15.553403
                    ],
                    [
                        73.780585,
                        15.552901
                    ],
                    [
                        73.781595,
                        15.5522
                    ],
                    [
                        73.781782,
                        15.552018
                    ],
                    [
                        73.782558,
                        15.551941
                    ],
                    [
                        73.782946,
                        15.5518
                    ],
                    [
                        73.783204,
                        15.551725
                    ],
                    [
                        73.783991,
                        15.551812
                    ],
                    [
                        73.785826,
                        15.551864
                    ],
                    [
                        73.785949,
                        15.552024
                    ],
                    [
                        73.786002,
                        15.552669
                    ],
                    [
                        73.786058,
                        15.552789
                    ],
                    [
                        73.786176,
                        15.552853
                    ],
                    [
                        73.787007,
                        15.552933
                    ],
                    [
                        73.787484,
                        15.552881
                    ],
                    [
                        73.789181,
                        15.552698
                    ],
                    [
                        73.78899,
                        15.551364
                    ],
                    [
                        73.788943,
                        15.551034
                    ],
                    [
                        73.78892,
                        15.55072
                    ],
                    [
                        73.788917,
                        15.550281
                    ],
                    [
                        73.788929,
                        15.550117
                    ],
                    [
                        73.788963,
                        15.549889
                    ],
                    [
                        73.789005,
                        15.549518
                    ],
                    [
                        73.789037,
                        15.548915
                    ],
                    [
                        73.789102,
                        15.547833
                    ],
                    [
                        73.789131,
                        15.547343
                    ],
                    [
                        73.789123,
                        15.546499
                    ],
                    [
                        73.789165,
                        15.546439
                    ],
                    [
                        73.789174,
                        15.546242
                    ],
                    [
                        73.789349,
                        15.546215
                    ],
                    [
                        73.789404,
                        15.546174
                    ],
                    [
                        73.790441,
                        15.546071
                    ],
                    [
                        73.790718,
                        15.546057
                    ],
                    [
                        73.792592,
                        15.546145
                    ],
                    [
                        73.793184,
                        15.546173
                    ],
                    [
                        73.793336,
                        15.54618
                    ],
                    [
                        73.795007,
                        15.546258
                    ],
                    [
                        73.795635,
                        15.546276
                    ],
                    [
                        73.796802,
                        15.546121
                    ],
                    [
                        73.796949,
                        15.546112
                    ],
                    [
                        73.797452,
                        15.546164
                    ],
                    [
                        73.797728,
                        15.546191
                    ],
                    [
                        73.798569,
                        15.546285
                    ],
                    [
                        73.799181,
                        15.546363
                    ],
                    [
                        73.799866,
                        15.546507
                    ],
                    [
                        73.80016,
                        15.546557
                    ],
                    [
                        73.800527,
                        15.54652
                    ],
                    [
                        73.802683,
                        15.546131
                    ],
                    [
                        73.803815,
                        15.545924
                    ],
                    [
                        73.805326,
                        15.545342
                    ],
                    [
                        73.80563,
                        15.545202
                    ],
                    [
                        73.806094,
                        15.544705
                    ],
                    [
                        73.807266,
                        15.544133
                    ],
                    [
                        73.808121,
                        15.543663
                    ],
                    [
                        73.808609,
                        15.543441
                    ],
                    [
                        73.809532,
                        15.543472
                    ],
                    [
                        73.809704,
                        15.543431
                    ],
                    [
                        73.809961,
                        15.54326
                    ],
                    [
                        73.81075,
                        15.543065
                    ],
                    [
                        73.810966,
                        15.54306
                    ],
                    [
                        73.811069,
                        15.5431
                    ],
                    [
                        73.811296,
                        15.543191
                    ],
                    [
                        73.811682,
                        15.543344
                    ],
                    [
                        73.813078,
                        15.54346
                    ],
                    [
                        73.813382,
                        15.543485
                    ],
                    [
                        73.813738,
                        15.543514
                    ],
                    [
                        73.814888,
                        15.543609
                    ],
                    [
                        73.815222,
                        15.543637
                    ],
                    [
                        73.81534,
                        15.54357
                    ],
                    [
                        73.815901,
                        15.543103
                    ],
                    [
                        73.816464,
                        15.541957
                    ],
                    [
                        73.816628,
                        15.540949
                    ],
                    [
                        73.816681,
                        15.540813
                    ],
                    [
                        73.816832,
                        15.540036
                    ],
                    [
                        73.816935,
                        15.539842
                    ],
                    [
                        73.817137,
                        15.539589
                    ],
                    [
                        73.817309,
                        15.539421
                    ],
                    [
                        73.817529,
                        15.539173
                    ],
                    [
                        73.818111,
                        15.538553
                    ],
                    [
                        73.818616,
                        15.538035
                    ],
                    [
                        73.819437,
                        15.537148
                    ],
                    [
                        73.81995,
                        15.53657
                    ],
                    [
                        73.820117,
                        15.536369
                    ],
                    [
                        73.820319,
                        15.536034
                    ],
                    [
                        73.8206,
                        15.53557
                    ],
                    [
                        73.820849,
                        15.53521
                    ],
                    [
                        73.821103,
                        15.534818
                    ],
                    [
                        73.821289,
                        15.5346
                    ],
                    [
                        73.821393,
                        15.534479
                    ],
                    [
                        73.82207,
                        15.533822
                    ],
                    [
                        73.822197,
                        15.533699
                    ],
                    [
                        73.822625,
                        15.533284
                    ],
                    [
                        73.822739,
                        15.533194
                    ],
                    [
                        73.823424,
                        15.532572
                    ],
                    [
                        73.823485,
                        15.532518
                    ],
                    [
                        73.824019,
                        15.532002
                    ],
                    [
                        73.824489,
                        15.53152
                    ],
                    [
                        73.824553,
                        15.531479
                    ],
                    [
                        73.824716,
                        15.531421
                    ],
                    [
                        73.824812,
                        15.531387
                    ],
                    [
                        73.824874,
                        15.531335
                    ],
                    [
                        73.824956,
                        15.531047
                    ],
                    [
                        73.825373,
                        15.529806
                    ],
                    [
                        73.825829,
                        15.528448
                    ],
                    [
                        73.825964,
                        15.528043
                    ],
                    [
                        73.826396,
                        15.526758
                    ],
                    [
                        73.826555,
                        15.52637
                    ],
                    [
                        73.826708,
                        15.525999
                    ],
                    [
                        73.826806,
                        15.525761
                    ],
                    [
                        73.827249,
                        15.525092
                    ],
                    [
                        73.827363,
                        15.525062
                    ],
                    [
                        73.82748,
                        15.52508
                    ],
                    [
                        73.827929,
                        15.525208
                    ],
                    [
                        73.828072,
                        15.525218
                    ],
                    [
                        73.828243,
                        15.525178
                    ],
                    [
                        73.82829,
                        15.525117
                    ],
                    [
                        73.828379,
                        15.524765
                    ],
                    [
                        73.828498,
                        15.524282
                    ],
                    [
                        73.828832,
                        15.522932
                    ],
                    [
                        73.829113,
                        15.521782
                    ],
                    [
                        73.82933,
                        15.521014
                    ],
                    [
                        73.829428,
                        15.520599
                    ],
                    [
                        73.829727,
                        15.519442
                    ],
                    [
                        73.829946,
                        15.518836
                    ],
                    [
                        73.830169,
                        15.518425
                    ],
                    [
                        73.830298,
                        15.518275
                    ],
                    [
                        73.830687,
                        15.518019
                    ],
                    [
                        73.83092,
                        15.517921
                    ],
                    [
                        73.831277,
                        15.51782
                    ],
                    [
                        73.831694,
                        15.517659
                    ],
                    [
                        73.831931,
                        15.517596
                    ],
                    [
                        73.832081,
                        15.517575
                    ],
                    [
                        73.832297,
                        15.517574
                    ],
                    [
                        73.832443,
                        15.51758
                    ],
                    [
                        73.832712,
                        15.517554
                    ],
                    [
                        73.83295,
                        15.517494
                    ],
                    [
                        73.832915,
                        15.517322
                    ],
                    [
                        73.832937,
                        15.517208
                    ],
                    [
                        73.833106,
                        15.517161
                    ],
                    [
                        73.833388,
                        15.517058
                    ],
                    [
                        73.833718,
                        15.516889
                    ],
                    [
                        73.83394,
                        15.516664
                    ],
                    [
                        73.834321,
                        15.516182
                    ],
                    [
                        73.834739,
                        15.515626
                    ],
                    [
                        73.834986,
                        15.515246
                    ],
                    [
                        73.835082,
                        15.515026
                    ],
                    [
                        73.835237,
                        15.51456
                    ],
                    [
                        73.835285,
                        15.514275
                    ],
                    [
                        73.835313,
                        15.513957
                    ],
                    [
                        73.835313,
                        15.51367
                    ],
                    [
                        73.835295,
                        15.513385
                    ],
                    [
                        73.835198,
                        15.512999
                    ],
                    [
                        73.835,
                        15.512396
                    ],
                    [
                        73.834935,
                        15.511923
                    ],
                    [
                        73.834975,
                        15.511522
                    ],
                    [
                        73.835085,
                        15.511147
                    ],
                    [
                        73.835553,
                        15.510128
                    ],
                    [
                        73.835798,
                        15.509516
                    ],
                    [
                        73.835971,
                        15.508938
                    ],
                    [
                        73.83633,
                        15.50748
                    ],
                    [
                        73.836458,
                        15.506875
                    ],
                    [
                        73.836548,
                        15.506238
                    ],
                    [
                        73.836756,
                        15.504429
                    ],
                    [
                        73.837279,
                        15.49898
                    ],
                    [
                        73.837439,
                        15.497062
                    ],
                    [
                        73.837559,
                        15.496525
                    ],
                    [
                        73.837749,
                        15.496093
                    ],
                    [
                        73.837899,
                        15.495837
                    ],
                    [
                        73.838105,
                        15.495579
                    ],
                    [
                        73.838348,
                        15.49534
                    ],
                    [
                        73.838845,
                        15.494986
                    ],
                    [
                        73.839381,
                        15.494633
                    ],
                    [
                        73.841501,
                        15.49322
                    ],
                    [
                        73.842479,
                        15.492541
                    ],
                    [
                        73.842777,
                        15.492252
                    ],
                    [
                        73.843349,
                        15.491871
                    ],
                    [
                        73.843918,
                        15.49151
                    ],
                    [
                        73.843967,
                        15.491514
                    ],
                    [
                        73.844055,
                        15.491475
                    ],
                    [
                        73.844097,
                        15.491391
                    ],
                    [
                        73.844075,
                        15.491301
                    ],
                    [
                        73.844991,
                        15.490123
                    ],
                    [
                        73.845334,
                        15.489514
                    ],
                    [
                        73.845516,
                        15.489079
                    ],
                    [
                        73.845699,
                        15.488563
                    ],
                    [
                        73.846871,
                        15.484799
                    ],
                    [
                        73.847722,
                        15.481961
                    ],
                    [
                        73.848622,
                        15.478889
                    ],
                    [
                        73.848741,
                        15.478496
                    ],
                    [
                        73.849427,
                        15.476362
                    ],
                    [
                        73.849567,
                        15.475829
                    ],
                    [
                        73.849996,
                        15.474568
                    ],
                    [
                        73.850157,
                        15.473953
                    ],
                    [
                        73.850318,
                        15.473167
                    ],
                    [
                        73.850451,
                        15.472038
                    ],
                    [
                        73.850492,
                        15.47165
                    ],
                    [
                        73.850876,
                        15.469506
                    ],
                    [
                        73.850977,
                        15.469088
                    ],
                    [
                        73.851047,
                        15.468829
                    ],
                    [
                        73.851118,
                        15.468447
                    ],
                    [
                        73.851111,
                        15.468306
                    ],
                    [
                        73.851131,
                        15.467509
                    ],
                    [
                        73.851203,
                        15.467203
                    ],
                    [
                        73.851644,
                        15.46638
                    ],
                    [
                        73.852268,
                        15.46533
                    ],
                    [
                        73.852437,
                        15.465118
                    ],
                    [
                        73.852618,
                        15.464973
                    ],
                    [
                        73.852802,
                        15.464868
                    ],
                    [
                        73.853005,
                        15.464786
                    ],
                    [
                        73.85326,
                        15.464745
                    ],
                    [
                        73.853503,
                        15.464735
                    ],
                    [
                        73.854743,
                        15.464781
                    ],
                    [
                        73.856409,
                        15.464821
                    ],
                    [
                        73.856872,
                        15.464839
                    ],
                    [
                        73.857231,
                        15.464872
                    ],
                    [
                        73.857505,
                        15.464922
                    ],
                    [
                        73.857913,
                        15.465013
                    ],
                    [
                        73.858319,
                        15.465143
                    ],
                    [
                        73.860054,
                        15.465883
                    ],
                    [
                        73.861393,
                        15.466462
                    ],
                    [
                        73.86201,
                        15.466691
                    ],
                    [
                        73.862289,
                        15.466763
                    ],
                    [
                        73.862586,
                        15.46679
                    ],
                    [
                        73.863,
                        15.466781
                    ],
                    [
                        73.863375,
                        15.466731
                    ],
                    [
                        73.86367,
                        15.466656
                    ],
                    [
                        73.863948,
                        15.466551
                    ],
                    [
                        73.864462,
                        15.466262
                    ],
                    [
                        73.864626,
                        15.46612
                    ],
                    [
                        73.865016,
                        15.465728
                    ],
                    [
                        73.865251,
                        15.46543
                    ],
                    [
                        73.86549,
                        15.465089
                    ],
                    [
                        73.866061,
                        15.464185
                    ],
                    [
                        73.866142,
                        15.464033
                    ],
                    [
                        73.866248,
                        15.463759
                    ],
                    [
                        73.866349,
                        15.463403
                    ],
                    [
                        73.866433,
                        15.463018
                    ],
                    [
                        73.866474,
                        15.462791
                    ],
                    [
                        73.866511,
                        15.462343
                    ],
                    [
                        73.866511,
                        15.461975
                    ],
                    [
                        73.866452,
                        15.461258
                    ],
                    [
                        73.866541,
                        15.461263
                    ],
                    [
                        73.866336,
                        15.459726
                    ],
                    [
                        73.866318,
                        15.459269
                    ],
                    [
                        73.86631,
                        15.457745
                    ],
                    [
                        73.866296,
                        15.457489
                    ],
                    [
                        73.866195,
                        15.45682
                    ],
                    [
                        73.866068,
                        15.456304
                    ],
                    [
                        73.865918,
                        15.455799
                    ],
                    [
                        73.865783,
                        15.455431
                    ],
                    [
                        73.865292,
                        15.454416
                    ],
                    [
                        73.865192,
                        15.454204
                    ],
                    [
                        73.865135,
                        15.454085
                    ],
                    [
                        73.864893,
                        15.453575
                    ],
                    [
                        73.864597,
                        15.453024
                    ],
                    [
                        73.864444,
                        15.452788
                    ],
                    [
                        73.864227,
                        15.452502
                    ],
                    [
                        73.863924,
                        15.452178
                    ],
                    [
                        73.863441,
                        15.451709
                    ],
                    [
                        73.863159,
                        15.451431
                    ],
                    [
                        73.862936,
                        15.45114
                    ],
                    [
                        73.862773,
                        15.45084
                    ],
                    [
                        73.862605,
                        15.45037
                    ],
                    [
                        73.862525,
                        15.450129
                    ],
                    [
                        73.862438,
                        15.450055
                    ],
                    [
                        73.862354,
                        15.449781
                    ],
                    [
                        73.862324,
                        15.449627
                    ],
                    [
                        73.862306,
                        15.449548
                    ],
                    [
                        73.862299,
                        15.449388
                    ],
                    [
                        73.862329,
                        15.449249
                    ],
                    [
                        73.862527,
                        15.448681
                    ],
                    [
                        73.862562,
                        15.44846
                    ],
                    [
                        73.862538,
                        15.448277
                    ],
                    [
                        73.862503,
                        15.448171
                    ],
                    [
                        73.862438,
                        15.448039
                    ],
                    [
                        73.862114,
                        15.447506
                    ],
                    [
                        73.861992,
                        15.447168
                    ],
                    [
                        73.861961,
                        15.44697
                    ],
                    [
                        73.861972,
                        15.446662
                    ],
                    [
                        73.862028,
                        15.446389
                    ],
                    [
                        73.862125,
                        15.446147
                    ],
                    [
                        73.862208,
                        15.446001
                    ],
                    [
                        73.862467,
                        15.445728
                    ],
                    [
                        73.862713,
                        15.445558
                    ],
                    [
                        73.863353,
                        15.445186
                    ],
                    [
                        73.863978,
                        15.444849
                    ],
                    [
                        73.864615,
                        15.444587
                    ],
                    [
                        73.865051,
                        15.444439
                    ],
                    [
                        73.868567,
                        15.443403
                    ],
                    [
                        73.870986,
                        15.442659
                    ],
                    [
                        73.874352,
                        15.441588
                    ],
                    [
                        73.874744,
                        15.441478
                    ],
                    [
                        73.875868,
                        15.441088
                    ],
                    [
                        73.876854,
                        15.440686
                    ],
                    [
                        73.877746,
                        15.440261
                    ],
                    [
                        73.878591,
                        15.439793
                    ],
                    [
                        73.879202,
                        15.439436
                    ],
                    [
                        73.880045,
                        15.438891
                    ],
                    [
                        73.880828,
                        15.438254
                    ],
                    [
                        73.881217,
                        15.437911
                    ],
                    [
                        73.881319,
                        15.437794
                    ],
                    [
                        73.88144,
                        15.437685
                    ],
                    [
                        73.881869,
                        15.437299
                    ],
                    [
                        73.883771,
                        15.435585
                    ],
                    [
                        73.883895,
                        15.435475
                    ],
                    [
                        73.88401,
                        15.435375
                    ],
                    [
                        73.884276,
                        15.435139
                    ],
                    [
                        73.884898,
                        15.434597
                    ],
                    [
                        73.885491,
                        15.434102
                    ],
                    [
                        73.886434,
                        15.433247
                    ],
                    [
                        73.886776,
                        15.432965
                    ],
                    [
                        73.887229,
                        15.432674
                    ],
                    [
                        73.887705,
                        15.432302
                    ],
                    [
                        73.888019,
                        15.432029
                    ],
                    [
                        73.889086,
                        15.431012
                    ],
                    [
                        73.890427,
                        15.429791
                    ],
                    [
                        73.891473,
                        15.428816
                    ],
                    [
                        73.89191,
                        15.42839
                    ],
                    [
                        73.892517,
                        15.427857
                    ],
                    [
                        73.893569,
                        15.42698
                    ],
                    [
                        73.894035,
                        15.426606
                    ],
                    [
                        73.894898,
                        15.425931
                    ],
                    [
                        73.89604,
                        15.425051
                    ],
                    [
                        73.896637,
                        15.424657
                    ],
                    [
                        73.896988,
                        15.424457
                    ],
                    [
                        73.897542,
                        15.424202
                    ],
                    [
                        73.898014,
                        15.424007
                    ],
                    [
                        73.899215,
                        15.423601
                    ],
                    [
                        73.899693,
                        15.423401
                    ],
                    [
                        73.900047,
                        15.423233
                    ],
                    [
                        73.900334,
                        15.423048
                    ],
                    [
                        73.900624,
                        15.422812
                    ],
                    [
                        73.900856,
                        15.422557
                    ],
                    [
                        73.90108,
                        15.422243
                    ],
                    [
                        73.901231,
                        15.421975
                    ],
                    [
                        73.901582,
                        15.421232
                    ],
                    [
                        73.901851,
                        15.420725
                    ],
                    [
                        73.902061,
                        15.420404
                    ],
                    [
                        73.902281,
                        15.420143
                    ],
                    [
                        73.902812,
                        15.419584
                    ],
                    [
                        73.90375,
                        15.41874
                    ],
                    [
                        73.904756,
                        15.417936
                    ],
                    [
                        73.904997,
                        15.417691
                    ],
                    [
                        73.905206,
                        15.41745
                    ],
                    [
                        73.905488,
                        15.417039
                    ],
                    [
                        73.905834,
                        15.416487
                    ],
                    [
                        73.905977,
                        15.416241
                    ],
                    [
                        73.906096,
                        15.415925
                    ],
                    [
                        73.906209,
                        15.415562
                    ],
                    [
                        73.906288,
                        15.415162
                    ],
                    [
                        73.906369,
                        15.414392
                    ],
                    [
                        73.906186,
                        15.408597
                    ],
                    [
                        73.906119,
                        15.408346
                    ],
                    [
                        73.906124,
                        15.407901
                    ],
                    [
                        73.906172,
                        15.407446
                    ],
                    [
                        73.906349,
                        15.406903
                    ],
                    [
                        73.906617,
                        15.406412
                    ],
                    [
                        73.907162,
                        15.405605
                    ],
                    [
                        73.907449,
                        15.405135
                    ],
                    [
                        73.907603,
                        15.404828
                    ],
                    [
                        73.907825,
                        15.404291
                    ],
                    [
                        73.907997,
                        15.403716
                    ],
                    [
                        73.908174,
                        15.402606
                    ],
                    [
                        73.908206,
                        15.402506
                    ],
                    [
                        73.908179,
                        15.402404
                    ],
                    [
                        73.908137,
                        15.402357
                    ],
                    [
                        73.908081,
                        15.402325
                    ],
                    [
                        73.908018,
                        15.402312
                    ],
                    [
                        73.907953,
                        15.40232
                    ],
                    [
                        73.90786,
                        15.402379
                    ],
                    [
                        73.907335,
                        15.402282
                    ],
                    [
                        73.906723,
                        15.402191
                    ],
                    [
                        73.906307,
                        15.402149
                    ],
                    [
                        73.905801,
                        15.401958
                    ],
                    [
                        73.905575,
                        15.40189
                    ],
                    [
                        73.905336,
                        15.401862
                    ],
                    [
                        73.900206,
                        15.401808
                    ],
                    [
                        73.899948,
                        15.401816
                    ],
                    [
                        73.899716,
                        15.401886
                    ],
                    [
                        73.899408,
                        15.402026
                    ],
                    [
                        73.898804,
                        15.402382
                    ],
                    [
                        73.898102,
                        15.402874
                    ],
                    [
                        73.897778,
                        15.403062
                    ],
                    [
                        73.897256,
                        15.403198
                    ],
                    [
                        73.896519,
                        15.403227
                    ],
                    [
                        73.894934,
                        15.403302
                    ],
                    [
                        73.893526,
                        15.403421
                    ],
                    [
                        73.893067,
                        15.403435
                    ],
                    [
                        73.893007,
                        15.403434
                    ],
                    [
                        73.892746,
                        15.40338
                    ],
                    [
                        73.891688,
                        15.403047
                    ],
                    [
                        73.891489,
                        15.402968
                    ],
                    [
                        73.891342,
                        15.402874
                    ],
                    [
                        73.891084,
                        15.4026
                    ],
                    [
                        73.890702,
                        15.402036
                    ],
                    [
                        73.890395,
                        15.40163
                    ],
                    [
                        73.890199,
                        15.401463
                    ],
                    [
                        73.889967,
                        15.401356
                    ],
                    [
                        73.889301,
                        15.401173
                    ],
                    [
                        73.888852,
                        15.401057
                    ],
                    [
                        73.888814,
                        15.401047
                    ],
                    [
                        73.888128,
                        15.400846
                    ],
                    [
                        73.887671,
                        15.400666
                    ],
                    [
                        73.8866,
                        15.400156
                    ],
                    [
                        73.885581,
                        15.399719
                    ],
                    [
                        73.883726,
                        15.399083
                    ],
                    [
                        73.883386,
                        15.398916
                    ],
                    [
                        73.882991,
                        15.398692
                    ],
                    [
                        73.882442,
                        15.398233
                    ],
                    [
                        73.882034,
                        15.397956
                    ],
                    [
                        73.88175,
                        15.397808
                    ],
                    [
                        73.881459,
                        15.397742
                    ],
                    [
                        73.880424,
                        15.397622
                    ],
                    [
                        73.880075,
                        15.397565
                    ],
                    [
                        73.879813,
                        15.397502
                    ],
                    [
                        73.878775,
                        15.39709
                    ],
                    [
                        73.87788,
                        15.396797
                    ],
                    [
                        73.876913,
                        15.396693
                    ],
                    [
                        73.876584,
                        15.396636
                    ],
                    [
                        73.876175,
                        15.39652
                    ],
                    [
                        73.874722,
                        15.395994
                    ],
                    [
                        73.874183,
                        15.395852
                    ],
                    [
                        73.873821,
                        15.395783
                    ],
                    [
                        73.873599,
                        15.395761
                    ],
                    [
                        73.87323,
                        15.395764
                    ],
                    [
                        73.872224,
                        15.39583
                    ],
                    [
                        73.871953,
                        15.395865
                    ],
                    [
                        73.871545,
                        15.395994
                    ],
                    [
                        73.871349,
                        15.396073
                    ],
                    [
                        73.871114,
                        15.396216
                    ],
                    [
                        73.871022,
                        15.396277
                    ],
                    [
                        73.870797,
                        15.396532
                    ],
                    [
                        73.870601,
                        15.396828
                    ],
                    [
                        73.87049,
                        15.397077
                    ],
                    [
                        73.870434,
                        15.397266
                    ],
                    [
                        73.870437,
                        15.397477
                    ],
                    [
                        73.870173,
                        15.398837
                    ],
                    [
                        73.870094,
                        15.399445
                    ],
                    [
                        73.870059,
                        15.399587
                    ],
                    [
                        73.869964,
                        15.399766
                    ],
                    [
                        73.869761,
                        15.400087
                    ],
                    [
                        73.86969,
                        15.400178
                    ],
                    [
                        73.869503,
                        15.400415
                    ],
                    [
                        73.869242,
                        15.400704
                    ],
                    [
                        73.868922,
                        15.400969
                    ],
                    [
                        73.86855,
                        15.401195
                    ],
                    [
                        73.868249,
                        15.401328
                    ],
                    [
                        73.867488,
                        15.401539
                    ],
                    [
                        73.867178,
                        15.401639
                    ],
                    [
                        73.866741,
                        15.401806
                    ],
                    [
                        73.866597,
                        15.401838
                    ],
                    [
                        73.866411,
                        15.401853
                    ],
                    [
                        73.865973,
                        15.401838
                    ],
                    [
                        73.864713,
                        15.40168
                    ],
                    [
                        73.863553,
                        15.401501
                    ],
                    [
                        73.863031,
                        15.40128
                    ],
                    [
                        73.862245,
                        15.400849
                    ],
                    [
                        73.862,
                        15.400451
                    ],
                    [
                        73.861672,
                        15.400105
                    ],
                    [
                        73.861389,
                        15.399428
                    ],
                    [
                        73.860916,
                        15.398669
                    ],
                    [
                        73.860631,
                        15.397223
                    ],
                    [
                        73.860604,
                        15.397003
                    ],
                    [
                        73.860592,
                        15.396787
                    ],
                    [
                        73.860645,
                        15.396594
                    ],
                    [
                        73.860762,
                        15.396415
                    ],
                    [
                        73.861022,
                        15.396092
                    ],
                    [
                        73.861046,
                        15.396043
                    ],
                    [
                        73.861049,
                        15.395992
                    ],
                    [
                        73.860989,
                        15.395872
                    ],
                    [
                        73.860789,
                        15.395727
                    ],
                    [
                        73.86071,
                        15.395631
                    ],
                    [
                        73.860625,
                        15.395487
                    ],
                    [
                        73.860559,
                        15.395229
                    ],
                    [
                        73.860576,
                        15.395123
                    ],
                    [
                        73.860619,
                        15.395037
                    ],
                    [
                        73.860736,
                        15.394925
                    ],
                    [
                        73.861448,
                        15.394511
                    ],
                    [
                        73.86152,
                        15.394441
                    ],
                    [
                        73.861537,
                        15.394393
                    ],
                    [
                        73.861543,
                        15.394328
                    ],
                    [
                        73.861517,
                        15.394236
                    ],
                    [
                        73.861417,
                        15.394166
                    ],
                    [
                        73.860929,
                        15.394009
                    ],
                    [
                        73.860805,
                        15.393877
                    ],
                    [
                        73.860694,
                        15.39365
                    ],
                    [
                        73.860646,
                        15.39348
                    ],
                    [
                        73.860693,
                        15.393255
                    ],
                    [
                        73.860872,
                        15.392922
                    ],
                    [
                        73.8609,
                        15.392758
                    ],
                    [
                        73.860808,
                        15.392647
                    ],
                    [
                        73.860696,
                        15.392586
                    ],
                    [
                        73.860487,
                        15.392524
                    ],
                    [
                        73.860273,
                        15.392417
                    ],
                    [
                        73.85923,
                        15.39182
                    ],
                    [
                        73.859046,
                        15.391701
                    ],
                    [
                        73.858982,
                        15.391629
                    ],
                    [
                        73.858889,
                        15.391396
                    ],
                    [
                        73.85896,
                        15.390963
                    ],
                    [
                        73.858934,
                        15.390862
                    ],
                    [
                        73.858862,
                        15.390776
                    ],
                    [
                        73.858733,
                        15.390677
                    ],
                    [
                        73.858565,
                        15.390377
                    ],
                    [
                        73.858266,
                        15.389935
                    ],
                    [
                        73.858215,
                        15.389902
                    ],
                    [
                        73.858135,
                        15.389868
                    ],
                    [
                        73.85807,
                        15.389883
                    ],
                    [
                        73.857938,
                        15.390003
                    ],
                    [
                        73.857902,
                        15.39006
                    ],
                    [
                        73.857816,
                        15.39014
                    ],
                    [
                        73.857698,
                        15.390193
                    ],
                    [
                        73.857337,
                        15.390292
                    ],
                    [
                        73.856908,
                        15.390276
                    ],
                    [
                        73.85675,
                        15.390252
                    ],
                    [
                        73.855878,
                        15.390168
                    ],
                    [
                        73.855188,
                        15.39018
                    ],
                    [
                        73.854893,
                        15.390218
                    ],
                    [
                        73.854713,
                        15.390213
                    ],
                    [
                        73.854603,
                        15.390184
                    ],
                    [
                        73.854614,
                        15.390126
                    ],
                    [
                        73.85459,
                        15.390092
                    ],
                    [
                        73.854531,
                        15.390081
                    ],
                    [
                        73.854497,
                        15.390102
                    ],
                    [
                        73.853866,
                        15.39014
                    ],
                    [
                        73.853189,
                        15.390123
                    ],
                    [
                        73.852945,
                        15.390131
                    ],
                    [
                        73.852753,
                        15.390158
                    ],
                    [
                        73.852542,
                        15.390212
                    ],
                    [
                        73.852314,
                        15.390296
                    ],
                    [
                        73.852187,
                        15.390345
                    ],
                    [
                        73.85192,
                        15.39048
                    ],
                    [
                        73.851407,
                        15.390769
                    ],
                    [
                        73.851079,
                        15.390924
                    ],
                    [
                        73.850922,
                        15.390982
                    ],
                    [
                        73.850744,
                        15.391021
                    ],
                    [
                        73.850513,
                        15.391064
                    ],
                    [
                        73.850321,
                        15.391081
                    ],
                    [
                        73.850136,
                        15.391075
                    ],
                    [
                        73.849707,
                        15.391
                    ],
                    [
                        73.849541,
                        15.390938
                    ],
                    [
                        73.849354,
                        15.390848
                    ],
                    [
                        73.849201,
                        15.390739
                    ],
                    [
                        73.848996,
                        15.390564
                    ],
                    [
                        73.848931,
                        15.390484
                    ],
                    [
                        73.848662,
                        15.390131
                    ],
                    [
                        73.848344,
                        15.389664
                    ],
                    [
                        73.84807,
                        15.389247
                    ],
                    [
                        73.847844,
                        15.388905
                    ],
                    [
                        73.847691,
                        15.388684
                    ],
                    [
                        73.847694,
                        15.388671
                    ],
                    [
                        73.847689,
                        15.38864
                    ],
                    [
                        73.847655,
                        15.388605
                    ],
                    [
                        73.847618,
                        15.388597
                    ],
                    [
                        73.847501,
                        15.388415
                    ],
                    [
                        73.847276,
                        15.388066
                    ],
                    [
                        73.846909,
                        15.387545
                    ],
                    [
                        73.846776,
                        15.387369
                    ],
                    [
                        73.846511,
                        15.387088
                    ],
                    [
                        73.846279,
                        15.386902
                    ],
                    [
                        73.846002,
                        15.386708
                    ],
                    [
                        73.845748,
                        15.386565
                    ],
                    [
                        73.845436,
                        15.386428
                    ],
                    [
                        73.84507,
                        15.38631
                    ],
                    [
                        73.844699,
                        15.38623
                    ],
                    [
                        73.844204,
                        15.386166
                    ],
                    [
                        73.842218,
                        15.385962
                    ],
                    [
                        73.841891,
                        15.385941
                    ],
                    [
                        73.842029,
                        15.385165
                    ],
                    [
                        73.842015,
                        15.385079
                    ],
                    [
                        73.842078,
                        15.385055
                    ],
                    [
                        73.842405,
                        15.385297
                    ],
                    [
                        73.84255,
                        15.385354
                    ],
                    [
                        73.842892,
                        15.385443
                    ],
                    [
                        73.84312,
                        15.385487
                    ],
                    [
                        73.843489,
                        15.385523
                    ],
                    [
                        73.844904,
                        15.38558
                    ],
                    [
                        73.845082,
                        15.385603
                    ],
                    [
                        73.846426,
                        15.385981
                    ],
                    [
                        73.847526,
                        15.386251
                    ],
                    [
                        73.847708,
                        15.386281
                    ],
                    [
                        73.847818,
                        15.386298
                    ],
                    [
                        73.847932,
                        15.386293
                    ],
                    [
                        73.848052,
                        15.386263
                    ],
                    [
                        73.848194,
                        15.386186
                    ],
                    [
                        73.84865,
                        15.385894
                    ],
                    [
                        73.849257,
                        15.385532
                    ],
                    [
                        73.84988,
                        15.385187
                    ],
                    [
                        73.850366,
                        15.384834
                    ],
                    [
                        73.850585,
                        15.384593
                    ],
                    [
                        73.850807,
                        15.384073
                    ],
                    [
                        73.850918,
                        15.383658
                    ],
                    [
                        73.850915,
                        15.383153
                    ],
                    [
                        73.850878,
                        15.382977
                    ],
                    [
                        73.850662,
                        15.38274
                    ],
                    [
                        73.849659,
                        15.381965
                    ],
                    [
                        73.848773,
                        15.381263
                    ],
                    [
                        73.848512,
                        15.381118
                    ],
                    [
                        73.848311,
                        15.381079
                    ],
                    [
                        73.847809,
                        15.381094
                    ],
                    [
                        73.844904,
                        15.381263
                    ],
                    [
                        73.843607,
                        15.38138
                    ],
                    [
                        73.843488,
                        15.381379
                    ],
                    [
                        73.843255,
                        15.381373
                    ],
                    [
                        73.842638,
                        15.381314
                    ],
                    [
                        73.842678,
                        15.380899
                    ],
                    [
                        73.842669,
                        15.38076
                    ],
                    [
                        73.842615,
                        15.380425
                    ],
                    [
                        73.842503,
                        15.380153
                    ],
                    [
                        73.842353,
                        15.379888
                    ],
                    [
                        73.842072,
                        15.379565
                    ],
                    [
                        73.841887,
                        15.3794
                    ],
                    [
                        73.84157,
                        15.379239
                    ],
                    [
                        73.841357,
                        15.379165
                    ],
                    [
                        73.840995,
                        15.379077
                    ],
                    [
                        73.837973,
                        15.378501
                    ],
                    [
                        73.837433,
                        15.378396
                    ],
                    [
                        73.836889,
                        15.378296
                    ],
                    [
                        73.836826,
                        15.378607
                    ],
                    [
                        73.836694,
                        15.37926
                    ],
                    [
                        73.836558,
                        15.379929
                    ],
                    [
                        73.836369,
                        15.380971
                    ]
                ],
                "type": "LineString"
            }
        }
    ],
    "metadata": {
        "attribution": "openrouteservice.org | OpenStreetMap contributors",
        "service": "routing",
        "timestamp": 1756627161379,
        "query": {
            "coordinates": [
                [
                    73.737638,
                    15.584436
                ],
                [
                    73.834478,
                    15.380709
                ]
            ],
            "profile": "driving-car",
            "profileName": "driving-car",
            "format": "geojson"
        },
        "engine": {
            "version": "9.3.0",
            "build_date": "2025-06-06T15:39:25Z",
            "graph_date": "2025-08-24T11:22:16Z",
            "osm_date": "2025-08-18T00:00:00Z"
        }
    }
}