{
    "type": "FeatureCollection",
    "bbox": [
        -3.831482,
        53.18743,
        -2.498147,
        55.953398
    ],
    "features": [
        {
            "bbox": [
                -3.831482,
                53.18743,
                -2.498147,
                55.953398
            ],
            "type": "Feature",
            "properties": {
                "segments": [
                    {
                        "distance": 456344.9,
                        "duration": 18510.7,
                        "steps": [
                            {
                                "distance": 37.7,
                                "duration": 9.0,
                                "type": 11,
                                "instruction": "Head southwest on Princes Street",
                                "name": "Princes Street",
                                "way_points": [
                                    0,
                                    2
                                ]
                            },
                            {
                                "distance": 3553.7,
                                "duration": 500.1,
                                "type": 0,
                                "instruction": "Turn left onto North Bridge, A7",
                                "name": "North Bridge, A7",
                                "way_points": [
                                    2,
                                    70
                                ]
                            },
                            {
                                "distance": 3571.3,
                                "duration": 343.5,
                                "type": 0,
                                "instruction": "Turn left onto Gilmerton Road, A772",
                                "name": "Gilmerton Road, A772",
                                "way_points": [
                                    70,
                                    148
                                ]
                            },
                            {
                                "distance": 875.4,
                                "duration": 37.1,
                                "type": 7,
                                "instruction": "Enter the roundabout and take the 1st exit onto Gilmerton Road, A772",
                                "name": "Gilmerton Road, A772",
                                "exit_number": 1,
                                "way_points": [
                                    148,
                                    163
                                ]
                            },
                            {
                                "distance": 171.6,
                                "duration": 7.3,
                                "type": 7,
                                "instruction": "Enter the roundabout and take the 2nd exit onto A772",
                                "name": "A772",
                                "exit_number": 2,
                                "way_points": [
                                    163,
                                    171
                                ]
                            },
                            {
                                "distance": 898.5,
                                "duration": 84.0,
                                "type": 7,
                                "instruction": "Enter the roundabout and take the 1st exit onto Gilmerton Road, A772",
                                "name": "Gilmerton Road, A772",
                                "exit_number": 1,
                                "way_points": [
                                    171,
                                    198
                                ]
                            },
                            {
                                "distance": 241.2,
                                "duration": 30.8,
                                "type": 7,
                                "instruction": "Enter the roundabout and take the 2nd exit onto Gilmerton Road, A772",
                                "name": "Gilmerton Road, A772",
                                "exit_number": 2,
                                "way_points": [
                                    198,
                                    208
                                ]
                            },
                            {
                                "distance": 867.2,
                                "duration": 41.3,
                                "type": 7,
                                "instruction": "Enter the roundabout and take the 3rd exit onto A7",
                                "name": "A7",
                                "exit_number": 3,
                                "way_points": [
                                    208,
                                    231
                                ]
                            },
                            {
                                "distance": 740.4,
                                "duration": 31.4,
                                "type": 7,
                                "instruction": "Enter the roundabout and take the 2nd exit onto A7",
                                "name": "A7",
                                "exit_number": 2,
                                "way_points": [
                                    231,
                                    242
                                ]
                            },
                            {
                                "distance": 804.3,
                                "duration": 40.1,
                                "type": 7,
                                "instruction": "Enter the roundabout and take the 3rd exit onto A7",
                                "name": "A7",
                                "exit_number": 3,
                                "way_points": [
                                    242,
                                    257
                                ]
                            },
                            {
                                "distance": 478.6,
                                "duration": 48.6,
                                "type": 7,
                                "instruction": "Enter the roundabout and take the 2nd exit onto A7",
                                "name": "A7",
                                "exit_number": 2,
                                "way_points": [
                                    257,
                                    272
                                ]
                            },
                            {
                                "distance": 1088.7,
                                "duration": 46.1,
                                "type": 1,
                                "instruction": "Turn right",
                                "name": "-",
                                "way_points": [
                                    272,
                                    292
                                ]
                            },
                            {
                                "distance": 10.9,
                                "duration": 3.9,
                                "type": 0,
                                "instruction": "Turn left onto B704",
                                "name": "B704",
                                "way_points": [
                                    292,
                                    293
                                ]
                            },
                            {
                                "distance": 3963.7,
                                "duration": 181.9,
                                "type": 13,
                                "instruction": "Keep right",
                                "name": "-",
                                "way_points": [
                                    293,
                                    368
                                ]
                            },
                            {
                                "distance": 1725.8,
                                "duration": 88.1,
                                "type": 12,
                                "instruction": "Keep left",
                                "name": "-",
                                "way_points": [
                                    368,
                                    412
                                ]
                            },
                            {
                                "distance": 55.1,
                                "duration": 2.3,
                                "type": 13,
                                "instruction": "Keep right",
                                "name": "-",
                                "way_points": [
                                    412,
                                    415
                                ]
                            },
                            {
                                "distance": 4480.7,
                                "duration": 189.8,
                                "type": 1,
                                "instruction": "Turn right onto B6372",
                                "name": "B6372",
                                "way_points": [
                                    415,
                                    478
                                ]
                            },
                            {
                                "distance": 5262.4,
                                "duration": 222.9,
                                "type": 12,
                                "instruction": "Keep left",
                                "name": "-",
                                "way_points": [
                                    478,
                                    546
                                ]
                            },
                            {
                                "distance": 2517.1,
                                "duration": 106.6,
                                "type": 13,
                                "instruction": "Keep right",
                                "name": "-",
                                "way_points": [
                                    546,
                                    598
                                ]
                            },
                            {
                                "distance": 27.2,
                                "duration": 1.2,
                                "type": 13,
                                "instruction": "Keep right",
                                "name": "-",
                                "way_points": [
                                    598,
                                    599
                                ]
                            },
                            {
                                "distance": 3957.0,
                                "duration": 192.4,
                                "type": 0,
                                "instruction": "Turn left onto A703",
                                "name": "A703",
                                "way_points": [
                                    599,
                                    643
                                ]
                            },
                            {
                                "distance": 149.4,
                                "duration": 38.0,
                                "type": 1,
                                "instruction": "Turn right onto Old Manse Road",
                                "name": "Old Manse Road",
                                "way_points": [
                                    643,
                                    649
                                ]
                            },
                            {
                                "distance": 670.0,
                                "duration": 50.4,
                                "type": 12,
                                "instruction": "Keep left",
                                "name": "-",
                                "way_points": [
                                    649,
                                    664
                                ]
                            },
                            {
                                "distance": 5160.2,
                                "duration": 218.5,
                                "type": 13,
                                "instruction": "Keep right",
                                "name": "-",
                                "way_points": [
                                    664,
                                    815
                                ]
                            },
                            {
                                "distance": 2034.0,
                                "duration": 86.1,
                                "type": 12,
                                "instruction": "Keep left",
                                "name": "-",
                                "way_points": [
                                    815,
                                    846
                                ]
                            },
                            {
                                "distance": 691.7,
                                "duration": 29.3,
                                "type": 1,
                                "instruction": "Turn right",
                                "name": "-",
                                "way_points": [
                                    846,
                                    861
                                ]
                            },
                            {
                                "distance": 208.1,
                                "duration": 8.8,
                                "type": 1,
                                "instruction": "Turn right onto A72",
                                "name": "A72",
                                "way_points": [
                                    861,
                                    865
                                ]
                            },
                            {
                                "distance": 12117.4,
                                "duration": 513.2,
                                "type": 0,
                                "instruction": "Turn left onto B712",
                                "name": "B712",
                                "way_points": [
                                    865,
                                    1034
                                ]
                            },
                            {
                                "distance": 34900.3,
                                "duration": 1506.2,
                                "type": 2,
                                "instruction": "Turn sharp left onto A701",
                                "name": "A701",
                                "way_points": [
                                    1034,
                                    1507
                                ]
                            },
                            {
                                "distance": 2529.5,
                                "duration": 183.5,
                                "type": 13,
                                "instruction": "Keep right onto High Street, A701",
                                "name": "High Street, A701",
                                "way_points": [
                                    1507,
                                    1552
                                ]
                            },
                            {
                                "distance": 111570.9,
                                "duration": 4016.8,
                                "type": 7,
                                "instruction": "Enter the roundabout and take the 1st exit onto A74(M)",
                                "name": "A74(M)",
                                "exit_number": 1,
                                "way_points": [
                                    1552,
                                    2264
                                ]
                            },
                            {
                                "distance": 95554.7,
                                "duration": 3439.9,
                                "type": 12,
                                "instruction": "Keep left onto M6",
                                "name": "M6",
                                "way_points": [
                                    2264,
                                    3014
                                ]
                            },
                            {
                                "distance": 48588.5,
                                "duration": 1749.1,
                                "type": 13,
                                "instruction": "Keep right onto Preston Bypass, M6",
                                "name": "Preston Bypass, M6",
                                "way_points": [
                                    3014,
                                    3403
                                ]
                            },
                            {
                                "distance": 762.9,
                                "duration": 27.5,
                                "type": 12,
                                "instruction": "Keep left",
                                "name": "-",
                                "way_points": [
                                    3403,
                                    3421
                                ]
                            },
                            {
                                "distance": 99066.4,
                                "duration": 3889.0,
                                "type": 13,
                                "instruction": "Keep right",
                                "name": "-",
                                "way_points": [
                                    3421,
                                    4252
                                ]
                            },
                            {
                                "distance": 457.1,
                                "duration": 16.5,
                                "type": 12,
                                "instruction": "Keep left",
                                "name": "-",
                                "way_points": [
                                    4252,
                                    4257
                                ]
                            },
                            {
                                "distance": 1571.5,
                                "duration": 94.5,
                                "type": 7,
                                "instruction": "Enter the roundabout and take the 4th exit onto Ffordd Y Cymry Brenhinol, A470",
                                "name": "Ffordd Y Cymry Brenhinol, A470",
                                "exit_number": 4,
                                "way_points": [
                                    4257,
                                    4294
                                ]
                            },
                            {
                                "distance": 790.3,
                                "duration": 66.2,
                                "type": 7,
                                "instruction": "Enter the roundabout and take the 2nd exit onto Ffordd Y Cymry Brenhinol, A470",
                                "name": "Ffordd Y Cymry Brenhinol, A470",
                                "exit_number": 2,
                                "way_points": [
                                    4294,
                                    4311
                                ]
                            },
                            {
                                "distance": 1205.8,
                                "duration": 67.0,
                                "type": 7,
                                "instruction": "Enter the roundabout and take the 2nd exit onto Ffordd Y Cymry Brenhinol, A470",
                                "name": "Ffordd Y Cymry Brenhinol, A470",
                                "exit_number": 2,
                                "way_points": [
                                    4311,
                                    4331
                                ]
                            },
                            {
                                "distance": 867.7,
                                "duration": 58.5,
                                "type": 7,
                                "instruction": "Enter the roundabout and take the 2nd exit onto Wormhout Way, A470",
                                "name": "Wormhout Way, A470",
                                "exit_number": 2,
                                "way_points": [
                                    4331,
                                    4348
                                ]
                            },
                            {
                                "distance": 867.0,
                                "duration": 58.3,
                                "type": 7,
                                "instruction": "Enter the roundabout and take the 3rd exit onto Conway Road, A470",
                                "name": "Conway Road, A470",
                                "exit_number": 3,
                                "way_points": [
                                    4348,
                                    4367
                                ]
                            },
                            {
                                "distance": 667.3,
                                "duration": 115.1,
                                "type": 7,
                                "instruction": "Enter the roundabout and take the 2nd exit onto Conway Road, A470",
                                "name": "Conway Road, A470",
                                "exit_number": 2,
                                "way_points": [
                                    4367,
                                    4388
                                ]
                            },
                            {
                                "distance": 568.3,
                                "duration": 67.6,
                                "type": 0,
                                "instruction": "Turn left onto Mostyn Street",
                                "name": "Mostyn Street",
                                "way_points": [
                                    4388,
                                    4398
                                ]
                            },
                            {
                                "distance": 17.6,
                                "duration": 2.5,
                                "type": 0,
                                "instruction": "Turn left onto Market Street",
                                "name": "Market Street",
                                "way_points": [
                                    4398,
                                    4399
                                ]
                            },
                            {
                                "distance": 0.0,
                                "duration": 0.0,
                                "type": 10,
                                "instruction": "Arrive at Market Street, straight ahead",
                                "name": "-",
                                "way_points": [
                                    4399,
                                    4399
                                ]
                            }
                        ]
                    }
                ],
                "way_points": [
                    0,
                    4399
                ],
                "summary": {
                    "distance": 456344.9,
                    "duration": 18510.7
                }
            },
            "geometry": {
                "coordinates": [
                    [
                        -3.188517,
                        55.953398
                    ],
                    [
                        -3.18856,
                        55.953364
                    ],
                    [
                        -3.189063,
                        55.953276
                    ],
                    [
                        -3.188765,
                        55.952683
                    ],
                    [
                        -3.188045,
                        55.951213
                    ],
                    [
                        -3.187548,
                        55.950168
                    ],
                    [
                        -3.187338,
                        55.949713
                    ],
                    [
                        -3.186909,
                        55.94881
                    ],
                    [
                        -3.186825,
                        55.948647
                    ],
                    [
                        -3.186531,
                        55.948096
                    ],
                    [
                        -3.186477,
                        55.947995
                    ],
                    [
                        -3.186434,
                        55.947922
                    ],
                    [
                        -3.186259,
                        55.947589
                    ],
                    [
                        -3.186056,
                        55.947189
                    ],
                    [
                        -3.185759,
                        55.946725
                    ],
                    [
                        -3.185283,
                        55.94622
                    ],
                    [
                        -3.185105,
                        55.946022
                    ],
                    [
                        -3.185033,
                        55.945947
                    ],
                    [
                        -3.184637,
                        55.945537
                    ],
                    [
                        -3.184204,
                        55.945121
                    ],
                    [
                        -3.183913,
                        55.944825
                    ],
                    [
                        -3.183875,
                        55.944763
                    ],
                    [
                        -3.183526,
                        55.943801
                    ],
                    [
                        -3.183408,
                        55.94349
                    ],
                    [
                        -3.183398,
                        55.943469
                    ],
                    [
                        -3.183062,
                        55.943033
                    ],
                    [
                        -3.182969,
                        55.94292
                    ],
                    [
                        -3.18225,
                        55.942233
                    ],
                    [
                        -3.182216,
                        55.9422
                    ],
                    [
                        -3.181632,
                        55.941641
                    ],
                    [
                        -3.181378,
                        55.941392
                    ],
                    [
                        -3.18095,
                        55.940872
                    ],
                    [
                        -3.180196,
                        55.939949
                    ],
                    [
                        -3.179504,
                        55.939136
                    ],
                    [
                        -3.1789,
                        55.938382
                    ],
                    [
                        -3.178752,
                        55.938206
                    ],
                    [
                        -3.178454,
                        55.937875
                    ],
                    [
                        -3.17792,
                        55.93734
                    ],
                    [
                        -3.177796,
                        55.937219
                    ],
                    [
                        -3.176995,
                        55.936439
                    ],
                    [
                        -3.176184,
                        55.935644
                    ],
                    [
                        -3.176168,
                        55.935629
                    ],
                    [
                        -3.175546,
                        55.935021
                    ],
                    [
                        -3.175377,
                        55.934856
                    ],
                    [
                        -3.175186,
                        55.934675
                    ],
                    [
                        -3.174832,
                        55.934326
                    ],
                    [
                        -3.174352,
                        55.933848
                    ],
                    [
                        -3.173332,
                        55.932855
                    ],
                    [
                        -3.172971,
                        55.932489
                    ],
                    [
                        -3.171881,
                        55.931436
                    ],
                    [
                        -3.171861,
                        55.931418
                    ],
                    [
                        -3.171715,
                        55.931284
                    ],
                    [
                        -3.171599,
                        55.931165
                    ],
                    [
                        -3.171581,
                        55.931145
                    ],
                    [
                        -3.171159,
                        55.930731
                    ],
                    [
                        -3.170935,
                        55.930501
                    ],
                    [
                        -3.16994,
                        55.929529
                    ],
                    [
                        -3.168983,
                        55.928587
                    ],
                    [
                        -3.168735,
                        55.928342
                    ],
                    [
                        -3.16808,
                        55.9277
                    ],
                    [
                        -3.167587,
                        55.927195
                    ],
                    [
                        -3.167278,
                        55.926888
                    ],
                    [
                        -3.166965,
                        55.926657
                    ],
                    [
                        -3.166779,
                        55.92652
                    ],
                    [
                        -3.166667,
                        55.926431
                    ],
                    [
                        -3.166567,
                        55.926319
                    ],
                    [
                        -3.166533,
                        55.926244
                    ],
                    [
                        -3.166541,
                        55.926125
                    ],
                    [
                        -3.166756,
                        55.925777
                    ],
                    [
                        -3.166819,
                        55.925589
                    ],
                    [
                        -3.16696,
                        55.924338
                    ],
                    [
                        -3.166738,
                        55.924287
                    ],
                    [
                        -3.165408,
                        55.923638
                    ],
                    [
                        -3.165175,
                        55.92353
                    ],
                    [
                        -3.164816,
                        55.923362
                    ],
                    [
                        -3.164393,
                        55.92316
                    ],
                    [
                        -3.164065,
                        55.923001
                    ],
                    [
                        -3.163724,
                        55.922836
                    ],
                    [
                        -3.163542,
                        55.922749
                    ],
                    [
                        -3.163044,
                        55.92251
                    ],
                    [
                        -3.161723,
                        55.921882
                    ],
                    [
                        -3.161374,
                        55.921676
                    ],
                    [
                        -3.160604,
                        55.920959
                    ],
                    [
                        -3.160054,
                        55.920465
                    ],
                    [
                        -3.159679,
                        55.920232
                    ],
                    [
                        -3.159023,
                        55.919961
                    ],
                    [
                        -3.158348,
                        55.919784
                    ],
                    [
                        -3.158197,
                        55.919755
                    ],
                    [
                        -3.157535,
                        55.919582
                    ],
                    [
                        -3.157023,
                        55.919409
                    ],
                    [
                        -3.156523,
                        55.919195
                    ],
                    [
                        -3.155546,
                        55.91871
                    ],
                    [
                        -3.154207,
                        55.918052
                    ],
                    [
                        -3.153575,
                        55.917751
                    ],
                    [
                        -3.153167,
                        55.917551
                    ],
                    [
                        -3.1529,
                        55.917421
                    ],
                    [
                        -3.152593,
                        55.917266
                    ],
                    [
                        -3.151802,
                        55.916822
                    ],
                    [
                        -3.151384,
                        55.916579
                    ],
                    [
                        -3.151106,
                        55.916342
                    ],
                    [
                        -3.150721,
                        55.915795
                    ],
                    [
                        -3.150445,
                        55.915544
                    ],
                    [
                        -3.150148,
                        55.915345
                    ],
                    [
                        -3.149815,
                        55.915173
                    ],
                    [
                        -3.149456,
                        55.915013
                    ],
                    [
                        -3.149149,
                        55.914868
                    ],
                    [
                        -3.148912,
                        55.914743
                    ],
                    [
                        -3.148576,
                        55.914508
                    ],
                    [
                        -3.148488,
                        55.914438
                    ],
                    [
                        -3.147288,
                        55.913649
                    ],
                    [
                        -3.146713,
                        55.913339
                    ],
                    [
                        -3.146344,
                        55.913164
                    ],
                    [
                        -3.145547,
                        55.912791
                    ],
                    [
                        -3.144069,
                        55.912173
                    ],
                    [
                        -3.143329,
                        55.911914
                    ],
                    [
                        -3.142809,
                        55.911753
                    ],
                    [
                        -3.142475,
                        55.91164
                    ],
                    [
                        -3.142226,
                        55.91151
                    ],
                    [
                        -3.141137,
                        55.910784
                    ],
                    [
                        -3.140084,
                        55.910123
                    ],
                    [
                        -3.139774,
                        55.909966
                    ],
                    [
                        -3.139191,
                        55.909673
                    ],
                    [
                        -3.139106,
                        55.90963
                    ],
                    [
                        -3.1389,
                        55.909549
                    ],
                    [
                        -3.137807,
                        55.909024
                    ],
                    [
                        -3.137432,
                        55.908856
                    ],
                    [
                        -3.136791,
                        55.908622
                    ],
                    [
                        -3.136512,
                        55.908504
                    ],
                    [
                        -3.136251,
                        55.908344
                    ],
                    [
                        -3.135727,
                        55.907969
                    ],
                    [
                        -3.135006,
                        55.907342
                    ],
                    [
                        -3.134567,
                        55.906967
                    ],
                    [
                        -3.134252,
                        55.906681
                    ],
                    [
                        -3.133886,
                        55.906354
                    ],
                    [
                        -3.133469,
                        55.905989
                    ],
                    [
                        -3.133141,
                        55.905742
                    ],
                    [
                        -3.132863,
                        55.905573
                    ],
                    [
                        -3.132009,
                        55.905198
                    ],
                    [
                        -3.130723,
                        55.904793
                    ],
                    [
                        -3.130241,
                        55.904647
                    ],
                    [
                        -3.129905,
                        55.904564
                    ],
                    [
                        -3.129611,
                        55.904519
                    ],
                    [
                        -3.128179,
                        55.904303
                    ],
                    [
                        -3.126756,
                        55.903976
                    ],
                    [
                        -3.126264,
                        55.903845
                    ],
                    [
                        -3.126,
                        55.903746
                    ],
                    [
                        -3.125675,
                        55.903597
                    ],
                    [
                        -3.125449,
                        55.90349
                    ],
                    [
                        -3.124999,
                        55.903346
                    ],
                    [
                        -3.124913,
                        55.903363
                    ],
                    [
                        -3.124824,
                        55.903349
                    ],
                    [
                        -3.124769,
                        55.903305
                    ],
                    [
                        -3.124771,
                        55.903255
                    ],
                    [
                        -3.124169,
                        55.903042
                    ],
                    [
                        -3.1235,
                        55.90285
                    ],
                    [
                        -3.122662,
                        55.902604
                    ],
                    [
                        -3.122376,
                        55.902522
                    ],
                    [
                        -3.120569,
                        55.901999
                    ],
                    [
                        -3.118314,
                        55.901338
                    ],
                    [
                        -3.115252,
                        55.900439
                    ],
                    [
                        -3.11453,
                        55.90025
                    ],
                    [
                        -3.113272,
                        55.899955
                    ],
                    [
                        -3.112985,
                        55.899852
                    ],
                    [
                        -3.112746,
                        55.899667
                    ],
                    [
                        -3.112598,
                        55.899666
                    ],
                    [
                        -3.112528,
                        55.899641
                    ],
                    [
                        -3.112486,
                        55.899606
                    ],
                    [
                        -3.112483,
                        55.899519
                    ],
                    [
                        -3.112588,
                        55.899457
                    ],
                    [
                        -3.112354,
                        55.899058
                    ],
                    [
                        -3.112152,
                        55.898564
                    ],
                    [
                        -3.112012,
                        55.898304
                    ],
                    [
                        -3.111885,
                        55.89832
                    ],
                    [
                        -3.111822,
                        55.898311
                    ],
                    [
                        -3.111726,
                        55.898261
                    ],
                    [
                        -3.111027,
                        55.898502
                    ],
                    [
                        -3.110719,
                        55.898587
                    ],
                    [
                        -3.110351,
                        55.898669
                    ],
                    [
                        -3.109689,
                        55.898755
                    ],
                    [
                        -3.109305,
                        55.898776
                    ],
                    [
                        -3.1087,
                        55.898764
                    ],
                    [
                        -3.108266,
                        55.898723
                    ],
                    [
                        -3.107578,
                        55.898618
                    ],
                    [
                        -3.107478,
                        55.898596
                    ],
                    [
                        -3.106894,
                        55.898464
                    ],
                    [
                        -3.106758,
                        55.898431
                    ],
                    [
                        -3.106378,
                        55.898324
                    ],
                    [
                        -3.105929,
                        55.89817
                    ],
                    [
                        -3.105517,
                        55.897998
                    ],
                    [
                        -3.104285,
                        55.897365
                    ],
                    [
                        -3.103857,
                        55.897194
                    ],
                    [
                        -3.103348,
                        55.897052
                    ],
                    [
                        -3.103061,
                        55.897005
                    ],
                    [
                        -3.102649,
                        55.896972
                    ],
                    [
                        -3.101311,
                        55.8969
                    ],
                    [
                        -3.10028,
                        55.896717
                    ],
                    [
                        -3.099737,
                        55.896645
                    ],
                    [
                        -3.099199,
                        55.896614
                    ],
                    [
                        -3.098861,
                        55.896567
                    ],
                    [
                        -3.098826,
                        55.896605
                    ],
                    [
                        -3.0987,
                        55.896652
                    ],
                    [
                        -3.09855,
                        55.896643
                    ],
                    [
                        -3.098444,
                        55.896586
                    ],
                    [
                        -3.098422,
                        55.896546
                    ],
                    [
                        -3.098449,
                        55.896465
                    ],
                    [
                        -3.097855,
                        55.89615
                    ],
                    [
                        -3.097673,
                        55.896076
                    ],
                    [
                        -3.096149,
                        55.895696
                    ],
                    [
                        -3.095741,
                        55.895671
                    ],
                    [
                        -3.095619,
                        55.895724
                    ],
                    [
                        -3.095467,
                        55.895739
                    ],
                    [
                        -3.095293,
                        55.895705
                    ],
                    [
                        -3.09523,
                        55.895665
                    ],
                    [
                        -3.095183,
                        55.89561
                    ],
                    [
                        -3.095171,
                        55.89555
                    ],
                    [
                        -3.095235,
                        55.895452
                    ],
                    [
                        -3.09532,
                        55.895409
                    ],
                    [
                        -3.095426,
                        55.895385
                    ],
                    [
                        -3.09572,
                        55.89504
                    ],
                    [
                        -3.095841,
                        55.894827
                    ],
                    [
                        -3.096046,
                        55.894282
                    ],
                    [
                        -3.096163,
                        55.893666
                    ],
                    [
                        -3.096186,
                        55.893009
                    ],
                    [
                        -3.095991,
                        55.891692
                    ],
                    [
                        -3.095883,
                        55.891195
                    ],
                    [
                        -3.095671,
                        55.890625
                    ],
                    [
                        -3.095473,
                        55.890216
                    ],
                    [
                        -3.095158,
                        55.889751
                    ],
                    [
                        -3.094627,
                        55.889135
                    ],
                    [
                        -3.094321,
                        55.888817
                    ],
                    [
                        -3.094147,
                        55.888719
                    ],
                    [
                        -3.093899,
                        55.888628
                    ],
                    [
                        -3.093813,
                        55.888618
                    ],
                    [
                        -3.093671,
                        55.888563
                    ],
                    [
                        -3.093601,
                        55.888475
                    ],
                    [
                        -3.0936,
                        55.888426
                    ],
                    [
                        -3.09362,
                        55.888384
                    ],
                    [
                        -3.093557,
                        55.888066
                    ],
                    [
                        -3.090572,
                        55.884088
                    ],
                    [
                        -3.08988,
                        55.883229
                    ],
                    [
                        -3.089629,
                        55.882867
                    ],
                    [
                        -3.089393,
                        55.882729
                    ],
                    [
                        -3.08915,
                        55.882634
                    ],
                    [
                        -3.089031,
                        55.88264
                    ],
                    [
                        -3.088844,
                        55.882609
                    ],
                    [
                        -3.088702,
                        55.882538
                    ],
                    [
                        -3.088627,
                        55.882469
                    ],
                    [
                        -3.0886,
                        55.882385
                    ],
                    [
                        -3.088612,
                        55.882311
                    ],
                    [
                        -3.088669,
                        55.882234
                    ],
                    [
                        -3.088626,
                        55.882039
                    ],
                    [
                        -3.088515,
                        55.881793
                    ],
                    [
                        -3.083728,
                        55.877503
                    ],
                    [
                        -3.083074,
                        55.876911
                    ],
                    [
                        -3.082956,
                        55.876862
                    ],
                    [
                        -3.082885,
                        55.876793
                    ],
                    [
                        -3.08277,
                        55.87668
                    ],
                    [
                        -3.082638,
                        55.876577
                    ],
                    [
                        -3.08248,
                        55.876575
                    ],
                    [
                        -3.082316,
                        55.876518
                    ],
                    [
                        -3.08225,
                        55.876455
                    ],
                    [
                        -3.082232,
                        55.876382
                    ],
                    [
                        -3.082251,
                        55.87633
                    ],
                    [
                        -3.08232,
                        55.876266
                    ],
                    [
                        -3.081689,
                        55.875698
                    ],
                    [
                        -3.081224,
                        55.87527
                    ],
                    [
                        -3.080366,
                        55.874604
                    ],
                    [
                        -3.079833,
                        55.874224
                    ],
                    [
                        -3.079697,
                        55.874055
                    ],
                    [
                        -3.079608,
                        55.873863
                    ],
                    [
                        -3.079377,
                        55.873353
                    ],
                    [
                        -3.079192,
                        55.873094
                    ],
                    [
                        -3.079003,
                        55.872963
                    ],
                    [
                        -3.0792,
                        55.872696
                    ],
                    [
                        -3.079671,
                        55.871713
                    ],
                    [
                        -3.079908,
                        55.871516
                    ],
                    [
                        -3.08014,
                        55.871278
                    ],
                    [
                        -3.080274,
                        55.87107
                    ],
                    [
                        -3.080456,
                        55.870899
                    ],
                    [
                        -3.080627,
                        55.870783
                    ],
                    [
                        -3.080999,
                        55.870632
                    ],
                    [
                        -3.081395,
                        55.870417
                    ],
                    [
                        -3.081846,
                        55.870246
                    ],
                    [
                        -3.082317,
                        55.870104
                    ],
                    [
                        -3.08261,
                        55.869983
                    ],
                    [
                        -3.086382,
                        55.867491
                    ],
                    [
                        -3.08686,
                        55.867071
                    ],
                    [
                        -3.087035,
                        55.866866
                    ],
                    [
                        -3.087566,
                        55.866066
                    ],
                    [
                        -3.087806,
                        55.865788
                    ],
                    [
                        -3.088164,
                        55.865453
                    ],
                    [
                        -3.088423,
                        55.865173
                    ],
                    [
                        -3.088562,
                        55.865028
                    ],
                    [
                        -3.088485,
                        55.864941
                    ],
                    [
                        -3.08867,
                        55.864645
                    ],
                    [
                        -3.089107,
                        55.864111
                    ],
                    [
                        -3.089323,
                        55.863831
                    ],
                    [
                        -3.089638,
                        55.863557
                    ],
                    [
                        -3.090169,
                        55.863203
                    ],
                    [
                        -3.09141,
                        55.862576
                    ],
                    [
                        -3.091702,
                        55.862418
                    ],
                    [
                        -3.092288,
                        55.861998
                    ],
                    [
                        -3.092529,
                        55.861734
                    ],
                    [
                        -3.092899,
                        55.861254
                    ],
                    [
                        -3.09319,
                        55.861014
                    ],
                    [
                        -3.093471,
                        55.860836
                    ],
                    [
                        -3.09396,
                        55.860638
                    ],
                    [
                        -3.094942,
                        55.860315
                    ],
                    [
                        -3.096129,
                        55.859992
                    ],
                    [
                        -3.096352,
                        55.859891
                    ],
                    [
                        -3.096506,
                        55.859772
                    ],
                    [
                        -3.096863,
                        55.859377
                    ],
                    [
                        -3.097183,
                        55.858916
                    ],
                    [
                        -3.097431,
                        55.858325
                    ],
                    [
                        -3.097722,
                        55.857906
                    ],
                    [
                        -3.097794,
                        55.857795
                    ],
                    [
                        -3.09823,
                        55.857095
                    ],
                    [
                        -3.098792,
                        55.856486
                    ],
                    [
                        -3.099019,
                        55.856115
                    ],
                    [
                        -3.0991,
                        55.855935
                    ],
                    [
                        -3.099144,
                        55.855612
                    ],
                    [
                        -3.09908,
                        55.855426
                    ],
                    [
                        -3.098968,
                        55.855254
                    ],
                    [
                        -3.098805,
                        55.855144
                    ],
                    [
                        -3.098654,
                        55.855073
                    ],
                    [
                        -3.097685,
                        55.854799
                    ],
                    [
                        -3.097204,
                        55.854626
                    ],
                    [
                        -3.096981,
                        55.854493
                    ],
                    [
                        -3.096786,
                        55.854319
                    ],
                    [
                        -3.096718,
                        55.854219
                    ],
                    [
                        -3.096137,
                        55.853318
                    ],
                    [
                        -3.095213,
                        55.852066
                    ],
                    [
                        -3.09484,
                        55.851637
                    ],
                    [
                        -3.09451,
                        55.851206
                    ],
                    [
                        -3.09364,
                        55.849929
                    ],
                    [
                        -3.093051,
                        55.849242
                    ],
                    [
                        -3.092934,
                        55.849036
                    ],
                    [
                        -3.092786,
                        55.848589
                    ],
                    [
                        -3.092019,
                        55.847544
                    ],
                    [
                        -3.091207,
                        55.846245
                    ],
                    [
                        -3.091124,
                        55.845984
                    ],
                    [
                        -3.091197,
                        55.845384
                    ],
                    [
                        -3.091179,
                        55.845221
                    ],
                    [
                        -3.091005,
                        55.844904
                    ],
                    [
                        -3.090968,
                        55.844542
                    ],
                    [
                        -3.091001,
                        55.844014
                    ],
                    [
                        -3.090977,
                        55.843585
                    ],
                    [
                        -3.09096,
                        55.843419
                    ],
                    [
                        -3.09087,
                        55.843124
                    ],
                    [
                        -3.090771,
                        55.843003
                    ],
                    [
                        -3.090531,
                        55.84285
                    ],
                    [
                        -3.090172,
                        55.842683
                    ],
                    [
                        -3.089656,
                        55.842412
                    ],
                    [
                        -3.089223,
                        55.842152
                    ],
                    [
                        -3.08888,
                        55.841886
                    ],
                    [
                        -3.088674,
                        55.841677
                    ],
                    [
                        -3.08847,
                        55.841351
                    ],
                    [
                        -3.088421,
                        55.841142
                    ],
                    [
                        -3.088135,
                        55.839057
                    ],
                    [
                        -3.087974,
                        55.837085
                    ],
                    [
                        -3.087507,
                        55.835622
                    ],
                    [
                        -3.087098,
                        55.834943
                    ],
                    [
                        -3.087117,
                        55.834709
                    ],
                    [
                        -3.087417,
                        55.834258
                    ],
                    [
                        -3.087555,
                        55.834058
                    ],
                    [
                        -3.087723,
                        55.833881
                    ],
                    [
                        -3.087889,
                        55.833782
                    ],
                    [
                        -3.088159,
                        55.833673
                    ],
                    [
                        -3.088384,
                        55.83355
                    ],
                    [
                        -3.088521,
                        55.833443
                    ],
                    [
                        -3.088644,
                        55.833276
                    ],
                    [
                        -3.088658,
                        55.833219
                    ],
                    [
                        -3.088579,
                        55.83302
                    ],
                    [
                        -3.088538,
                        55.832901
                    ],
                    [
                        -3.088477,
                        55.832751
                    ],
                    [
                        -3.088358,
                        55.832579
                    ],
                    [
                        -3.088202,
                        55.832453
                    ],
                    [
                        -3.084141,
                        55.829192
                    ],
                    [
                        -3.083946,
                        55.829005
                    ],
                    [
                        -3.083823,
                        55.828838
                    ],
                    [
                        -3.083737,
                        55.828626
                    ],
                    [
                        -3.083755,
                        55.828141
                    ],
                    [
                        -3.083781,
                        55.827469
                    ],
                    [
                        -3.083826,
                        55.827181
                    ],
                    [
                        -3.083975,
                        55.826755
                    ],
                    [
                        -3.084151,
                        55.826408
                    ],
                    [
                        -3.084205,
                        55.826229
                    ],
                    [
                        -3.084187,
                        55.826122
                    ],
                    [
                        -3.083955,
                        55.825559
                    ],
                    [
                        -3.083971,
                        55.825342
                    ],
                    [
                        -3.084054,
                        55.82513
                    ],
                    [
                        -3.084132,
                        55.824992
                    ],
                    [
                        -3.084416,
                        55.824628
                    ],
                    [
                        -3.084619,
                        55.824444
                    ],
                    [
                        -3.084886,
                        55.82424
                    ],
                    [
                        -3.085129,
                        55.824121
                    ],
                    [
                        -3.085726,
                        55.823954
                    ],
                    [
                        -3.085898,
                        55.82386
                    ],
                    [
                        -3.086143,
                        55.823686
                    ],
                    [
                        -3.086528,
                        55.823253
                    ],
                    [
                        -3.087336,
                        55.822541
                    ],
                    [
                        -3.087737,
                        55.822302
                    ],
                    [
                        -3.088077,
                        55.822126
                    ],
                    [
                        -3.088233,
                        55.822024
                    ],
                    [
                        -3.088331,
                        55.821932
                    ],
                    [
                        -3.088435,
                        55.821764
                    ],
                    [
                        -3.088581,
                        55.821275
                    ],
                    [
                        -3.088575,
                        55.820898
                    ],
                    [
                        -3.088507,
                        55.820683
                    ],
                    [
                        -3.088511,
                        55.820494
                    ],
                    [
                        -3.088554,
                        55.820362
                    ],
                    [
                        -3.088682,
                        55.820208
                    ],
                    [
                        -3.08909,
                        55.819941
                    ],
                    [
                        -3.089181,
                        55.819932
                    ],
                    [
                        -3.08978,
                        55.819754
                    ],
                    [
                        -3.089816,
                        55.819694
                    ],
                    [
                        -3.090013,
                        55.819699
                    ],
                    [
                        -3.090751,
                        55.819559
                    ],
                    [
                        -3.091014,
                        55.819529
                    ],
                    [
                        -3.091246,
                        55.819533
                    ],
                    [
                        -3.091779,
                        55.819603
                    ],
                    [
                        -3.091961,
                        55.819587
                    ],
                    [
                        -3.092387,
                        55.81949
                    ],
                    [
                        -3.093339,
                        55.819231
                    ],
                    [
                        -3.093691,
                        55.819099
                    ],
                    [
                        -3.093944,
                        55.818954
                    ],
                    [
                        -3.094347,
                        55.818647
                    ],
                    [
                        -3.094449,
                        55.818594
                    ],
                    [
                        -3.094652,
                        55.818531
                    ],
                    [
                        -3.094845,
                        55.8185
                    ],
                    [
                        -3.095316,
                        55.818496
                    ],
                    [
                        -3.095629,
                        55.818463
                    ],
                    [
                        -3.096463,
                        55.818249
                    ],
                    [
                        -3.096873,
                        55.818098
                    ],
                    [
                        -3.097702,
                        55.81773
                    ],
                    [
                        -3.098246,
                        55.817517
                    ],
                    [
                        -3.098517,
                        55.817443
                    ],
                    [
                        -3.099975,
                        55.817144
                    ],
                    [
                        -3.100275,
                        55.81706
                    ],
                    [
                        -3.100437,
                        55.816974
                    ],
                    [
                        -3.100575,
                        55.816861
                    ],
                    [
                        -3.102115,
                        55.815488
                    ],
                    [
                        -3.102161,
                        55.815444
                    ],
                    [
                        -3.10669,
                        55.811284
                    ],
                    [
                        -3.10838,
                        55.809695
                    ],
                    [
                        -3.109656,
                        55.808564
                    ],
                    [
                        -3.112343,
                        55.806114
                    ],
                    [
                        -3.113296,
                        55.805236
                    ],
                    [
                        -3.113691,
                        55.80488
                    ],
                    [
                        -3.113915,
                        55.804666
                    ],
                    [
                        -3.114329,
                        55.804264
                    ],
                    [
                        -3.114956,
                        55.803698
                    ],
                    [
                        -3.115833,
                        55.802907
                    ],
                    [
                        -3.116714,
                        55.802112
                    ],
                    [
                        -3.118927,
                        55.800115
                    ],
                    [
                        -3.119052,
                        55.800022
                    ],
                    [
                        -3.119157,
                        55.799969
                    ],
                    [
                        -3.119337,
                        55.799918
                    ],
                    [
                        -3.120143,
                        55.799852
                    ],
                    [
                        -3.120351,
                        55.799821
                    ],
                    [
                        -3.120599,
                        55.79975
                    ],
                    [
                        -3.120899,
                        55.799619
                    ],
                    [
                        -3.121174,
                        55.799471
                    ],
                    [
                        -3.121429,
                        55.79929
                    ],
                    [
                        -3.121517,
                        55.799179
                    ],
                    [
                        -3.121555,
                        55.799031
                    ],
                    [
                        -3.121512,
                        55.798334
                    ],
                    [
                        -3.121216,
                        55.797211
                    ],
                    [
                        -3.121208,
                        55.797049
                    ],
                    [
                        -3.121241,
                        55.796919
                    ],
                    [
                        -3.121318,
                        55.796823
                    ],
                    [
                        -3.122062,
                        55.796127
                    ],
                    [
                        -3.122733,
                        55.795498
                    ],
                    [
                        -3.122974,
                        55.795297
                    ],
                    [
                        -3.125708,
                        55.793175
                    ],
                    [
                        -3.128999,
                        55.790509
                    ],
                    [
                        -3.130491,
                        55.789359
                    ],
                    [
                        -3.130753,
                        55.789053
                    ],
                    [
                        -3.130832,
                        55.788988
                    ],
                    [
                        -3.130972,
                        55.788115
                    ],
                    [
                        -3.131081,
                        55.786284
                    ],
                    [
                        -3.131164,
                        55.785485
                    ],
                    [
                        -3.131143,
                        55.785232
                    ],
                    [
                        -3.130841,
                        55.784735
                    ],
                    [
                        -3.130511,
                        55.783568
                    ],
                    [
                        -3.130569,
                        55.783075
                    ],
                    [
                        -3.13068,
                        55.782738
                    ],
                    [
                        -3.131212,
                        55.781509
                    ],
                    [
                        -3.131191,
                        55.780746
                    ],
                    [
                        -3.131206,
                        55.780388
                    ],
                    [
                        -3.131263,
                        55.78021
                    ],
                    [
                        -3.131685,
                        55.779424
                    ],
                    [
                        -3.132063,
                        55.779035
                    ],
                    [
                        -3.133146,
                        55.778121
                    ],
                    [
                        -3.133781,
                        55.777558
                    ],
                    [
                        -3.134531,
                        55.776778
                    ],
                    [
                        -3.134636,
                        55.776633
                    ],
                    [
                        -3.134744,
                        55.776483
                    ],
                    [
                        -3.134851,
                        55.776212
                    ],
                    [
                        -3.135,
                        55.775013
                    ],
                    [
                        -3.135255,
                        55.77296
                    ],
                    [
                        -3.135265,
                        55.772599
                    ],
                    [
                        -3.135189,
                        55.772211
                    ],
                    [
                        -3.135125,
                        55.771921
                    ],
                    [
                        -3.135512,
                        55.771431
                    ],
                    [
                        -3.135605,
                        55.77127
                    ],
                    [
                        -3.135733,
                        55.770922
                    ],
                    [
                        -3.136342,
                        55.770018
                    ],
                    [
                        -3.136921,
                        55.769425
                    ],
                    [
                        -3.138092,
                        55.768507
                    ],
                    [
                        -3.14119,
                        55.766544
                    ],
                    [
                        -3.1423,
                        55.765854
                    ],
                    [
                        -3.143453,
                        55.765222
                    ],
                    [
                        -3.143863,
                        55.765046
                    ],
                    [
                        -3.145241,
                        55.76456
                    ],
                    [
                        -3.145868,
                        55.764323
                    ],
                    [
                        -3.147531,
                        55.76366
                    ],
                    [
                        -3.148796,
                        55.763066
                    ],
                    [
                        -3.149454,
                        55.762728
                    ],
                    [
                        -3.150665,
                        55.762195
                    ],
                    [
                        -3.151154,
                        55.76202
                    ],
                    [
                        -3.151724,
                        55.761854
                    ],
                    [
                        -3.154382,
                        55.761196
                    ],
                    [
                        -3.155603,
                        55.760902
                    ],
                    [
                        -3.155849,
                        55.760879
                    ],
                    [
                        -3.156093,
                        55.76091
                    ],
                    [
                        -3.156291,
                        55.760963
                    ],
                    [
                        -3.15713,
                        55.761388
                    ],
                    [
                        -3.157324,
                        55.761444
                    ],
                    [
                        -3.157683,
                        55.761514
                    ],
                    [
                        -3.157966,
                        55.761542
                    ],
                    [
                        -3.158307,
                        55.761535
                    ],
                    [
                        -3.159145,
                        55.761377
                    ],
                    [
                        -3.160024,
                        55.761159
                    ],
                    [
                        -3.160677,
                        55.760971
                    ],
                    [
                        -3.16159,
                        55.760768
                    ],
                    [
                        -3.161995,
                        55.760657
                    ],
                    [
                        -3.162518,
                        55.760463
                    ],
                    [
                        -3.164048,
                        55.76008
                    ],
                    [
                        -3.164329,
                        55.760023
                    ],
                    [
                        -3.165882,
                        55.759854
                    ],
                    [
                        -3.166123,
                        55.759801
                    ],
                    [
                        -3.17058,
                        55.758221
                    ],
                    [
                        -3.173564,
                        55.757569
                    ],
                    [
                        -3.17609,
                        55.757048
                    ],
                    [
                        -3.176443,
                        55.756959
                    ],
                    [
                        -3.176778,
                        55.756841
                    ],
                    [
                        -3.176969,
                        55.756736
                    ],
                    [
                        -3.177063,
                        55.756662
                    ],
                    [
                        -3.177224,
                        55.756546
                    ],
                    [
                        -3.177434,
                        55.756439
                    ],
                    [
                        -3.177788,
                        55.75634
                    ],
                    [
                        -3.178056,
                        55.756246
                    ],
                    [
                        -3.178205,
                        55.756164
                    ],
                    [
                        -3.178384,
                        55.755997
                    ],
                    [
                        -3.178591,
                        55.755705
                    ],
                    [
                        -3.178887,
                        55.755504
                    ],
                    [
                        -3.179321,
                        55.755318
                    ],
                    [
                        -3.179582,
                        55.75523
                    ],
                    [
                        -3.180893,
                        55.754975
                    ],
                    [
                        -3.181282,
                        55.754899
                    ],
                    [
                        -3.18148,
                        55.754816
                    ],
                    [
                        -3.181724,
                        55.754666
                    ],
                    [
                        -3.182224,
                        55.754216
                    ],
                    [
                        -3.182586,
                        55.75398
                    ],
                    [
                        -3.185458,
                        55.752589
                    ],
                    [
                        -3.185939,
                        55.75224
                    ],
                    [
                        -3.18599,
                        55.752176
                    ],
                    [
                        -3.186359,
                        55.751599
                    ],
                    [
                        -3.186646,
                        55.751329
                    ],
                    [
                        -3.18743,
                        55.750904
                    ],
                    [
                        -3.188531,
                        55.750544
                    ],
                    [
                        -3.189083,
                        55.750405
                    ],
                    [
                        -3.19023,
                        55.750239
                    ],
                    [
                        -3.191766,
                        55.750029
                    ],
                    [
                        -3.192889,
                        55.749967
                    ],
                    [
                        -3.194375,
                        55.749955
                    ],
                    [
                        -3.197868,
                        55.749982
                    ],
                    [
                        -3.198225,
                        55.749863
                    ],
                    [
                        -3.198521,
                        55.74967
                    ],
                    [
                        -3.198942,
                        55.749053
                    ],
                    [
                        -3.199332,
                        55.748605
                    ],
                    [
                        -3.200026,
                        55.748125
                    ],
                    [
                        -3.201293,
                        55.747904
                    ],
                    [
                        -3.201894,
                        55.748145
                    ],
                    [
                        -3.202366,
                        55.748677
                    ],
                    [
                        -3.20271,
                        55.749281
                    ],
                    [
                        -3.20331,
                        55.749715
                    ],
                    [
                        -3.203499,
                        55.749843
                    ],
                    [
                        -3.203784,
                        55.749877
                    ],
                    [
                        -3.204062,
                        55.749856
                    ],
                    [
                        -3.204217,
                        55.749794
                    ],
                    [
                        -3.204249,
                        55.749682
                    ],
                    [
                        -3.204231,
                        55.749579
                    ],
                    [
                        -3.203956,
                        55.748807
                    ],
                    [
                        -3.203902,
                        55.748516
                    ],
                    [
                        -3.203976,
                        55.74826
                    ],
                    [
                        -3.204103,
                        55.747982
                    ],
                    [
                        -3.204274,
                        55.747758
                    ],
                    [
                        -3.204645,
                        55.747631
                    ],
                    [
                        -3.204563,
                        55.747411
                    ],
                    [
                        -3.20448,
                        55.747063
                    ],
                    [
                        -3.204453,
                        55.746578
                    ],
                    [
                        -3.204425,
                        55.746403
                    ],
                    [
                        -3.204454,
                        55.745992
                    ],
                    [
                        -3.204519,
                        55.745604
                    ],
                    [
                        -3.204637,
                        55.745121
                    ],
                    [
                        -3.205065,
                        55.743654
                    ],
                    [
                        -3.205744,
                        55.741337
                    ],
                    [
                        -3.205934,
                        55.740517
                    ],
                    [
                        -3.206148,
                        55.739765
                    ],
                    [
                        -3.206152,
                        55.739516
                    ],
                    [
                        -3.206153,
                        55.739289
                    ],
                    [
                        -3.206015,
                        55.738686
                    ],
                    [
                        -3.205947,
                        55.737962
                    ],
                    [
                        -3.206066,
                        55.736157
                    ],
                    [
                        -3.206135,
                        55.732048
                    ],
                    [
                        -3.206123,
                        55.731124
                    ],
                    [
                        -3.206046,
                        55.730531
                    ],
                    [
                        -3.205675,
                        55.729186
                    ],
                    [
                        -3.205586,
                        55.728558
                    ],
                    [
                        -3.20554,
                        55.727855
                    ],
                    [
                        -3.205332,
                        55.72468
                    ],
                    [
                        -3.205307,
                        55.724332
                    ],
                    [
                        -3.205299,
                        55.724251
                    ],
                    [
                        -3.205278,
                        55.724027
                    ],
                    [
                        -3.20521,
                        55.723322
                    ],
                    [
                        -3.205043,
                        55.722277
                    ],
                    [
                        -3.204835,
                        55.72145
                    ],
                    [
                        -3.204577,
                        55.720393
                    ],
                    [
                        -3.204538,
                        55.719825
                    ],
                    [
                        -3.204515,
                        55.719473
                    ],
                    [
                        -3.204527,
                        55.718744
                    ],
                    [
                        -3.204589,
                        55.718172
                    ],
                    [
                        -3.204729,
                        55.717624
                    ],
                    [
                        -3.204909,
                        55.717078
                    ],
                    [
                        -3.205076,
                        55.716642
                    ],
                    [
                        -3.205282,
                        55.716202
                    ],
                    [
                        -3.20587,
                        55.714977
                    ],
                    [
                        -3.206352,
                        55.713943
                    ],
                    [
                        -3.206445,
                        55.713585
                    ],
                    [
                        -3.206518,
                        55.713132
                    ],
                    [
                        -3.206531,
                        55.712483
                    ],
                    [
                        -3.206535,
                        55.712309
                    ],
                    [
                        -3.206646,
                        55.7123
                    ],
                    [
                        -3.207895,
                        55.712068
                    ],
                    [
                        -3.208177,
                        55.712004
                    ],
                    [
                        -3.20852,
                        55.711929
                    ],
                    [
                        -3.208662,
                        55.711944
                    ],
                    [
                        -3.208802,
                        55.711932
                    ],
                    [
                        -3.208882,
                        55.711915
                    ],
                    [
                        -3.208938,
                        55.711874
                    ],
                    [
                        -3.209099,
                        55.71167
                    ],
                    [
                        -3.209241,
                        55.71157
                    ],
                    [
                        -3.209359,
                        55.711545
                    ],
                    [
                        -3.21007,
                        55.711462
                    ],
                    [
                        -3.210186,
                        55.711448
                    ],
                    [
                        -3.210462,
                        55.711348
                    ],
                    [
                        -3.210575,
                        55.71129
                    ],
                    [
                        -3.210725,
                        55.711173
                    ],
                    [
                        -3.212309,
                        55.709684
                    ],
                    [
                        -3.213348,
                        55.708395
                    ],
                    [
                        -3.213553,
                        55.708208
                    ],
                    [
                        -3.214998,
                        55.707631
                    ],
                    [
                        -3.215349,
                        55.70749
                    ],
                    [
                        -3.215767,
                        55.707315
                    ],
                    [
                        -3.215862,
                        55.707269
                    ],
                    [
                        -3.215953,
                        55.707167
                    ],
                    [
                        -3.216005,
                        55.707055
                    ],
                    [
                        -3.216045,
                        55.706842
                    ],
                    [
                        -3.216045,
                        55.70658
                    ],
                    [
                        -3.216097,
                        55.706468
                    ],
                    [
                        -3.216189,
                        55.706387
                    ],
                    [
                        -3.216332,
                        55.7063
                    ],
                    [
                        -3.217259,
                        55.705959
                    ],
                    [
                        -3.217641,
                        55.705788
                    ],
                    [
                        -3.217842,
                        55.705671
                    ],
                    [
                        -3.218078,
                        55.705397
                    ],
                    [
                        -3.218154,
                        55.705255
                    ],
                    [
                        -3.218183,
                        55.705067
                    ],
                    [
                        -3.218165,
                        55.704988
                    ],
                    [
                        -3.218048,
                        55.704852
                    ],
                    [
                        -3.217804,
                        55.704741
                    ],
                    [
                        -3.217716,
                        55.704677
                    ],
                    [
                        -3.217673,
                        55.704575
                    ],
                    [
                        -3.217685,
                        55.70451
                    ],
                    [
                        -3.21776,
                        55.704382
                    ],
                    [
                        -3.218416,
                        55.703516
                    ],
                    [
                        -3.218449,
                        55.703444
                    ],
                    [
                        -3.218509,
                        55.703054
                    ],
                    [
                        -3.218574,
                        55.702895
                    ],
                    [
                        -3.21857,
                        55.702752
                    ],
                    [
                        -3.218515,
                        55.702548
                    ],
                    [
                        -3.218512,
                        55.702362
                    ],
                    [
                        -3.218564,
                        55.702085
                    ],
                    [
                        -3.218549,
                        55.701798
                    ],
                    [
                        -3.218441,
                        55.701448
                    ],
                    [
                        -3.218423,
                        55.701282
                    ],
                    [
                        -3.218437,
                        55.70119
                    ],
                    [
                        -3.218578,
                        55.701011
                    ],
                    [
                        -3.218838,
                        55.700872
                    ],
                    [
                        -3.218982,
                        55.700762
                    ],
                    [
                        -3.21903,
                        55.700687
                    ],
                    [
                        -3.219028,
                        55.700524
                    ],
                    [
                        -3.218927,
                        55.700156
                    ],
                    [
                        -3.218932,
                        55.70001
                    ],
                    [
                        -3.218967,
                        55.699896
                    ],
                    [
                        -3.219085,
                        55.69977
                    ],
                    [
                        -3.219237,
                        55.699649
                    ],
                    [
                        -3.219413,
                        55.699551
                    ],
                    [
                        -3.219813,
                        55.699345
                    ],
                    [
                        -3.220387,
                        55.699119
                    ],
                    [
                        -3.220856,
                        55.698933
                    ],
                    [
                        -3.220992,
                        55.698848
                    ],
                    [
                        -3.221201,
                        55.698671
                    ],
                    [
                        -3.221271,
                        55.698534
                    ],
                    [
                        -3.221281,
                        55.69843
                    ],
                    [
                        -3.221235,
                        55.697746
                    ],
                    [
                        -3.221219,
                        55.69749
                    ],
                    [
                        -3.221251,
                        55.697244
                    ],
                    [
                        -3.221301,
                        55.697035
                    ],
                    [
                        -3.221361,
                        55.696908
                    ],
                    [
                        -3.221843,
                        55.696359
                    ],
                    [
                        -3.222225,
                        55.696046
                    ],
                    [
                        -3.222539,
                        55.695909
                    ],
                    [
                        -3.222844,
                        55.695839
                    ],
                    [
                        -3.22322,
                        55.695831
                    ],
                    [
                        -3.224256,
                        55.695875
                    ],
                    [
                        -3.224468,
                        55.69587
                    ],
                    [
                        -3.225537,
                        55.695574
                    ],
                    [
                        -3.226752,
                        55.695292
                    ],
                    [
                        -3.227846,
                        55.694798
                    ],
                    [
                        -3.228225,
                        55.694653
                    ],
                    [
                        -3.22852,
                        55.694579
                    ],
                    [
                        -3.229403,
                        55.694429
                    ],
                    [
                        -3.229786,
                        55.694341
                    ],
                    [
                        -3.230523,
                        55.69408
                    ],
                    [
                        -3.231072,
                        55.693854
                    ],
                    [
                        -3.231201,
                        55.693801
                    ],
                    [
                        -3.231642,
                        55.693602
                    ],
                    [
                        -3.231773,
                        55.693508
                    ],
                    [
                        -3.231907,
                        55.69332
                    ],
                    [
                        -3.231982,
                        55.693112
                    ],
                    [
                        -3.232081,
                        55.692939
                    ],
                    [
                        -3.232182,
                        55.692819
                    ],
                    [
                        -3.232429,
                        55.692637
                    ],
                    [
                        -3.232971,
                        55.692398
                    ],
                    [
                        -3.233095,
                        55.692318
                    ],
                    [
                        -3.233181,
                        55.692229
                    ],
                    [
                        -3.233268,
                        55.692088
                    ],
                    [
                        -3.233332,
                        55.691892
                    ],
                    [
                        -3.233459,
                        55.690986
                    ],
                    [
                        -3.233499,
                        55.690821
                    ],
                    [
                        -3.233616,
                        55.690568
                    ],
                    [
                        -3.233833,
                        55.690197
                    ],
                    [
                        -3.233878,
                        55.690119
                    ],
                    [
                        -3.23456,
                        55.688964
                    ],
                    [
                        -3.234851,
                        55.688662
                    ],
                    [
                        -3.235629,
                        55.688123
                    ],
                    [
                        -3.23584,
                        55.687936
                    ],
                    [
                        -3.236333,
                        55.687355
                    ],
                    [
                        -3.236822,
                        55.687033
                    ],
                    [
                        -3.237606,
                        55.686569
                    ],
                    [
                        -3.238484,
                        55.686071
                    ],
                    [
                        -3.238818,
                        55.685989
                    ],
                    [
                        -3.238975,
                        55.685983
                    ],
                    [
                        -3.239151,
                        55.685997
                    ],
                    [
                        -3.24052,
                        55.686269
                    ],
                    [
                        -3.241078,
                        55.686325
                    ],
                    [
                        -3.241401,
                        55.686332
                    ],
                    [
                        -3.2417,
                        55.68632
                    ],
                    [
                        -3.241967,
                        55.686281
                    ],
                    [
                        -3.242208,
                        55.686212
                    ],
                    [
                        -3.242436,
                        55.68612
                    ],
                    [
                        -3.242675,
                        55.685985
                    ],
                    [
                        -3.243304,
                        55.68558
                    ],
                    [
                        -3.244094,
                        55.685028
                    ],
                    [
                        -3.244594,
                        55.68465
                    ],
                    [
                        -3.245404,
                        55.683958
                    ],
                    [
                        -3.245682,
                        55.683665
                    ],
                    [
                        -3.24608,
                        55.683149
                    ],
                    [
                        -3.246342,
                        55.682888
                    ],
                    [
                        -3.246886,
                        55.682443
                    ],
                    [
                        -3.247082,
                        55.682252
                    ],
                    [
                        -3.247349,
                        55.68184
                    ],
                    [
                        -3.247552,
                        55.681434
                    ],
                    [
                        -3.248079,
                        55.680355
                    ],
                    [
                        -3.248105,
                        55.680303
                    ],
                    [
                        -3.248172,
                        55.680165
                    ],
                    [
                        -3.248536,
                        55.679276
                    ],
                    [
                        -3.24852,
                        55.678875
                    ],
                    [
                        -3.248564,
                        55.678795
                    ],
                    [
                        -3.248652,
                        55.678715
                    ],
                    [
                        -3.248796,
                        55.67863
                    ],
                    [
                        -3.24958,
                        55.678336
                    ],
                    [
                        -3.249772,
                        55.678244
                    ],
                    [
                        -3.250075,
                        55.678015
                    ],
                    [
                        -3.251073,
                        55.676768
                    ],
                    [
                        -3.251202,
                        55.676565
                    ],
                    [
                        -3.251348,
                        55.676214
                    ],
                    [
                        -3.251342,
                        55.675823
                    ],
                    [
                        -3.251387,
                        55.675721
                    ],
                    [
                        -3.251466,
                        55.675621
                    ],
                    [
                        -3.251568,
                        55.675533
                    ],
                    [
                        -3.251812,
                        55.675408
                    ],
                    [
                        -3.252503,
                        55.675161
                    ],
                    [
                        -3.252683,
                        55.675082
                    ],
                    [
                        -3.25283,
                        55.674973
                    ],
                    [
                        -3.252959,
                        55.674816
                    ],
                    [
                        -3.2532,
                        55.67432
                    ],
                    [
                        -3.253413,
                        55.673674
                    ],
                    [
                        -3.253575,
                        55.67304
                    ],
                    [
                        -3.253648,
                        55.672526
                    ],
                    [
                        -3.253679,
                        55.672053
                    ],
                    [
                        -3.253707,
                        55.671948
                    ],
                    [
                        -3.253774,
                        55.671851
                    ],
                    [
                        -3.25391,
                        55.671276
                    ],
                    [
                        -3.253926,
                        55.671117
                    ],
                    [
                        -3.25382,
                        55.670734
                    ],
                    [
                        -3.253714,
                        55.670519
                    ],
                    [
                        -3.253703,
                        55.670232
                    ],
                    [
                        -3.253542,
                        55.669901
                    ],
                    [
                        -3.253055,
                        55.669426
                    ],
                    [
                        -3.252708,
                        55.668777
                    ],
                    [
                        -3.252668,
                        55.668589
                    ],
                    [
                        -3.252744,
                        55.668402
                    ],
                    [
                        -3.254094,
                        55.666696
                    ],
                    [
                        -3.254077,
                        55.66643
                    ],
                    [
                        -3.253779,
                        55.665883
                    ],
                    [
                        -3.253707,
                        55.665572
                    ],
                    [
                        -3.253902,
                        55.664896
                    ],
                    [
                        -3.254411,
                        55.664501
                    ],
                    [
                        -3.254738,
                        55.664273
                    ],
                    [
                        -3.255337,
                        55.663706
                    ],
                    [
                        -3.256445,
                        55.663135
                    ],
                    [
                        -3.256904,
                        55.662753
                    ],
                    [
                        -3.257299,
                        55.662323
                    ],
                    [
                        -3.257702,
                        55.661835
                    ],
                    [
                        -3.257923,
                        55.661402
                    ],
                    [
                        -3.258032,
                        55.661122
                    ],
                    [
                        -3.258076,
                        55.660904
                    ],
                    [
                        -3.258679,
                        55.660193
                    ],
                    [
                        -3.25916,
                        55.658414
                    ],
                    [
                        -3.25951,
                        55.657319
                    ],
                    [
                        -3.259703,
                        55.656102
                    ],
                    [
                        -3.259864,
                        55.655593
                    ],
                    [
                        -3.260282,
                        55.654796
                    ],
                    [
                        -3.260344,
                        55.654788
                    ],
                    [
                        -3.260536,
                        55.654616
                    ],
                    [
                        -3.260606,
                        55.654435
                    ],
                    [
                        -3.26051,
                        55.654085
                    ],
                    [
                        -3.260525,
                        55.653485
                    ],
                    [
                        -3.260928,
                        55.652946
                    ],
                    [
                        -3.261301,
                        55.652666
                    ],
                    [
                        -3.262544,
                        55.652151
                    ],
                    [
                        -3.263238,
                        55.651958
                    ],
                    [
                        -3.263761,
                        55.651872
                    ],
                    [
                        -3.264681,
                        55.651812
                    ],
                    [
                        -3.264859,
                        55.651785
                    ],
                    [
                        -3.266751,
                        55.651297
                    ],
                    [
                        -3.267514,
                        55.651161
                    ],
                    [
                        -3.26757,
                        55.651135
                    ],
                    [
                        -3.268093,
                        55.65124
                    ],
                    [
                        -3.268663,
                        55.651313
                    ],
                    [
                        -3.269255,
                        55.65132
                    ],
                    [
                        -3.270835,
                        55.651247
                    ],
                    [
                        -3.270858,
                        55.651074
                    ],
                    [
                        -3.270904,
                        55.650825
                    ],
                    [
                        -3.270957,
                        55.650711
                    ],
                    [
                        -3.271057,
                        55.650628
                    ],
                    [
                        -3.271212,
                        55.650536
                    ],
                    [
                        -3.271409,
                        55.650459
                    ],
                    [
                        -3.271846,
                        55.650331
                    ],
                    [
                        -3.272234,
                        55.650168
                    ],
                    [
                        -3.272661,
                        55.649907
                    ],
                    [
                        -3.273397,
                        55.649311
                    ],
                    [
                        -3.276518,
                        55.646047
                    ],
                    [
                        -3.27702,
                        55.645493
                    ],
                    [
                        -3.27736,
                        55.645163
                    ],
                    [
                        -3.278288,
                        55.644335
                    ],
                    [
                        -3.278816,
                        55.643934
                    ],
                    [
                        -3.279361,
                        55.643618
                    ],
                    [
                        -3.279698,
                        55.643368
                    ],
                    [
                        -3.279937,
                        55.643129
                    ],
                    [
                        -3.280434,
                        55.642437
                    ],
                    [
                        -3.281097,
                        55.641543
                    ],
                    [
                        -3.282371,
                        55.639901
                    ],
                    [
                        -3.282966,
                        55.638537
                    ],
                    [
                        -3.283294,
                        55.637139
                    ],
                    [
                        -3.284641,
                        55.635607
                    ],
                    [
                        -3.285363,
                        55.635026
                    ],
                    [
                        -3.286071,
                        55.634566
                    ],
                    [
                        -3.287125,
                        55.633706
                    ],
                    [
                        -3.294748,
                        55.627651
                    ],
                    [
                        -3.297274,
                        55.625558
                    ],
                    [
                        -3.297779,
                        55.625165
                    ],
                    [
                        -3.297864,
                        55.625098
                    ],
                    [
                        -3.29794,
                        55.62504
                    ],
                    [
                        -3.300018,
                        55.623337
                    ],
                    [
                        -3.305015,
                        55.61933
                    ],
                    [
                        -3.305362,
                        55.619066
                    ],
                    [
                        -3.306756,
                        55.617901
                    ],
                    [
                        -3.307405,
                        55.617367
                    ],
                    [
                        -3.307523,
                        55.617283
                    ],
                    [
                        -3.310207,
                        55.615075
                    ],
                    [
                        -3.310524,
                        55.61487
                    ],
                    [
                        -3.311105,
                        55.614683
                    ],
                    [
                        -3.311312,
                        55.614606
                    ],
                    [
                        -3.313844,
                        55.613333
                    ],
                    [
                        -3.315088,
                        55.612525
                    ],
                    [
                        -3.31522,
                        55.612408
                    ],
                    [
                        -3.315501,
                        55.612064
                    ],
                    [
                        -3.315824,
                        55.611831
                    ],
                    [
                        -3.316976,
                        55.611115
                    ],
                    [
                        -3.318741,
                        55.610358
                    ],
                    [
                        -3.31904,
                        55.610109
                    ],
                    [
                        -3.319225,
                        55.609813
                    ],
                    [
                        -3.319455,
                        55.609618
                    ],
                    [
                        -3.320704,
                        55.608876
                    ],
                    [
                        -3.321055,
                        55.608704
                    ],
                    [
                        -3.321485,
                        55.608547
                    ],
                    [
                        -3.322104,
                        55.608366
                    ],
                    [
                        -3.322436,
                        55.608286
                    ],
                    [
                        -3.323726,
                        55.60808
                    ],
                    [
                        -3.324447,
                        55.607933
                    ],
                    [
                        -3.325181,
                        55.607761
                    ],
                    [
                        -3.325355,
                        55.607686
                    ],
                    [
                        -3.325577,
                        55.60761
                    ],
                    [
                        -3.326825,
                        55.607315
                    ],
                    [
                        -3.32713,
                        55.607209
                    ],
                    [
                        -3.327468,
                        55.607081
                    ],
                    [
                        -3.327794,
                        55.606914
                    ],
                    [
                        -3.327928,
                        55.606758
                    ],
                    [
                        -3.328078,
                        55.606509
                    ],
                    [
                        -3.328112,
                        55.606381
                    ],
                    [
                        -3.328092,
                        55.60621
                    ],
                    [
                        -3.328049,
                        55.605742
                    ],
                    [
                        -3.328035,
                        55.605522
                    ],
                    [
                        -3.328103,
                        55.605319
                    ],
                    [
                        -3.328487,
                        55.604934
                    ],
                    [
                        -3.329649,
                        55.60386
                    ],
                    [
                        -3.329811,
                        55.603728
                    ],
                    [
                        -3.330075,
                        55.603567
                    ],
                    [
                        -3.330533,
                        55.60343
                    ],
                    [
                        -3.331015,
                        55.603354
                    ],
                    [
                        -3.33144,
                        55.603328
                    ],
                    [
                        -3.331679,
                        55.60334
                    ],
                    [
                        -3.331863,
                        55.603367
                    ],
                    [
                        -3.332328,
                        55.603504
                    ],
                    [
                        -3.332578,
                        55.603559
                    ],
                    [
                        -3.332806,
                        55.60359
                    ],
                    [
                        -3.333596,
                        55.603637
                    ],
                    [
                        -3.335135,
                        55.603977
                    ],
                    [
                        -3.335823,
                        55.603945
                    ],
                    [
                        -3.338275,
                        55.603966
                    ],
                    [
                        -3.33912,
                        55.603874
                    ],
                    [
                        -3.340913,
                        55.603943
                    ],
                    [
                        -3.3424,
                        55.604139
                    ],
                    [
                        -3.345316,
                        55.604353
                    ],
                    [
                        -3.345982,
                        55.604299
                    ],
                    [
                        -3.346452,
                        55.604155
                    ],
                    [
                        -3.347618,
                        55.60366
                    ],
                    [
                        -3.348718,
                        55.603145
                    ],
                    [
                        -3.350433,
                        55.602647
                    ],
                    [
                        -3.351225,
                        55.602437
                    ],
                    [
                        -3.352211,
                        55.602135
                    ],
                    [
                        -3.352518,
                        55.602011
                    ],
                    [
                        -3.352813,
                        55.601861
                    ],
                    [
                        -3.353346,
                        55.601552
                    ],
                    [
                        -3.35354,
                        55.601485
                    ],
                    [
                        -3.355169,
                        55.601054
                    ],
                    [
                        -3.355564,
                        55.600923
                    ],
                    [
                        -3.357735,
                        55.600117
                    ],
                    [
                        -3.358549,
                        55.599872
                    ],
                    [
                        -3.358955,
                        55.599759
                    ],
                    [
                        -3.360474,
                        55.599428
                    ],
                    [
                        -3.362098,
                        55.599061
                    ],
                    [
                        -3.362736,
                        55.598911
                    ],
                    [
                        -3.36308,
                        55.598816
                    ],
                    [
                        -3.363372,
                        55.598711
                    ],
                    [
                        -3.364138,
                        55.598381
                    ],
                    [
                        -3.364782,
                        55.598131
                    ],
                    [
                        -3.365126,
                        55.597967
                    ],
                    [
                        -3.365601,
                        55.597697
                    ],
                    [
                        -3.367201,
                        55.596662
                    ],
                    [
                        -3.370128,
                        55.594953
                    ],
                    [
                        -3.371665,
                        55.594165
                    ],
                    [
                        -3.37197,
                        55.594038
                    ],
                    [
                        -3.372121,
                        55.593993
                    ],
                    [
                        -3.372301,
                        55.593961
                    ],
                    [
                        -3.372602,
                        55.593907
                    ],
                    [
                        -3.372774,
                        55.593797
                    ],
                    [
                        -3.373172,
                        55.59343
                    ],
                    [
                        -3.373594,
                        55.593111
                    ],
                    [
                        -3.373899,
                        55.592934
                    ],
                    [
                        -3.375706,
                        55.592008
                    ],
                    [
                        -3.3772,
                        55.591211
                    ],
                    [
                        -3.37738,
                        55.591127
                    ],
                    [
                        -3.377485,
                        55.591105
                    ],
                    [
                        -3.377692,
                        55.591113
                    ],
                    [
                        -3.37911,
                        55.591382
                    ],
                    [
                        -3.379543,
                        55.591443
                    ],
                    [
                        -3.380503,
                        55.591426
                    ],
                    [
                        -3.380871,
                        55.59145
                    ],
                    [
                        -3.381127,
                        55.591491
                    ],
                    [
                        -3.381642,
                        55.591609
                    ],
                    [
                        -3.382538,
                        55.591793
                    ],
                    [
                        -3.383052,
                        55.591863
                    ],
                    [
                        -3.383693,
                        55.591935
                    ],
                    [
                        -3.383923,
                        55.591998
                    ],
                    [
                        -3.386305,
                        55.593084
                    ],
                    [
                        -3.386514,
                        55.593155
                    ],
                    [
                        -3.386848,
                        55.593242
                    ],
                    [
                        -3.389857,
                        55.59382
                    ],
                    [
                        -3.391966,
                        55.59416
                    ],
                    [
                        -3.392722,
                        55.594281
                    ],
                    [
                        -3.392996,
                        55.594333
                    ],
                    [
                        -3.394082,
                        55.594646
                    ],
                    [
                        -3.395528,
                        55.595101
                    ],
                    [
                        -3.396292,
                        55.595318
                    ],
                    [
                        -3.396632,
                        55.595386
                    ],
                    [
                        -3.39868,
                        55.59563
                    ],
                    [
                        -3.399039,
                        55.595669
                    ],
                    [
                        -3.400991,
                        55.595746
                    ],
                    [
                        -3.401465,
                        55.595717
                    ],
                    [
                        -3.402634,
                        55.595609
                    ],
                    [
                        -3.402816,
                        55.595583
                    ],
                    [
                        -3.403125,
                        55.595488
                    ],
                    [
                        -3.403796,
                        55.595135
                    ],
                    [
                        -3.404032,
                        55.595045
                    ],
                    [
                        -3.404199,
                        55.594996
                    ],
                    [
                        -3.404506,
                        55.594955
                    ],
                    [
                        -3.404878,
                        55.594992
                    ],
                    [
                        -3.405261,
                        55.595063
                    ],
                    [
                        -3.40614,
                        55.595299
                    ],
                    [
                        -3.406187,
                        55.595046
                    ],
                    [
                        -3.406122,
                        55.594773
                    ],
                    [
                        -3.405951,
                        55.594433
                    ],
                    [
                        -3.405577,
                        55.593832
                    ],
                    [
                        -3.405184,
                        55.593182
                    ],
                    [
                        -3.405032,
                        55.59152
                    ],
                    [
                        -3.404694,
                        55.590839
                    ],
                    [
                        -3.404537,
                        55.59045
                    ],
                    [
                        -3.40438,
                        55.589884
                    ],
                    [
                        -3.403542,
                        55.588739
                    ],
                    [
                        -3.403198,
                        55.58832
                    ],
                    [
                        -3.402563,
                        55.587619
                    ],
                    [
                        -3.402176,
                        55.587347
                    ],
                    [
                        -3.401145,
                        55.586727
                    ],
                    [
                        -3.400827,
                        55.586361
                    ],
                    [
                        -3.400688,
                        55.585926
                    ],
                    [
                        -3.400515,
                        55.585684
                    ],
                    [
                        -3.400183,
                        55.585361
                    ],
                    [
                        -3.399227,
                        55.584563
                    ],
                    [
                        -3.399045,
                        55.584391
                    ],
                    [
                        -3.398757,
                        55.58354
                    ],
                    [
                        -3.398653,
                        55.582852
                    ],
                    [
                        -3.398681,
                        55.581975
                    ],
                    [
                        -3.398686,
                        55.581835
                    ],
                    [
                        -3.398302,
                        55.578621
                    ],
                    [
                        -3.398124,
                        55.577624
                    ],
                    [
                        -3.398036,
                        55.577336
                    ],
                    [
                        -3.396613,
                        55.574589
                    ],
                    [
                        -3.396211,
                        55.573996
                    ],
                    [
                        -3.396193,
                        55.573571
                    ],
                    [
                        -3.396766,
                        55.571645
                    ],
                    [
                        -3.396767,
                        55.571515
                    ],
                    [
                        -3.396727,
                        55.571382
                    ],
                    [
                        -3.396194,
                        55.570186
                    ],
                    [
                        -3.39617,
                        55.570132
                    ],
                    [
                        -3.395207,
                        55.567714
                    ],
                    [
                        -3.395089,
                        55.567516
                    ],
                    [
                        -3.39466,
                        55.567006
                    ],
                    [
                        -3.394518,
                        55.566766
                    ],
                    [
                        -3.394248,
                        55.566157
                    ],
                    [
                        -3.394185,
                        55.565904
                    ],
                    [
                        -3.394023,
                        55.564711
                    ],
                    [
                        -3.394002,
                        55.564178
                    ],
                    [
                        -3.39422,
                        55.563056
                    ],
                    [
                        -3.39491,
                        55.56224
                    ],
                    [
                        -3.395595,
                        55.561333
                    ],
                    [
                        -3.396223,
                        55.560828
                    ],
                    [
                        -3.396766,
                        55.560344
                    ],
                    [
                        -3.397324,
                        55.559891
                    ],
                    [
                        -3.398927,
                        55.558871
                    ],
                    [
                        -3.39912,
                        55.558717
                    ],
                    [
                        -3.399599,
                        55.558269
                    ],
                    [
                        -3.399853,
                        55.558113
                    ],
                    [
                        -3.400325,
                        55.55787
                    ],
                    [
                        -3.40057,
                        55.557683
                    ],
                    [
                        -3.40076,
                        55.557463
                    ],
                    [
                        -3.400889,
                        55.557088
                    ],
                    [
                        -3.401039,
                        55.556868
                    ],
                    [
                        -3.401234,
                        55.556663
                    ],
                    [
                        -3.401597,
                        55.556396
                    ],
                    [
                        -3.404478,
                        55.554526
                    ],
                    [
                        -3.405064,
                        55.554078
                    ],
                    [
                        -3.405568,
                        55.553483
                    ],
                    [
                        -3.405874,
                        55.553255
                    ],
                    [
                        -3.406389,
                        55.552932
                    ],
                    [
                        -3.407331,
                        55.552097
                    ],
                    [
                        -3.408638,
                        55.551027
                    ],
                    [
                        -3.409559,
                        55.550488
                    ],
                    [
                        -3.410133,
                        55.55001
                    ],
                    [
                        -3.410883,
                        55.54958
                    ],
                    [
                        -3.411383,
                        55.549326
                    ],
                    [
                        -3.411989,
                        55.5487
                    ],
                    [
                        -3.412197,
                        55.548432
                    ],
                    [
                        -3.412406,
                        55.54802
                    ],
                    [
                        -3.412635,
                        55.54774
                    ],
                    [
                        -3.413337,
                        55.547228
                    ],
                    [
                        -3.414527,
                        55.546129
                    ],
                    [
                        -3.414898,
                        55.545255
                    ],
                    [
                        -3.415023,
                        55.544503
                    ],
                    [
                        -3.414935,
                        55.544097
                    ],
                    [
                        -3.414142,
                        55.54251
                    ],
                    [
                        -3.414014,
                        55.542249
                    ],
                    [
                        -3.413945,
                        55.542106
                    ],
                    [
                        -3.41368,
                        55.541012
                    ],
                    [
                        -3.413469,
                        55.539828
                    ],
                    [
                        -3.41341,
                        55.539345
                    ],
                    [
                        -3.413345,
                        55.53897
                    ],
                    [
                        -3.413263,
                        55.538699
                    ],
                    [
                        -3.413232,
                        55.538618
                    ],
                    [
                        -3.412922,
                        55.538027
                    ],
                    [
                        -3.412302,
                        55.53706
                    ],
                    [
                        -3.412104,
                        55.536683
                    ],
                    [
                        -3.41143,
                        55.534581
                    ],
                    [
                        -3.411337,
                        55.534216
                    ],
                    [
                        -3.411306,
                        55.533766
                    ],
                    [
                        -3.411328,
                        55.533488
                    ],
                    [
                        -3.411458,
                        55.532768
                    ],
                    [
                        -3.411444,
                        55.532651
                    ],
                    [
                        -3.411297,
                        55.532316
                    ],
                    [
                        -3.410937,
                        55.531652
                    ],
                    [
                        -3.410197,
                        55.530568
                    ],
                    [
                        -3.409798,
                        55.530188
                    ],
                    [
                        -3.409482,
                        55.52992
                    ],
                    [
                        -3.409135,
                        55.529655
                    ],
                    [
                        -3.408413,
                        55.529193
                    ],
                    [
                        -3.408209,
                        55.52901
                    ],
                    [
                        -3.408145,
                        55.528906
                    ],
                    [
                        -3.408088,
                        55.528726
                    ],
                    [
                        -3.407992,
                        55.527951
                    ],
                    [
                        -3.407745,
                        55.527135
                    ],
                    [
                        -3.407762,
                        55.526869
                    ],
                    [
                        -3.407813,
                        55.526747
                    ],
                    [
                        -3.408622,
                        55.525414
                    ],
                    [
                        -3.408678,
                        55.525288
                    ],
                    [
                        -3.408825,
                        55.524886
                    ],
                    [
                        -3.408989,
                        55.524147
                    ],
                    [
                        -3.409139,
                        55.523624
                    ],
                    [
                        -3.409238,
                        55.523455
                    ],
                    [
                        -3.409293,
                        55.523361
                    ],
                    [
                        -3.409324,
                        55.523309
                    ],
                    [
                        -3.40955,
                        55.522975
                    ],
                    [
                        -3.409664,
                        55.522811
                    ],
                    [
                        -3.412117,
                        55.520249
                    ],
                    [
                        -3.412356,
                        55.519944
                    ],
                    [
                        -3.412474,
                        55.519802
                    ],
                    [
                        -3.412703,
                        55.519395
                    ],
                    [
                        -3.413099,
                        55.518788
                    ],
                    [
                        -3.41368,
                        55.518158
                    ],
                    [
                        -3.41409,
                        55.517848
                    ],
                    [
                        -3.415308,
                        55.517254
                    ],
                    [
                        -3.415545,
                        55.517074
                    ],
                    [
                        -3.419396,
                        55.513732
                    ],
                    [
                        -3.420992,
                        55.511905
                    ],
                    [
                        -3.42131,
                        55.511619
                    ],
                    [
                        -3.421645,
                        55.511374
                    ],
                    [
                        -3.421911,
                        55.511219
                    ],
                    [
                        -3.42357,
                        55.510315
                    ],
                    [
                        -3.42389,
                        55.510136
                    ],
                    [
                        -3.425337,
                        55.509312
                    ],
                    [
                        -3.42581,
                        55.509042
                    ],
                    [
                        -3.427091,
                        55.508247
                    ],
                    [
                        -3.428726,
                        55.507308
                    ],
                    [
                        -3.429268,
                        55.507023
                    ],
                    [
                        -3.4301,
                        55.506722
                    ],
                    [
                        -3.430482,
                        55.506538
                    ],
                    [
                        -3.431514,
                        55.505957
                    ],
                    [
                        -3.432706,
                        55.505373
                    ],
                    [
                        -3.434035,
                        55.50477
                    ],
                    [
                        -3.43517,
                        55.504264
                    ],
                    [
                        -3.436504,
                        55.503594
                    ],
                    [
                        -3.438169,
                        55.502836
                    ],
                    [
                        -3.438545,
                        55.50259
                    ],
                    [
                        -3.439826,
                        55.501612
                    ],
                    [
                        -3.440676,
                        55.500961
                    ],
                    [
                        -3.440938,
                        55.500778
                    ],
                    [
                        -3.441195,
                        55.500642
                    ],
                    [
                        -3.441495,
                        55.500532
                    ],
                    [
                        -3.442091,
                        55.500374
                    ],
                    [
                        -3.443331,
                        55.500135
                    ],
                    [
                        -3.443517,
                        55.500084
                    ],
                    [
                        -3.443812,
                        55.49997
                    ],
                    [
                        -3.444188,
                        55.499743
                    ],
                    [
                        -3.44467,
                        55.499357
                    ],
                    [
                        -3.44552,
                        55.498558
                    ],
                    [
                        -3.448528,
                        55.496018
                    ],
                    [
                        -3.448814,
                        55.495817
                    ],
                    [
                        -3.449368,
                        55.495523
                    ],
                    [
                        -3.451945,
                        55.494396
                    ],
                    [
                        -3.452643,
                        55.494105
                    ],
                    [
                        -3.4537,
                        55.493796
                    ],
                    [
                        -3.454375,
                        55.493541
                    ],
                    [
                        -3.455531,
                        55.493046
                    ],
                    [
                        -3.456013,
                        55.49284
                    ],
                    [
                        -3.456631,
                        55.492523
                    ],
                    [
                        -3.457781,
                        55.491885
                    ],
                    [
                        -3.458399,
                        55.491587
                    ],
                    [
                        -3.458997,
                        55.491331
                    ],
                    [
                        -3.459545,
                        55.491119
                    ],
                    [
                        -3.459987,
                        55.491001
                    ],
                    [
                        -3.460869,
                        55.490832
                    ],
                    [
                        -3.462923,
                        55.490398
                    ],
                    [
                        -3.464227,
                        55.490088
                    ],
                    [
                        -3.464733,
                        55.48993
                    ],
                    [
                        -3.465638,
                        55.489551
                    ],
                    [
                        -3.465902,
                        55.489402
                    ],
                    [
                        -3.466202,
                        55.489196
                    ],
                    [
                        -3.466934,
                        55.488644
                    ],
                    [
                        -3.467708,
                        55.487943
                    ],
                    [
                        -3.468278,
                        55.487456
                    ],
                    [
                        -3.469403,
                        55.486583
                    ],
                    [
                        -3.470852,
                        55.485756
                    ],
                    [
                        -3.471889,
                        55.485103
                    ],
                    [
                        -3.47252,
                        55.484754
                    ],
                    [
                        -3.473235,
                        55.48445
                    ],
                    [
                        -3.473902,
                        55.48422
                    ],
                    [
                        -3.474792,
                        55.483967
                    ],
                    [
                        -3.475371,
                        55.483785
                    ],
                    [
                        -3.475952,
                        55.483563
                    ],
                    [
                        -3.476256,
                        55.483416
                    ],
                    [
                        -3.476812,
                        55.483053
                    ],
                    [
                        -3.47797,
                        55.482492
                    ],
                    [
                        -3.479166,
                        55.481983
                    ],
                    [
                        -3.479706,
                        55.481727
                    ],
                    [
                        -3.480051,
                        55.481504
                    ],
                    [
                        -3.48045,
                        55.481198
                    ],
                    [
                        -3.4809,
                        55.480902
                    ],
                    [
                        -3.481703,
                        55.480486
                    ],
                    [
                        -3.482369,
                        55.480201
                    ],
                    [
                        -3.483834,
                        55.479699
                    ],
                    [
                        -3.484561,
                        55.479426
                    ],
                    [
                        -3.48591,
                        55.478855
                    ],
                    [
                        -3.486897,
                        55.478437
                    ],
                    [
                        -3.487508,
                        55.478119
                    ],
                    [
                        -3.488802,
                        55.47721
                    ],
                    [
                        -3.49056,
                        55.47638
                    ],
                    [
                        -3.491714,
                        55.475928
                    ],
                    [
                        -3.492315,
                        55.475621
                    ],
                    [
                        -3.492902,
                        55.475218
                    ],
                    [
                        -3.493311,
                        55.474867
                    ],
                    [
                        -3.493743,
                        55.474445
                    ],
                    [
                        -3.494451,
                        55.473398
                    ],
                    [
                        -3.49579,
                        55.470765
                    ],
                    [
                        -3.495981,
                        55.470128
                    ],
                    [
                        -3.496375,
                        55.468128
                    ],
                    [
                        -3.496709,
                        55.467582
                    ],
                    [
                        -3.496809,
                        55.467248
                    ],
                    [
                        -3.496854,
                        55.467096
                    ],
                    [
                        -3.496957,
                        55.466197
                    ],
                    [
                        -3.497442,
                        55.462971
                    ],
                    [
                        -3.497673,
                        55.46112
                    ],
                    [
                        -3.498119,
                        55.459929
                    ],
                    [
                        -3.498584,
                        55.458686
                    ],
                    [
                        -3.498804,
                        55.458337
                    ],
                    [
                        -3.49999,
                        55.456841
                    ],
                    [
                        -3.500212,
                        55.456477
                    ],
                    [
                        -3.500282,
                        55.45609
                    ],
                    [
                        -3.500254,
                        55.455582
                    ],
                    [
                        -3.500081,
                        55.453965
                    ],
                    [
                        -3.499839,
                        55.452748
                    ],
                    [
                        -3.499195,
                        55.449513
                    ],
                    [
                        -3.499135,
                        55.449088
                    ],
                    [
                        -3.49923,
                        55.447898
                    ],
                    [
                        -3.499383,
                        55.446681
                    ],
                    [
                        -3.499222,
                        55.446049
                    ],
                    [
                        -3.499176,
                        55.44564
                    ],
                    [
                        -3.499252,
                        55.445225
                    ],
                    [
                        -3.499405,
                        55.444888
                    ],
                    [
                        -3.499713,
                        55.444277
                    ],
                    [
                        -3.500057,
                        55.443543
                    ],
                    [
                        -3.50027,
                        55.443143
                    ],
                    [
                        -3.50043,
                        55.442959
                    ],
                    [
                        -3.500617,
                        55.442802
                    ],
                    [
                        -3.501106,
                        55.442507
                    ],
                    [
                        -3.503207,
                        55.441639
                    ],
                    [
                        -3.504467,
                        55.44084
                    ],
                    [
                        -3.504826,
                        55.440476
                    ],
                    [
                        -3.504929,
                        55.440283
                    ],
                    [
                        -3.504976,
                        55.440067
                    ],
                    [
                        -3.50506,
                        55.439369
                    ],
                    [
                        -3.505396,
                        55.437961
                    ],
                    [
                        -3.505696,
                        55.436706
                    ],
                    [
                        -3.506241,
                        55.435186
                    ],
                    [
                        -3.50634,
                        55.434722
                    ],
                    [
                        -3.506363,
                        55.434239
                    ],
                    [
                        -3.506196,
                        55.432601
                    ],
                    [
                        -3.506074,
                        55.430956
                    ],
                    [
                        -3.50598,
                        55.430499
                    ],
                    [
                        -3.50512,
                        55.428122
                    ],
                    [
                        -3.504837,
                        55.427688
                    ],
                    [
                        -3.503768,
                        55.426417
                    ],
                    [
                        -3.502981,
                        55.425481
                    ],
                    [
                        -3.502664,
                        55.424852
                    ],
                    [
                        -3.502604,
                        55.423894
                    ],
                    [
                        -3.502629,
                        55.423001
                    ],
                    [
                        -3.502585,
                        55.422543
                    ],
                    [
                        -3.502441,
                        55.422104
                    ],
                    [
                        -3.501733,
                        55.421108
                    ],
                    [
                        -3.501512,
                        55.420674
                    ],
                    [
                        -3.501254,
                        55.420086
                    ],
                    [
                        -3.501234,
                        55.419771
                    ],
                    [
                        -3.501211,
                        55.419408
                    ],
                    [
                        -3.501297,
                        55.41864
                    ],
                    [
                        -3.501439,
                        55.418228
                    ],
                    [
                        -3.501805,
                        55.417602
                    ],
                    [
                        -3.501982,
                        55.417174
                    ],
                    [
                        -3.502175,
                        55.416554
                    ],
                    [
                        -3.502388,
                        55.416194
                    ],
                    [
                        -3.50279,
                        55.415834
                    ],
                    [
                        -3.504396,
                        55.414694
                    ],
                    [
                        -3.505464,
                        55.414051
                    ],
                    [
                        -3.506371,
                        55.413404
                    ],
                    [
                        -3.50676,
                        55.41301
                    ],
                    [
                        -3.507038,
                        55.412628
                    ],
                    [
                        -3.507319,
                        55.412194
                    ],
                    [
                        -3.507479,
                        55.411878
                    ],
                    [
                        -3.507231,
                        55.410547
                    ],
                    [
                        -3.507272,
                        55.410065
                    ],
                    [
                        -3.507646,
                        55.40886
                    ],
                    [
                        -3.508007,
                        55.408022
                    ],
                    [
                        -3.508329,
                        55.407622
                    ],
                    [
                        -3.508935,
                        55.407157
                    ],
                    [
                        -3.509182,
                        55.406895
                    ],
                    [
                        -3.509349,
                        55.406455
                    ],
                    [
                        -3.509356,
                        55.406193
                    ],
                    [
                        -3.509209,
                        55.40582
                    ],
                    [
                        -3.508614,
                        55.404738
                    ],
                    [
                        -3.508237,
                        55.40436
                    ],
                    [
                        -3.507817,
                        55.40401
                    ],
                    [
                        -3.50607,
                        55.402999
                    ],
                    [
                        -3.505375,
                        55.402506
                    ],
                    [
                        -3.505071,
                        55.402333
                    ],
                    [
                        -3.504917,
                        55.402246
                    ],
                    [
                        -3.504142,
                        55.401924
                    ],
                    [
                        -3.50371,
                        55.401813
                    ],
                    [
                        -3.5006,
                        55.401106
                    ],
                    [
                        -3.498934,
                        55.400742
                    ],
                    [
                        -3.496166,
                        55.40003
                    ],
                    [
                        -3.493356,
                        55.399286
                    ],
                    [
                        -3.491349,
                        55.398773
                    ],
                    [
                        -3.490601,
                        55.398486
                    ],
                    [
                        -3.488815,
                        55.397192
                    ],
                    [
                        -3.48834,
                        55.396993
                    ],
                    [
                        -3.487723,
                        55.396921
                    ],
                    [
                        -3.487469,
                        55.396911
                    ],
                    [
                        -3.4869,
                        55.396966
                    ],
                    [
                        -3.486324,
                        55.397162
                    ],
                    [
                        -3.48582,
                        55.397382
                    ],
                    [
                        -3.485014,
                        55.397671
                    ],
                    [
                        -3.484773,
                        55.397732
                    ],
                    [
                        -3.484575,
                        55.397761
                    ],
                    [
                        -3.483991,
                        55.39775
                    ],
                    [
                        -3.482187,
                        55.397372
                    ],
                    [
                        -3.481829,
                        55.397234
                    ],
                    [
                        -3.48162,
                        55.397002
                    ],
                    [
                        -3.481461,
                        55.396405
                    ],
                    [
                        -3.481377,
                        55.396238
                    ],
                    [
                        -3.481007,
                        55.395791
                    ],
                    [
                        -3.480259,
                        55.395026
                    ],
                    [
                        -3.480101,
                        55.39475
                    ],
                    [
                        -3.480119,
                        55.394435
                    ],
                    [
                        -3.480268,
                        55.394138
                    ],
                    [
                        -3.480515,
                        55.393879
                    ],
                    [
                        -3.480817,
                        55.393579
                    ],
                    [
                        -3.48228,
                        55.392748
                    ],
                    [
                        -3.482854,
                        55.392339
                    ],
                    [
                        -3.483452,
                        55.391721
                    ],
                    [
                        -3.483732,
                        55.391372
                    ],
                    [
                        -3.48395,
                        55.390669
                    ],
                    [
                        -3.484828,
                        55.389125
                    ],
                    [
                        -3.485148,
                        55.388706
                    ],
                    [
                        -3.485665,
                        55.387984
                    ],
                    [
                        -3.486292,
                        55.387319
                    ],
                    [
                        -3.486357,
                        55.387078
                    ],
                    [
                        -3.486418,
                        55.386297
                    ],
                    [
                        -3.48631,
                        55.385378
                    ],
                    [
                        -3.486194,
                        55.385186
                    ],
                    [
                        -3.485235,
                        55.384542
                    ],
                    [
                        -3.484747,
                        55.384093
                    ],
                    [
                        -3.483844,
                        55.382611
                    ],
                    [
                        -3.482823,
                        55.381475
                    ],
                    [
                        -3.482227,
                        55.380447
                    ],
                    [
                        -3.481302,
                        55.379042
                    ],
                    [
                        -3.480737,
                        55.378535
                    ],
                    [
                        -3.479473,
                        55.377693
                    ],
                    [
                        -3.477823,
                        55.376645
                    ],
                    [
                        -3.477418,
                        55.376277
                    ],
                    [
                        -3.477234,
                        55.375974
                    ],
                    [
                        -3.477124,
                        55.375619
                    ],
                    [
                        -3.476744,
                        55.373129
                    ],
                    [
                        -3.47676,
                        55.371829
                    ],
                    [
                        -3.476644,
                        55.371428
                    ],
                    [
                        -3.47642,
                        55.371013
                    ],
                    [
                        -3.475164,
                        55.369183
                    ],
                    [
                        -3.474858,
                        55.368593
                    ],
                    [
                        -3.474704,
                        55.368089
                    ],
                    [
                        -3.474599,
                        55.367418
                    ],
                    [
                        -3.474662,
                        55.366915
                    ],
                    [
                        -3.47508,
                        55.365785
                    ],
                    [
                        -3.475243,
                        55.365459
                    ],
                    [
                        -3.476162,
                        55.364313
                    ],
                    [
                        -3.476351,
                        55.364139
                    ],
                    [
                        -3.4765,
                        55.364039
                    ],
                    [
                        -3.476685,
                        55.363955
                    ],
                    [
                        -3.477091,
                        55.363839
                    ],
                    [
                        -3.477304,
                        55.363808
                    ],
                    [
                        -3.477899,
                        55.363766
                    ],
                    [
                        -3.478209,
                        55.36367
                    ],
                    [
                        -3.478375,
                        55.363527
                    ],
                    [
                        -3.478406,
                        55.363462
                    ],
                    [
                        -3.478385,
                        55.363312
                    ],
                    [
                        -3.47831,
                        55.363112
                    ],
                    [
                        -3.478099,
                        55.362775
                    ],
                    [
                        -3.477692,
                        55.362255
                    ],
                    [
                        -3.477085,
                        55.361534
                    ],
                    [
                        -3.476872,
                        55.361314
                    ],
                    [
                        -3.476694,
                        55.36117
                    ],
                    [
                        -3.4761,
                        55.360765
                    ],
                    [
                        -3.47571,
                        55.36047
                    ],
                    [
                        -3.475365,
                        55.360125
                    ],
                    [
                        -3.474808,
                        55.359339
                    ],
                    [
                        -3.474443,
                        55.359011
                    ],
                    [
                        -3.47418,
                        55.358842
                    ],
                    [
                        -3.473313,
                        55.35837
                    ],
                    [
                        -3.47313,
                        55.358248
                    ],
                    [
                        -3.471957,
                        55.357291
                    ],
                    [
                        -3.471705,
                        55.357041
                    ],
                    [
                        -3.470485,
                        55.355665
                    ],
                    [
                        -3.47,
                        55.355211
                    ],
                    [
                        -3.469862,
                        55.355094
                    ],
                    [
                        -3.467851,
                        55.353629
                    ],
                    [
                        -3.466928,
                        55.352893
                    ],
                    [
                        -3.465975,
                        55.352291
                    ],
                    [
                        -3.465417,
                        55.351843
                    ],
                    [
                        -3.464871,
                        55.351165
                    ],
                    [
                        -3.463845,
                        55.349975
                    ],
                    [
                        -3.463427,
                        55.349354
                    ],
                    [
                        -3.463272,
                        55.349256
                    ],
                    [
                        -3.462535,
                        55.348791
                    ],
                    [
                        -3.462358,
                        55.348487
                    ],
                    [
                        -3.462254,
                        55.347836
                    ],
                    [
                        -3.461876,
                        55.347288
                    ],
                    [
                        -3.461053,
                        55.346271
                    ],
                    [
                        -3.460921,
                        55.345927
                    ],
                    [
                        -3.460617,
                        55.3455
                    ],
                    [
                        -3.460311,
                        55.345136
                    ],
                    [
                        -3.460267,
                        55.344271
                    ],
                    [
                        -3.459867,
                        55.343723
                    ],
                    [
                        -3.459694,
                        55.343297
                    ],
                    [
                        -3.459489,
                        55.342952
                    ],
                    [
                        -3.459361,
                        55.342388
                    ],
                    [
                        -3.45889,
                        55.341596
                    ],
                    [
                        -3.458831,
                        55.341248
                    ],
                    [
                        -3.458735,
                        55.341101
                    ],
                    [
                        -3.458613,
                        55.34094
                    ],
                    [
                        -3.458151,
                        55.340694
                    ],
                    [
                        -3.457766,
                        55.340553
                    ],
                    [
                        -3.457595,
                        55.340458
                    ],
                    [
                        -3.457487,
                        55.340361
                    ],
                    [
                        -3.457346,
                        55.340196
                    ],
                    [
                        -3.457244,
                        55.340018
                    ],
                    [
                        -3.457204,
                        55.339851
                    ],
                    [
                        -3.457265,
                        55.339368
                    ],
                    [
                        -3.457257,
                        55.33918
                    ],
                    [
                        -3.457123,
                        55.338916
                    ],
                    [
                        -3.45697,
                        55.338777
                    ],
                    [
                        -3.455984,
                        55.338028
                    ],
                    [
                        -3.455734,
                        55.33787
                    ],
                    [
                        -3.455419,
                        55.337695
                    ],
                    [
                        -3.455168,
                        55.337589
                    ],
                    [
                        -3.454863,
                        55.337481
                    ],
                    [
                        -3.454578,
                        55.337406
                    ],
                    [
                        -3.454253,
                        55.337338
                    ],
                    [
                        -3.453793,
                        55.337268
                    ],
                    [
                        -3.453306,
                        55.337231
                    ],
                    [
                        -3.452873,
                        55.337229
                    ],
                    [
                        -3.451331,
                        55.33726
                    ],
                    [
                        -3.45093,
                        55.337241
                    ],
                    [
                        -3.450467,
                        55.337198
                    ],
                    [
                        -3.44997,
                        55.33712
                    ],
                    [
                        -3.449182,
                        55.336943
                    ],
                    [
                        -3.448843,
                        55.336849
                    ],
                    [
                        -3.447698,
                        55.336474
                    ],
                    [
                        -3.447117,
                        55.336279
                    ],
                    [
                        -3.446434,
                        55.336035
                    ],
                    [
                        -3.44618,
                        55.335965
                    ],
                    [
                        -3.445788,
                        55.335698
                    ],
                    [
                        -3.445765,
                        55.335663
                    ],
                    [
                        -3.445703,
                        55.335567
                    ],
                    [
                        -3.445648,
                        55.335389
                    ],
                    [
                        -3.445546,
                        55.334865
                    ],
                    [
                        -3.445504,
                        55.334649
                    ],
                    [
                        -3.445483,
                        55.334544
                    ],
                    [
                        -3.445451,
                        55.334381
                    ],
                    [
                        -3.445364,
                        55.334097
                    ],
                    [
                        -3.445294,
                        55.333993
                    ],
                    [
                        -3.444927,
                        55.333647
                    ],
                    [
                        -3.444676,
                        55.333378
                    ],
                    [
                        -3.444443,
                        55.333129
                    ],
                    [
                        -3.444173,
                        55.33284
                    ],
                    [
                        -3.444095,
                        55.332721
                    ],
                    [
                        -3.444057,
                        55.332603
                    ],
                    [
                        -3.444027,
                        55.332324
                    ],
                    [
                        -3.444022,
                        55.332163
                    ],
                    [
                        -3.444007,
                        55.331582
                    ],
                    [
                        -3.44405,
                        55.33133
                    ],
                    [
                        -3.444181,
                        55.330964
                    ],
                    [
                        -3.444348,
                        55.330701
                    ],
                    [
                        -3.444763,
                        55.330214
                    ],
                    [
                        -3.445111,
                        55.329876
                    ],
                    [
                        -3.445783,
                        55.329225
                    ],
                    [
                        -3.446856,
                        55.328197
                    ],
                    [
                        -3.447037,
                        55.327966
                    ],
                    [
                        -3.447187,
                        55.32763
                    ],
                    [
                        -3.447226,
                        55.327429
                    ],
                    [
                        -3.44727,
                        55.327188
                    ],
                    [
                        -3.447227,
                        55.326293
                    ],
                    [
                        -3.447228,
                        55.325791
                    ],
                    [
                        -3.447156,
                        55.325445
                    ],
                    [
                        -3.446914,
                        55.325085
                    ],
                    [
                        -3.446752,
                        55.324745
                    ],
                    [
                        -3.446597,
                        55.32345
                    ],
                    [
                        -3.446458,
                        55.32302
                    ],
                    [
                        -3.446379,
                        55.322893
                    ],
                    [
                        -3.445536,
                        55.321427
                    ],
                    [
                        -3.445318,
                        55.320914
                    ],
                    [
                        -3.445258,
                        55.320533
                    ],
                    [
                        -3.445243,
                        55.320198
                    ],
                    [
                        -3.445317,
                        55.319904
                    ],
                    [
                        -3.445449,
                        55.319549
                    ],
                    [
                        -3.445757,
                        55.319091
                    ],
                    [
                        -3.44603,
                        55.318778
                    ],
                    [
                        -3.446464,
                        55.318437
                    ],
                    [
                        -3.449319,
                        55.316567
                    ],
                    [
                        -3.449931,
                        55.316142
                    ],
                    [
                        -3.450478,
                        55.315687
                    ],
                    [
                        -3.452149,
                        55.314409
                    ],
                    [
                        -3.452622,
                        55.31403
                    ],
                    [
                        -3.452709,
                        55.313804
                    ],
                    [
                        -3.452711,
                        55.313763
                    ],
                    [
                        -3.45266,
                        55.313644
                    ],
                    [
                        -3.452546,
                        55.3135
                    ],
                    [
                        -3.451889,
                        55.312908
                    ],
                    [
                        -3.450769,
                        55.312176
                    ],
                    [
                        -3.450187,
                        55.311732
                    ],
                    [
                        -3.449343,
                        55.311044
                    ],
                    [
                        -3.44851,
                        55.310291
                    ],
                    [
                        -3.448006,
                        55.30973
                    ],
                    [
                        -3.447736,
                        55.309274
                    ],
                    [
                        -3.446555,
                        55.307736
                    ],
                    [
                        -3.445068,
                        55.304263
                    ],
                    [
                        -3.441767,
                        55.29676
                    ],
                    [
                        -3.440631,
                        55.294466
                    ],
                    [
                        -3.439899,
                        55.293269
                    ],
                    [
                        -3.438936,
                        55.291937
                    ],
                    [
                        -3.437811,
                        55.290576
                    ],
                    [
                        -3.437635,
                        55.290373
                    ],
                    [
                        -3.436524,
                        55.289205
                    ],
                    [
                        -3.435663,
                        55.288385
                    ],
                    [
                        -3.434951,
                        55.287764
                    ],
                    [
                        -3.432041,
                        55.285391
                    ],
                    [
                        -3.430168,
                        55.283895
                    ],
                    [
                        -3.428005,
                        55.281936
                    ],
                    [
                        -3.424664,
                        55.278488
                    ],
                    [
                        -3.423406,
                        55.277161
                    ],
                    [
                        -3.421201,
                        55.274596
                    ],
                    [
                        -3.420648,
                        55.273892
                    ],
                    [
                        -3.419723,
                        55.272501
                    ],
                    [
                        -3.419661,
                        55.272393
                    ],
                    [
                        -3.419057,
                        55.271362
                    ],
                    [
                        -3.418543,
                        55.270319
                    ],
                    [
                        -3.418063,
                        55.269213
                    ],
                    [
                        -3.417621,
                        55.267885
                    ],
                    [
                        -3.417283,
                        55.266422
                    ],
                    [
                        -3.417059,
                        55.26529
                    ],
                    [
                        -3.416804,
                        55.264269
                    ],
                    [
                        -3.416334,
                        55.262904
                    ],
                    [
                        -3.415757,
                        55.2616
                    ],
                    [
                        -3.415062,
                        55.260255
                    ],
                    [
                        -3.413957,
                        55.258575
                    ],
                    [
                        -3.413046,
                        55.257354
                    ],
                    [
                        -3.412253,
                        55.256165
                    ],
                    [
                        -3.411505,
                        55.254857
                    ],
                    [
                        -3.411167,
                        55.254171
                    ],
                    [
                        -3.410785,
                        55.253307
                    ],
                    [
                        -3.410401,
                        55.252306
                    ],
                    [
                        -3.410114,
                        55.251407
                    ],
                    [
                        -3.409591,
                        55.249171
                    ],
                    [
                        -3.409399,
                        55.247932
                    ],
                    [
                        -3.40924,
                        55.246668
                    ],
                    [
                        -3.409128,
                        55.244497
                    ],
                    [
                        -3.409162,
                        55.243143
                    ],
                    [
                        -3.409235,
                        55.242026
                    ],
                    [
                        -3.409357,
                        55.240927
                    ],
                    [
                        -3.409558,
                        55.239823
                    ],
                    [
                        -3.409755,
                        55.239041
                    ],
                    [
                        -3.410016,
                        55.238287
                    ],
                    [
                        -3.411601,
                        55.234817
                    ],
                    [
                        -3.412157,
                        55.233252
                    ],
                    [
                        -3.412546,
                        55.231794
                    ],
                    [
                        -3.412802,
                        55.230385
                    ],
                    [
                        -3.41291,
                        55.229459
                    ],
                    [
                        -3.41298,
                        55.227944
                    ],
                    [
                        -3.412958,
                        55.226405
                    ],
                    [
                        -3.412794,
                        55.219652
                    ],
                    [
                        -3.412782,
                        55.219041
                    ],
                    [
                        -3.412651,
                        55.21352
                    ],
                    [
                        -3.41264,
                        55.212855
                    ],
                    [
                        -3.412608,
                        55.211798
                    ],
                    [
                        -3.412557,
                        55.209749
                    ],
                    [
                        -3.412468,
                        55.208173
                    ],
                    [
                        -3.412313,
                        55.206555
                    ],
                    [
                        -3.412134,
                        55.205232
                    ],
                    [
                        -3.411927,
                        55.203975
                    ],
                    [
                        -3.411654,
                        55.20261
                    ],
                    [
                        -3.411381,
                        55.201394
                    ],
                    [
                        -3.410786,
                        55.199198
                    ],
                    [
                        -3.40547,
                        55.182078
                    ],
                    [
                        -3.405215,
                        55.181269
                    ],
                    [
                        -3.404849,
                        55.180243
                    ],
                    [
                        -3.404231,
                        55.179079
                    ],
                    [
                        -3.403322,
                        55.177939
                    ],
                    [
                        -3.402365,
                        55.177043
                    ],
                    [
                        -3.40084,
                        55.175887
                    ],
                    [
                        -3.399498,
                        55.175114
                    ],
                    [
                        -3.397148,
                        55.173693
                    ],
                    [
                        -3.39665,
                        55.173337
                    ],
                    [
                        -3.396531,
                        55.173252
                    ],
                    [
                        -3.395324,
                        55.172389
                    ],
                    [
                        -3.393819,
                        55.171139
                    ],
                    [
                        -3.390199,
                        55.167753
                    ],
                    [
                        -3.389433,
                        55.166904
                    ],
                    [
                        -3.388586,
                        55.166007
                    ],
                    [
                        -3.387961,
                        55.165159
                    ],
                    [
                        -3.387636,
                        55.164612
                    ],
                    [
                        -3.387347,
                        55.163977
                    ],
                    [
                        -3.386487,
                        55.161589
                    ],
                    [
                        -3.382354,
                        55.150202
                    ],
                    [
                        -3.382025,
                        55.149355
                    ],
                    [
                        -3.381596,
                        55.148648
                    ],
                    [
                        -3.38115,
                        55.147997
                    ],
                    [
                        -3.380593,
                        55.147307
                    ],
                    [
                        -3.379672,
                        55.146436
                    ],
                    [
                        -3.379005,
                        55.145885
                    ],
                    [
                        -3.378209,
                        55.145313
                    ],
                    [
                        -3.37609,
                        55.143845
                    ],
                    [
                        -3.374939,
                        55.14294
                    ],
                    [
                        -3.374004,
                        55.142082
                    ],
                    [
                        -3.373184,
                        55.141268
                    ],
                    [
                        -3.372467,
                        55.140454
                    ],
                    [
                        -3.371995,
                        55.139822
                    ],
                    [
                        -3.370873,
                        55.138078
                    ],
                    [
                        -3.366122,
                        55.128047
                    ],
                    [
                        -3.36569,
                        55.12717
                    ],
                    [
                        -3.364789,
                        55.125232
                    ],
                    [
                        -3.36326,
                        55.121852
                    ],
                    [
                        -3.362343,
                        55.120073
                    ],
                    [
                        -3.361136,
                        55.117956
                    ],
                    [
                        -3.360551,
                        55.11703
                    ],
                    [
                        -3.359864,
                        55.116008
                    ],
                    [
                        -3.358317,
                        55.11392
                    ],
                    [
                        -3.356736,
                        55.111901
                    ],
                    [
                        -3.354661,
                        55.10931
                    ],
                    [
                        -3.352864,
                        55.107223
                    ],
                    [
                        -3.35206,
                        55.106389
                    ],
                    [
                        -3.351147,
                        55.105566
                    ],
                    [
                        -3.3502,
                        55.104785
                    ],
                    [
                        -3.348797,
                        55.103782
                    ],
                    [
                        -3.347958,
                        55.10323
                    ],
                    [
                        -3.347205,
                        55.102777
                    ],
                    [
                        -3.346017,
                        55.102122
                    ],
                    [
                        -3.345454,
                        55.101836
                    ],
                    [
                        -3.344461,
                        55.101367
                    ],
                    [
                        -3.34344,
                        55.100917
                    ],
                    [
                        -3.342646,
                        55.100596
                    ],
                    [
                        -3.341771,
                        55.100266
                    ],
                    [
                        -3.340289,
                        55.099766
                    ],
                    [
                        -3.33862,
                        55.099249
                    ],
                    [
                        -3.337569,
                        55.098968
                    ],
                    [
                        -3.335167,
                        55.098386
                    ],
                    [
                        -3.33354,
                        55.09797
                    ],
                    [
                        -3.331824,
                        55.097467
                    ],
                    [
                        -3.330326,
                        55.096994
                    ],
                    [
                        -3.3289,
                        55.096494
                    ],
                    [
                        -3.327615,
                        55.096012
                    ],
                    [
                        -3.32626,
                        55.095445
                    ],
                    [
                        -3.325858,
                        55.095281
                    ],
                    [
                        -3.324788,
                        55.094781
                    ],
                    [
                        -3.324026,
                        55.094366
                    ],
                    [
                        -3.323325,
                        55.09394
                    ],
                    [
                        -3.322637,
                        55.093442
                    ],
                    [
                        -3.322083,
                        55.093013
                    ],
                    [
                        -3.321508,
                        55.092481
                    ],
                    [
                        -3.320933,
                        55.091856
                    ],
                    [
                        -3.320599,
                        55.091447
                    ],
                    [
                        -3.320072,
                        55.09061
                    ],
                    [
                        -3.318612,
                        55.08752
                    ],
                    [
                        -3.318492,
                        55.087265
                    ],
                    [
                        -3.316867,
                        55.084053
                    ],
                    [
                        -3.316759,
                        55.083835
                    ],
                    [
                        -3.316152,
                        55.08272
                    ],
                    [
                        -3.315513,
                        55.081788
                    ],
                    [
                        -3.315173,
                        55.081374
                    ],
                    [
                        -3.314792,
                        55.080947
                    ],
                    [
                        -3.314274,
                        55.080414
                    ],
                    [
                        -3.312955,
                        55.07925
                    ],
                    [
                        -3.311857,
                        55.078432
                    ],
                    [
                        -3.310827,
                        55.077729
                    ],
                    [
                        -3.309438,
                        55.076874
                    ],
                    [
                        -3.307832,
                        55.075998
                    ],
                    [
                        -3.305153,
                        55.074798
                    ],
                    [
                        -3.302398,
                        55.073747
                    ],
                    [
                        -3.296205,
                        55.071921
                    ],
                    [
                        -3.288112,
                        55.069142
                    ],
                    [
                        -3.285388,
                        55.068281
                    ],
                    [
                        -3.283399,
                        55.067678
                    ],
                    [
                        -3.28069,
                        55.066927
                    ],
                    [
                        -3.279179,
                        55.066541
                    ],
                    [
                        -3.276512,
                        55.065909
                    ],
                    [
                        -3.274045,
                        55.065394
                    ],
                    [
                        -3.271479,
                        55.064917
                    ],
                    [
                        -3.269257,
                        55.064557
                    ],
                    [
                        -3.267059,
                        55.064229
                    ],
                    [
                        -3.266072,
                        55.064054
                    ],
                    [
                        -3.265154,
                        55.063858
                    ],
                    [
                        -3.26421,
                        55.063608
                    ],
                    [
                        -3.263373,
                        55.063348
                    ],
                    [
                        -3.262603,
                        55.063087
                    ],
                    [
                        -3.261839,
                        55.062787
                    ],
                    [
                        -3.261185,
                        55.062494
                    ],
                    [
                        -3.260635,
                        55.062215
                    ],
                    [
                        -3.259807,
                        55.061735
                    ],
                    [
                        -3.25894,
                        55.061152
                    ],
                    [
                        -3.25722,
                        55.059841
                    ],
                    [
                        -3.256196,
                        55.05912
                    ],
                    [
                        -3.255792,
                        55.058852
                    ],
                    [
                        -3.255268,
                        55.058538
                    ],
                    [
                        -3.254583,
                        55.058161
                    ],
                    [
                        -3.253546,
                        55.057669
                    ],
                    [
                        -3.252805,
                        55.057368
                    ],
                    [
                        -3.252054,
                        55.0571
                    ],
                    [
                        -3.25127,
                        55.056845
                    ],
                    [
                        -3.250003,
                        55.056499
                    ],
                    [
                        -3.248648,
                        55.056237
                    ],
                    [
                        -3.246785,
                        55.055977
                    ],
                    [
                        -3.245268,
                        55.05588
                    ],
                    [
                        -3.243218,
                        55.055818
                    ],
                    [
                        -3.241022,
                        55.055829
                    ],
                    [
                        -3.237282,
                        55.055679
                    ],
                    [
                        -3.234753,
                        55.055461
                    ],
                    [
                        -3.232143,
                        55.055122
                    ],
                    [
                        -3.229196,
                        55.054608
                    ],
                    [
                        -3.227338,
                        55.054207
                    ],
                    [
                        -3.226531,
                        55.053982
                    ],
                    [
                        -3.224261,
                        55.053393
                    ],
                    [
                        -3.221645,
                        55.052636
                    ],
                    [
                        -3.218131,
                        55.051503
                    ],
                    [
                        -3.216628,
                        55.050967
                    ],
                    [
                        -3.214434,
                        55.050253
                    ],
                    [
                        -3.212716,
                        55.049793
                    ],
                    [
                        -3.211407,
                        55.049458
                    ],
                    [
                        -3.210702,
                        55.049296
                    ],
                    [
                        -3.209246,
                        55.048976
                    ],
                    [
                        -3.207415,
                        55.048614
                    ],
                    [
                        -3.204393,
                        55.048131
                    ],
                    [
                        -3.19935,
                        55.047297
                    ],
                    [
                        -3.194339,
                        55.046351
                    ],
                    [
                        -3.190714,
                        55.045438
                    ],
                    [
                        -3.187801,
                        55.044364
                    ],
                    [
                        -3.183858,
                        55.042829
                    ],
                    [
                        -3.18236,
                        55.042212
                    ],
                    [
                        -3.181466,
                        55.041812
                    ],
                    [
                        -3.180662,
                        55.041399
                    ],
                    [
                        -3.179923,
                        55.040996
                    ],
                    [
                        -3.179182,
                        55.040556
                    ],
                    [
                        -3.178515,
                        55.040141
                    ],
                    [
                        -3.177707,
                        55.039607
                    ],
                    [
                        -3.176844,
                        55.038981
                    ],
                    [
                        -3.176116,
                        55.038418
                    ],
                    [
                        -3.175391,
                        55.037816
                    ],
                    [
                        -3.173901,
                        55.036447
                    ],
                    [
                        -3.173059,
                        55.035752
                    ],
                    [
                        -3.172167,
                        55.035067
                    ],
                    [
                        -3.171092,
                        55.034357
                    ],
                    [
                        -3.169827,
                        55.033592
                    ],
                    [
                        -3.169274,
                        55.033281
                    ],
                    [
                        -3.168682,
                        55.032983
                    ],
                    [
                        -3.167427,
                        55.032391
                    ],
                    [
                        -3.165982,
                        55.031801
                    ],
                    [
                        -3.164431,
                        55.031251
                    ],
                    [
                        -3.162729,
                        55.030721
                    ],
                    [
                        -3.161201,
                        55.030322
                    ],
                    [
                        -3.159291,
                        55.029932
                    ],
                    [
                        -3.158205,
                        55.029743
                    ],
                    [
                        -3.157393,
                        55.029621
                    ],
                    [
                        -3.155125,
                        55.029345
                    ],
                    [
                        -3.152836,
                        55.029164
                    ],
                    [
                        -3.143015,
                        55.028453
                    ],
                    [
                        -3.139193,
                        55.028212
                    ],
                    [
                        -3.138054,
                        55.028127
                    ],
                    [
                        -3.137142,
                        55.028027
                    ],
                    [
                        -3.136406,
                        55.027929
                    ],
                    [
                        -3.135368,
                        55.027755
                    ],
                    [
                        -3.13405,
                        55.027476
                    ],
                    [
                        -3.133344,
                        55.027297
                    ],
                    [
                        -3.132479,
                        55.027042
                    ],
                    [
                        -3.131053,
                        55.026553
                    ],
                    [
                        -3.130045,
                        55.026143
                    ],
                    [
                        -3.129449,
                        55.025873
                    ],
                    [
                        -3.128774,
                        55.025527
                    ],
                    [
                        -3.128125,
                        55.025166
                    ],
                    [
                        -3.127229,
                        55.024601
                    ],
                    [
                        -3.125547,
                        55.023267
                    ],
                    [
                        -3.124782,
                        55.02266
                    ],
                    [
                        -3.122092,
                        55.020476
                    ],
                    [
                        -3.121119,
                        55.019775
                    ],
                    [
                        -3.120459,
                        55.019367
                    ],
                    [
                        -3.119849,
                        55.019018
                    ],
                    [
                        -3.11918,
                        55.018683
                    ],
                    [
                        -3.118474,
                        55.018354
                    ],
                    [
                        -3.117174,
                        55.017848
                    ],
                    [
                        -3.116142,
                        55.017511
                    ],
                    [
                        -3.114956,
                        55.017161
                    ],
                    [
                        -3.110743,
                        55.015995
                    ],
                    [
                        -3.105578,
                        55.014557
                    ],
                    [
                        -3.099979,
                        55.013041
                    ],
                    [
                        -3.095396,
                        55.011848
                    ],
                    [
                        -3.092963,
                        55.011227
                    ],
                    [
                        -3.089641,
                        55.010432
                    ],
                    [
                        -3.086581,
                        55.009743
                    ],
                    [
                        -3.08523,
                        55.009462
                    ],
                    [
                        -3.08257,
                        55.008942
                    ],
                    [
                        -3.080463,
                        55.008572
                    ],
                    [
                        -3.078341,
                        55.008222
                    ],
                    [
                        -3.074993,
                        55.007674
                    ],
                    [
                        -3.073875,
                        55.007474
                    ],
                    [
                        -3.072342,
                        55.007158
                    ],
                    [
                        -3.07155,
                        55.006973
                    ],
                    [
                        -3.070739,
                        55.006759
                    ],
                    [
                        -3.069229,
                        55.006328
                    ],
                    [
                        -3.068137,
                        55.005961
                    ],
                    [
                        -3.065978,
                        55.005098
                    ],
                    [
                        -3.063883,
                        55.004132
                    ],
                    [
                        -3.063566,
                        55.00398
                    ],
                    [
                        -3.062716,
                        55.003545
                    ],
                    [
                        -3.061827,
                        55.00302
                    ],
                    [
                        -3.060415,
                        55.002047
                    ],
                    [
                        -3.059964,
                        55.001671
                    ],
                    [
                        -3.05968,
                        55.001429
                    ],
                    [
                        -3.058743,
                        55.000526
                    ],
                    [
                        -3.057302,
                        54.99875
                    ],
                    [
                        -3.056799,
                        54.998183
                    ],
                    [
                        -3.056074,
                        54.997501
                    ],
                    [
                        -3.055538,
                        54.997032
                    ],
                    [
                        -3.054352,
                        54.996137
                    ],
                    [
                        -3.053655,
                        54.995677
                    ],
                    [
                        -3.052941,
                        54.99526
                    ],
                    [
                        -3.052438,
                        54.994988
                    ],
                    [
                        -3.052171,
                        54.99484
                    ],
                    [
                        -3.051179,
                        54.99435
                    ],
                    [
                        -3.050264,
                        54.99393
                    ],
                    [
                        -3.048512,
                        54.993244
                    ],
                    [
                        -3.047666,
                        54.992947
                    ],
                    [
                        -3.046332,
                        54.992445
                    ],
                    [
                        -3.045121,
                        54.991938
                    ],
                    [
                        -3.043682,
                        54.991295
                    ],
                    [
                        -3.042628,
                        54.990728
                    ],
                    [
                        -3.041361,
                        54.989994
                    ],
                    [
                        -3.040338,
                        54.989283
                    ],
                    [
                        -3.03935,
                        54.988489
                    ],
                    [
                        -3.038203,
                        54.987656
                    ],
                    [
                        -3.036877,
                        54.986723
                    ],
                    [
                        -3.036237,
                        54.986322
                    ],
                    [
                        -3.035423,
                        54.985851
                    ],
                    [
                        -3.034698,
                        54.985493
                    ],
                    [
                        -3.03169,
                        54.984108
                    ],
                    [
                        -3.030826,
                        54.983688
                    ],
                    [
                        -3.029235,
                        54.982871
                    ],
                    [
                        -3.027409,
                        54.981847
                    ],
                    [
                        -3.026245,
                        54.981302
                    ],
                    [
                        -3.024214,
                        54.980396
                    ],
                    [
                        -3.02331,
                        54.980076
                    ],
                    [
                        -3.021866,
                        54.979592
                    ],
                    [
                        -3.019487,
                        54.978881
                    ],
                    [
                        -3.017698,
                        54.978306
                    ],
                    [
                        -3.013589,
                        54.976915
                    ],
                    [
                        -3.012245,
                        54.976402
                    ],
                    [
                        -3.011337,
                        54.976006
                    ],
                    [
                        -3.010244,
                        54.975467
                    ],
                    [
                        -3.008214,
                        54.974322
                    ],
                    [
                        -3.007459,
                        54.973843
                    ],
                    [
                        -3.006133,
                        54.972893
                    ],
                    [
                        -3.005272,
                        54.972178
                    ],
                    [
                        -3.004251,
                        54.971236
                    ],
                    [
                        -3.002683,
                        54.969719
                    ],
                    [
                        -3.000848,
                        54.968127
                    ],
                    [
                        -3.000108,
                        54.967513
                    ],
                    [
                        -2.997199,
                        54.965233
                    ],
                    [
                        -2.992785,
                        54.961841
                    ],
                    [
                        -2.988572,
                        54.958425
                    ],
                    [
                        -2.984011,
                        54.954987
                    ],
                    [
                        -2.983371,
                        54.954546
                    ],
                    [
                        -2.981793,
                        54.953327
                    ],
                    [
                        -2.980345,
                        54.952267
                    ],
                    [
                        -2.979454,
                        54.951544
                    ],
                    [
                        -2.976899,
                        54.949585
                    ],
                    [
                        -2.972657,
                        54.946271
                    ],
                    [
                        -2.969063,
                        54.94306
                    ],
                    [
                        -2.966148,
                        54.940218
                    ],
                    [
                        -2.965369,
                        54.939516
                    ],
                    [
                        -2.961885,
                        54.936245
                    ],
                    [
                        -2.96019,
                        54.934766
                    ],
                    [
                        -2.959557,
                        54.934305
                    ],
                    [
                        -2.957853,
                        54.93333
                    ],
                    [
                        -2.956665,
                        54.932744
                    ],
                    [
                        -2.955506,
                        54.932258
                    ],
                    [
                        -2.954633,
                        54.93193
                    ],
                    [
                        -2.953913,
                        54.931681
                    ],
                    [
                        -2.952379,
                        54.931245
                    ],
                    [
                        -2.95011,
                        54.93073
                    ],
                    [
                        -2.94894,
                        54.930529
                    ],
                    [
                        -2.947519,
                        54.930356
                    ],
                    [
                        -2.945885,
                        54.930213
                    ],
                    [
                        -2.94443,
                        54.93014
                    ],
                    [
                        -2.942559,
                        54.930117
                    ],
                    [
                        -2.939434,
                        54.930208
                    ],
                    [
                        -2.928754,
                        54.930437
                    ],
                    [
                        -2.927462,
                        54.930384
                    ],
                    [
                        -2.926314,
                        54.930298
                    ],
                    [
                        -2.925343,
                        54.930196
                    ],
                    [
                        -2.923908,
                        54.930004
                    ],
                    [
                        -2.921674,
                        54.929528
                    ],
                    [
                        -2.921052,
                        54.929355
                    ],
                    [
                        -2.920314,
                        54.929124
                    ],
                    [
                        -2.918641,
                        54.928551
                    ],
                    [
                        -2.918161,
                        54.928353
                    ],
                    [
                        -2.915683,
                        54.927064
                    ],
                    [
                        -2.911565,
                        54.924203
                    ],
                    [
                        -2.909795,
                        54.922722
                    ],
                    [
                        -2.907525,
                        54.920442
                    ],
                    [
                        -2.905735,
                        54.918579
                    ],
                    [
                        -2.90365,
                        54.915958
                    ],
                    [
                        -2.903041,
                        54.915124
                    ],
                    [
                        -2.902251,
                        54.914261
                    ],
                    [
                        -2.901298,
                        54.913323
                    ],
                    [
                        -2.899848,
                        54.912189
                    ],
                    [
                        -2.899307,
                        54.911809
                    ],
                    [
                        -2.89847,
                        54.911267
                    ],
                    [
                        -2.896475,
                        54.910077
                    ],
                    [
                        -2.893878,
                        54.908637
                    ],
                    [
                        -2.892899,
                        54.908112
                    ],
                    [
                        -2.891855,
                        54.907462
                    ],
                    [
                        -2.891421,
                        54.90717
                    ],
                    [
                        -2.890793,
                        54.906677
                    ],
                    [
                        -2.889926,
                        54.905932
                    ],
                    [
                        -2.889497,
                        54.905493
                    ],
                    [
                        -2.888824,
                        54.904684
                    ],
                    [
                        -2.888501,
                        54.90416
                    ],
                    [
                        -2.888271,
                        54.903696
                    ],
                    [
                        -2.888004,
                        54.90316
                    ],
                    [
                        -2.887506,
                        54.901477
                    ],
                    [
                        -2.887338,
                        54.900722
                    ],
                    [
                        -2.887182,
                        54.900008
                    ],
                    [
                        -2.88716,
                        54.899418
                    ],
                    [
                        -2.886687,
                        54.895002
                    ],
                    [
                        -2.886117,
                        54.892075
                    ],
                    [
                        -2.885778,
                        54.890754
                    ],
                    [
                        -2.885036,
                        54.888185
                    ],
                    [
                        -2.884946,
                        54.887919
                    ],
                    [
                        -2.884166,
                        54.885914
                    ],
                    [
                        -2.884035,
                        54.885587
                    ],
                    [
                        -2.883652,
                        54.884647
                    ],
                    [
                        -2.882977,
                        54.883182
                    ],
                    [
                        -2.882012,
                        54.8814
                    ],
                    [
                        -2.881454,
                        54.880462
                    ],
                    [
                        -2.88075,
                        54.87936
                    ],
                    [
                        -2.880184,
                        54.878546
                    ],
                    [
                        -2.879626,
                        54.87778
                    ],
                    [
                        -2.877875,
                        54.875524
                    ],
                    [
                        -2.877062,
                        54.874325
                    ],
                    [
                        -2.876759,
                        54.873756
                    ],
                    [
                        -2.876233,
                        54.872531
                    ],
                    [
                        -2.875935,
                        54.871602
                    ],
                    [
                        -2.875666,
                        54.870481
                    ],
                    [
                        -2.875566,
                        54.869602
                    ],
                    [
                        -2.875522,
                        54.868599
                    ],
                    [
                        -2.875678,
                        54.86694
                    ],
                    [
                        -2.876551,
                        54.863384
                    ],
                    [
                        -2.877231,
                        54.860885
                    ],
                    [
                        -2.877685,
                        54.859364
                    ],
                    [
                        -2.878403,
                        54.857164
                    ],
                    [
                        -2.879043,
                        54.855367
                    ],
                    [
                        -2.879735,
                        54.853528
                    ],
                    [
                        -2.880145,
                        54.852516
                    ],
                    [
                        -2.880244,
                        54.85227
                    ],
                    [
                        -2.880948,
                        54.850498
                    ],
                    [
                        -2.882259,
                        54.847959
                    ],
                    [
                        -2.883179,
                        54.846535
                    ],
                    [
                        -2.885154,
                        54.843669
                    ],
                    [
                        -2.886432,
                        54.841346
                    ],
                    [
                        -2.88668,
                        54.840787
                    ],
                    [
                        -2.886794,
                        54.84053
                    ],
                    [
                        -2.887369,
                        54.839235
                    ],
                    [
                        -2.887977,
                        54.837708
                    ],
                    [
                        -2.888338,
                        54.836606
                    ],
                    [
                        -2.888793,
                        54.834777
                    ],
                    [
                        -2.88905,
                        54.833126
                    ],
                    [
                        -2.889231,
                        54.831524
                    ],
                    [
                        -2.889273,
                        54.83054
                    ],
                    [
                        -2.889265,
                        54.828983
                    ],
                    [
                        -2.889213,
                        54.827618
                    ],
                    [
                        -2.889067,
                        54.826392
                    ],
                    [
                        -2.888896,
                        54.825378
                    ],
                    [
                        -2.888664,
                        54.824404
                    ],
                    [
                        -2.888235,
                        54.823064
                    ],
                    [
                        -2.887868,
                        54.822061
                    ],
                    [
                        -2.887694,
                        54.82164
                    ],
                    [
                        -2.887214,
                        54.820676
                    ],
                    [
                        -2.886166,
                        54.818747
                    ],
                    [
                        -2.88566,
                        54.817996
                    ],
                    [
                        -2.883901,
                        54.815691
                    ],
                    [
                        -2.883236,
                        54.814876
                    ],
                    [
                        -2.882763,
                        54.814352
                    ],
                    [
                        -2.881765,
                        54.813339
                    ],
                    [
                        -2.88121,
                        54.812804
                    ],
                    [
                        -2.880008,
                        54.811731
                    ],
                    [
                        -2.875885,
                        54.808254
                    ],
                    [
                        -2.874824,
                        54.807291
                    ],
                    [
                        -2.874447,
                        54.806908
                    ],
                    [
                        -2.873847,
                        54.806241
                    ],
                    [
                        -2.873504,
                        54.805827
                    ],
                    [
                        -2.872749,
                        54.804798
                    ],
                    [
                        -2.872045,
                        54.803575
                    ],
                    [
                        -2.871565,
                        54.802331
                    ],
                    [
                        -2.871222,
                        54.801027
                    ],
                    [
                        -2.870942,
                        54.799236
                    ],
                    [
                        -2.870771,
                        54.798465
                    ],
                    [
                        -2.870514,
                        54.797663
                    ],
                    [
                        -2.870122,
                        54.79662
                    ],
                    [
                        -2.869682,
                        54.795686
                    ],
                    [
                        -2.869098,
                        54.794587
                    ],
                    [
                        -2.86795,
                        54.793009
                    ],
                    [
                        -2.867586,
                        54.792524
                    ],
                    [
                        -2.86738,
                        54.792298
                    ],
                    [
                        -2.866658,
                        54.791483
                    ],
                    [
                        -2.865041,
                        54.789961
                    ],
                    [
                        -2.860997,
                        54.786608
                    ],
                    [
                        -2.859002,
                        54.78482
                    ],
                    [
                        -2.856507,
                        54.782296
                    ],
                    [
                        -2.856296,
                        54.782064
                    ],
                    [
                        -2.853934,
                        54.779452
                    ],
                    [
                        -2.851034,
                        54.776429
                    ],
                    [
                        -2.850826,
                        54.776213
                    ],
                    [
                        -2.850447,
                        54.775817
                    ],
                    [
                        -2.848145,
                        54.773769
                    ],
                    [
                        -2.845107,
                        54.771188
                    ],
                    [
                        -2.842996,
                        54.769574
                    ],
                    [
                        -2.842792,
                        54.769417
                    ],
                    [
                        -2.841502,
                        54.768431
                    ],
                    [
                        -2.839378,
                        54.766993
                    ],
                    [
                        -2.839055,
                        54.766774
                    ],
                    [
                        -2.837918,
                        54.766004
                    ],
                    [
                        -2.832504,
                        54.76281
                    ],
                    [
                        -2.828647,
                        54.760733
                    ],
                    [
                        -2.827247,
                        54.759937
                    ],
                    [
                        -2.82603,
                        54.759204
                    ],
                    [
                        -2.824765,
                        54.758368
                    ],
                    [
                        -2.823788,
                        54.757689
                    ],
                    [
                        -2.822183,
                        54.756489
                    ],
                    [
                        -2.821425,
                        54.755868
                    ],
                    [
                        -2.821322,
                        54.755779
                    ],
                    [
                        -2.820363,
                        54.754947
                    ],
                    [
                        -2.819208,
                        54.753862
                    ],
                    [
                        -2.816769,
                        54.75124
                    ],
                    [
                        -2.813938,
                        54.747959
                    ],
                    [
                        -2.811811,
                        54.745403
                    ],
                    [
                        -2.809705,
                        54.742652
                    ],
                    [
                        -2.80962,
                        54.742538
                    ],
                    [
                        -2.806815,
                        54.738424
                    ],
                    [
                        -2.805017,
                        54.73537
                    ],
                    [
                        -2.803534,
                        54.73226
                    ],
                    [
                        -2.802341,
                        54.729411
                    ],
                    [
                        -2.801227,
                        54.725712
                    ],
                    [
                        -2.801175,
                        54.725539
                    ],
                    [
                        -2.800259,
                        54.722788
                    ],
                    [
                        -2.799234,
                        54.720165
                    ],
                    [
                        -2.797713,
                        54.717185
                    ],
                    [
                        -2.79534,
                        54.713059
                    ],
                    [
                        -2.794083,
                        54.710394
                    ],
                    [
                        -2.792881,
                        54.707431
                    ],
                    [
                        -2.79179,
                        54.704234
                    ],
                    [
                        -2.791277,
                        54.701556
                    ],
                    [
                        -2.79113,
                        54.69956
                    ],
                    [
                        -2.791173,
                        54.697491
                    ],
                    [
                        -2.791504,
                        54.694912
                    ],
                    [
                        -2.791566,
                        54.693813
                    ],
                    [
                        -2.791572,
                        54.69288
                    ],
                    [
                        -2.791519,
                        54.692006
                    ],
                    [
                        -2.791388,
                        54.690702
                    ],
                    [
                        -2.791112,
                        54.689225
                    ],
                    [
                        -2.791041,
                        54.68887
                    ],
                    [
                        -2.790822,
                        54.687972
                    ],
                    [
                        -2.79056,
                        54.687202
                    ],
                    [
                        -2.790262,
                        54.686424
                    ],
                    [
                        -2.789795,
                        54.685533
                    ],
                    [
                        -2.78923,
                        54.684627
                    ],
                    [
                        -2.788469,
                        54.683676
                    ],
                    [
                        -2.787647,
                        54.68271
                    ],
                    [
                        -2.786652,
                        54.68182
                    ],
                    [
                        -2.785583,
                        54.680953
                    ],
                    [
                        -2.783383,
                        54.679363
                    ],
                    [
                        -2.782261,
                        54.678474
                    ],
                    [
                        -2.781458,
                        54.677798
                    ],
                    [
                        -2.778912,
                        54.67542
                    ],
                    [
                        -2.777334,
                        54.673615
                    ],
                    [
                        -2.776269,
                        54.672227
                    ],
                    [
                        -2.775165,
                        54.670526
                    ],
                    [
                        -2.774141,
                        54.668533
                    ],
                    [
                        -2.773639,
                        54.667458
                    ],
                    [
                        -2.772701,
                        54.664587
                    ],
                    [
                        -2.772094,
                        54.662926
                    ],
                    [
                        -2.771824,
                        54.662389
                    ],
                    [
                        -2.771185,
                        54.661356
                    ],
                    [
                        -2.770718,
                        54.660715
                    ],
                    [
                        -2.770173,
                        54.660079
                    ],
                    [
                        -2.76961,
                        54.659489
                    ],
                    [
                        -2.76885,
                        54.658794
                    ],
                    [
                        -2.767922,
                        54.658037
                    ],
                    [
                        -2.765885,
                        54.656595
                    ],
                    [
                        -2.764769,
                        54.655851
                    ],
                    [
                        -2.763596,
                        54.655106
                    ],
                    [
                        -2.762003,
                        54.65415
                    ],
                    [
                        -2.759276,
                        54.652635
                    ],
                    [
                        -2.757348,
                        54.651667
                    ],
                    [
                        -2.756281,
                        54.651156
                    ],
                    [
                        -2.753716,
                        54.650016
                    ],
                    [
                        -2.751948,
                        54.649275
                    ],
                    [
                        -2.751152,
                        54.648956
                    ],
                    [
                        -2.748586,
                        54.648009
                    ],
                    [
                        -2.745998,
                        54.647107
                    ],
                    [
                        -2.74366,
                        54.646183
                    ],
                    [
                        -2.741143,
                        54.645056
                    ],
                    [
                        -2.738732,
                        54.643874
                    ],
                    [
                        -2.737943,
                        54.643403
                    ],
                    [
                        -2.736924,
                        54.642756
                    ],
                    [
                        -2.734593,
                        54.641203
                    ],
                    [
                        -2.731823,
                        54.638905
                    ],
                    [
                        -2.729254,
                        54.636387
                    ],
                    [
                        -2.727832,
                        54.634669
                    ],
                    [
                        -2.726355,
                        54.632693
                    ],
                    [
                        -2.725718,
                        54.631775
                    ],
                    [
                        -2.725149,
                        54.630875
                    ],
                    [
                        -2.724181,
                        54.629246
                    ],
                    [
                        -2.72399,
                        54.62888
                    ],
                    [
                        -2.723078,
                        54.626942
                    ],
                    [
                        -2.722668,
                        54.625943
                    ],
                    [
                        -2.7223,
                        54.624948
                    ],
                    [
                        -2.72149,
                        54.622494
                    ],
                    [
                        -2.721026,
                        54.621351
                    ],
                    [
                        -2.720551,
                        54.620283
                    ],
                    [
                        -2.719774,
                        54.618795
                    ],
                    [
                        -2.719099,
                        54.617614
                    ],
                    [
                        -2.718291,
                        54.616319
                    ],
                    [
                        -2.717413,
                        54.615057
                    ],
                    [
                        -2.716747,
                        54.614175
                    ],
                    [
                        -2.715637,
                        54.61281
                    ],
                    [
                        -2.714877,
                        54.61195
                    ],
                    [
                        -2.714075,
                        54.611085
                    ],
                    [
                        -2.713185,
                        54.610186
                    ],
                    [
                        -2.712203,
                        54.609242
                    ],
                    [
                        -2.710816,
                        54.607995
                    ],
                    [
                        -2.7099,
                        54.607201
                    ],
                    [
                        -2.70913,
                        54.606485
                    ],
                    [
                        -2.708358,
                        54.605722
                    ],
                    [
                        -2.707621,
                        54.604951
                    ],
                    [
                        -2.707029,
                        54.604294
                    ],
                    [
                        -2.706171,
                        54.603262
                    ],
                    [
                        -2.705974,
                        54.603008
                    ],
                    [
                        -2.70517,
                        54.601928
                    ],
                    [
                        -2.704616,
                        54.601093
                    ],
                    [
                        -2.704165,
                        54.600368
                    ],
                    [
                        -2.703767,
                        54.599669
                    ],
                    [
                        -2.703367,
                        54.598899
                    ],
                    [
                        -2.703023,
                        54.59817
                    ],
                    [
                        -2.70271,
                        54.597452
                    ],
                    [
                        -2.702275,
                        54.596304
                    ],
                    [
                        -2.701978,
                        54.595391
                    ],
                    [
                        -2.701715,
                        54.594362
                    ],
                    [
                        -2.701576,
                        54.593735
                    ],
                    [
                        -2.701349,
                        54.592352
                    ],
                    [
                        -2.701215,
                        54.59078
                    ],
                    [
                        -2.701219,
                        54.58848
                    ],
                    [
                        -2.701164,
                        54.587806
                    ],
                    [
                        -2.701029,
                        54.587004
                    ],
                    [
                        -2.700819,
                        54.586186
                    ],
                    [
                        -2.700537,
                        54.585383
                    ],
                    [
                        -2.700179,
                        54.584584
                    ],
                    [
                        -2.699772,
                        54.583836
                    ],
                    [
                        -2.699316,
                        54.583126
                    ],
                    [
                        -2.69812,
                        54.581471
                    ],
                    [
                        -2.697987,
                        54.581287
                    ],
                    [
                        -2.688772,
                        54.568738
                    ],
                    [
                        -2.687774,
                        54.56754
                    ],
                    [
                        -2.687407,
                        54.567148
                    ],
                    [
                        -2.686862,
                        54.566618
                    ],
                    [
                        -2.686594,
                        54.566364
                    ],
                    [
                        -2.686044,
                        54.565861
                    ],
                    [
                        -2.685548,
                        54.565442
                    ],
                    [
                        -2.68485,
                        54.564894
                    ],
                    [
                        -2.684119,
                        54.564361
                    ],
                    [
                        -2.683363,
                        54.563854
                    ],
                    [
                        -2.683106,
                        54.563681
                    ],
                    [
                        -2.681842,
                        54.562849
                    ],
                    [
                        -2.681595,
                        54.562694
                    ],
                    [
                        -2.675836,
                        54.558988
                    ],
                    [
                        -2.674809,
                        54.558212
                    ],
                    [
                        -2.674248,
                        54.557746
                    ],
                    [
                        -2.673236,
                        54.556794
                    ],
                    [
                        -2.672457,
                        54.555986
                    ],
                    [
                        -2.665788,
                        54.548784
                    ],
                    [
                        -2.665565,
                        54.548549
                    ],
                    [
                        -2.664437,
                        54.547295
                    ],
                    [
                        -2.663749,
                        54.546452
                    ],
                    [
                        -2.663246,
                        54.545792
                    ],
                    [
                        -2.662758,
                        54.545102
                    ],
                    [
                        -2.661519,
                        54.543085
                    ],
                    [
                        -2.660987,
                        54.542049
                    ],
                    [
                        -2.660478,
                        54.540972
                    ],
                    [
                        -2.66008,
                        54.539985
                    ],
                    [
                        -2.659503,
                        54.538183
                    ],
                    [
                        -2.659158,
                        54.536618
                    ],
                    [
                        -2.65904,
                        54.535916
                    ],
                    [
                        -2.658927,
                        54.535012
                    ],
                    [
                        -2.658852,
                        54.534044
                    ],
                    [
                        -2.658831,
                        54.532917
                    ],
                    [
                        -2.65886,
                        54.531671
                    ],
                    [
                        -2.658826,
                        54.523595
                    ],
                    [
                        -2.658724,
                        54.522906
                    ],
                    [
                        -2.658538,
                        54.522224
                    ],
                    [
                        -2.658269,
                        54.52155
                    ],
                    [
                        -2.657918,
                        54.520889
                    ],
                    [
                        -2.657486,
                        54.520245
                    ],
                    [
                        -2.656976,
                        54.51962
                    ],
                    [
                        -2.656391,
                        54.519018
                    ],
                    [
                        -2.654603,
                        54.517332
                    ],
                    [
                        -2.653692,
                        54.516339
                    ],
                    [
                        -2.653359,
                        54.515911
                    ],
                    [
                        -2.652685,
                        54.514898
                    ],
                    [
                        -2.652293,
                        54.514175
                    ],
                    [
                        -2.651994,
                        54.513502
                    ],
                    [
                        -2.65166,
                        54.512541
                    ],
                    [
                        -2.650888,
                        54.51095
                    ],
                    [
                        -2.650607,
                        54.510471
                    ],
                    [
                        -2.650413,
                        54.510194
                    ],
                    [
                        -2.649481,
                        54.509097
                    ],
                    [
                        -2.649004,
                        54.508397
                    ],
                    [
                        -2.648742,
                        54.507962
                    ],
                    [
                        -2.648,
                        54.506341
                    ],
                    [
                        -2.647734,
                        54.505853
                    ],
                    [
                        -2.646578,
                        54.50439
                    ],
                    [
                        -2.645829,
                        54.503421
                    ],
                    [
                        -2.645412,
                        54.502774
                    ],
                    [
                        -2.645042,
                        54.502123
                    ],
                    [
                        -2.644602,
                        54.501131
                    ],
                    [
                        -2.644285,
                        54.500113
                    ],
                    [
                        -2.644154,
                        54.499449
                    ],
                    [
                        -2.644077,
                        54.498804
                    ],
                    [
                        -2.643955,
                        54.49701
                    ],
                    [
                        -2.643891,
                        54.496569
                    ],
                    [
                        -2.64371,
                        54.495736
                    ],
                    [
                        -2.643604,
                        54.495353
                    ],
                    [
                        -2.643176,
                        54.494219
                    ],
                    [
                        -2.642823,
                        54.493471
                    ],
                    [
                        -2.64241,
                        54.492732
                    ],
                    [
                        -2.641945,
                        54.492015
                    ],
                    [
                        -2.641432,
                        54.491319
                    ],
                    [
                        -2.640561,
                        54.490303
                    ],
                    [
                        -2.639916,
                        54.489646
                    ],
                    [
                        -2.638855,
                        54.488693
                    ],
                    [
                        -2.638485,
                        54.488396
                    ],
                    [
                        -2.636529,
                        54.48692
                    ],
                    [
                        -2.635866,
                        54.486361
                    ],
                    [
                        -2.635255,
                        54.485783
                    ],
                    [
                        -2.634456,
                        54.484901
                    ],
                    [
                        -2.633804,
                        54.484026
                    ],
                    [
                        -2.633442,
                        54.483442
                    ],
                    [
                        -2.633138,
                        54.482863
                    ],
                    [
                        -2.632872,
                        54.482247
                    ],
                    [
                        -2.632652,
                        54.481595
                    ],
                    [
                        -2.632434,
                        54.480608
                    ],
                    [
                        -2.632369,
                        54.480192
                    ],
                    [
                        -2.632127,
                        54.478772
                    ],
                    [
                        -2.631893,
                        54.477822
                    ],
                    [
                        -2.631599,
                        54.47687
                    ],
                    [
                        -2.631077,
                        54.475524
                    ],
                    [
                        -2.63046,
                        54.474229
                    ],
                    [
                        -2.62976,
                        54.472982
                    ],
                    [
                        -2.629241,
                        54.472161
                    ],
                    [
                        -2.628099,
                        54.4706
                    ],
                    [
                        -2.627421,
                        54.469774
                    ],
                    [
                        -2.626315,
                        54.468561
                    ],
                    [
                        -2.625104,
                        54.46738
                    ],
                    [
                        -2.624239,
                        54.466613
                    ],
                    [
                        -2.623331,
                        54.465862
                    ],
                    [
                        -2.622165,
                        54.464978
                    ],
                    [
                        -2.621461,
                        54.464466
                    ],
                    [
                        -2.619078,
                        54.46285
                    ],
                    [
                        -2.618331,
                        54.462308
                    ],
                    [
                        -2.617586,
                        54.461733
                    ],
                    [
                        -2.617222,
                        54.461439
                    ],
                    [
                        -2.615954,
                        54.460331
                    ],
                    [
                        -2.614772,
                        54.45917
                    ],
                    [
                        -2.613668,
                        54.457942
                    ],
                    [
                        -2.612997,
                        54.457105
                    ],
                    [
                        -2.612217,
                        54.456067
                    ],
                    [
                        -2.611683,
                        54.455414
                    ],
                    [
                        -2.610815,
                        54.454503
                    ],
                    [
                        -2.60992,
                        54.453698
                    ],
                    [
                        -2.609486,
                        54.453337
                    ],
                    [
                        -2.60858,
                        54.452674
                    ],
                    [
                        -2.607989,
                        54.452268
                    ],
                    [
                        -2.607301,
                        54.451841
                    ],
                    [
                        -2.606815,
                        54.45155
                    ],
                    [
                        -2.605926,
                        54.451065
                    ],
                    [
                        -2.604309,
                        54.450295
                    ],
                    [
                        -2.602342,
                        54.449405
                    ],
                    [
                        -2.601169,
                        54.448855
                    ],
                    [
                        -2.600074,
                        54.448291
                    ],
                    [
                        -2.599463,
                        54.447932
                    ],
                    [
                        -2.598771,
                        54.447476
                    ],
                    [
                        -2.598286,
                        54.447114
                    ],
                    [
                        -2.597821,
                        54.446707
                    ],
                    [
                        -2.597345,
                        54.446273
                    ],
                    [
                        -2.596872,
                        54.445783
                    ],
                    [
                        -2.596481,
                        54.445303
                    ],
                    [
                        -2.595872,
                        54.444393
                    ],
                    [
                        -2.595771,
                        54.444221
                    ],
                    [
                        -2.595324,
                        54.443189
                    ],
                    [
                        -2.595155,
                        54.442542
                    ],
                    [
                        -2.59505,
                        54.441841
                    ],
                    [
                        -2.595028,
                        54.441405
                    ],
                    [
                        -2.595058,
                        54.440834
                    ],
                    [
                        -2.59506,
                        54.440793
                    ],
                    [
                        -2.595146,
                        54.440245
                    ],
                    [
                        -2.595221,
                        54.439921
                    ],
                    [
                        -2.595374,
                        54.43942
                    ],
                    [
                        -2.595604,
                        54.438865
                    ],
                    [
                        -2.595843,
                        54.438382
                    ],
                    [
                        -2.596706,
                        54.436878
                    ],
                    [
                        -2.596973,
                        54.43645
                    ],
                    [
                        -2.598021,
                        54.434666
                    ],
                    [
                        -2.598708,
                        54.433473
                    ],
                    [
                        -2.598994,
                        54.432999
                    ],
                    [
                        -2.599155,
                        54.432716
                    ],
                    [
                        -2.599491,
                        54.432146
                    ],
                    [
                        -2.600385,
                        54.430614
                    ],
                    [
                        -2.60071,
                        54.430001
                    ],
                    [
                        -2.601002,
                        54.429356
                    ],
                    [
                        -2.601212,
                        54.428733
                    ],
                    [
                        -2.601317,
                        54.42806
                    ],
                    [
                        -2.601338,
                        54.427809
                    ],
                    [
                        -2.601344,
                        54.427047
                    ],
                    [
                        -2.601314,
                        54.426559
                    ],
                    [
                        -2.601226,
                        54.426074
                    ],
                    [
                        -2.600723,
                        54.424545
                    ],
                    [
                        -2.600161,
                        54.423094
                    ],
                    [
                        -2.599947,
                        54.422295
                    ],
                    [
                        -2.59972,
                        54.421356
                    ],
                    [
                        -2.599612,
                        54.420572
                    ],
                    [
                        -2.599591,
                        54.420058
                    ],
                    [
                        -2.59964,
                        54.419062
                    ],
                    [
                        -2.599733,
                        54.418351
                    ],
                    [
                        -2.599887,
                        54.41775
                    ],
                    [
                        -2.600107,
                        54.417104
                    ],
                    [
                        -2.600735,
                        54.415479
                    ],
                    [
                        -2.601315,
                        54.413124
                    ],
                    [
                        -2.601579,
                        54.412408
                    ],
                    [
                        -2.601764,
                        54.412005
                    ],
                    [
                        -2.601999,
                        54.411585
                    ],
                    [
                        -2.603915,
                        54.408424
                    ],
                    [
                        -2.604412,
                        54.407435
                    ],
                    [
                        -2.604633,
                        54.406865
                    ],
                    [
                        -2.604785,
                        54.406229
                    ],
                    [
                        -2.604959,
                        54.405065
                    ],
                    [
                        -2.604984,
                        54.404078
                    ],
                    [
                        -2.604909,
                        54.403252
                    ],
                    [
                        -2.604737,
                        54.402292
                    ],
                    [
                        -2.604336,
                        54.401263
                    ],
                    [
                        -2.603858,
                        54.400298
                    ],
                    [
                        -2.603477,
                        54.399656
                    ],
                    [
                        -2.602987,
                        54.39894
                    ],
                    [
                        -2.602408,
                        54.398211
                    ],
                    [
                        -2.601699,
                        54.39747
                    ],
                    [
                        -2.600285,
                        54.396245
                    ],
                    [
                        -2.59925,
                        54.395491
                    ],
                    [
                        -2.597771,
                        54.394561
                    ],
                    [
                        -2.595903,
                        54.393297
                    ],
                    [
                        -2.594608,
                        54.392274
                    ],
                    [
                        -2.594079,
                        54.391814
                    ],
                    [
                        -2.593328,
                        54.391105
                    ],
                    [
                        -2.592292,
                        54.39023
                    ],
                    [
                        -2.591923,
                        54.389941
                    ],
                    [
                        -2.591026,
                        54.389325
                    ],
                    [
                        -2.589677,
                        54.388547
                    ],
                    [
                        -2.588895,
                        54.388165
                    ],
                    [
                        -2.586736,
                        54.387204
                    ],
                    [
                        -2.585743,
                        54.386709
                    ],
                    [
                        -2.585185,
                        54.386391
                    ],
                    [
                        -2.584586,
                        54.386003
                    ],
                    [
                        -2.584039,
                        54.385609
                    ],
                    [
                        -2.583134,
                        54.384776
                    ],
                    [
                        -2.582654,
                        54.384251
                    ],
                    [
                        -2.582378,
                        54.38386
                    ],
                    [
                        -2.582062,
                        54.383351
                    ],
                    [
                        -2.581722,
                        54.382574
                    ],
                    [
                        -2.581493,
                        54.381814
                    ],
                    [
                        -2.581407,
                        54.381037
                    ],
                    [
                        -2.581497,
                        54.380283
                    ],
                    [
                        -2.581623,
                        54.379762
                    ],
                    [
                        -2.581877,
                        54.379055
                    ],
                    [
                        -2.582219,
                        54.378204
                    ],
                    [
                        -2.582887,
                        54.376363
                    ],
                    [
                        -2.583123,
                        54.37556
                    ],
                    [
                        -2.583298,
                        54.37379
                    ],
                    [
                        -2.58329,
                        54.372905
                    ],
                    [
                        -2.583412,
                        54.372014
                    ],
                    [
                        -2.58365,
                        54.371248
                    ],
                    [
                        -2.584022,
                        54.37047
                    ],
                    [
                        -2.584519,
                        54.3698
                    ],
                    [
                        -2.585092,
                        54.369139
                    ],
                    [
                        -2.585583,
                        54.368647
                    ],
                    [
                        -2.586518,
                        54.36796
                    ],
                    [
                        -2.587162,
                        54.367566
                    ],
                    [
                        -2.58833,
                        54.366981
                    ],
                    [
                        -2.589288,
                        54.366613
                    ],
                    [
                        -2.590275,
                        54.366291
                    ],
                    [
                        -2.591021,
                        54.366078
                    ],
                    [
                        -2.591919,
                        54.365864
                    ],
                    [
                        -2.5927,
                        54.365715
                    ],
                    [
                        -2.59341,
                        54.36559
                    ],
                    [
                        -2.594936,
                        54.365313
                    ],
                    [
                        -2.595815,
                        54.365122
                    ],
                    [
                        -2.59675,
                        54.364878
                    ],
                    [
                        -2.597517,
                        54.364643
                    ],
                    [
                        -2.598879,
                        54.364093
                    ],
                    [
                        -2.599443,
                        54.363832
                    ],
                    [
                        -2.60344,
                        54.36164
                    ],
                    [
                        -2.604046,
                        54.361352
                    ],
                    [
                        -2.605306,
                        54.360842
                    ],
                    [
                        -2.608835,
                        54.359654
                    ],
                    [
                        -2.609504,
                        54.359433
                    ],
                    [
                        -2.611716,
                        54.358709
                    ],
                    [
                        -2.613424,
                        54.358121
                    ],
                    [
                        -2.614354,
                        54.35773
                    ],
                    [
                        -2.615148,
                        54.3573
                    ],
                    [
                        -2.61626,
                        54.356637
                    ],
                    [
                        -2.617181,
                        54.355949
                    ],
                    [
                        -2.6178,
                        54.35523
                    ],
                    [
                        -2.618522,
                        54.354223
                    ],
                    [
                        -2.618879,
                        54.353251
                    ],
                    [
                        -2.619077,
                        54.35253
                    ],
                    [
                        -2.619008,
                        54.351655
                    ],
                    [
                        -2.618906,
                        54.351083
                    ],
                    [
                        -2.618609,
                        54.350201
                    ],
                    [
                        -2.616389,
                        54.346958
                    ],
                    [
                        -2.615874,
                        54.346049
                    ],
                    [
                        -2.615719,
                        54.345432
                    ],
                    [
                        -2.615639,
                        54.34487
                    ],
                    [
                        -2.615676,
                        54.344165
                    ],
                    [
                        -2.615869,
                        54.34311
                    ],
                    [
                        -2.617765,
                        54.336965
                    ],
                    [
                        -2.617949,
                        54.336429
                    ],
                    [
                        -2.61821,
                        54.335853
                    ],
                    [
                        -2.619007,
                        54.334428
                    ],
                    [
                        -2.619404,
                        54.333917
                    ],
                    [
                        -2.619654,
                        54.333633
                    ],
                    [
                        -2.620222,
                        54.33301
                    ],
                    [
                        -2.620701,
                        54.332542
                    ],
                    [
                        -2.621317,
                        54.331998
                    ],
                    [
                        -2.621791,
                        54.331614
                    ],
                    [
                        -2.624132,
                        54.32992
                    ],
                    [
                        -2.625293,
                        54.329028
                    ],
                    [
                        -2.625935,
                        54.328476
                    ],
                    [
                        -2.626703,
                        54.327766
                    ],
                    [
                        -2.627222,
                        54.32726
                    ],
                    [
                        -2.62915,
                        54.325139
                    ],
                    [
                        -2.630621,
                        54.323843
                    ],
                    [
                        -2.631147,
                        54.323442
                    ],
                    [
                        -2.634021,
                        54.321455
                    ],
                    [
                        -2.634848,
                        54.320831
                    ],
                    [
                        -2.635297,
                        54.320448
                    ],
                    [
                        -2.63612,
                        54.319664
                    ],
                    [
                        -2.636852,
                        54.318808
                    ],
                    [
                        -2.637154,
                        54.318417
                    ],
                    [
                        -2.637582,
                        54.317729
                    ],
                    [
                        -2.638653,
                        54.315621
                    ],
                    [
                        -2.63893,
                        54.315229
                    ],
                    [
                        -2.639327,
                        54.314695
                    ],
                    [
                        -2.642351,
                        54.311219
                    ],
                    [
                        -2.643954,
                        54.309146
                    ],
                    [
                        -2.64459,
                        54.308215
                    ],
                    [
                        -2.645399,
                        54.306897
                    ],
                    [
                        -2.64673,
                        54.304168
                    ],
                    [
                        -2.647519,
                        54.302905
                    ],
                    [
                        -2.648163,
                        54.302246
                    ],
                    [
                        -2.648843,
                        54.301603
                    ],
                    [
                        -2.651053,
                        54.299682
                    ],
                    [
                        -2.651737,
                        54.298951
                    ],
                    [
                        -2.652306,
                        54.298181
                    ],
                    [
                        -2.652447,
                        54.298004
                    ],
                    [
                        -2.65275,
                        54.297586
                    ],
                    [
                        -2.652972,
                        54.297188
                    ],
                    [
                        -2.653339,
                        54.296372
                    ],
                    [
                        -2.653579,
                        54.295912
                    ],
                    [
                        -2.654371,
                        54.294665
                    ],
                    [
                        -2.654737,
                        54.294219
                    ],
                    [
                        -2.655472,
                        54.293413
                    ],
                    [
                        -2.656166,
                        54.292822
                    ],
                    [
                        -2.661652,
                        54.288384
                    ],
                    [
                        -2.663385,
                        54.286916
                    ],
                    [
                        -2.664587,
                        54.285698
                    ],
                    [
                        -2.664995,
                        54.285216
                    ],
                    [
                        -2.66542,
                        54.284699
                    ],
                    [
                        -2.665886,
                        54.284128
                    ],
                    [
                        -2.671239,
                        54.277202
                    ],
                    [
                        -2.672438,
                        54.27581
                    ],
                    [
                        -2.673077,
                        54.275139
                    ],
                    [
                        -2.673899,
                        54.27433
                    ],
                    [
                        -2.674354,
                        54.273906
                    ],
                    [
                        -2.675289,
                        54.273102
                    ],
                    [
                        -2.676166,
                        54.272387
                    ],
                    [
                        -2.676747,
                        54.271953
                    ],
                    [
                        -2.677979,
                        54.271091
                    ],
                    [
                        -2.678993,
                        54.270407
                    ],
                    [
                        -2.679202,
                        54.270279
                    ],
                    [
                        -2.68041,
                        54.269512
                    ],
                    [
                        -2.681018,
                        54.269082
                    ],
                    [
                        -2.681654,
                        54.268602
                    ],
                    [
                        -2.682379,
                        54.267935
                    ],
                    [
                        -2.682651,
                        54.267648
                    ],
                    [
                        -2.683057,
                        54.26716
                    ],
                    [
                        -2.683256,
                        54.266876
                    ],
                    [
                        -2.683488,
                        54.26651
                    ],
                    [
                        -2.68369,
                        54.266131
                    ],
                    [
                        -2.683965,
                        54.26549
                    ],
                    [
                        -2.684059,
                        54.26518
                    ],
                    [
                        -2.68415,
                        54.264837
                    ],
                    [
                        -2.684267,
                        54.26413
                    ],
                    [
                        -2.684349,
                        54.263425
                    ],
                    [
                        -2.684497,
                        54.262568
                    ],
                    [
                        -2.684644,
                        54.262049
                    ],
                    [
                        -2.684809,
                        54.261583
                    ],
                    [
                        -2.684988,
                        54.261141
                    ],
                    [
                        -2.685505,
                        54.260156
                    ],
                    [
                        -2.686101,
                        54.259272
                    ],
                    [
                        -2.686424,
                        54.258867
                    ],
                    [
                        -2.687072,
                        54.258164
                    ],
                    [
                        -2.687737,
                        54.25753
                    ],
                    [
                        -2.688518,
                        54.25688
                    ],
                    [
                        -2.688983,
                        54.25653
                    ],
                    [
                        -2.689988,
                        54.255876
                    ],
                    [
                        -2.690738,
                        54.255434
                    ],
                    [
                        -2.692423,
                        54.254486
                    ],
                    [
                        -2.693177,
                        54.254016
                    ],
                    [
                        -2.693729,
                        54.253616
                    ],
                    [
                        -2.694364,
                        54.253091
                    ],
                    [
                        -2.694841,
                        54.252614
                    ],
                    [
                        -2.695152,
                        54.252254
                    ],
                    [
                        -2.69568,
                        54.251512
                    ],
                    [
                        -2.695955,
                        54.251016
                    ],
                    [
                        -2.696093,
                        54.250715
                    ],
                    [
                        -2.696699,
                        54.249098
                    ],
                    [
                        -2.69702,
                        54.248379
                    ],
                    [
                        -2.697181,
                        54.248081
                    ],
                    [
                        -2.697396,
                        54.247751
                    ],
                    [
                        -2.697799,
                        54.247209
                    ],
                    [
                        -2.697974,
                        54.247008
                    ],
                    [
                        -2.698725,
                        54.246241
                    ],
                    [
                        -2.699294,
                        54.245741
                    ],
                    [
                        -2.700515,
                        54.244726
                    ],
                    [
                        -2.701478,
                        54.24399
                    ],
                    [
                        -2.701998,
                        54.243622
                    ],
                    [
                        -2.702635,
                        54.243219
                    ],
                    [
                        -2.703593,
                        54.24269
                    ],
                    [
                        -2.704976,
                        54.242083
                    ],
                    [
                        -2.706047,
                        54.241691
                    ],
                    [
                        -2.70928,
                        54.240684
                    ],
                    [
                        -2.709915,
                        54.240455
                    ],
                    [
                        -2.710526,
                        54.240212
                    ],
                    [
                        -2.710773,
                        54.240106
                    ],
                    [
                        -2.71157,
                        54.23974
                    ],
                    [
                        -2.712311,
                        54.239367
                    ],
                    [
                        -2.713038,
                        54.238968
                    ],
                    [
                        -2.713987,
                        54.238387
                    ],
                    [
                        -2.715138,
                        54.237556
                    ],
                    [
                        -2.716071,
                        54.236826
                    ],
                    [
                        -2.71705,
                        54.235995
                    ],
                    [
                        -2.717793,
                        54.235293
                    ],
                    [
                        -2.718698,
                        54.23436
                    ],
                    [
                        -2.719042,
                        54.233952
                    ],
                    [
                        -2.719452,
                        54.233429
                    ],
                    [
                        -2.719855,
                        54.232823
                    ],
                    [
                        -2.720163,
                        54.232261
                    ],
                    [
                        -2.720418,
                        54.231686
                    ],
                    [
                        -2.720712,
                        54.230792
                    ],
                    [
                        -2.720875,
                        54.229764
                    ],
                    [
                        -2.720896,
                        54.229057
                    ],
                    [
                        -2.72088,
                        54.228619
                    ],
                    [
                        -2.720716,
                        54.226862
                    ],
                    [
                        -2.720645,
                        54.225708
                    ],
                    [
                        -2.720623,
                        54.224536
                    ],
                    [
                        -2.720657,
                        54.223492
                    ],
                    [
                        -2.720724,
                        54.222558
                    ],
                    [
                        -2.720886,
                        54.22112
                    ],
                    [
                        -2.72101,
                        54.220314
                    ],
                    [
                        -2.721198,
                        54.219341
                    ],
                    [
                        -2.721417,
                        54.218367
                    ],
                    [
                        -2.721736,
                        54.217189
                    ],
                    [
                        -2.72217,
                        54.215784
                    ],
                    [
                        -2.722642,
                        54.21403
                    ],
                    [
                        -2.722883,
                        54.213021
                    ],
                    [
                        -2.723225,
                        54.211339
                    ],
                    [
                        -2.723246,
                        54.211216
                    ],
                    [
                        -2.723585,
                        54.209023
                    ],
                    [
                        -2.723813,
                        54.206716
                    ],
                    [
                        -2.723865,
                        54.205757
                    ],
                    [
                        -2.723901,
                        54.203421
                    ],
                    [
                        -2.723637,
                        54.199277
                    ],
                    [
                        -2.723637,
                        54.196127
                    ],
                    [
                        -2.723733,
                        54.194672
                    ],
                    [
                        -2.724225,
                        54.192423
                    ],
                    [
                        -2.724483,
                        54.191409
                    ],
                    [
                        -2.724811,
                        54.190322
                    ],
                    [
                        -2.725172,
                        54.189288
                    ],
                    [
                        -2.725589,
                        54.18826
                    ],
                    [
                        -2.726255,
                        54.186806
                    ],
                    [
                        -2.72701,
                        54.185373
                    ],
                    [
                        -2.727709,
                        54.184192
                    ],
                    [
                        -2.728472,
                        54.183032
                    ],
                    [
                        -2.728785,
                        54.182602
                    ],
                    [
                        -2.729202,
                        54.182075
                    ],
                    [
                        -2.729709,
                        54.181514
                    ],
                    [
                        -2.730558,
                        54.180665
                    ],
                    [
                        -2.731405,
                        54.179949
                    ],
                    [
                        -2.733209,
                        54.178553
                    ],
                    [
                        -2.733615,
                        54.178189
                    ],
                    [
                        -2.733998,
                        54.177813
                    ],
                    [
                        -2.734508,
                        54.177226
                    ],
                    [
                        -2.735029,
                        54.176461
                    ],
                    [
                        -2.735277,
                        54.17601
                    ],
                    [
                        -2.735574,
                        54.17529
                    ],
                    [
                        -2.735699,
                        54.174855
                    ],
                    [
                        -2.735825,
                        54.174277
                    ],
                    [
                        -2.736056,
                        54.173035
                    ],
                    [
                        -2.73628,
                        54.17229
                    ],
                    [
                        -2.736636,
                        54.171456
                    ],
                    [
                        -2.737311,
                        54.170148
                    ],
                    [
                        -2.737563,
                        54.169585
                    ],
                    [
                        -2.737915,
                        54.168607
                    ],
                    [
                        -2.73813,
                        54.167833
                    ],
                    [
                        -2.738304,
                        54.166943
                    ],
                    [
                        -2.738367,
                        54.166432
                    ],
                    [
                        -2.738393,
                        54.165919
                    ],
                    [
                        -2.738403,
                        54.16488
                    ],
                    [
                        -2.738225,
                        54.154584
                    ],
                    [
                        -2.738236,
                        54.153572
                    ],
                    [
                        -2.738379,
                        54.151528
                    ],
                    [
                        -2.738482,
                        54.150439
                    ],
                    [
                        -2.73895,
                        54.147107
                    ],
                    [
                        -2.73995,
                        54.143068
                    ],
                    [
                        -2.740544,
                        54.14184
                    ],
                    [
                        -2.740576,
                        54.141744
                    ],
                    [
                        -2.741128,
                        54.140299
                    ],
                    [
                        -2.741714,
                        54.138926
                    ],
                    [
                        -2.742479,
                        54.1373
                    ],
                    [
                        -2.743097,
                        54.136193
                    ],
                    [
                        -2.743173,
                        54.136054
                    ],
                    [
                        -2.743952,
                        54.134827
                    ],
                    [
                        -2.744156,
                        54.134539
                    ],
                    [
                        -2.744397,
                        54.134187
                    ],
                    [
                        -2.745488,
                        54.132764
                    ],
                    [
                        -2.745857,
                        54.13232
                    ],
                    [
                        -2.746144,
                        54.131986
                    ],
                    [
                        -2.746421,
                        54.131666
                    ],
                    [
                        -2.746561,
                        54.131516
                    ],
                    [
                        -2.747917,
                        54.130133
                    ],
                    [
                        -2.749018,
                        54.129085
                    ],
                    [
                        -2.749896,
                        54.128329
                    ],
                    [
                        -2.75127,
                        54.127229
                    ],
                    [
                        -2.752345,
                        54.126454
                    ],
                    [
                        -2.753397,
                        54.125654
                    ],
                    [
                        -2.754226,
                        54.124955
                    ],
                    [
                        -2.755431,
                        54.123871
                    ],
                    [
                        -2.756213,
                        54.123037
                    ],
                    [
                        -2.756999,
                        54.122117
                    ],
                    [
                        -2.757303,
                        54.121686
                    ],
                    [
                        -2.758315,
                        54.120125
                    ],
                    [
                        -2.758871,
                        54.119079
                    ],
                    [
                        -2.759368,
                        54.117622
                    ],
                    [
                        -2.760189,
                        54.115051
                    ],
                    [
                        -2.760526,
                        54.114184
                    ],
                    [
                        -2.76134,
                        54.112549
                    ],
                    [
                        -2.761729,
                        54.111877
                    ],
                    [
                        -2.762542,
                        54.110801
                    ],
                    [
                        -2.763559,
                        54.109544
                    ],
                    [
                        -2.764004,
                        54.108925
                    ],
                    [
                        -2.764197,
                        54.108635
                    ],
                    [
                        -2.764415,
                        54.10822
                    ],
                    [
                        -2.764601,
                        54.107796
                    ],
                    [
                        -2.764711,
                        54.107467
                    ],
                    [
                        -2.7649,
                        54.106688
                    ],
                    [
                        -2.765107,
                        54.105303
                    ],
                    [
                        -2.76534,
                        54.103996
                    ],
                    [
                        -2.765476,
                        54.102828
                    ],
                    [
                        -2.765675,
                        54.101491
                    ],
                    [
                        -2.765836,
                        54.100104
                    ],
                    [
                        -2.767,
                        54.092027
                    ],
                    [
                        -2.767106,
                        54.090631
                    ],
                    [
                        -2.767106,
                        54.089951
                    ],
                    [
                        -2.766986,
                        54.089418
                    ],
                    [
                        -2.766394,
                        54.087323
                    ],
                    [
                        -2.766316,
                        54.086774
                    ],
                    [
                        -2.766322,
                        54.086336
                    ],
                    [
                        -2.766524,
                        54.08542
                    ],
                    [
                        -2.766698,
                        54.084824
                    ],
                    [
                        -2.766932,
                        54.084279
                    ],
                    [
                        -2.767154,
                        54.083884
                    ],
                    [
                        -2.767501,
                        54.083359
                    ],
                    [
                        -2.767945,
                        54.082814
                    ],
                    [
                        -2.768387,
                        54.082356
                    ],
                    [
                        -2.769704,
                        54.081087
                    ],
                    [
                        -2.770079,
                        54.080699
                    ],
                    [
                        -2.770557,
                        54.08013
                    ],
                    [
                        -2.770985,
                        54.079509
                    ],
                    [
                        -2.77121,
                        54.079085
                    ],
                    [
                        -2.771417,
                        54.078599
                    ],
                    [
                        -2.771568,
                        54.078086
                    ],
                    [
                        -2.771697,
                        54.077336
                    ],
                    [
                        -2.771714,
                        54.076951
                    ],
                    [
                        -2.7717,
                        54.076566
                    ],
                    [
                        -2.771621,
                        54.075932
                    ],
                    [
                        -2.771589,
                        54.07573
                    ],
                    [
                        -2.771517,
                        54.075245
                    ],
                    [
                        -2.771276,
                        54.073621
                    ],
                    [
                        -2.771194,
                        54.072836
                    ],
                    [
                        -2.771036,
                        54.071696
                    ],
                    [
                        -2.771014,
                        54.071548
                    ],
                    [
                        -2.770856,
                        54.070404
                    ],
                    [
                        -2.770779,
                        54.069497
                    ],
                    [
                        -2.770784,
                        54.068278
                    ],
                    [
                        -2.770913,
                        54.067245
                    ],
                    [
                        -2.771123,
                        54.066117
                    ],
                    [
                        -2.771365,
                        54.065059
                    ],
                    [
                        -2.771448,
                        54.064596
                    ],
                    [
                        -2.771485,
                        54.064135
                    ],
                    [
                        -2.77146,
                        54.063453
                    ],
                    [
                        -2.771402,
                        54.063068
                    ],
                    [
                        -2.77128,
                        54.062567
                    ],
                    [
                        -2.771178,
                        54.062251
                    ],
                    [
                        -2.771045,
                        54.06194
                    ],
                    [
                        -2.77085,
                        54.061531
                    ],
                    [
                        -2.770547,
                        54.061047
                    ],
                    [
                        -2.770277,
                        54.060669
                    ],
                    [
                        -2.769904,
                        54.060257
                    ],
                    [
                        -2.768993,
                        54.059346
                    ],
                    [
                        -2.767416,
                        54.057714
                    ],
                    [
                        -2.766655,
                        54.056614
                    ],
                    [
                        -2.766143,
                        54.055745
                    ],
                    [
                        -2.765485,
                        54.054266
                    ],
                    [
                        -2.765124,
                        54.052993
                    ],
                    [
                        -2.76488,
                        54.051345
                    ],
                    [
                        -2.764936,
                        54.050171
                    ],
                    [
                        -2.765045,
                        54.049004
                    ],
                    [
                        -2.765367,
                        54.047801
                    ],
                    [
                        -2.766062,
                        54.04633
                    ],
                    [
                        -2.766968,
                        54.04488
                    ],
                    [
                        -2.770638,
                        54.040581
                    ],
                    [
                        -2.771843,
                        54.039239
                    ],
                    [
                        -2.772084,
                        54.038972
                    ],
                    [
                        -2.777846,
                        54.032427
                    ],
                    [
                        -2.779075,
                        54.030935
                    ],
                    [
                        -2.779438,
                        54.030452
                    ],
                    [
                        -2.779894,
                        54.029788
                    ],
                    [
                        -2.780453,
                        54.028904
                    ],
                    [
                        -2.781135,
                        54.027745
                    ],
                    [
                        -2.781641,
                        54.026753
                    ],
                    [
                        -2.782317,
                        54.025202
                    ],
                    [
                        -2.782633,
                        54.024169
                    ],
                    [
                        -2.782925,
                        54.022758
                    ],
                    [
                        -2.782987,
                        54.02136
                    ],
                    [
                        -2.782955,
                        54.02085
                    ],
                    [
                        -2.782692,
                        54.018932
                    ],
                    [
                        -2.782468,
                        54.017778
                    ],
                    [
                        -2.782414,
                        54.017454
                    ],
                    [
                        -2.781755,
                        54.01456
                    ],
                    [
                        -2.781094,
                        54.010403
                    ],
                    [
                        -2.780524,
                        54.005484
                    ],
                    [
                        -2.78049,
                        54.005117
                    ],
                    [
                        -2.780337,
                        54.003148
                    ],
                    [
                        -2.780315,
                        54.000513
                    ],
                    [
                        -2.780319,
                        54.00034
                    ],
                    [
                        -2.780394,
                        53.9978
                    ],
                    [
                        -2.7804,
                        53.997662
                    ],
                    [
                        -2.780578,
                        53.995139
                    ],
                    [
                        -2.781059,
                        53.990079
                    ],
                    [
                        -2.781094,
                        53.989721
                    ],
                    [
                        -2.781298,
                        53.987565
                    ],
                    [
                        -2.781363,
                        53.986686
                    ],
                    [
                        -2.78136,
                        53.985996
                    ],
                    [
                        -2.781284,
                        53.985202
                    ],
                    [
                        -2.781156,
                        53.984447
                    ],
                    [
                        -2.780857,
                        53.983376
                    ],
                    [
                        -2.780684,
                        53.982892
                    ],
                    [
                        -2.780248,
                        53.981921
                    ],
                    [
                        -2.779706,
                        53.98096
                    ],
                    [
                        -2.779267,
                        53.980325
                    ],
                    [
                        -2.77877,
                        53.979703
                    ],
                    [
                        -2.778285,
                        53.979105
                    ],
                    [
                        -2.777726,
                        53.978509
                    ],
                    [
                        -2.776993,
                        53.977819
                    ],
                    [
                        -2.769624,
                        53.971681
                    ],
                    [
                        -2.767679,
                        53.969945
                    ],
                    [
                        -2.765016,
                        53.966899
                    ],
                    [
                        -2.763319,
                        53.965125
                    ],
                    [
                        -2.761358,
                        53.963319
                    ],
                    [
                        -2.759038,
                        53.961536
                    ],
                    [
                        -2.757755,
                        53.960627
                    ],
                    [
                        -2.754979,
                        53.958806
                    ],
                    [
                        -2.75371,
                        53.957675
                    ],
                    [
                        -2.752963,
                        53.956925
                    ],
                    [
                        -2.752306,
                        53.956066
                    ],
                    [
                        -2.751898,
                        53.95545
                    ],
                    [
                        -2.751274,
                        53.954081
                    ],
                    [
                        -2.751163,
                        53.953682
                    ],
                    [
                        -2.750988,
                        53.952752
                    ],
                    [
                        -2.750954,
                        53.952033
                    ],
                    [
                        -2.75098,
                        53.951191
                    ],
                    [
                        -2.751109,
                        53.950442
                    ],
                    [
                        -2.751324,
                        53.949688
                    ],
                    [
                        -2.751584,
                        53.949093
                    ],
                    [
                        -2.751818,
                        53.948663
                    ],
                    [
                        -2.753843,
                        53.945524
                    ],
                    [
                        -2.754901,
                        53.943515
                    ],
                    [
                        -2.755456,
                        53.942321
                    ],
                    [
                        -2.755703,
                        53.941611
                    ],
                    [
                        -2.755913,
                        53.940894
                    ],
                    [
                        -2.75618,
                        53.939799
                    ],
                    [
                        -2.756351,
                        53.93884
                    ],
                    [
                        -2.75653,
                        53.937485
                    ],
                    [
                        -2.757027,
                        53.933075
                    ],
                    [
                        -2.75732,
                        53.931645
                    ],
                    [
                        -2.757737,
                        53.93023
                    ],
                    [
                        -2.757831,
                        53.929909
                    ],
                    [
                        -2.758168,
                        53.928765
                    ],
                    [
                        -2.758461,
                        53.926869
                    ],
                    [
                        -2.758432,
                        53.92587
                    ],
                    [
                        -2.758198,
                        53.924338
                    ],
                    [
                        -2.756884,
                        53.920073
                    ],
                    [
                        -2.756154,
                        53.917913
                    ],
                    [
                        -2.756092,
                        53.917722
                    ],
                    [
                        -2.753896,
                        53.911187
                    ],
                    [
                        -2.752462,
                        53.906791
                    ],
                    [
                        -2.751204,
                        53.902825
                    ],
                    [
                        -2.748687,
                        53.895342
                    ],
                    [
                        -2.748131,
                        53.89429
                    ],
                    [
                        -2.747224,
                        53.892963
                    ],
                    [
                        -2.74497,
                        53.890049
                    ],
                    [
                        -2.744473,
                        53.889132
                    ],
                    [
                        -2.744349,
                        53.88883
                    ],
                    [
                        -2.744063,
                        53.887735
                    ],
                    [
                        -2.743962,
                        53.887258
                    ],
                    [
                        -2.743888,
                        53.886673
                    ],
                    [
                        -2.743904,
                        53.885301
                    ],
                    [
                        -2.743915,
                        53.88501
                    ],
                    [
                        -2.744063,
                        53.881318
                    ],
                    [
                        -2.744145,
                        53.880067
                    ],
                    [
                        -2.74418,
                        53.879501
                    ],
                    [
                        -2.744356,
                        53.876815
                    ],
                    [
                        -2.744531,
                        53.874727
                    ],
                    [
                        -2.74459,
                        53.872763
                    ],
                    [
                        -2.744473,
                        53.871624
                    ],
                    [
                        -2.744268,
                        53.870417
                    ],
                    [
                        -2.743858,
                        53.868501
                    ],
                    [
                        -2.743478,
                        53.867241
                    ],
                    [
                        -2.742863,
                        53.865757
                    ],
                    [
                        -2.742015,
                        53.863945
                    ],
                    [
                        -2.740889,
                        53.862112
                    ],
                    [
                        -2.739318,
                        53.860031
                    ],
                    [
                        -2.738988,
                        53.85967
                    ],
                    [
                        -2.730579,
                        53.849917
                    ],
                    [
                        -2.729628,
                        53.848765
                    ],
                    [
                        -2.727984,
                        53.84666
                    ],
                    [
                        -2.72592,
                        53.843764
                    ],
                    [
                        -2.724866,
                        53.842126
                    ],
                    [
                        -2.72352,
                        53.839881
                    ],
                    [
                        -2.722591,
                        53.838154
                    ],
                    [
                        -2.72192,
                        53.836851
                    ],
                    [
                        -2.720974,
                        53.834916
                    ],
                    [
                        -2.719964,
                        53.832415
                    ],
                    [
                        -2.717336,
                        53.825074
                    ],
                    [
                        -2.71663,
                        53.82316
                    ],
                    [
                        -2.716314,
                        53.822454
                    ],
                    [
                        -2.715829,
                        53.821525
                    ],
                    [
                        -2.715432,
                        53.820857
                    ],
                    [
                        -2.714786,
                        53.819921
                    ],
                    [
                        -2.714068,
                        53.819012
                    ],
                    [
                        -2.713234,
                        53.818084
                    ],
                    [
                        -2.712514,
                        53.817371
                    ],
                    [
                        -2.711494,
                        53.816457
                    ],
                    [
                        -2.711056,
                        53.816105
                    ],
                    [
                        -2.709179,
                        53.814731
                    ],
                    [
                        -2.70886,
                        53.81454
                    ],
                    [
                        -2.707797,
                        53.81388
                    ],
                    [
                        -2.706937,
                        53.813395
                    ],
                    [
                        -2.705946,
                        53.812871
                    ],
                    [
                        -2.704938,
                        53.812379
                    ],
                    [
                        -2.703733,
                        53.811755
                    ],
                    [
                        -2.702974,
                        53.811328
                    ],
                    [
                        -2.701778,
                        53.810573
                    ],
                    [
                        -2.700918,
                        53.80996
                    ],
                    [
                        -2.699949,
                        53.809183
                    ],
                    [
                        -2.69953,
                        53.808809
                    ],
                    [
                        -2.69858,
                        53.807908
                    ],
                    [
                        -2.697583,
                        53.806912
                    ],
                    [
                        -2.697114,
                        53.806445
                    ],
                    [
                        -2.694248,
                        53.803674
                    ],
                    [
                        -2.693332,
                        53.802831
                    ],
                    [
                        -2.692307,
                        53.802021
                    ],
                    [
                        -2.691701,
                        53.801597
                    ],
                    [
                        -2.690951,
                        53.801128
                    ],
                    [
                        -2.6899,
                        53.800532
                    ],
                    [
                        -2.689346,
                        53.800251
                    ],
                    [
                        -2.689036,
                        53.800103
                    ],
                    [
                        -2.687653,
                        53.799519
                    ],
                    [
                        -2.685333,
                        53.798653
                    ],
                    [
                        -2.684148,
                        53.798193
                    ],
                    [
                        -2.682955,
                        53.797694
                    ],
                    [
                        -2.679755,
                        53.796234
                    ],
                    [
                        -2.678576,
                        53.795741
                    ],
                    [
                        -2.676998,
                        53.795146
                    ],
                    [
                        -2.675677,
                        53.794702
                    ],
                    [
                        -2.674843,
                        53.794436
                    ],
                    [
                        -2.67313,
                        53.793929
                    ],
                    [
                        -2.672879,
                        53.793859
                    ],
                    [
                        -2.667568,
                        53.792592
                    ],
                    [
                        -2.666298,
                        53.79226
                    ],
                    [
                        -2.665178,
                        53.791904
                    ],
                    [
                        -2.664916,
                        53.791816
                    ],
                    [
                        -2.66429,
                        53.791624
                    ],
                    [
                        -2.662095,
                        53.790777
                    ],
                    [
                        -2.65952,
                        53.789636
                    ],
                    [
                        -2.65838,
                        53.789057
                    ],
                    [
                        -2.658088,
                        53.788911
                    ],
                    [
                        -2.656106,
                        53.787863
                    ],
                    [
                        -2.653095,
                        53.786037
                    ],
                    [
                        -2.65248,
                        53.785595
                    ],
                    [
                        -2.651548,
                        53.784774
                    ],
                    [
                        -2.651144,
                        53.784383
                    ],
                    [
                        -2.650418,
                        53.783671
                    ],
                    [
                        -2.649945,
                        53.783067
                    ],
                    [
                        -2.649473,
                        53.782405
                    ],
                    [
                        -2.64862,
                        53.781068
                    ],
                    [
                        -2.647993,
                        53.780162
                    ],
                    [
                        -2.646944,
                        53.778896
                    ],
                    [
                        -2.646103,
                        53.77797
                    ],
                    [
                        -2.644812,
                        53.77673
                    ],
                    [
                        -2.644053,
                        53.776079
                    ],
                    [
                        -2.64063,
                        53.773431
                    ],
                    [
                        -2.64026,
                        53.773112
                    ],
                    [
                        -2.639179,
                        53.772103
                    ],
                    [
                        -2.639022,
                        53.771938
                    ],
                    [
                        -2.637886,
                        53.770553
                    ],
                    [
                        -2.637466,
                        53.769917
                    ],
                    [
                        -2.637146,
                        53.769359
                    ],
                    [
                        -2.636446,
                        53.767657
                    ],
                    [
                        -2.63609,
                        53.766244
                    ],
                    [
                        -2.635819,
                        53.764771
                    ],
                    [
                        -2.635652,
                        53.763932
                    ],
                    [
                        -2.635589,
                        53.762253
                    ],
                    [
                        -2.635693,
                        53.761207
                    ],
                    [
                        -2.636014,
                        53.759925
                    ],
                    [
                        -2.636258,
                        53.759278
                    ],
                    [
                        -2.636721,
                        53.758271
                    ],
                    [
                        -2.637366,
                        53.757141
                    ],
                    [
                        -2.638159,
                        53.756024
                    ],
                    [
                        -2.639524,
                        53.754465
                    ],
                    [
                        -2.642813,
                        53.751408
                    ],
                    [
                        -2.647388,
                        53.74724
                    ],
                    [
                        -2.648769,
                        53.745921
                    ],
                    [
                        -2.649203,
                        53.74545
                    ],
                    [
                        -2.650066,
                        53.744173
                    ],
                    [
                        -2.650387,
                        53.743499
                    ],
                    [
                        -2.650593,
                        53.742948
                    ],
                    [
                        -2.650727,
                        53.742463
                    ],
                    [
                        -2.65084,
                        53.741735
                    ],
                    [
                        -2.650873,
                        53.741161
                    ],
                    [
                        -2.650807,
                        53.740294
                    ],
                    [
                        -2.650614,
                        53.739415
                    ],
                    [
                        -2.650349,
                        53.738713
                    ],
                    [
                        -2.650031,
                        53.738066
                    ],
                    [
                        -2.649888,
                        53.737839
                    ],
                    [
                        -2.64884,
                        53.736337
                    ],
                    [
                        -2.648549,
                        53.735845
                    ],
                    [
                        -2.648253,
                        53.735171
                    ],
                    [
                        -2.648098,
                        53.734701
                    ],
                    [
                        -2.647983,
                        53.734202
                    ],
                    [
                        -2.647907,
                        53.733288
                    ],
                    [
                        -2.647917,
                        53.732823
                    ],
                    [
                        -2.64797,
                        53.73236
                    ],
                    [
                        -2.648065,
                        53.731913
                    ],
                    [
                        -2.648203,
                        53.731461
                    ],
                    [
                        -2.648374,
                        53.731036
                    ],
                    [
                        -2.648644,
                        53.730461
                    ],
                    [
                        -2.649095,
                        53.729768
                    ],
                    [
                        -2.649397,
                        53.729366
                    ],
                    [
                        -2.650445,
                        53.728147
                    ],
                    [
                        -2.650829,
                        53.727655
                    ],
                    [
                        -2.651254,
                        53.72701
                    ],
                    [
                        -2.651556,
                        53.726433
                    ],
                    [
                        -2.651681,
                        53.726149
                    ],
                    [
                        -2.652229,
                        53.724858
                    ],
                    [
                        -2.652851,
                        53.72366
                    ],
                    [
                        -2.653598,
                        53.722444
                    ],
                    [
                        -2.654058,
                        53.721839
                    ],
                    [
                        -2.654869,
                        53.720847
                    ],
                    [
                        -2.65581,
                        53.719861
                    ],
                    [
                        -2.656237,
                        53.719444
                    ],
                    [
                        -2.657334,
                        53.718464
                    ],
                    [
                        -2.658114,
                        53.717827
                    ],
                    [
                        -2.659221,
                        53.717016
                    ],
                    [
                        -2.660361,
                        53.716267
                    ],
                    [
                        -2.661483,
                        53.715606
                    ],
                    [
                        -2.662254,
                        53.715177
                    ],
                    [
                        -2.663233,
                        53.714673
                    ],
                    [
                        -2.664376,
                        53.71414
                    ],
                    [
                        -2.665339,
                        53.713722
                    ],
                    [
                        -2.667289,
                        53.712913
                    ],
                    [
                        -2.668001,
                        53.712621
                    ],
                    [
                        -2.669468,
                        53.711889
                    ],
                    [
                        -2.669852,
                        53.711678
                    ],
                    [
                        -2.670929,
                        53.711033
                    ],
                    [
                        -2.671382,
                        53.710735
                    ],
                    [
                        -2.672165,
                        53.710182
                    ],
                    [
                        -2.673056,
                        53.70947
                    ],
                    [
                        -2.67367,
                        53.708904
                    ],
                    [
                        -2.674364,
                        53.708227
                    ],
                    [
                        -2.674994,
                        53.707517
                    ],
                    [
                        -2.675668,
                        53.706595
                    ],
                    [
                        -2.676059,
                        53.705925
                    ],
                    [
                        -2.676522,
                        53.704888
                    ],
                    [
                        -2.67702,
                        53.703396
                    ],
                    [
                        -2.677254,
                        53.70201
                    ],
                    [
                        -2.677398,
                        53.696232
                    ],
                    [
                        -2.67742,
                        53.695778
                    ],
                    [
                        -2.677419,
                        53.695673
                    ],
                    [
                        -2.677466,
                        53.693083
                    ],
                    [
                        -2.677459,
                        53.691511
                    ],
                    [
                        -2.677576,
                        53.690522
                    ],
                    [
                        -2.678132,
                        53.688373
                    ],
                    [
                        -2.678534,
                        53.687466
                    ],
                    [
                        -2.678641,
                        53.687293
                    ],
                    [
                        -2.679105,
                        53.686386
                    ],
                    [
                        -2.680137,
                        53.684809
                    ],
                    [
                        -2.680635,
                        53.684169
                    ],
                    [
                        -2.681256,
                        53.683372
                    ],
                    [
                        -2.682109,
                        53.682332
                    ],
                    [
                        -2.682799,
                        53.681354
                    ],
                    [
                        -2.683437,
                        53.680203
                    ],
                    [
                        -2.683593,
                        53.679715
                    ],
                    [
                        -2.683997,
                        53.678454
                    ],
                    [
                        -2.684279,
                        53.676856
                    ],
                    [
                        -2.684659,
                        53.674972
                    ],
                    [
                        -2.685156,
                        53.673452
                    ],
                    [
                        -2.685534,
                        53.672471
                    ],
                    [
                        -2.686401,
                        53.670651
                    ],
                    [
                        -2.686821,
                        53.669913
                    ],
                    [
                        -2.688894,
                        53.666654
                    ],
                    [
                        -2.68936,
                        53.665718
                    ],
                    [
                        -2.68969,
                        53.664924
                    ],
                    [
                        -2.689946,
                        53.664255
                    ],
                    [
                        -2.690344,
                        53.663103
                    ],
                    [
                        -2.690655,
                        53.661955
                    ],
                    [
                        -2.690832,
                        53.661153
                    ],
                    [
                        -2.690937,
                        53.660541
                    ],
                    [
                        -2.691082,
                        53.65916
                    ],
                    [
                        -2.691105,
                        53.657096
                    ],
                    [
                        -2.691058,
                        53.656146
                    ],
                    [
                        -2.69099,
                        53.655372
                    ],
                    [
                        -2.690985,
                        53.654903
                    ],
                    [
                        -2.690838,
                        53.653827
                    ],
                    [
                        -2.690813,
                        53.652926
                    ],
                    [
                        -2.690864,
                        53.651792
                    ],
                    [
                        -2.69107,
                        53.65022
                    ],
                    [
                        -2.691693,
                        53.647866
                    ],
                    [
                        -2.692101,
                        53.645591
                    ],
                    [
                        -2.692304,
                        53.643574
                    ],
                    [
                        -2.692331,
                        53.642573
                    ],
                    [
                        -2.692212,
                        53.6407
                    ],
                    [
                        -2.692208,
                        53.639063
                    ],
                    [
                        -2.69202,
                        53.63759
                    ],
                    [
                        -2.691791,
                        53.636045
                    ],
                    [
                        -2.691468,
                        53.634622
                    ],
                    [
                        -2.691094,
                        53.63297
                    ],
                    [
                        -2.690871,
                        53.632233
                    ],
                    [
                        -2.69068,
                        53.631706
                    ],
                    [
                        -2.690133,
                        53.630217
                    ],
                    [
                        -2.689186,
                        53.628084
                    ],
                    [
                        -2.688123,
                        53.626151
                    ],
                    [
                        -2.687571,
                        53.625074
                    ],
                    [
                        -2.687178,
                        53.62437
                    ],
                    [
                        -2.686541,
                        53.622797
                    ],
                    [
                        -2.686069,
                        53.621134
                    ],
                    [
                        -2.685812,
                        53.619826
                    ],
                    [
                        -2.685667,
                        53.618735
                    ],
                    [
                        -2.685618,
                        53.61807
                    ],
                    [
                        -2.685597,
                        53.617478
                    ],
                    [
                        -2.685608,
                        53.616979
                    ],
                    [
                        -2.685609,
                        53.616623
                    ],
                    [
                        -2.685672,
                        53.615421
                    ],
                    [
                        -2.68584,
                        53.614659
                    ],
                    [
                        -2.686038,
                        53.61359
                    ],
                    [
                        -2.686351,
                        53.612402
                    ],
                    [
                        -2.687125,
                        53.610348
                    ],
                    [
                        -2.687864,
                        53.608841
                    ],
                    [
                        -2.689269,
                        53.605841
                    ],
                    [
                        -2.690476,
                        53.603159
                    ],
                    [
                        -2.691639,
                        53.600116
                    ],
                    [
                        -2.692107,
                        53.598798
                    ],
                    [
                        -2.69345,
                        53.594508
                    ],
                    [
                        -2.693697,
                        53.593615
                    ],
                    [
                        -2.694164,
                        53.591734
                    ],
                    [
                        -2.694247,
                        53.591251
                    ],
                    [
                        -2.694302,
                        53.590526
                    ],
                    [
                        -2.694265,
                        53.589694
                    ],
                    [
                        -2.693808,
                        53.587534
                    ],
                    [
                        -2.693681,
                        53.586808
                    ],
                    [
                        -2.693587,
                        53.586053
                    ],
                    [
                        -2.693524,
                        53.583829
                    ],
                    [
                        -2.693674,
                        53.582527
                    ],
                    [
                        -2.693826,
                        53.581606
                    ],
                    [
                        -2.694011,
                        53.580726
                    ],
                    [
                        -2.694233,
                        53.579933
                    ],
                    [
                        -2.694509,
                        53.57909
                    ],
                    [
                        -2.694867,
                        53.578233
                    ],
                    [
                        -2.695362,
                        53.577158
                    ],
                    [
                        -2.695947,
                        53.576063
                    ],
                    [
                        -2.696601,
                        53.574983
                    ],
                    [
                        -2.69731,
                        53.573724
                    ],
                    [
                        -2.697941,
                        53.572357
                    ],
                    [
                        -2.698363,
                        53.571244
                    ],
                    [
                        -2.698638,
                        53.570366
                    ],
                    [
                        -2.698833,
                        53.569641
                    ],
                    [
                        -2.699405,
                        53.566751
                    ],
                    [
                        -2.699711,
                        53.565584
                    ],
                    [
                        -2.700849,
                        53.562292
                    ],
                    [
                        -2.701686,
                        53.55999
                    ],
                    [
                        -2.702019,
                        53.558896
                    ],
                    [
                        -2.70217,
                        53.558198
                    ],
                    [
                        -2.702352,
                        53.557178
                    ],
                    [
                        -2.702381,
                        53.556287
                    ],
                    [
                        -2.70232,
                        53.555449
                    ],
                    [
                        -2.702195,
                        53.554611
                    ],
                    [
                        -2.70215,
                        53.554108
                    ],
                    [
                        -2.701566,
                        53.552313
                    ],
                    [
                        -2.701411,
                        53.551989
                    ],
                    [
                        -2.701131,
                        53.551374
                    ],
                    [
                        -2.700951,
                        53.551057
                    ],
                    [
                        -2.700568,
                        53.550421
                    ],
                    [
                        -2.699521,
                        53.548783
                    ],
                    [
                        -2.699456,
                        53.548674
                    ],
                    [
                        -2.699065,
                        53.547956
                    ],
                    [
                        -2.698472,
                        53.546737
                    ],
                    [
                        -2.697979,
                        53.545501
                    ],
                    [
                        -2.697605,
                        53.544353
                    ],
                    [
                        -2.697425,
                        53.543673
                    ],
                    [
                        -2.697246,
                        53.542857
                    ],
                    [
                        -2.697148,
                        53.542203
                    ],
                    [
                        -2.697059,
                        53.541448
                    ],
                    [
                        -2.696989,
                        53.540361
                    ],
                    [
                        -2.696992,
                        53.538934
                    ],
                    [
                        -2.697103,
                        53.537823
                    ],
                    [
                        -2.697258,
                        53.536917
                    ],
                    [
                        -2.697456,
                        53.536011
                    ],
                    [
                        -2.697777,
                        53.534862
                    ],
                    [
                        -2.697837,
                        53.534628
                    ],
                    [
                        -2.698045,
                        53.533801
                    ],
                    [
                        -2.698237,
                        53.532788
                    ],
                    [
                        -2.698337,
                        53.532047
                    ],
                    [
                        -2.698416,
                        53.531067
                    ],
                    [
                        -2.698436,
                        53.530604
                    ],
                    [
                        -2.698426,
                        53.529351
                    ],
                    [
                        -2.698347,
                        53.528439
                    ],
                    [
                        -2.698222,
                        53.527541
                    ],
                    [
                        -2.698112,
                        53.52695
                    ],
                    [
                        -2.697904,
                        53.526355
                    ],
                    [
                        -2.697358,
                        53.524194
                    ],
                    [
                        -2.696865,
                        53.522688
                    ],
                    [
                        -2.696028,
                        53.520564
                    ],
                    [
                        -2.695577,
                        53.519563
                    ],
                    [
                        -2.695073,
                        53.518695
                    ],
                    [
                        -2.69473,
                        53.51816
                    ],
                    [
                        -2.694108,
                        53.517458
                    ],
                    [
                        -2.693389,
                        53.516756
                    ],
                    [
                        -2.692284,
                        53.515831
                    ],
                    [
                        -2.69091,
                        53.514906
                    ],
                    [
                        -2.68928,
                        53.514019
                    ],
                    [
                        -2.687853,
                        53.513388
                    ],
                    [
                        -2.686436,
                        53.512865
                    ],
                    [
                        -2.684956,
                        53.512444
                    ],
                    [
                        -2.683186,
                        53.512048
                    ],
                    [
                        -2.681469,
                        53.511774
                    ],
                    [
                        -2.679018,
                        53.51133
                    ],
                    [
                        -2.678555,
                        53.511237
                    ],
                    [
                        -2.675532,
                        53.510574
                    ],
                    [
                        -2.673294,
                        53.509962
                    ],
                    [
                        -2.670815,
                        53.509171
                    ],
                    [
                        -2.668519,
                        53.508271
                    ],
                    [
                        -2.666052,
                        53.507046
                    ],
                    [
                        -2.664129,
                        53.505872
                    ],
                    [
                        -2.663831,
                        53.505673
                    ],
                    [
                        -2.662997,
                        53.505072
                    ],
                    [
                        -2.661807,
                        53.50413
                    ],
                    [
                        -2.660544,
                        53.502962
                    ],
                    [
                        -2.6596,
                        53.501921
                    ],
                    [
                        -2.658768,
                        53.500827
                    ],
                    [
                        -2.658357,
                        53.500193
                    ],
                    [
                        -2.657848,
                        53.499299
                    ],
                    [
                        -2.657399,
                        53.498323
                    ],
                    [
                        -2.657029,
                        53.497242
                    ],
                    [
                        -2.65686,
                        53.496594
                    ],
                    [
                        -2.65672,
                        53.495839
                    ],
                    [
                        -2.656578,
                        53.494397
                    ],
                    [
                        -2.656445,
                        53.493625
                    ],
                    [
                        -2.656275,
                        53.492929
                    ],
                    [
                        -2.65612,
                        53.492428
                    ],
                    [
                        -2.655903,
                        53.491839
                    ],
                    [
                        -2.65559,
                        53.491105
                    ],
                    [
                        -2.655031,
                        53.490004
                    ],
                    [
                        -2.65458,
                        53.489244
                    ],
                    [
                        -2.654269,
                        53.488773
                    ],
                    [
                        -2.653598,
                        53.487849
                    ],
                    [
                        -2.653078,
                        53.487211
                    ],
                    [
                        -2.652436,
                        53.486486
                    ],
                    [
                        -2.651746,
                        53.48578
                    ],
                    [
                        -2.650747,
                        53.484849
                    ],
                    [
                        -2.64991,
                        53.484154
                    ],
                    [
                        -2.648783,
                        53.483284
                    ],
                    [
                        -2.64791,
                        53.48266
                    ],
                    [
                        -2.646757,
                        53.4819
                    ],
                    [
                        -2.645558,
                        53.481177
                    ],
                    [
                        -2.642628,
                        53.479561
                    ],
                    [
                        -2.642235,
                        53.47931
                    ],
                    [
                        -2.64043,
                        53.478139
                    ],
                    [
                        -2.638616,
                        53.476769
                    ],
                    [
                        -2.637046,
                        53.47534
                    ],
                    [
                        -2.636931,
                        53.475231
                    ],
                    [
                        -2.636657,
                        53.474971
                    ],
                    [
                        -2.635602,
                        53.473863
                    ],
                    [
                        -2.635109,
                        53.473308
                    ],
                    [
                        -2.634054,
                        53.471965
                    ],
                    [
                        -2.633021,
                        53.470454
                    ],
                    [
                        -2.632657,
                        53.469947
                    ],
                    [
                        -2.632349,
                        53.469579
                    ],
                    [
                        -2.63194,
                        53.469139
                    ],
                    [
                        -2.631364,
                        53.468577
                    ],
                    [
                        -2.630302,
                        53.46775
                    ],
                    [
                        -2.628686,
                        53.46676
                    ],
                    [
                        -2.627259,
                        53.46608
                    ],
                    [
                        -2.625917,
                        53.465532
                    ],
                    [
                        -2.624771,
                        53.465084
                    ],
                    [
                        -2.620417,
                        53.463511
                    ],
                    [
                        -2.618063,
                        53.462688
                    ],
                    [
                        -2.61596,
                        53.461978
                    ],
                    [
                        -2.615774,
                        53.461918
                    ],
                    [
                        -2.611638,
                        53.4606
                    ],
                    [
                        -2.611016,
                        53.460378
                    ],
                    [
                        -2.609807,
                        53.459907
                    ],
                    [
                        -2.608804,
                        53.459458
                    ],
                    [
                        -2.607736,
                        53.458929
                    ],
                    [
                        -2.607023,
                        53.458536
                    ],
                    [
                        -2.606343,
                        53.458135
                    ],
                    [
                        -2.60568,
                        53.457704
                    ],
                    [
                        -2.605067,
                        53.457277
                    ],
                    [
                        -2.604167,
                        53.456582
                    ],
                    [
                        -2.604033,
                        53.456471
                    ],
                    [
                        -2.603559,
                        53.456053
                    ],
                    [
                        -2.603419,
                        53.455925
                    ],
                    [
                        -2.602536,
                        53.455036
                    ],
                    [
                        -2.601804,
                        53.454168
                    ],
                    [
                        -2.601684,
                        53.45401
                    ],
                    [
                        -2.600647,
                        53.452671
                    ],
                    [
                        -2.59996,
                        53.451921
                    ],
                    [
                        -2.599595,
                        53.451571
                    ],
                    [
                        -2.599225,
                        53.451252
                    ],
                    [
                        -2.598411,
                        53.450623
                    ],
                    [
                        -2.597956,
                        53.450314
                    ],
                    [
                        -2.597285,
                        53.449897
                    ],
                    [
                        -2.596578,
                        53.449508
                    ],
                    [
                        -2.594664,
                        53.448654
                    ],
                    [
                        -2.592725,
                        53.44776
                    ],
                    [
                        -2.59069,
                        53.446482
                    ],
                    [
                        -2.590029,
                        53.445897
                    ],
                    [
                        -2.589377,
                        53.445322
                    ],
                    [
                        -2.588545,
                        53.444417
                    ],
                    [
                        -2.587131,
                        53.442713
                    ],
                    [
                        -2.58581,
                        53.441447
                    ],
                    [
                        -2.584498,
                        53.440438
                    ],
                    [
                        -2.582159,
                        53.439013
                    ],
                    [
                        -2.581444,
                        53.438651
                    ],
                    [
                        -2.580624,
                        53.438266
                    ],
                    [
                        -2.579095,
                        53.437621
                    ],
                    [
                        -2.57643,
                        53.436504
                    ],
                    [
                        -2.573586,
                        53.435247
                    ],
                    [
                        -2.57158,
                        53.434334
                    ],
                    [
                        -2.566182,
                        53.431742
                    ],
                    [
                        -2.562517,
                        53.429775
                    ],
                    [
                        -2.561286,
                        53.429092
                    ],
                    [
                        -2.559854,
                        53.428287
                    ],
                    [
                        -2.556594,
                        53.426413
                    ],
                    [
                        -2.554312,
                        53.424988
                    ],
                    [
                        -2.55139,
                        53.423149
                    ],
                    [
                        -2.548398,
                        53.421069
                    ],
                    [
                        -2.54737,
                        53.420346
                    ],
                    [
                        -2.545144,
                        53.418715
                    ],
                    [
                        -2.543342,
                        53.417344
                    ],
                    [
                        -2.542297,
                        53.416521
                    ],
                    [
                        -2.541534,
                        53.415968
                    ],
                    [
                        -2.541016,
                        53.41562
                    ],
                    [
                        -2.53953,
                        53.41465
                    ],
                    [
                        -2.537935,
                        53.413743
                    ],
                    [
                        -2.536441,
                        53.412935
                    ],
                    [
                        -2.534956,
                        53.412193
                    ],
                    [
                        -2.532496,
                        53.411075
                    ],
                    [
                        -2.532265,
                        53.41098
                    ],
                    [
                        -2.531251,
                        53.410568
                    ],
                    [
                        -2.529942,
                        53.410078
                    ],
                    [
                        -2.528625,
                        53.40962
                    ],
                    [
                        -2.525924,
                        53.408716
                    ],
                    [
                        -2.52506,
                        53.408388
                    ],
                    [
                        -2.524226,
                        53.408047
                    ],
                    [
                        -2.522981,
                        53.407487
                    ],
                    [
                        -2.521945,
                        53.406972
                    ],
                    [
                        -2.52087,
                        53.406384
                    ],
                    [
                        -2.519949,
                        53.405826
                    ],
                    [
                        -2.51473,
                        53.402546
                    ],
                    [
                        -2.513818,
                        53.401924
                    ],
                    [
                        -2.512951,
                        53.401239
                    ],
                    [
                        -2.512792,
                        53.401092
                    ],
                    [
                        -2.51169,
                        53.400075
                    ],
                    [
                        -2.511191,
                        53.399509
                    ],
                    [
                        -2.510615,
                        53.398787
                    ],
                    [
                        -2.509221,
                        53.396994
                    ],
                    [
                        -2.50853,
                        53.396095
                    ],
                    [
                        -2.507946,
                        53.395293
                    ],
                    [
                        -2.507529,
                        53.394688
                    ],
                    [
                        -2.506904,
                        53.393657
                    ],
                    [
                        -2.506332,
                        53.392556
                    ],
                    [
                        -2.506092,
                        53.392029
                    ],
                    [
                        -2.505561,
                        53.3907
                    ],
                    [
                        -2.505241,
                        53.389709
                    ],
                    [
                        -2.504966,
                        53.388602
                    ],
                    [
                        -2.504834,
                        53.387862
                    ],
                    [
                        -2.5047,
                        53.386918
                    ],
                    [
                        -2.504625,
                        53.38547
                    ],
                    [
                        -2.504627,
                        53.384864
                    ],
                    [
                        -2.504687,
                        53.383966
                    ],
                    [
                        -2.504823,
                        53.382883
                    ],
                    [
                        -2.504892,
                        53.382485
                    ],
                    [
                        -2.505169,
                        53.381241
                    ],
                    [
                        -2.505275,
                        53.380878
                    ],
                    [
                        -2.506072,
                        53.37846
                    ],
                    [
                        -2.506195,
                        53.378094
                    ],
                    [
                        -2.506636,
                        53.376702
                    ],
                    [
                        -2.506726,
                        53.376495
                    ],
                    [
                        -2.506848,
                        53.376133
                    ],
                    [
                        -2.506961,
                        53.375742
                    ],
                    [
                        -2.509241,
                        53.368911
                    ],
                    [
                        -2.509462,
                        53.36816
                    ],
                    [
                        -2.509578,
                        53.367678
                    ],
                    [
                        -2.509686,
                        53.367149
                    ],
                    [
                        -2.509804,
                        53.366201
                    ],
                    [
                        -2.509852,
                        53.365461
                    ],
                    [
                        -2.509859,
                        53.36492
                    ],
                    [
                        -2.509816,
                        53.36404
                    ],
                    [
                        -2.509739,
                        53.363403
                    ],
                    [
                        -2.509556,
                        53.362444
                    ],
                    [
                        -2.509407,
                        53.361847
                    ],
                    [
                        -2.509166,
                        53.361079
                    ],
                    [
                        -2.508849,
                        53.360308
                    ],
                    [
                        -2.508323,
                        53.359132
                    ],
                    [
                        -2.508049,
                        53.358842
                    ],
                    [
                        -2.507326,
                        53.357885
                    ],
                    [
                        -2.506925,
                        53.357468
                    ],
                    [
                        -2.506693,
                        53.357276
                    ],
                    [
                        -2.506247,
                        53.356979
                    ],
                    [
                        -2.505755,
                        53.35674
                    ],
                    [
                        -2.505522,
                        53.356651
                    ],
                    [
                        -2.505152,
                        53.356525
                    ],
                    [
                        -2.50481,
                        53.356438
                    ],
                    [
                        -2.504139,
                        53.356327
                    ],
                    [
                        -2.503409,
                        53.356266
                    ],
                    [
                        -2.502469,
                        53.356241
                    ],
                    [
                        -2.501497,
                        53.356222
                    ],
                    [
                        -2.500767,
                        53.356185
                    ],
                    [
                        -2.500471,
                        53.356157
                    ],
                    [
                        -2.499833,
                        53.356044
                    ],
                    [
                        -2.499598,
                        53.355974
                    ],
                    [
                        -2.499353,
                        53.35588
                    ],
                    [
                        -2.498755,
                        53.355494
                    ],
                    [
                        -2.498524,
                        53.355291
                    ],
                    [
                        -2.498331,
                        53.355052
                    ],
                    [
                        -2.4982,
                        53.354796
                    ],
                    [
                        -2.498162,
                        53.354659
                    ],
                    [
                        -2.498147,
                        53.354344
                    ],
                    [
                        -2.498265,
                        53.353907
                    ],
                    [
                        -2.498431,
                        53.353689
                    ],
                    [
                        -2.498719,
                        53.35343
                    ],
                    [
                        -2.499038,
                        53.353208
                    ],
                    [
                        -2.499203,
                        53.353121
                    ],
                    [
                        -2.499606,
                        53.352955
                    ],
                    [
                        -2.499999,
                        53.352844
                    ],
                    [
                        -2.500205,
                        53.352802
                    ],
                    [
                        -2.501788,
                        53.352609
                    ],
                    [
                        -2.502065,
                        53.352569
                    ],
                    [
                        -2.502514,
                        53.352476
                    ],
                    [
                        -2.503123,
                        53.352334
                    ],
                    [
                        -2.503892,
                        53.352149
                    ],
                    [
                        -2.504014,
                        53.352119
                    ],
                    [
                        -2.504567,
                        53.351984
                    ],
                    [
                        -2.50556,
                        53.351813
                    ],
                    [
                        -2.506269,
                        53.351629
                    ],
                    [
                        -2.506563,
                        53.351552
                    ],
                    [
                        -2.514341,
                        53.349523
                    ],
                    [
                        -2.520057,
                        53.348066
                    ],
                    [
                        -2.526178,
                        53.346559
                    ],
                    [
                        -2.530062,
                        53.345773
                    ],
                    [
                        -2.536217,
                        53.344658
                    ],
                    [
                        -2.537347,
                        53.344432
                    ],
                    [
                        -2.538834,
                        53.344111
                    ],
                    [
                        -2.540939,
                        53.343623
                    ],
                    [
                        -2.542675,
                        53.343176
                    ],
                    [
                        -2.544357,
                        53.342715
                    ],
                    [
                        -2.54709,
                        53.341891
                    ],
                    [
                        -2.54872,
                        53.341351
                    ],
                    [
                        -2.551413,
                        53.340372
                    ],
                    [
                        -2.552808,
                        53.33982
                    ],
                    [
                        -2.555009,
                        53.338921
                    ],
                    [
                        -2.55595,
                        53.338556
                    ],
                    [
                        -2.557345,
                        53.338035
                    ],
                    [
                        -2.558259,
                        53.337719
                    ],
                    [
                        -2.55943,
                        53.337333
                    ],
                    [
                        -2.560689,
                        53.336939
                    ],
                    [
                        -2.56312,
                        53.336261
                    ],
                    [
                        -2.564472,
                        53.335928
                    ],
                    [
                        -2.566399,
                        53.335481
                    ],
                    [
                        -2.567671,
                        53.335219
                    ],
                    [
                        -2.569273,
                        53.334917
                    ],
                    [
                        -2.571008,
                        53.334627
                    ],
                    [
                        -2.572141,
                        53.334457
                    ],
                    [
                        -2.574212,
                        53.334192
                    ],
                    [
                        -2.576124,
                        53.333993
                    ],
                    [
                        -2.577711,
                        53.333858
                    ],
                    [
                        -2.578735,
                        53.333788
                    ],
                    [
                        -2.579861,
                        53.33373
                    ],
                    [
                        -2.583431,
                        53.333614
                    ],
                    [
                        -2.597131,
                        53.333095
                    ],
                    [
                        -2.599155,
                        53.332983
                    ],
                    [
                        -2.600639,
                        53.332868
                    ],
                    [
                        -2.602225,
                        53.332722
                    ],
                    [
                        -2.603545,
                        53.332584
                    ],
                    [
                        -2.606052,
                        53.332266
                    ],
                    [
                        -2.60734,
                        53.332075
                    ],
                    [
                        -2.609664,
                        53.331683
                    ],
                    [
                        -2.611461,
                        53.331337
                    ],
                    [
                        -2.6129,
                        53.331036
                    ],
                    [
                        -2.616604,
                        53.330176
                    ],
                    [
                        -2.618134,
                        53.329853
                    ],
                    [
                        -2.619814,
                        53.329532
                    ],
                    [
                        -2.621639,
                        53.329229
                    ],
                    [
                        -2.622554,
                        53.329092
                    ],
                    [
                        -2.624346,
                        53.328859
                    ],
                    [
                        -2.625264,
                        53.328756
                    ],
                    [
                        -2.627247,
                        53.328568
                    ],
                    [
                        -2.628316,
                        53.328486
                    ],
                    [
                        -2.630594,
                        53.328357
                    ],
                    [
                        -2.632065,
                        53.328309
                    ],
                    [
                        -2.634598,
                        53.328254
                    ],
                    [
                        -2.634971,
                        53.32824
                    ],
                    [
                        -2.63549,
                        53.328221
                    ],
                    [
                        -2.636395,
                        53.328161
                    ],
                    [
                        -2.637063,
                        53.3281
                    ],
                    [
                        -2.637751,
                        53.328034
                    ],
                    [
                        -2.638892,
                        53.327891
                    ],
                    [
                        -2.639495,
                        53.327796
                    ],
                    [
                        -2.640779,
                        53.327563
                    ],
                    [
                        -2.642412,
                        53.327191
                    ],
                    [
                        -2.643701,
                        53.326828
                    ],
                    [
                        -2.644578,
                        53.326545
                    ],
                    [
                        -2.646043,
                        53.326
                    ],
                    [
                        -2.647875,
                        53.325223
                    ],
                    [
                        -2.64919,
                        53.324629
                    ],
                    [
                        -2.649787,
                        53.324334
                    ],
                    [
                        -2.650757,
                        53.323836
                    ],
                    [
                        -2.65264,
                        53.322824
                    ],
                    [
                        -2.654835,
                        53.321502
                    ],
                    [
                        -2.656372,
                        53.320462
                    ],
                    [
                        -2.658321,
                        53.319017
                    ],
                    [
                        -2.660067,
                        53.317565
                    ],
                    [
                        -2.660725,
                        53.317115
                    ],
                    [
                        -2.660889,
                        53.316995
                    ],
                    [
                        -2.661957,
                        53.316249
                    ],
                    [
                        -2.664175,
                        53.314977
                    ],
                    [
                        -2.666615,
                        53.313768
                    ],
                    [
                        -2.667942,
                        53.313221
                    ],
                    [
                        -2.669263,
                        53.312715
                    ],
                    [
                        -2.671004,
                        53.312132
                    ],
                    [
                        -2.671979,
                        53.311849
                    ],
                    [
                        -2.673125,
                        53.311577
                    ],
                    [
                        -2.674986,
                        53.31126
                    ],
                    [
                        -2.676334,
                        53.311116
                    ],
                    [
                        -2.676921,
                        53.311095
                    ],
                    [
                        -2.678229,
                        53.311054
                    ],
                    [
                        -2.678803,
                        53.311052
                    ],
                    [
                        -2.679706,
                        53.311093
                    ],
                    [
                        -2.680862,
                        53.311206
                    ],
                    [
                        -2.681854,
                        53.311322
                    ],
                    [
                        -2.689614,
                        53.312496
                    ],
                    [
                        -2.690617,
                        53.312643
                    ],
                    [
                        -2.691534,
                        53.312755
                    ],
                    [
                        -2.692707,
                        53.312855
                    ],
                    [
                        -2.693994,
                        53.312914
                    ],
                    [
                        -2.694635,
                        53.312923
                    ],
                    [
                        -2.696019,
                        53.312905
                    ],
                    [
                        -2.696677,
                        53.312882
                    ],
                    [
                        -2.697589,
                        53.312814
                    ],
                    [
                        -2.698392,
                        53.312716
                    ],
                    [
                        -2.699449,
                        53.312557
                    ],
                    [
                        -2.700962,
                        53.312261
                    ],
                    [
                        -2.702516,
                        53.311871
                    ],
                    [
                        -2.703705,
                        53.311501
                    ],
                    [
                        -2.704621,
                        53.311185
                    ],
                    [
                        -2.705869,
                        53.310671
                    ],
                    [
                        -2.707886,
                        53.309819
                    ],
                    [
                        -2.709271,
                        53.309175
                    ],
                    [
                        -2.711589,
                        53.30802
                    ],
                    [
                        -2.714271,
                        53.306529
                    ],
                    [
                        -2.715982,
                        53.305456
                    ],
                    [
                        -2.71685,
                        53.304952
                    ],
                    [
                        -2.71723,
                        53.304717
                    ],
                    [
                        -2.720426,
                        53.302878
                    ],
                    [
                        -2.725047,
                        53.300413
                    ],
                    [
                        -2.72798,
                        53.298979
                    ],
                    [
                        -2.730893,
                        53.297611
                    ],
                    [
                        -2.739118,
                        53.293885
                    ],
                    [
                        -2.748402,
                        53.289513
                    ],
                    [
                        -2.756711,
                        53.285405
                    ],
                    [
                        -2.76542,
                        53.281046
                    ],
                    [
                        -2.766956,
                        53.280334
                    ],
                    [
                        -2.770648,
                        53.278824
                    ],
                    [
                        -2.772788,
                        53.278041
                    ],
                    [
                        -2.778656,
                        53.276058
                    ],
                    [
                        -2.78265,
                        53.274573
                    ],
                    [
                        -2.784825,
                        53.273713
                    ],
                    [
                        -2.789353,
                        53.271797
                    ],
                    [
                        -2.789692,
                        53.271654
                    ],
                    [
                        -2.792321,
                        53.270479
                    ],
                    [
                        -2.794924,
                        53.269404
                    ],
                    [
                        -2.797316,
                        53.26848
                    ],
                    [
                        -2.799465,
                        53.26773
                    ],
                    [
                        -2.804495,
                        53.266076
                    ],
                    [
                        -2.809483,
                        53.264576
                    ],
                    [
                        -2.818528,
                        53.261894
                    ],
                    [
                        -2.819991,
                        53.2614
                    ],
                    [
                        -2.821078,
                        53.260974
                    ],
                    [
                        -2.823055,
                        53.260089
                    ],
                    [
                        -2.824029,
                        53.259585
                    ],
                    [
                        -2.826871,
                        53.257992
                    ],
                    [
                        -2.831591,
                        53.255294
                    ],
                    [
                        -2.833184,
                        53.254513
                    ],
                    [
                        -2.835265,
                        53.253639
                    ],
                    [
                        -2.836079,
                        53.253332
                    ],
                    [
                        -2.8372,
                        53.252948
                    ],
                    [
                        -2.838281,
                        53.252621
                    ],
                    [
                        -2.839415,
                        53.252316
                    ],
                    [
                        -2.8425,
                        53.251527
                    ],
                    [
                        -2.845572,
                        53.250802
                    ],
                    [
                        -2.846379,
                        53.25062
                    ],
                    [
                        -2.847189,
                        53.250448
                    ],
                    [
                        -2.848235,
                        53.250216
                    ],
                    [
                        -2.850657,
                        53.249788
                    ],
                    [
                        -2.852413,
                        53.24956
                    ],
                    [
                        -2.854803,
                        53.249362
                    ],
                    [
                        -2.85648,
                        53.249306
                    ],
                    [
                        -2.857598,
                        53.249294
                    ],
                    [
                        -2.858578,
                        53.249314
                    ],
                    [
                        -2.860783,
                        53.249382
                    ],
                    [
                        -2.862845,
                        53.249492
                    ],
                    [
                        -2.865154,
                        53.24967
                    ],
                    [
                        -2.865485,
                        53.249701
                    ],
                    [
                        -2.867092,
                        53.249889
                    ],
                    [
                        -2.869046,
                        53.250132
                    ],
                    [
                        -2.87188,
                        53.250561
                    ],
                    [
                        -2.873109,
                        53.250731
                    ],
                    [
                        -2.873379,
                        53.250768
                    ],
                    [
                        -2.873787,
                        53.250818
                    ],
                    [
                        -2.874773,
                        53.250926
                    ],
                    [
                        -2.877058,
                        53.251159
                    ],
                    [
                        -2.878933,
                        53.251303
                    ],
                    [
                        -2.881351,
                        53.25142
                    ],
                    [
                        -2.883471,
                        53.251477
                    ],
                    [
                        -2.886129,
                        53.251473
                    ],
                    [
                        -2.888104,
                        53.251398
                    ],
                    [
                        -2.890147,
                        53.2513
                    ],
                    [
                        -2.892391,
                        53.251116
                    ],
                    [
                        -2.896057,
                        53.250766
                    ],
                    [
                        -2.898594,
                        53.250456
                    ],
                    [
                        -2.902572,
                        53.249925
                    ],
                    [
                        -2.904112,
                        53.249688
                    ],
                    [
                        -2.905973,
                        53.249378
                    ],
                    [
                        -2.908019,
                        53.248993
                    ],
                    [
                        -2.910835,
                        53.24838
                    ],
                    [
                        -2.912539,
                        53.247951
                    ],
                    [
                        -2.913436,
                        53.247704
                    ],
                    [
                        -2.914354,
                        53.247452
                    ],
                    [
                        -2.916449,
                        53.246806
                    ],
                    [
                        -2.918658,
                        53.246166
                    ],
                    [
                        -2.921461,
                        53.245475
                    ],
                    [
                        -2.922547,
                        53.245235
                    ],
                    [
                        -2.923616,
                        53.245011
                    ],
                    [
                        -2.925615,
                        53.244631
                    ],
                    [
                        -2.92635,
                        53.244489
                    ],
                    [
                        -2.928034,
                        53.244248
                    ],
                    [
                        -2.929114,
                        53.244122
                    ],
                    [
                        -2.929932,
                        53.244045
                    ],
                    [
                        -2.930966,
                        53.243998
                    ],
                    [
                        -2.932073,
                        53.24397
                    ],
                    [
                        -2.934343,
                        53.243975
                    ],
                    [
                        -2.935924,
                        53.243951
                    ],
                    [
                        -2.936961,
                        53.243897
                    ],
                    [
                        -2.937589,
                        53.243844
                    ],
                    [
                        -2.938261,
                        53.243768
                    ],
                    [
                        -2.939151,
                        53.24364
                    ],
                    [
                        -2.940048,
                        53.243477
                    ],
                    [
                        -2.941278,
                        53.243197
                    ],
                    [
                        -2.941881,
                        53.24304
                    ],
                    [
                        -2.94317,
                        53.242668
                    ],
                    [
                        -2.944378,
                        53.242274
                    ],
                    [
                        -2.945547,
                        53.241867
                    ],
                    [
                        -2.948593,
                        53.240734
                    ],
                    [
                        -2.949851,
                        53.240323
                    ],
                    [
                        -2.951066,
                        53.239995
                    ],
                    [
                        -2.952319,
                        53.239716
                    ],
                    [
                        -2.952806,
                        53.239625
                    ],
                    [
                        -2.95361,
                        53.23949
                    ],
                    [
                        -2.954372,
                        53.239383
                    ],
                    [
                        -2.955573,
                        53.239247
                    ],
                    [
                        -2.963708,
                        53.23865
                    ],
                    [
                        -2.965504,
                        53.238525
                    ],
                    [
                        -2.972472,
                        53.238161
                    ],
                    [
                        -2.972889,
                        53.238129
                    ],
                    [
                        -2.975969,
                        53.237983
                    ],
                    [
                        -2.980548,
                        53.237746
                    ],
                    [
                        -2.981338,
                        53.237694
                    ],
                    [
                        -2.982463,
                        53.237572
                    ],
                    [
                        -2.983162,
                        53.237469
                    ],
                    [
                        -2.983832,
                        53.237338
                    ],
                    [
                        -2.984373,
                        53.237202
                    ],
                    [
                        -2.985202,
                        53.236931
                    ],
                    [
                        -2.985602,
                        53.236775
                    ],
                    [
                        -2.986134,
                        53.236535
                    ],
                    [
                        -2.986728,
                        53.236215
                    ],
                    [
                        -2.987329,
                        53.235904
                    ],
                    [
                        -2.988022,
                        53.235454
                    ],
                    [
                        -2.988785,
                        53.234919
                    ],
                    [
                        -2.989942,
                        53.234039
                    ],
                    [
                        -2.990946,
                        53.233181
                    ],
                    [
                        -2.991644,
                        53.232502
                    ],
                    [
                        -2.992357,
                        53.23173
                    ],
                    [
                        -2.992613,
                        53.231428
                    ],
                    [
                        -2.992948,
                        53.230967
                    ],
                    [
                        -2.993959,
                        53.229548
                    ],
                    [
                        -2.994302,
                        53.229029
                    ],
                    [
                        -2.994833,
                        53.228226
                    ],
                    [
                        -2.995783,
                        53.226897
                    ],
                    [
                        -2.996899,
                        53.225233
                    ],
                    [
                        -2.997427,
                        53.224392
                    ],
                    [
                        -2.997776,
                        53.223879
                    ],
                    [
                        -2.998721,
                        53.222584
                    ],
                    [
                        -2.999173,
                        53.221896
                    ],
                    [
                        -2.999306,
                        53.22166
                    ],
                    [
                        -2.999639,
                        53.220943
                    ],
                    [
                        -3.000216,
                        53.219165
                    ],
                    [
                        -3.000511,
                        53.218416
                    ],
                    [
                        -3.000719,
                        53.217976
                    ],
                    [
                        -3.001105,
                        53.217272
                    ],
                    [
                        -3.001663,
                        53.21635
                    ],
                    [
                        -3.001954,
                        53.215881
                    ],
                    [
                        -3.002315,
                        53.215357
                    ],
                    [
                        -3.002613,
                        53.214984
                    ],
                    [
                        -3.002952,
                        53.214629
                    ],
                    [
                        -3.003419,
                        53.214211
                    ],
                    [
                        -3.003771,
                        53.213937
                    ],
                    [
                        -3.004421,
                        53.213487
                    ],
                    [
                        -3.004941,
                        53.213182
                    ],
                    [
                        -3.005577,
                        53.212856
                    ],
                    [
                        -3.006242,
                        53.212549
                    ],
                    [
                        -3.006517,
                        53.212438
                    ],
                    [
                        -3.007214,
                        53.212197
                    ],
                    [
                        -3.008033,
                        53.211952
                    ],
                    [
                        -3.009089,
                        53.211667
                    ],
                    [
                        -3.009692,
                        53.211517
                    ],
                    [
                        -3.010582,
                        53.21134
                    ],
                    [
                        -3.011223,
                        53.211173
                    ],
                    [
                        -3.012178,
                        53.210853
                    ],
                    [
                        -3.012755,
                        53.210624
                    ],
                    [
                        -3.01307,
                        53.210466
                    ],
                    [
                        -3.014797,
                        53.209607
                    ],
                    [
                        -3.015198,
                        53.209391
                    ],
                    [
                        -3.015832,
                        53.209009
                    ],
                    [
                        -3.016205,
                        53.208769
                    ],
                    [
                        -3.016844,
                        53.208358
                    ],
                    [
                        -3.020266,
                        53.205897
                    ],
                    [
                        -3.021721,
                        53.205072
                    ],
                    [
                        -3.022649,
                        53.204654
                    ],
                    [
                        -3.023671,
                        53.204273
                    ],
                    [
                        -3.024745,
                        53.204019
                    ],
                    [
                        -3.025651,
                        53.203881
                    ],
                    [
                        -3.028002,
                        53.203683
                    ],
                    [
                        -3.029048,
                        53.203511
                    ],
                    [
                        -3.030137,
                        53.203247
                    ],
                    [
                        -3.031724,
                        53.202662
                    ],
                    [
                        -3.032538,
                        53.202319
                    ],
                    [
                        -3.033309,
                        53.201953
                    ],
                    [
                        -3.034267,
                        53.201448
                    ],
                    [
                        -3.035489,
                        53.200699
                    ],
                    [
                        -3.036419,
                        53.200013
                    ],
                    [
                        -3.038627,
                        53.198273
                    ],
                    [
                        -3.039974,
                        53.197325
                    ],
                    [
                        -3.040426,
                        53.197027
                    ],
                    [
                        -3.041626,
                        53.196302
                    ],
                    [
                        -3.042218,
                        53.195977
                    ],
                    [
                        -3.042539,
                        53.195801
                    ],
                    [
                        -3.043382,
                        53.195362
                    ],
                    [
                        -3.045736,
                        53.194284
                    ],
                    [
                        -3.046898,
                        53.193846
                    ],
                    [
                        -3.047937,
                        53.193459
                    ],
                    [
                        -3.050798,
                        53.192517
                    ],
                    [
                        -3.051803,
                        53.192104
                    ],
                    [
                        -3.052295,
                        53.191882
                    ],
                    [
                        -3.053029,
                        53.191495
                    ],
                    [
                        -3.053498,
                        53.19123
                    ],
                    [
                        -3.054466,
                        53.190597
                    ],
                    [
                        -3.056124,
                        53.189577
                    ],
                    [
                        -3.056829,
                        53.189215
                    ],
                    [
                        -3.05788,
                        53.188781
                    ],
                    [
                        -3.058917,
                        53.188429
                    ],
                    [
                        -3.059726,
                        53.18818
                    ],
                    [
                        -3.060694,
                        53.187966
                    ],
                    [
                        -3.061547,
                        53.187796
                    ],
                    [
                        -3.062419,
                        53.187654
                    ],
                    [
                        -3.063576,
                        53.187522
                    ],
                    [
                        -3.064904,
                        53.187446
                    ],
                    [
                        -3.065562,
                        53.18743
                    ],
                    [
                        -3.066559,
                        53.187443
                    ],
                    [
                        -3.067786,
                        53.187519
                    ],
                    [
                        -3.069274,
                        53.187685
                    ],
                    [
                        -3.07034,
                        53.18787
                    ],
                    [
                        -3.07103,
                        53.188022
                    ],
                    [
                        -3.072105,
                        53.188331
                    ],
                    [
                        -3.073284,
                        53.188729
                    ],
                    [
                        -3.074302,
                        53.189161
                    ],
                    [
                        -3.075181,
                        53.189582
                    ],
                    [
                        -3.076755,
                        53.190497
                    ],
                    [
                        -3.078304,
                        53.191463
                    ],
                    [
                        -3.079938,
                        53.192386
                    ],
                    [
                        -3.082752,
                        53.193934
                    ],
                    [
                        -3.083309,
                        53.19419
                    ],
                    [
                        -3.086133,
                        53.1955
                    ],
                    [
                        -3.089778,
                        53.196914
                    ],
                    [
                        -3.091266,
                        53.197412
                    ],
                    [
                        -3.093425,
                        53.198058
                    ],
                    [
                        -3.094664,
                        53.198386
                    ],
                    [
                        -3.095248,
                        53.19854
                    ],
                    [
                        -3.096519,
                        53.198861
                    ],
                    [
                        -3.098199,
                        53.199228
                    ],
                    [
                        -3.100668,
                        53.1997
                    ],
                    [
                        -3.101744,
                        53.199891
                    ],
                    [
                        -3.102687,
                        53.200039
                    ],
                    [
                        -3.103234,
                        53.200096
                    ],
                    [
                        -3.104129,
                        53.200159
                    ],
                    [
                        -3.10727,
                        53.200238
                    ],
                    [
                        -3.108492,
                        53.200292
                    ],
                    [
                        -3.109657,
                        53.200394
                    ],
                    [
                        -3.110526,
                        53.200505
                    ],
                    [
                        -3.111385,
                        53.20067
                    ],
                    [
                        -3.11229,
                        53.200895
                    ],
                    [
                        -3.112883,
                        53.201081
                    ],
                    [
                        -3.113722,
                        53.201384
                    ],
                    [
                        -3.114529,
                        53.201732
                    ],
                    [
                        -3.115671,
                        53.202375
                    ],
                    [
                        -3.11677,
                        53.203247
                    ],
                    [
                        -3.117994,
                        53.204507
                    ],
                    [
                        -3.119775,
                        53.206184
                    ],
                    [
                        -3.120871,
                        53.207077
                    ],
                    [
                        -3.12222,
                        53.208022
                    ],
                    [
                        -3.126138,
                        53.210359
                    ],
                    [
                        -3.12693,
                        53.2108
                    ],
                    [
                        -3.128121,
                        53.211375
                    ],
                    [
                        -3.129185,
                        53.211798
                    ],
                    [
                        -3.130163,
                        53.212126
                    ],
                    [
                        -3.13101,
                        53.212366
                    ],
                    [
                        -3.134178,
                        53.213114
                    ],
                    [
                        -3.135297,
                        53.213428
                    ],
                    [
                        -3.136122,
                        53.213687
                    ],
                    [
                        -3.137406,
                        53.214144
                    ],
                    [
                        -3.138748,
                        53.214733
                    ],
                    [
                        -3.139518,
                        53.215098
                    ],
                    [
                        -3.141669,
                        53.216253
                    ],
                    [
                        -3.1432,
                        53.216988
                    ],
                    [
                        -3.144414,
                        53.217483
                    ],
                    [
                        -3.145233,
                        53.217776
                    ],
                    [
                        -3.145906,
                        53.217998
                    ],
                    [
                        -3.14677,
                        53.218258
                    ],
                    [
                        -3.147723,
                        53.218509
                    ],
                    [
                        -3.148528,
                        53.218704
                    ],
                    [
                        -3.149645,
                        53.218944
                    ],
                    [
                        -3.151467,
                        53.219301
                    ],
                    [
                        -3.152098,
                        53.219439
                    ],
                    [
                        -3.153236,
                        53.219714
                    ],
                    [
                        -3.153903,
                        53.219893
                    ],
                    [
                        -3.15455,
                        53.220085
                    ],
                    [
                        -3.156213,
                        53.220618
                    ],
                    [
                        -3.15694,
                        53.220879
                    ],
                    [
                        -3.157606,
                        53.221139
                    ],
                    [
                        -3.15895,
                        53.221717
                    ],
                    [
                        -3.16099,
                        53.22275
                    ],
                    [
                        -3.166247,
                        53.225852
                    ],
                    [
                        -3.167939,
                        53.226844
                    ],
                    [
                        -3.169608,
                        53.227805
                    ],
                    [
                        -3.170365,
                        53.228248
                    ],
                    [
                        -3.174275,
                        53.230628
                    ],
                    [
                        -3.176321,
                        53.231908
                    ],
                    [
                        -3.177324,
                        53.232532
                    ],
                    [
                        -3.178971,
                        53.233694
                    ],
                    [
                        -3.186784,
                        53.239709
                    ],
                    [
                        -3.188402,
                        53.240856
                    ],
                    [
                        -3.190755,
                        53.242481
                    ],
                    [
                        -3.191495,
                        53.242987
                    ],
                    [
                        -3.192639,
                        53.243818
                    ],
                    [
                        -3.193136,
                        53.244213
                    ],
                    [
                        -3.193377,
                        53.244397
                    ],
                    [
                        -3.195159,
                        53.246149
                    ],
                    [
                        -3.195364,
                        53.246314
                    ],
                    [
                        -3.195884,
                        53.246755
                    ],
                    [
                        -3.196473,
                        53.247197
                    ],
                    [
                        -3.197171,
                        53.247676
                    ],
                    [
                        -3.198148,
                        53.248263
                    ],
                    [
                        -3.199054,
                        53.248693
                    ],
                    [
                        -3.200226,
                        53.249244
                    ],
                    [
                        -3.202796,
                        53.250237
                    ],
                    [
                        -3.203547,
                        53.250558
                    ],
                    [
                        -3.204462,
                        53.250981
                    ],
                    [
                        -3.206105,
                        53.251864
                    ],
                    [
                        -3.207231,
                        53.25257
                    ],
                    [
                        -3.208185,
                        53.253244
                    ],
                    [
                        -3.209957,
                        53.254746
                    ],
                    [
                        -3.210497,
                        53.255219
                    ],
                    [
                        -3.211716,
                        53.256161
                    ],
                    [
                        -3.212648,
                        53.256804
                    ],
                    [
                        -3.213757,
                        53.257505
                    ],
                    [
                        -3.214885,
                        53.258118
                    ],
                    [
                        -3.215983,
                        53.258678
                    ],
                    [
                        -3.219575,
                        53.260265
                    ],
                    [
                        -3.22458,
                        53.262616
                    ],
                    [
                        -3.226381,
                        53.263498
                    ],
                    [
                        -3.227585,
                        53.264061
                    ],
                    [
                        -3.22816,
                        53.264308
                    ],
                    [
                        -3.229054,
                        53.264679
                    ],
                    [
                        -3.22976,
                        53.264945
                    ],
                    [
                        -3.231335,
                        53.26549
                    ],
                    [
                        -3.232419,
                        53.265826
                    ],
                    [
                        -3.233464,
                        53.266127
                    ],
                    [
                        -3.234611,
                        53.266416
                    ],
                    [
                        -3.240989,
                        53.267869
                    ],
                    [
                        -3.243117,
                        53.268283
                    ],
                    [
                        -3.244483,
                        53.268517
                    ],
                    [
                        -3.24606,
                        53.268744
                    ],
                    [
                        -3.248679,
                        53.269018
                    ],
                    [
                        -3.25114,
                        53.269197
                    ],
                    [
                        -3.252858,
                        53.269365
                    ],
                    [
                        -3.25496,
                        53.269656
                    ],
                    [
                        -3.256132,
                        53.269871
                    ],
                    [
                        -3.257267,
                        53.270109
                    ],
                    [
                        -3.26399,
                        53.271792
                    ],
                    [
                        -3.27184,
                        53.274036
                    ],
                    [
                        -3.273451,
                        53.274389
                    ],
                    [
                        -3.274888,
                        53.274636
                    ],
                    [
                        -3.276703,
                        53.274836
                    ],
                    [
                        -3.278497,
                        53.27493
                    ],
                    [
                        -3.279919,
                        53.274944
                    ],
                    [
                        -3.281187,
                        53.274915
                    ],
                    [
                        -3.285819,
                        53.274667
                    ],
                    [
                        -3.291176,
                        53.274254
                    ],
                    [
                        -3.297124,
                        53.27368
                    ],
                    [
                        -3.300595,
                        53.273415
                    ],
                    [
                        -3.302757,
                        53.27331
                    ],
                    [
                        -3.305396,
                        53.273202
                    ],
                    [
                        -3.30757,
                        53.273172
                    ],
                    [
                        -3.311153,
                        53.272994
                    ],
                    [
                        -3.312287,
                        53.272924
                    ],
                    [
                        -3.313569,
                        53.272804
                    ],
                    [
                        -3.315462,
                        53.272565
                    ],
                    [
                        -3.318453,
                        53.272093
                    ],
                    [
                        -3.31989,
                        53.271922
                    ],
                    [
                        -3.321795,
                        53.271753
                    ],
                    [
                        -3.32299,
                        53.271661
                    ],
                    [
                        -3.32628,
                        53.271383
                    ],
                    [
                        -3.328769,
                        53.271208
                    ],
                    [
                        -3.330696,
                        53.271085
                    ],
                    [
                        -3.332583,
                        53.271003
                    ],
                    [
                        -3.334716,
                        53.271003
                    ],
                    [
                        -3.33549,
                        53.271017
                    ],
                    [
                        -3.337795,
                        53.27111
                    ],
                    [
                        -3.340999,
                        53.271345
                    ],
                    [
                        -3.344135,
                        53.271646
                    ],
                    [
                        -3.346916,
                        53.27197
                    ],
                    [
                        -3.349431,
                        53.272298
                    ],
                    [
                        -3.350112,
                        53.272392
                    ],
                    [
                        -3.355564,
                        53.273272
                    ],
                    [
                        -3.356813,
                        53.273408
                    ],
                    [
                        -3.358862,
                        53.273564
                    ],
                    [
                        -3.360269,
                        53.273594
                    ],
                    [
                        -3.361788,
                        53.273588
                    ],
                    [
                        -3.363258,
                        53.273501
                    ],
                    [
                        -3.364549,
                        53.273383
                    ],
                    [
                        -3.365443,
                        53.273256
                    ],
                    [
                        -3.366031,
                        53.27317
                    ],
                    [
                        -3.367139,
                        53.273003
                    ],
                    [
                        -3.368937,
                        53.272656
                    ],
                    [
                        -3.369914,
                        53.272405
                    ],
                    [
                        -3.371169,
                        53.272013
                    ],
                    [
                        -3.372386,
                        53.271573
                    ],
                    [
                        -3.374711,
                        53.27044
                    ],
                    [
                        -3.375663,
                        53.270015
                    ],
                    [
                        -3.376684,
                        53.269604
                    ],
                    [
                        -3.378684,
                        53.268999
                    ],
                    [
                        -3.379677,
                        53.268698
                    ],
                    [
                        -3.380352,
                        53.268442
                    ],
                    [
                        -3.3809,
                        53.268195
                    ],
                    [
                        -3.381633,
                        53.267772
                    ],
                    [
                        -3.381847,
                        53.267621
                    ],
                    [
                        -3.382464,
                        53.26715
                    ],
                    [
                        -3.383012,
                        53.266583
                    ],
                    [
                        -3.383286,
                        53.266181
                    ],
                    [
                        -3.383499,
                        53.26582
                    ],
                    [
                        -3.384217,
                        53.264232
                    ],
                    [
                        -3.384429,
                        53.26388
                    ],
                    [
                        -3.384737,
                        53.263475
                    ],
                    [
                        -3.385025,
                        53.26317
                    ],
                    [
                        -3.385333,
                        53.262887
                    ],
                    [
                        -3.385753,
                        53.262568
                    ],
                    [
                        -3.386238,
                        53.26227
                    ],
                    [
                        -3.386837,
                        53.261943
                    ],
                    [
                        -3.387244,
                        53.261765
                    ],
                    [
                        -3.38783,
                        53.261549
                    ],
                    [
                        -3.388552,
                        53.261324
                    ],
                    [
                        -3.389289,
                        53.26113
                    ],
                    [
                        -3.390188,
                        53.260935
                    ],
                    [
                        -3.391303,
                        53.260735
                    ],
                    [
                        -3.392189,
                        53.260614
                    ],
                    [
                        -3.393199,
                        53.260528
                    ],
                    [
                        -3.394096,
                        53.260477
                    ],
                    [
                        -3.395179,
                        53.260453
                    ],
                    [
                        -3.395978,
                        53.260481
                    ],
                    [
                        -3.396663,
                        53.260509
                    ],
                    [
                        -3.397876,
                        53.260607
                    ],
                    [
                        -3.3989,
                        53.260734
                    ],
                    [
                        -3.399846,
                        53.260888
                    ],
                    [
                        -3.401675,
                        53.261248
                    ],
                    [
                        -3.404693,
                        53.261802
                    ],
                    [
                        -3.406068,
                        53.262039
                    ],
                    [
                        -3.408245,
                        53.262373
                    ],
                    [
                        -3.40925,
                        53.262514
                    ],
                    [
                        -3.409912,
                        53.262597
                    ],
                    [
                        -3.41088,
                        53.262671
                    ],
                    [
                        -3.412546,
                        53.262776
                    ],
                    [
                        -3.413898,
                        53.262829
                    ],
                    [
                        -3.416677,
                        53.262896
                    ],
                    [
                        -3.419611,
                        53.262904
                    ],
                    [
                        -3.421954,
                        53.262861
                    ],
                    [
                        -3.426899,
                        53.262696
                    ],
                    [
                        -3.428657,
                        53.262671
                    ],
                    [
                        -3.430709,
                        53.262683
                    ],
                    [
                        -3.431905,
                        53.262698
                    ],
                    [
                        -3.433355,
                        53.262709
                    ],
                    [
                        -3.434666,
                        53.262727
                    ],
                    [
                        -3.43564,
                        53.262743
                    ],
                    [
                        -3.437368,
                        53.262776
                    ],
                    [
                        -3.437717,
                        53.262785
                    ],
                    [
                        -3.440922,
                        53.262855
                    ],
                    [
                        -3.443217,
                        53.262883
                    ],
                    [
                        -3.444569,
                        53.262837
                    ],
                    [
                        -3.446195,
                        53.262629
                    ],
                    [
                        -3.447202,
                        53.262445
                    ],
                    [
                        -3.447924,
                        53.262277
                    ],
                    [
                        -3.448657,
                        53.262078
                    ],
                    [
                        -3.449577,
                        53.261801
                    ],
                    [
                        -3.451276,
                        53.261287
                    ],
                    [
                        -3.452358,
                        53.261005
                    ],
                    [
                        -3.453009,
                        53.260848
                    ],
                    [
                        -3.453762,
                        53.260688
                    ],
                    [
                        -3.454883,
                        53.260476
                    ],
                    [
                        -3.456153,
                        53.260273
                    ],
                    [
                        -3.457428,
                        53.260104
                    ],
                    [
                        -3.458649,
                        53.259965
                    ],
                    [
                        -3.460688,
                        53.259834
                    ],
                    [
                        -3.46187,
                        53.259816
                    ],
                    [
                        -3.463869,
                        53.259837
                    ],
                    [
                        -3.465513,
                        53.259926
                    ],
                    [
                        -3.466471,
                        53.260005
                    ],
                    [
                        -3.46734,
                        53.260093
                    ],
                    [
                        -3.469102,
                        53.260352
                    ],
                    [
                        -3.469843,
                        53.260471
                    ],
                    [
                        -3.470835,
                        53.26062
                    ],
                    [
                        -3.472439,
                        53.260926
                    ],
                    [
                        -3.4749,
                        53.261461
                    ],
                    [
                        -3.476988,
                        53.261996
                    ],
                    [
                        -3.483373,
                        53.263767
                    ],
                    [
                        -3.487518,
                        53.264909
                    ],
                    [
                        -3.488131,
                        53.265045
                    ],
                    [
                        -3.490162,
                        53.265487
                    ],
                    [
                        -3.491558,
                        53.265711
                    ],
                    [
                        -3.492935,
                        53.265894
                    ],
                    [
                        -3.494285,
                        53.266025
                    ],
                    [
                        -3.495623,
                        53.266117
                    ],
                    [
                        -3.496937,
                        53.266172
                    ],
                    [
                        -3.498268,
                        53.266196
                    ],
                    [
                        -3.500196,
                        53.266158
                    ],
                    [
                        -3.500838,
                        53.266119
                    ],
                    [
                        -3.502654,
                        53.265988
                    ],
                    [
                        -3.504389,
                        53.265809
                    ],
                    [
                        -3.505942,
                        53.265703
                    ],
                    [
                        -3.50654,
                        53.265689
                    ],
                    [
                        -3.507482,
                        53.265675
                    ],
                    [
                        -3.508153,
                        53.26569
                    ],
                    [
                        -3.509529,
                        53.26578
                    ],
                    [
                        -3.510204,
                        53.265854
                    ],
                    [
                        -3.511551,
                        53.266051
                    ],
                    [
                        -3.512168,
                        53.266167
                    ],
                    [
                        -3.512672,
                        53.266275
                    ],
                    [
                        -3.51378,
                        53.266557
                    ],
                    [
                        -3.514885,
                        53.266875
                    ],
                    [
                        -3.515754,
                        53.267221
                    ],
                    [
                        -3.51648,
                        53.267507
                    ],
                    [
                        -3.517467,
                        53.268016
                    ],
                    [
                        -3.518254,
                        53.26846
                    ],
                    [
                        -3.519643,
                        53.269355
                    ],
                    [
                        -3.520048,
                        53.269579
                    ],
                    [
                        -3.521698,
                        53.270494
                    ],
                    [
                        -3.523211,
                        53.271123
                    ],
                    [
                        -3.524316,
                        53.271482
                    ],
                    [
                        -3.525807,
                        53.271867
                    ],
                    [
                        -3.527062,
                        53.272111
                    ],
                    [
                        -3.528815,
                        53.272364
                    ],
                    [
                        -3.532281,
                        53.272756
                    ],
                    [
                        -3.535047,
                        53.273007
                    ],
                    [
                        -3.537601,
                        53.273219
                    ],
                    [
                        -3.540039,
                        53.273422
                    ],
                    [
                        -3.543751,
                        53.273756
                    ],
                    [
                        -3.546701,
                        53.274154
                    ],
                    [
                        -3.548124,
                        53.274414
                    ],
                    [
                        -3.550755,
                        53.274986
                    ],
                    [
                        -3.552353,
                        53.275372
                    ],
                    [
                        -3.553683,
                        53.275754
                    ],
                    [
                        -3.554954,
                        53.276163
                    ],
                    [
                        -3.557461,
                        53.277046
                    ],
                    [
                        -3.55866,
                        53.27753
                    ],
                    [
                        -3.560223,
                        53.278241
                    ],
                    [
                        -3.561106,
                        53.278659
                    ],
                    [
                        -3.562386,
                        53.2793
                    ],
                    [
                        -3.562857,
                        53.279555
                    ],
                    [
                        -3.563748,
                        53.280036
                    ],
                    [
                        -3.565061,
                        53.280784
                    ],
                    [
                        -3.565797,
                        53.281251
                    ],
                    [
                        -3.567796,
                        53.282531
                    ],
                    [
                        -3.569777,
                        53.283968
                    ],
                    [
                        -3.57003,
                        53.284167
                    ],
                    [
                        -3.57085,
                        53.284821
                    ],
                    [
                        -3.571133,
                        53.28506
                    ],
                    [
                        -3.571815,
                        53.28564
                    ],
                    [
                        -3.573875,
                        53.287509
                    ],
                    [
                        -3.575988,
                        53.289458
                    ],
                    [
                        -3.577437,
                        53.290677
                    ],
                    [
                        -3.578154,
                        53.291139
                    ],
                    [
                        -3.578969,
                        53.291556
                    ],
                    [
                        -3.580028,
                        53.291984
                    ],
                    [
                        -3.581183,
                        53.292352
                    ],
                    [
                        -3.581819,
                        53.29251
                    ],
                    [
                        -3.582618,
                        53.292661
                    ],
                    [
                        -3.583305,
                        53.292768
                    ],
                    [
                        -3.584006,
                        53.292854
                    ],
                    [
                        -3.58528,
                        53.292929
                    ],
                    [
                        -3.586319,
                        53.29291
                    ],
                    [
                        -3.587153,
                        53.292855
                    ],
                    [
                        -3.588005,
                        53.292765
                    ],
                    [
                        -3.589443,
                        53.292502
                    ],
                    [
                        -3.592226,
                        53.291768
                    ],
                    [
                        -3.595509,
                        53.29098
                    ],
                    [
                        -3.59715,
                        53.290646
                    ],
                    [
                        -3.600126,
                        53.290123
                    ],
                    [
                        -3.601491,
                        53.289914
                    ],
                    [
                        -3.603895,
                        53.28961
                    ],
                    [
                        -3.605354,
                        53.289458
                    ],
                    [
                        -3.607345,
                        53.289276
                    ],
                    [
                        -3.608955,
                        53.289151
                    ],
                    [
                        -3.610509,
                        53.289065
                    ],
                    [
                        -3.612672,
                        53.288982
                    ],
                    [
                        -3.615227,
                        53.288957
                    ],
                    [
                        -3.617445,
                        53.288975
                    ],
                    [
                        -3.618687,
                        53.289006
                    ],
                    [
                        -3.620678,
                        53.289089
                    ],
                    [
                        -3.621694,
                        53.289144
                    ],
                    [
                        -3.622649,
                        53.289214
                    ],
                    [
                        -3.62357,
                        53.289311
                    ],
                    [
                        -3.625105,
                        53.289531
                    ],
                    [
                        -3.625895,
                        53.289671
                    ],
                    [
                        -3.626503,
                        53.289801
                    ],
                    [
                        -3.626753,
                        53.289854
                    ],
                    [
                        -3.628121,
                        53.290188
                    ],
                    [
                        -3.631241,
                        53.29109
                    ],
                    [
                        -3.632252,
                        53.291333
                    ],
                    [
                        -3.633298,
                        53.291536
                    ],
                    [
                        -3.633947,
                        53.291629
                    ],
                    [
                        -3.634779,
                        53.29172
                    ],
                    [
                        -3.635716,
                        53.291784
                    ],
                    [
                        -3.636482,
                        53.291805
                    ],
                    [
                        -3.637298,
                        53.291805
                    ],
                    [
                        -3.638058,
                        53.291776
                    ],
                    [
                        -3.638835,
                        53.291711
                    ],
                    [
                        -3.639346,
                        53.291659
                    ],
                    [
                        -3.639826,
                        53.291591
                    ],
                    [
                        -3.640417,
                        53.291502
                    ],
                    [
                        -3.64076,
                        53.291442
                    ],
                    [
                        -3.642588,
                        53.291098
                    ],
                    [
                        -3.643547,
                        53.290957
                    ],
                    [
                        -3.644296,
                        53.290872
                    ],
                    [
                        -3.645385,
                        53.290784
                    ],
                    [
                        -3.646108,
                        53.290747
                    ],
                    [
                        -3.647344,
                        53.290729
                    ],
                    [
                        -3.649664,
                        53.290758
                    ],
                    [
                        -3.651482,
                        53.290836
                    ],
                    [
                        -3.65299,
                        53.290949
                    ],
                    [
                        -3.655051,
                        53.29114
                    ],
                    [
                        -3.657846,
                        53.291435
                    ],
                    [
                        -3.660468,
                        53.291629
                    ],
                    [
                        -3.665392,
                        53.291816
                    ],
                    [
                        -3.66713,
                        53.291924
                    ],
                    [
                        -3.668958,
                        53.292052
                    ],
                    [
                        -3.671018,
                        53.292256
                    ],
                    [
                        -3.67159,
                        53.292315
                    ],
                    [
                        -3.673548,
                        53.292547
                    ],
                    [
                        -3.675246,
                        53.292781
                    ],
                    [
                        -3.678368,
                        53.293295
                    ],
                    [
                        -3.679096,
                        53.2934
                    ],
                    [
                        -3.680374,
                        53.293533
                    ],
                    [
                        -3.681174,
                        53.293575
                    ],
                    [
                        -3.682233,
                        53.293582
                    ],
                    [
                        -3.683086,
                        53.293527
                    ],
                    [
                        -3.684414,
                        53.293388
                    ],
                    [
                        -3.685973,
                        53.293073
                    ],
                    [
                        -3.6866,
                        53.292957
                    ],
                    [
                        -3.68731,
                        53.292862
                    ],
                    [
                        -3.688026,
                        53.2928
                    ],
                    [
                        -3.689231,
                        53.292735
                    ],
                    [
                        -3.690894,
                        53.29268
                    ],
                    [
                        -3.693171,
                        53.292653
                    ],
                    [
                        -3.694637,
                        53.292653
                    ],
                    [
                        -3.69625,
                        53.292685
                    ],
                    [
                        -3.697364,
                        53.292709
                    ],
                    [
                        -3.700684,
                        53.292783
                    ],
                    [
                        -3.701434,
                        53.2928
                    ],
                    [
                        -3.702127,
                        53.292815
                    ],
                    [
                        -3.70748,
                        53.292938
                    ],
                    [
                        -3.707903,
                        53.292966
                    ],
                    [
                        -3.708768,
                        53.293014
                    ],
                    [
                        -3.710068,
                        53.293151
                    ],
                    [
                        -3.711766,
                        53.293402
                    ],
                    [
                        -3.71341,
                        53.293709
                    ],
                    [
                        -3.71574,
                        53.294148
                    ],
                    [
                        -3.716525,
                        53.294294
                    ],
                    [
                        -3.717461,
                        53.294464
                    ],
                    [
                        -3.721772,
                        53.295272
                    ],
                    [
                        -3.722639,
                        53.295447
                    ],
                    [
                        -3.724105,
                        53.295711
                    ],
                    [
                        -3.725455,
                        53.296067
                    ],
                    [
                        -3.726474,
                        53.296493
                    ],
                    [
                        -3.728273,
                        53.297453
                    ],
                    [
                        -3.729269,
                        53.297887
                    ],
                    [
                        -3.730284,
                        53.298255
                    ],
                    [
                        -3.731563,
                        53.298659
                    ],
                    [
                        -3.732169,
                        53.298834
                    ],
                    [
                        -3.7325,
                        53.298928
                    ],
                    [
                        -3.733805,
                        53.299257
                    ],
                    [
                        -3.735614,
                        53.299645
                    ],
                    [
                        -3.736629,
                        53.299832
                    ],
                    [
                        -3.737514,
                        53.299962
                    ],
                    [
                        -3.739183,
                        53.30015
                    ],
                    [
                        -3.74093,
                        53.300258
                    ],
                    [
                        -3.742293,
                        53.300273
                    ],
                    [
                        -3.743722,
                        53.300246
                    ],
                    [
                        -3.744625,
                        53.3002
                    ],
                    [
                        -3.74628,
                        53.300043
                    ],
                    [
                        -3.747324,
                        53.299906
                    ],
                    [
                        -3.748408,
                        53.299735
                    ],
                    [
                        -3.751274,
                        53.299158
                    ],
                    [
                        -3.754284,
                        53.29858
                    ],
                    [
                        -3.755265,
                        53.29839
                    ],
                    [
                        -3.755529,
                        53.298334
                    ],
                    [
                        -3.756719,
                        53.298074
                    ],
                    [
                        -3.757447,
                        53.2979
                    ],
                    [
                        -3.758474,
                        53.297603
                    ],
                    [
                        -3.759532,
                        53.297257
                    ],
                    [
                        -3.760243,
                        53.297004
                    ],
                    [
                        -3.760962,
                        53.296714
                    ],
                    [
                        -3.761124,
                        53.296644
                    ],
                    [
                        -3.76261,
                        53.295967
                    ],
                    [
                        -3.764203,
                        53.295031
                    ],
                    [
                        -3.764647,
                        53.294714
                    ],
                    [
                        -3.765576,
                        53.294006
                    ],
                    [
                        -3.766406,
                        53.293294
                    ],
                    [
                        -3.768757,
                        53.291062
                    ],
                    [
                        -3.770548,
                        53.28954
                    ],
                    [
                        -3.772396,
                        53.28806
                    ],
                    [
                        -3.77486,
                        53.286257
                    ],
                    [
                        -3.777337,
                        53.284597
                    ],
                    [
                        -3.779077,
                        53.28353
                    ],
                    [
                        -3.780603,
                        53.282756
                    ],
                    [
                        -3.782395,
                        53.282025
                    ],
                    [
                        -3.783811,
                        53.281586
                    ],
                    [
                        -3.785348,
                        53.281134
                    ],
                    [
                        -3.787546,
                        53.28055
                    ],
                    [
                        -3.788308,
                        53.280355
                    ],
                    [
                        -3.789846,
                        53.280043
                    ],
                    [
                        -3.790121,
                        53.279965
                    ],
                    [
                        -3.790271,
                        53.279877
                    ],
                    [
                        -3.79051,
                        53.279777
                    ],
                    [
                        -3.790552,
                        53.279772
                    ],
                    [
                        -3.79154,
                        53.279667
                    ],
                    [
                        -3.791959,
                        53.279698
                    ],
                    [
                        -3.792149,
                        53.279775
                    ],
                    [
                        -3.792312,
                        53.279881
                    ],
                    [
                        -3.792453,
                        53.280076
                    ],
                    [
                        -3.792456,
                        53.280199
                    ],
                    [
                        -3.792402,
                        53.280323
                    ],
                    [
                        -3.792282,
                        53.280452
                    ],
                    [
                        -3.792145,
                        53.280544
                    ],
                    [
                        -3.791771,
                        53.280666
                    ],
                    [
                        -3.791582,
                        53.280704
                    ],
                    [
                        -3.791223,
                        53.280746
                    ],
                    [
                        -3.79102,
                        53.280872
                    ],
                    [
                        -3.790938,
                        53.281013
                    ],
                    [
                        -3.790922,
                        53.281602
                    ],
                    [
                        -3.7909,
                        53.282158
                    ],
                    [
                        -3.790676,
                        53.286129
                    ],
                    [
                        -3.790695,
                        53.286378
                    ],
                    [
                        -3.790819,
                        53.286792
                    ],
                    [
                        -3.790912,
                        53.287001
                    ],
                    [
                        -3.791045,
                        53.287214
                    ],
                    [
                        -3.791234,
                        53.287455
                    ],
                    [
                        -3.791652,
                        53.287842
                    ],
                    [
                        -3.791927,
                        53.288023
                    ],
                    [
                        -3.792292,
                        53.288228
                    ],
                    [
                        -3.792586,
                        53.288368
                    ],
                    [
                        -3.793066,
                        53.288552
                    ],
                    [
                        -3.793397,
                        53.288646
                    ],
                    [
                        -3.793873,
                        53.288749
                    ],
                    [
                        -3.79438,
                        53.288841
                    ],
                    [
                        -3.797185,
                        53.289228
                    ],
                    [
                        -3.797373,
                        53.289251
                    ],
                    [
                        -3.797606,
                        53.289257
                    ],
                    [
                        -3.797838,
                        53.289235
                    ],
                    [
                        -3.797895,
                        53.289207
                    ],
                    [
                        -3.797961,
                        53.289189
                    ],
                    [
                        -3.798106,
                        53.289186
                    ],
                    [
                        -3.798183,
                        53.289204
                    ],
                    [
                        -3.798295,
                        53.289276
                    ],
                    [
                        -3.798757,
                        53.289445
                    ],
                    [
                        -3.801316,
                        53.289798
                    ],
                    [
                        -3.802965,
                        53.290053
                    ],
                    [
                        -3.803706,
                        53.290257
                    ],
                    [
                        -3.804022,
                        53.290361
                    ],
                    [
                        -3.804584,
                        53.29064
                    ],
                    [
                        -3.805036,
                        53.290956
                    ],
                    [
                        -3.805396,
                        53.291301
                    ],
                    [
                        -3.805624,
                        53.291607
                    ],
                    [
                        -3.805857,
                        53.291968
                    ],
                    [
                        -3.806342,
                        53.292844
                    ],
                    [
                        -3.806564,
                        53.293075
                    ],
                    [
                        -3.806647,
                        53.293127
                    ],
                    [
                        -3.806665,
                        53.293162
                    ],
                    [
                        -3.806665,
                        53.293196
                    ],
                    [
                        -3.806616,
                        53.293258
                    ],
                    [
                        -3.806594,
                        53.293477
                    ],
                    [
                        -3.806621,
                        53.293605
                    ],
                    [
                        -3.806993,
                        53.294631
                    ],
                    [
                        -3.807247,
                        53.295501
                    ],
                    [
                        -3.807435,
                        53.296268
                    ],
                    [
                        -3.807617,
                        53.297162
                    ],
                    [
                        -3.807712,
                        53.297818
                    ],
                    [
                        -3.807775,
                        53.298653
                    ],
                    [
                        -3.807755,
                        53.299492
                    ],
                    [
                        -3.807687,
                        53.300336
                    ],
                    [
                        -3.807328,
                        53.302423
                    ],
                    [
                        -3.807353,
                        53.302775
                    ],
                    [
                        -3.807526,
                        53.303244
                    ],
                    [
                        -3.807652,
                        53.303463
                    ],
                    [
                        -3.807808,
                        53.303635
                    ],
                    [
                        -3.807942,
                        53.303748
                    ],
                    [
                        -3.808037,
                        53.303783
                    ],
                    [
                        -3.808119,
                        53.303874
                    ],
                    [
                        -3.80812,
                        53.303926
                    ],
                    [
                        -3.808096,
                        53.303973
                    ],
                    [
                        -3.808133,
                        53.304179
                    ],
                    [
                        -3.808305,
                        53.30446
                    ],
                    [
                        -3.809145,
                        53.305454
                    ],
                    [
                        -3.809688,
                        53.306131
                    ],
                    [
                        -3.810416,
                        53.307278
                    ],
                    [
                        -3.81068,
                        53.307777
                    ],
                    [
                        -3.811035,
                        53.308569
                    ],
                    [
                        -3.811295,
                        53.309274
                    ],
                    [
                        -3.811488,
                        53.309673
                    ],
                    [
                        -3.81176,
                        53.310053
                    ],
                    [
                        -3.812046,
                        53.310332
                    ],
                    [
                        -3.812485,
                        53.310732
                    ],
                    [
                        -3.812847,
                        53.310827
                    ],
                    [
                        -3.812932,
                        53.310817
                    ],
                    [
                        -3.813019,
                        53.310822
                    ],
                    [
                        -3.813104,
                        53.310842
                    ],
                    [
                        -3.813228,
                        53.310921
                    ],
                    [
                        -3.813259,
                        53.311027
                    ],
                    [
                        -3.813204,
                        53.311112
                    ],
                    [
                        -3.81309,
                        53.311171
                    ],
                    [
                        -3.812991,
                        53.311325
                    ],
                    [
                        -3.812996,
                        53.312026
                    ],
                    [
                        -3.813027,
                        53.312345
                    ],
                    [
                        -3.813138,
                        53.312645
                    ],
                    [
                        -3.81333,
                        53.312948
                    ],
                    [
                        -3.813647,
                        53.313294
                    ],
                    [
                        -3.813916,
                        53.313539
                    ],
                    [
                        -3.814812,
                        53.314231
                    ],
                    [
                        -3.816422,
                        53.315394
                    ],
                    [
                        -3.817033,
                        53.315835
                    ],
                    [
                        -3.818747,
                        53.317142
                    ],
                    [
                        -3.818909,
                        53.317213
                    ],
                    [
                        -3.818944,
                        53.317214
                    ],
                    [
                        -3.819056,
                        53.317243
                    ],
                    [
                        -3.819124,
                        53.317304
                    ],
                    [
                        -3.819133,
                        53.317341
                    ],
                    [
                        -3.819168,
                        53.317404
                    ],
                    [
                        -3.819321,
                        53.31754
                    ],
                    [
                        -3.820217,
                        53.318213
                    ],
                    [
                        -3.820706,
                        53.318596
                    ],
                    [
                        -3.820862,
                        53.318728
                    ],
                    [
                        -3.821239,
                        53.319047
                    ],
                    [
                        -3.821874,
                        53.319594
                    ],
                    [
                        -3.821949,
                        53.319669
                    ],
                    [
                        -3.822483,
                        53.320148
                    ],
                    [
                        -3.822998,
                        53.320605
                    ],
                    [
                        -3.823038,
                        53.320643
                    ],
                    [
                        -3.823442,
                        53.320983
                    ],
                    [
                        -3.823957,
                        53.321368
                    ],
                    [
                        -3.824177,
                        53.321518
                    ],
                    [
                        -3.824395,
                        53.32175
                    ],
                    [
                        -3.824441,
                        53.321853
                    ],
                    [
                        -3.824414,
                        53.322119
                    ],
                    [
                        -3.82454,
                        53.32219
                    ],
                    [
                        -3.824963,
                        53.322374
                    ],
                    [
                        -3.825337,
                        53.322478
                    ],
                    [
                        -3.826054,
                        53.322683
                    ],
                    [
                        -3.827312,
                        53.323114
                    ],
                    [
                        -3.828276,
                        53.323496
                    ],
                    [
                        -3.829252,
                        53.32392
                    ],
                    [
                        -3.829981,
                        53.32426
                    ],
                    [
                        -3.830762,
                        53.324732
                    ],
                    [
                        -3.831292,
                        53.325092
                    ],
                    [
                        -3.831482,
                        53.324981
                    ]
                ],
                "type": "LineString"
            }
        }
    ],
    "metadata": {
        "attribution": "openrouteservice.org | OpenStreetMap contributors",
        "service": "routing",
        "timestamp": 1756620180204,
        "query": {
            "coordinates": [
                [
                    -3.1883749,
                    55.9533456
                ],
                [
                    -3.83148,
                    53.32498
                ]
            ],
            "profile": "driving-car",
            "profileName": "driving-car",
            "format": "geojson"
        },
        "engine": {
            "version": "9.3.0",
            "build_date": "2025-06-06T15:39:25Z",
            "graph_date": "2025-08-24T11:22:16Z",
            "osm_date": "2025-08-18T00:00:00Z"
        }
    }
}