{
    "type": "FeatureCollection",
    "bbox": [
        73.836369,
        14.519583,
        74.335907,
        15.391081
    ],
    "features": [
        {
            "bbox": [
                73.836369,
                14.519583,
                74.335907,
                15.391081
            ],
            "type": "Feature",
            "properties": {
                "segments": [
                    {
                        "distance": 141011.9,
                        "duration": 8291.1,
                        "steps": [
                            {
                                "distance": 3918.8,
                                "duration": 282.1,
                                "type": 11,
                                "instruction": "Head north on Om Beach Road",
                                "name": "Om Beach Road",
                                "way_points": [
                                    0,
                                    86
                                ]
                            },
                            {
                                "distance": 30.2,
                                "duration": 2.2,
                                "type": 0,
                                "instruction": "Turn left onto Om Beach Road",
                                "name": "Om Beach Road",
                                "way_points": [
                                    86,
                                    87
                                ]
                            },
                            {
                                "distance": 1735.0,
                                "duration": 124.9,
                                "type": 0,
                                "instruction": "Turn left onto Om Beach Road",
                                "name": "Om Beach Road",
                                "way_points": [
                                    87,
                                    129
                                ]
                            },
                            {
                                "distance": 67.2,
                                "duration": 4.0,
                                "type": 0,
                                "instruction": "Turn left onto Gokarna Road, SH143",
                                "name": "Gokarna Road, SH143",
                                "way_points": [
                                    129,
                                    130
                                ]
                            },
                            {
                                "distance": 13548.0,
                                "duration": 1127.1,
                                "type": 1,
                                "instruction": "Turn right",
                                "name": "-",
                                "way_points": [
                                    130,
                                    295
                                ]
                            },
                            {
                                "distance": 310.5,
                                "duration": 20.3,
                                "type": 1,
                                "instruction": "Turn right",
                                "name": "-",
                                "way_points": [
                                    295,
                                    301
                                ]
                            },
                            {
                                "distance": 1769.9,
                                "duration": 107.4,
                                "type": 12,
                                "instruction": "Keep left",
                                "name": "-",
                                "way_points": [
                                    301,
                                    322
                                ]
                            },
                            {
                                "distance": 24800.2,
                                "duration": 1376.3,
                                "type": 4,
                                "instruction": "Turn slight left onto NH66",
                                "name": "NH66",
                                "way_points": [
                                    322,
                                    674
                                ]
                            },
                            {
                                "distance": 64974.2,
                                "duration": 3142.8,
                                "type": 5,
                                "instruction": "Turn slight right onto NH66",
                                "name": "NH66",
                                "way_points": [
                                    674,
                                    1431
                                ]
                            },
                            {
                                "distance": 7.7,
                                "duration": 0.3,
                                "type": 0,
                                "instruction": "Turn left onto NH66",
                                "name": "NH66",
                                "way_points": [
                                    1431,
                                    1433
                                ]
                            },
                            {
                                "distance": 14143.5,
                                "duration": 613.9,
                                "type": 12,
                                "instruction": "Keep left onto NH66",
                                "name": "NH66",
                                "way_points": [
                                    1433,
                                    1565
                                ]
                            },
                            {
                                "distance": 2307.1,
                                "duration": 110.7,
                                "type": 0,
                                "instruction": "Turn left onto NH66",
                                "name": "NH66",
                                "way_points": [
                                    1565,
                                    1606
                                ]
                            },
                            {
                                "distance": 4243.2,
                                "duration": 342.6,
                                "type": 0,
                                "instruction": "Turn left onto NH566",
                                "name": "NH566",
                                "way_points": [
                                    1606,
                                    1652
                                ]
                            },
                            {
                                "distance": 21.2,
                                "duration": 5.1,
                                "type": 0,
                                "instruction": "Turn left",
                                "name": "-",
                                "way_points": [
                                    1652,
                                    1653
                                ]
                            },
                            {
                                "distance": 3019.8,
                                "duration": 181.2,
                                "type": 1,
                                "instruction": "Turn right onto MDR43",
                                "name": "MDR43",
                                "way_points": [
                                    1653,
                                    1686
                                ]
                            },
                            {
                                "distance": 31.1,
                                "duration": 5.6,
                                "type": 13,
                                "instruction": "Keep right onto MDR43",
                                "name": "MDR43",
                                "way_points": [
                                    1686,
                                    1689
                                ]
                            },
                            {
                                "distance": 2003.1,
                                "duration": 173.2,
                                "type": 0,
                                "instruction": "Turn left onto NH566",
                                "name": "NH566",
                                "way_points": [
                                    1689,
                                    1730
                                ]
                            },
                            {
                                "distance": 14.4,
                                "duration": 0.9,
                                "type": 0,
                                "instruction": "Turn left onto NH566",
                                "name": "NH566",
                                "way_points": [
                                    1730,
                                    1734
                                ]
                            },
                            {
                                "distance": 728.2,
                                "duration": 58.3,
                                "type": 0,
                                "instruction": "Turn left onto NH566",
                                "name": "NH566",
                                "way_points": [
                                    1734,
                                    1748
                                ]
                            },
                            {
                                "distance": 97.3,
                                "duration": 23.3,
                                "type": 0,
                                "instruction": "Turn left",
                                "name": "-",
                                "way_points": [
                                    1748,
                                    1750
                                ]
                            },
                            {
                                "distance": 1360.8,
                                "duration": 244.9,
                                "type": 0,
                                "instruction": "Turn left",
                                "name": "-",
                                "way_points": [
                                    1750,
                                    1776
                                ]
                            },
                            {
                                "distance": 695.5,
                                "duration": 125.2,
                                "type": 13,
                                "instruction": "Keep right",
                                "name": "-",
                                "way_points": [
                                    1776,
                                    1783
                                ]
                            },
                            {
                                "distance": 91.5,
                                "duration": 22.0,
                                "type": 12,
                                "instruction": "Keep left",
                                "name": "-",
                                "way_points": [
                                    1783,
                                    1785
                                ]
                            },
                            {
                                "distance": 791.0,
                                "duration": 142.4,
                                "type": 0,
                                "instruction": "Turn left",
                                "name": "-",
                                "way_points": [
                                    1785,
                                    1798
                                ]
                            },
                            {
                                "distance": 302.5,
                                "duration": 54.5,
                                "type": 1,
                                "instruction": "Turn right",
                                "name": "-",
                                "way_points": [
                                    1798,
                                    1802
                                ]
                            },
                            {
                                "distance": 0.0,
                                "duration": 0.0,
                                "type": 10,
                                "instruction": "Arrive at your destination, on the left",
                                "name": "-",
                                "way_points": [
                                    1802,
                                    1802
                                ]
                            }
                        ]
                    }
                ],
                "way_points": [
                    0,
                    1802
                ],
                "summary": {
                    "distance": 141011.9,
                    "duration": 8291.1
                }
            },
            "geometry": {
                "coordinates": [
                    [
                        74.318042,
                        14.519583
                    ],
                    [
                        74.318012,
                        14.519755
                    ],
                    [
                        74.317941,
                        14.519933
                    ],
                    [
                        74.317907,
                        14.520123
                    ],
                    [
                        74.317923,
                        14.52036
                    ],
                    [
                        74.318027,
                        14.520592
                    ],
                    [
                        74.318163,
                        14.52134
                    ],
                    [
                        74.318223,
                        14.521419
                    ],
                    [
                        74.318417,
                        14.52152
                    ],
                    [
                        74.318927,
                        14.521751
                    ],
                    [
                        74.319238,
                        14.521838
                    ],
                    [
                        74.319473,
                        14.521922
                    ],
                    [
                        74.319629,
                        14.522026
                    ],
                    [
                        74.319747,
                        14.522069
                    ],
                    [
                        74.320042,
                        14.52238
                    ],
                    [
                        74.32034,
                        14.522771
                    ],
                    [
                        74.320721,
                        14.523545
                    ],
                    [
                        74.320844,
                        14.523757
                    ],
                    [
                        74.320994,
                        14.523879
                    ],
                    [
                        74.321104,
                        14.523967
                    ],
                    [
                        74.321115,
                        14.524029
                    ],
                    [
                        74.321106,
                        14.524137
                    ],
                    [
                        74.321179,
                        14.524549
                    ],
                    [
                        74.321238,
                        14.524768
                    ],
                    [
                        74.321378,
                        14.524961
                    ],
                    [
                        74.321531,
                        14.525061
                    ],
                    [
                        74.321721,
                        14.52525
                    ],
                    [
                        74.321912,
                        14.525311
                    ],
                    [
                        74.322025,
                        14.525388
                    ],
                    [
                        74.322083,
                        14.525453
                    ],
                    [
                        74.322169,
                        14.525794
                    ],
                    [
                        74.322242,
                        14.525897
                    ],
                    [
                        74.322634,
                        14.526182
                    ],
                    [
                        74.322808,
                        14.52637
                    ],
                    [
                        74.322918,
                        14.526596
                    ],
                    [
                        74.322981,
                        14.526791
                    ],
                    [
                        74.322974,
                        14.526885
                    ],
                    [
                        74.322931,
                        14.526965
                    ],
                    [
                        74.322784,
                        14.52716
                    ],
                    [
                        74.322762,
                        14.527263
                    ],
                    [
                        74.322779,
                        14.527385
                    ],
                    [
                        74.322835,
                        14.527475
                    ],
                    [
                        74.323037,
                        14.527618
                    ],
                    [
                        74.323076,
                        14.52769
                    ],
                    [
                        74.323081,
                        14.527805
                    ],
                    [
                        74.323059,
                        14.528034
                    ],
                    [
                        74.323027,
                        14.528117
                    ],
                    [
                        74.322848,
                        14.528273
                    ],
                    [
                        74.322816,
                        14.528342
                    ],
                    [
                        74.322817,
                        14.528415
                    ],
                    [
                        74.32285,
                        14.528482
                    ],
                    [
                        74.322964,
                        14.52863
                    ],
                    [
                        74.32307,
                        14.528834
                    ],
                    [
                        74.323248,
                        14.529297
                    ],
                    [
                        74.323324,
                        14.529481
                    ],
                    [
                        74.322944,
                        14.529872
                    ],
                    [
                        74.322503,
                        14.530037
                    ],
                    [
                        74.322519,
                        14.530924
                    ],
                    [
                        74.322605,
                        14.531257
                    ],
                    [
                        74.323026,
                        14.531381
                    ],
                    [
                        74.324053,
                        14.531136
                    ],
                    [
                        74.324886,
                        14.53062
                    ],
                    [
                        74.32522,
                        14.53046
                    ],
                    [
                        74.32546,
                        14.530459
                    ],
                    [
                        74.325555,
                        14.530504
                    ],
                    [
                        74.326406,
                        14.531571
                    ],
                    [
                        74.326335,
                        14.531916
                    ],
                    [
                        74.326074,
                        14.532125
                    ],
                    [
                        74.326013,
                        14.532568
                    ],
                    [
                        74.326478,
                        14.533335
                    ],
                    [
                        74.327327,
                        14.534053
                    ],
                    [
                        74.327605,
                        14.53419
                    ],
                    [
                        74.32852,
                        14.534642
                    ],
                    [
                        74.329356,
                        14.534825
                    ],
                    [
                        74.329709,
                        14.535164
                    ],
                    [
                        74.331491,
                        14.536258
                    ],
                    [
                        74.331954,
                        14.536878
                    ],
                    [
                        74.332286,
                        14.537421
                    ],
                    [
                        74.332417,
                        14.537533
                    ],
                    [
                        74.332585,
                        14.537597
                    ],
                    [
                        74.333263,
                        14.537809
                    ],
                    [
                        74.334571,
                        14.53804
                    ],
                    [
                        74.335159,
                        14.538457
                    ],
                    [
                        74.335494,
                        14.539079
                    ],
                    [
                        74.335765,
                        14.540175
                    ],
                    [
                        74.335278,
                        14.540587
                    ],
                    [
                        74.335907,
                        14.541878
                    ],
                    [
                        74.335807,
                        14.542131
                    ],
                    [
                        74.333732,
                        14.542936
                    ],
                    [
                        74.332738,
                        14.54287
                    ],
                    [
                        74.33209,
                        14.542665
                    ],
                    [
                        74.331864,
                        14.542569
                    ],
                    [
                        74.331757,
                        14.542427
                    ],
                    [
                        74.331652,
                        14.542328
                    ],
                    [
                        74.331521,
                        14.54233
                    ],
                    [
                        74.331143,
                        14.542401
                    ],
                    [
                        74.330828,
                        14.542493
                    ],
                    [
                        74.330684,
                        14.542555
                    ],
                    [
                        74.330577,
                        14.542647
                    ],
                    [
                        74.33053,
                        14.542868
                    ],
                    [
                        74.330487,
                        14.543296
                    ],
                    [
                        74.330458,
                        14.544225
                    ],
                    [
                        74.330414,
                        14.544421
                    ],
                    [
                        74.330388,
                        14.544476
                    ],
                    [
                        74.330363,
                        14.544531
                    ],
                    [
                        74.330281,
                        14.544667
                    ],
                    [
                        74.330224,
                        14.54473
                    ],
                    [
                        74.330085,
                        14.544883
                    ],
                    [
                        74.329802,
                        14.545194
                    ],
                    [
                        74.32905,
                        14.546069
                    ],
                    [
                        74.328724,
                        14.546412
                    ],
                    [
                        74.327894,
                        14.546779
                    ],
                    [
                        74.327699,
                        14.546941
                    ],
                    [
                        74.327258,
                        14.547493
                    ],
                    [
                        74.327205,
                        14.547795
                    ],
                    [
                        74.327189,
                        14.547884
                    ],
                    [
                        74.327209,
                        14.548155
                    ],
                    [
                        74.327155,
                        14.548241
                    ],
                    [
                        74.326829,
                        14.548349
                    ],
                    [
                        74.326727,
                        14.548332
                    ],
                    [
                        74.326621,
                        14.548268
                    ],
                    [
                        74.326543,
                        14.548125
                    ],
                    [
                        74.326472,
                        14.548031
                    ],
                    [
                        74.326344,
                        14.548018
                    ],
                    [
                        74.326046,
                        14.548092
                    ],
                    [
                        74.325861,
                        14.548108
                    ],
                    [
                        74.325785,
                        14.548173
                    ],
                    [
                        74.32584,
                        14.548484
                    ],
                    [
                        74.325364,
                        14.548911
                    ],
                    [
                        74.32519,
                        14.549594
                    ],
                    [
                        74.32457,
                        14.549523
                    ],
                    [
                        74.32437,
                        14.549702
                    ],
                    [
                        74.323778,
                        14.55014
                    ],
                    [
                        74.323573,
                        14.550329
                    ],
                    [
                        74.32336,
                        14.550588
                    ],
                    [
                        74.323038,
                        14.551115
                    ],
                    [
                        74.322716,
                        14.551573
                    ],
                    [
                        74.322628,
                        14.551945
                    ],
                    [
                        74.322675,
                        14.552182
                    ],
                    [
                        74.322794,
                        14.552427
                    ],
                    [
                        74.322718,
                        14.55307
                    ],
                    [
                        74.32269,
                        14.553716
                    ],
                    [
                        74.322454,
                        14.556339
                    ],
                    [
                        74.322408,
                        14.556856
                    ],
                    [
                        74.322408,
                        14.557374
                    ],
                    [
                        74.322534,
                        14.559686
                    ],
                    [
                        74.322441,
                        14.559934
                    ],
                    [
                        74.322313,
                        14.560545
                    ],
                    [
                        74.321938,
                        14.561298
                    ],
                    [
                        74.32189,
                        14.561393
                    ],
                    [
                        74.321551,
                        14.561666
                    ],
                    [
                        74.321182,
                        14.562375
                    ],
                    [
                        74.321031,
                        14.562569
                    ],
                    [
                        74.320752,
                        14.562715
                    ],
                    [
                        74.32032,
                        14.562824
                    ],
                    [
                        74.319937,
                        14.562848
                    ],
                    [
                        74.319611,
                        14.563068
                    ],
                    [
                        74.319264,
                        14.563217
                    ],
                    [
                        74.319147,
                        14.563401
                    ],
                    [
                        74.318975,
                        14.563957
                    ],
                    [
                        74.318816,
                        14.564356
                    ],
                    [
                        74.318634,
                        14.564989
                    ],
                    [
                        74.318671,
                        14.565156
                    ],
                    [
                        74.318709,
                        14.565327
                    ],
                    [
                        74.318698,
                        14.565443
                    ],
                    [
                        74.318611,
                        14.565656
                    ],
                    [
                        74.318367,
                        14.56762
                    ],
                    [
                        74.318036,
                        14.568755
                    ],
                    [
                        74.317518,
                        14.57045
                    ],
                    [
                        74.31687,
                        14.572396
                    ],
                    [
                        74.316391,
                        14.573345
                    ],
                    [
                        74.316172,
                        14.573642
                    ],
                    [
                        74.315973,
                        14.573962
                    ],
                    [
                        74.315929,
                        14.574151
                    ],
                    [
                        74.315292,
                        14.576855
                    ],
                    [
                        74.315102,
                        14.577263
                    ],
                    [
                        74.314339,
                        14.5789
                    ],
                    [
                        74.313525,
                        14.581503
                    ],
                    [
                        74.313063,
                        14.582896
                    ],
                    [
                        74.312555,
                        14.584386
                    ],
                    [
                        74.312291,
                        14.585062
                    ],
                    [
                        74.311637,
                        14.58717
                    ],
                    [
                        74.311354,
                        14.588127
                    ],
                    [
                        74.311151,
                        14.588645
                    ],
                    [
                        74.31083,
                        14.589465
                    ],
                    [
                        74.310231,
                        14.590834
                    ],
                    [
                        74.310034,
                        14.59133
                    ],
                    [
                        74.30969,
                        14.59226
                    ],
                    [
                        74.30942,
                        14.593523
                    ],
                    [
                        74.30902,
                        14.595425
                    ],
                    [
                        74.308939,
                        14.596524
                    ],
                    [
                        74.308885,
                        14.596985
                    ],
                    [
                        74.308833,
                        14.597155
                    ],
                    [
                        74.30846,
                        14.597482
                    ],
                    [
                        74.308302,
                        14.59804
                    ],
                    [
                        74.307885,
                        14.598757
                    ],
                    [
                        74.307835,
                        14.598842
                    ],
                    [
                        74.307736,
                        14.599286
                    ],
                    [
                        74.306421,
                        14.599829
                    ],
                    [
                        74.305801,
                        14.600641
                    ],
                    [
                        74.305825,
                        14.601065
                    ],
                    [
                        74.305859,
                        14.601309
                    ],
                    [
                        74.305726,
                        14.602574
                    ],
                    [
                        74.305969,
                        14.604646
                    ],
                    [
                        74.306156,
                        14.60629
                    ],
                    [
                        74.306248,
                        14.608208
                    ],
                    [
                        74.306215,
                        14.609236
                    ],
                    [
                        74.30636,
                        14.610173
                    ],
                    [
                        74.306452,
                        14.610388
                    ],
                    [
                        74.306735,
                        14.610744
                    ],
                    [
                        74.307224,
                        14.611229
                    ],
                    [
                        74.307321,
                        14.611364
                    ],
                    [
                        74.307325,
                        14.611689
                    ],
                    [
                        74.307057,
                        14.612073
                    ],
                    [
                        74.306891,
                        14.612558
                    ],
                    [
                        74.306859,
                        14.613347
                    ],
                    [
                        74.306816,
                        14.613586
                    ],
                    [
                        74.306838,
                        14.613742
                    ],
                    [
                        74.30691,
                        14.613842
                    ],
                    [
                        74.307197,
                        14.61398
                    ],
                    [
                        74.307685,
                        14.614157
                    ],
                    [
                        74.308157,
                        14.614292
                    ],
                    [
                        74.308587,
                        14.614271
                    ],
                    [
                        74.308786,
                        14.614244
                    ],
                    [
                        74.309077,
                        14.614359
                    ],
                    [
                        74.309843,
                        14.615078
                    ],
                    [
                        74.309935,
                        14.615259
                    ],
                    [
                        74.309936,
                        14.615419
                    ],
                    [
                        74.309735,
                        14.616036
                    ],
                    [
                        74.309589,
                        14.616931
                    ],
                    [
                        74.309558,
                        14.61704
                    ],
                    [
                        74.309428,
                        14.617492
                    ],
                    [
                        74.309306,
                        14.617798
                    ],
                    [
                        74.309197,
                        14.618022
                    ],
                    [
                        74.308657,
                        14.618684
                    ],
                    [
                        74.308533,
                        14.618896
                    ],
                    [
                        74.308527,
                        14.619112
                    ],
                    [
                        74.308626,
                        14.619259
                    ],
                    [
                        74.308677,
                        14.619386
                    ],
                    [
                        74.308694,
                        14.619524
                    ],
                    [
                        74.308628,
                        14.619838
                    ],
                    [
                        74.308053,
                        14.62038
                    ],
                    [
                        74.307744,
                        14.620876
                    ],
                    [
                        74.3076,
                        14.620977
                    ],
                    [
                        74.306749,
                        14.621313
                    ],
                    [
                        74.306618,
                        14.621439
                    ],
                    [
                        74.306446,
                        14.621655
                    ],
                    [
                        74.306076,
                        14.622315
                    ],
                    [
                        74.305373,
                        14.624427
                    ],
                    [
                        74.304878,
                        14.626121
                    ],
                    [
                        74.304703,
                        14.626667
                    ],
                    [
                        74.304364,
                        14.627593
                    ],
                    [
                        74.304171,
                        14.628278
                    ],
                    [
                        74.303975,
                        14.629048
                    ],
                    [
                        74.303683,
                        14.629644
                    ],
                    [
                        74.303178,
                        14.630474
                    ],
                    [
                        74.303077,
                        14.630856
                    ],
                    [
                        74.303039,
                        14.631585
                    ],
                    [
                        74.303066,
                        14.631977
                    ],
                    [
                        74.303637,
                        14.633927
                    ],
                    [
                        74.303822,
                        14.634554
                    ],
                    [
                        74.304032,
                        14.635361
                    ],
                    [
                        74.304279,
                        14.636409
                    ],
                    [
                        74.304455,
                        14.636952
                    ],
                    [
                        74.304584,
                        14.637481
                    ],
                    [
                        74.304461,
                        14.638454
                    ],
                    [
                        74.303957,
                        14.640416
                    ],
                    [
                        74.303828,
                        14.640769
                    ],
                    [
                        74.303543,
                        14.641229
                    ],
                    [
                        74.303232,
                        14.641644
                    ],
                    [
                        74.302787,
                        14.642503
                    ],
                    [
                        74.302406,
                        14.643471
                    ],
                    [
                        74.302138,
                        14.644093
                    ],
                    [
                        74.30202,
                        14.644509
                    ],
                    [
                        74.301891,
                        14.646543
                    ],
                    [
                        74.301676,
                        14.648007
                    ],
                    [
                        74.30144,
                        14.649149
                    ],
                    [
                        74.301118,
                        14.650488
                    ],
                    [
                        74.300996,
                        14.650931
                    ],
                    [
                        74.300781,
                        14.652395
                    ],
                    [
                        74.300789,
                        14.653138
                    ],
                    [
                        74.300781,
                        14.653838
                    ],
                    [
                        74.30076,
                        14.654128
                    ],
                    [
                        74.300717,
                        14.65445
                    ],
                    [
                        74.300625,
                        14.654733
                    ],
                    [
                        74.300738,
                        14.65526
                    ],
                    [
                        74.300947,
                        14.655802
                    ],
                    [
                        74.301108,
                        14.656539
                    ],
                    [
                        74.301139,
                        14.657229
                    ],
                    [
                        74.301199,
                        14.657813
                    ],
                    [
                        74.301311,
                        14.658468
                    ],
                    [
                        74.301355,
                        14.658864
                    ],
                    [
                        74.30136,
                        14.659048
                    ],
                    [
                        74.301296,
                        14.659733
                    ],
                    [
                        74.301172,
                        14.660245
                    ],
                    [
                        74.301145,
                        14.660461
                    ],
                    [
                        74.30135,
                        14.66066
                    ],
                    [
                        74.30162,
                        14.660769
                    ],
                    [
                        74.302129,
                        14.660874
                    ],
                    [
                        74.302698,
                        14.660958
                    ],
                    [
                        74.303124,
                        14.660971
                    ],
                    [
                        74.303906,
                        14.660976
                    ],
                    [
                        74.304179,
                        14.661083
                    ],
                    [
                        74.304573,
                        14.661342
                    ],
                    [
                        74.305273,
                        14.661809
                    ],
                    [
                        74.305601,
                        14.662087
                    ],
                    [
                        74.306035,
                        14.663501
                    ],
                    [
                        74.306288,
                        14.66408
                    ],
                    [
                        74.306691,
                        14.665366
                    ],
                    [
                        74.306778,
                        14.665479
                    ],
                    [
                        74.307344,
                        14.666501
                    ],
                    [
                        74.308438,
                        14.668898
                    ],
                    [
                        74.308712,
                        14.669612
                    ],
                    [
                        74.309275,
                        14.670673
                    ],
                    [
                        74.309322,
                        14.670787
                    ],
                    [
                        74.309517,
                        14.671255
                    ],
                    [
                        74.30962,
                        14.671502
                    ],
                    [
                        74.309966,
                        14.672335
                    ],
                    [
                        74.310338,
                        14.673073
                    ],
                    [
                        74.310563,
                        14.673548
                    ],
                    [
                        74.311041,
                        14.674189
                    ],
                    [
                        74.311406,
                        14.674471
                    ],
                    [
                        74.311608,
                        14.674587
                    ],
                    [
                        74.311693,
                        14.674733
                    ],
                    [
                        74.311975,
                        14.674941
                    ],
                    [
                        74.312352,
                        14.675188
                    ],
                    [
                        74.31396,
                        14.676044
                    ],
                    [
                        74.31425,
                        14.676289
                    ],
                    [
                        74.314544,
                        14.676623
                    ],
                    [
                        74.314709,
                        14.676891
                    ],
                    [
                        74.314899,
                        14.677329
                    ],
                    [
                        74.315802,
                        14.679939
                    ],
                    [
                        74.31582,
                        14.679992
                    ],
                    [
                        74.31608,
                        14.68069
                    ],
                    [
                        74.31616,
                        14.6811
                    ],
                    [
                        74.316169,
                        14.681496
                    ],
                    [
                        74.31611,
                        14.68184
                    ],
                    [
                        74.316075,
                        14.681921
                    ],
                    [
                        74.315967,
                        14.682231
                    ],
                    [
                        74.31584,
                        14.68247
                    ],
                    [
                        74.315535,
                        14.682877
                    ],
                    [
                        74.315342,
                        14.683086
                    ],
                    [
                        74.314654,
                        14.683579
                    ],
                    [
                        74.314295,
                        14.683887
                    ],
                    [
                        74.314025,
                        14.684221
                    ],
                    [
                        74.313887,
                        14.684386
                    ],
                    [
                        74.31319,
                        14.68522
                    ],
                    [
                        74.31191,
                        14.68662
                    ],
                    [
                        74.311617,
                        14.686993
                    ],
                    [
                        74.310771,
                        14.6882
                    ],
                    [
                        74.31,
                        14.68927
                    ],
                    [
                        74.30966,
                        14.68983
                    ],
                    [
                        74.30896,
                        14.69123
                    ],
                    [
                        74.308712,
                        14.691621
                    ],
                    [
                        74.308326,
                        14.692247
                    ],
                    [
                        74.308006,
                        14.692621
                    ],
                    [
                        74.307566,
                        14.693064
                    ],
                    [
                        74.306642,
                        14.694058
                    ],
                    [
                        74.305221,
                        14.695467
                    ],
                    [
                        74.304764,
                        14.695908
                    ],
                    [
                        74.304354,
                        14.696231
                    ],
                    [
                        74.302671,
                        14.69768
                    ],
                    [
                        74.3023,
                        14.69806
                    ],
                    [
                        74.301918,
                        14.698586
                    ],
                    [
                        74.301795,
                        14.698841
                    ],
                    [
                        74.301672,
                        14.699162
                    ],
                    [
                        74.301281,
                        14.700615
                    ],
                    [
                        74.301067,
                        14.701178
                    ],
                    [
                        74.300742,
                        14.701777
                    ],
                    [
                        74.300482,
                        14.702091
                    ],
                    [
                        74.300125,
                        14.702473
                    ],
                    [
                        74.299164,
                        14.703557
                    ],
                    [
                        74.298163,
                        14.704571
                    ],
                    [
                        74.297369,
                        14.705437
                    ],
                    [
                        74.297091,
                        14.705718
                    ],
                    [
                        74.296734,
                        14.706032
                    ],
                    [
                        74.295901,
                        14.706657
                    ],
                    [
                        74.29532,
                        14.70707
                    ],
                    [
                        74.295014,
                        14.707358
                    ],
                    [
                        74.294725,
                        14.707686
                    ],
                    [
                        74.29443,
                        14.708117
                    ],
                    [
                        74.294183,
                        14.708513
                    ],
                    [
                        74.293972,
                        14.70909
                    ],
                    [
                        74.293602,
                        14.710404
                    ],
                    [
                        74.293532,
                        14.710715
                    ],
                    [
                        74.293324,
                        14.711872
                    ],
                    [
                        74.293222,
                        14.712318
                    ],
                    [
                        74.293201,
                        14.712552
                    ],
                    [
                        74.293211,
                        14.712596
                    ],
                    [
                        74.293359,
                        14.712834
                    ],
                    [
                        74.293411,
                        14.713193
                    ],
                    [
                        74.293175,
                        14.714149
                    ],
                    [
                        74.292677,
                        14.715979
                    ],
                    [
                        74.292607,
                        14.716262
                    ],
                    [
                        74.292526,
                        14.716395
                    ],
                    [
                        74.292505,
                        14.716511
                    ],
                    [
                        74.29247,
                        14.7167
                    ],
                    [
                        74.292348,
                        14.717471
                    ],
                    [
                        74.292263,
                        14.717781
                    ],
                    [
                        74.292065,
                        14.718307
                    ],
                    [
                        74.291701,
                        14.718947
                    ],
                    [
                        74.29149,
                        14.71923
                    ],
                    [
                        74.290922,
                        14.719795
                    ],
                    [
                        74.29033,
                        14.720382
                    ],
                    [
                        74.289842,
                        14.720813
                    ],
                    [
                        74.289787,
                        14.720869
                    ],
                    [
                        74.289385,
                        14.72135
                    ],
                    [
                        74.288872,
                        14.722356
                    ],
                    [
                        74.288548,
                        14.722969
                    ],
                    [
                        74.288372,
                        14.723303
                    ],
                    [
                        74.28812,
                        14.723684
                    ],
                    [
                        74.287872,
                        14.723972
                    ],
                    [
                        74.287349,
                        14.724499
                    ],
                    [
                        74.286123,
                        14.725672
                    ],
                    [
                        74.28497,
                        14.726709
                    ],
                    [
                        74.284192,
                        14.727363
                    ],
                    [
                        74.283944,
                        14.727531
                    ],
                    [
                        74.283618,
                        14.727704
                    ],
                    [
                        74.283281,
                        14.727862
                    ],
                    [
                        74.282715,
                        14.728055
                    ],
                    [
                        74.281381,
                        14.72844
                    ],
                    [
                        74.280527,
                        14.72871
                    ],
                    [
                        74.280134,
                        14.728838
                    ],
                    [
                        74.279978,
                        14.728903
                    ],
                    [
                        74.279548,
                        14.729172
                    ],
                    [
                        74.279145,
                        14.729535
                    ],
                    [
                        74.278838,
                        14.729888
                    ],
                    [
                        74.278708,
                        14.730093
                    ],
                    [
                        74.278573,
                        14.730417
                    ],
                    [
                        74.278449,
                        14.730853
                    ],
                    [
                        74.278298,
                        14.73231
                    ],
                    [
                        74.278243,
                        14.732703
                    ],
                    [
                        74.278151,
                        14.733053
                    ],
                    [
                        74.277905,
                        14.733442
                    ],
                    [
                        74.277771,
                        14.733563
                    ],
                    [
                        74.277607,
                        14.733688
                    ],
                    [
                        74.277382,
                        14.733818
                    ],
                    [
                        74.277046,
                        14.733888
                    ],
                    [
                        74.276781,
                        14.733888
                    ],
                    [
                        74.276349,
                        14.733842
                    ],
                    [
                        74.274984,
                        14.733789
                    ],
                    [
                        74.274694,
                        14.733839
                    ],
                    [
                        74.274223,
                        14.733975
                    ],
                    [
                        74.273761,
                        14.734153
                    ],
                    [
                        74.273353,
                        14.734363
                    ],
                    [
                        74.273037,
                        14.734557
                    ],
                    [
                        74.272272,
                        14.734972
                    ],
                    [
                        74.272107,
                        14.735085
                    ],
                    [
                        74.271988,
                        14.735193
                    ],
                    [
                        74.271808,
                        14.735452
                    ],
                    [
                        74.271714,
                        14.73565
                    ],
                    [
                        74.271468,
                        14.736615
                    ],
                    [
                        74.271373,
                        14.736832
                    ],
                    [
                        74.271266,
                        14.737008
                    ],
                    [
                        74.271062,
                        14.737258
                    ],
                    [
                        74.270816,
                        14.737486
                    ],
                    [
                        74.27052,
                        14.737703
                    ],
                    [
                        74.269375,
                        14.738182
                    ],
                    [
                        74.26856,
                        14.73851
                    ],
                    [
                        74.26675,
                        14.73912
                    ],
                    [
                        74.26588,
                        14.739351
                    ],
                    [
                        74.265159,
                        14.739509
                    ],
                    [
                        74.264834,
                        14.739553
                    ],
                    [
                        74.264201,
                        14.739686
                    ],
                    [
                        74.263834,
                        14.739849
                    ],
                    [
                        74.26363,
                        14.740005
                    ],
                    [
                        74.263389,
                        14.740243
                    ],
                    [
                        74.262966,
                        14.740699
                    ],
                    [
                        74.262654,
                        14.740967
                    ],
                    [
                        74.262385,
                        14.741071
                    ],
                    [
                        74.26179,
                        14.741167
                    ],
                    [
                        74.261318,
                        14.741198
                    ],
                    [
                        74.260454,
                        14.7413
                    ],
                    [
                        74.259894,
                        14.741393
                    ],
                    [
                        74.259069,
                        14.74173
                    ],
                    [
                        74.258297,
                        14.742166
                    ],
                    [
                        74.25769,
                        14.74238
                    ],
                    [
                        74.2567,
                        14.74308
                    ],
                    [
                        74.25614,
                        14.74322
                    ],
                    [
                        74.25576,
                        14.74342
                    ],
                    [
                        74.25492,
                        14.744
                    ],
                    [
                        74.25466,
                        14.74442
                    ],
                    [
                        74.25446,
                        14.74456
                    ],
                    [
                        74.2538,
                        14.74475
                    ],
                    [
                        74.25349,
                        14.74472
                    ],
                    [
                        74.25329,
                        14.74464
                    ],
                    [
                        74.2529,
                        14.74431
                    ],
                    [
                        74.2527,
                        14.74427
                    ],
                    [
                        74.25219,
                        14.74428
                    ],
                    [
                        74.25164,
                        14.7441
                    ],
                    [
                        74.25146,
                        14.7441
                    ],
                    [
                        74.25136,
                        14.74426
                    ],
                    [
                        74.25147,
                        14.74479
                    ],
                    [
                        74.25127,
                        14.74554
                    ],
                    [
                        74.251058,
                        14.745894
                    ],
                    [
                        74.25085,
                        14.74615
                    ],
                    [
                        74.250538,
                        14.746375
                    ],
                    [
                        74.250083,
                        14.746663
                    ],
                    [
                        74.249956,
                        14.746788
                    ],
                    [
                        74.249915,
                        14.746917
                    ],
                    [
                        74.249916,
                        14.747166
                    ],
                    [
                        74.249811,
                        14.747454
                    ],
                    [
                        74.249814,
                        14.747607
                    ],
                    [
                        74.249844,
                        14.747739
                    ],
                    [
                        74.24999,
                        14.74814
                    ],
                    [
                        74.25,
                        14.74833
                    ],
                    [
                        74.24985,
                        14.74863
                    ],
                    [
                        74.24929,
                        14.74882
                    ],
                    [
                        74.24856,
                        14.74887
                    ],
                    [
                        74.24799,
                        14.74912
                    ],
                    [
                        74.24718,
                        14.74914
                    ],
                    [
                        74.247,
                        14.74922
                    ],
                    [
                        74.24683,
                        14.74949
                    ],
                    [
                        74.24673,
                        14.7499
                    ],
                    [
                        74.24585,
                        14.75056
                    ],
                    [
                        74.24541,
                        14.75098
                    ],
                    [
                        74.24442,
                        14.75219
                    ],
                    [
                        74.24418,
                        14.75253
                    ],
                    [
                        74.242794,
                        14.754027
                    ],
                    [
                        74.242737,
                        14.754087
                    ],
                    [
                        74.242695,
                        14.75414
                    ],
                    [
                        74.242563,
                        14.754242
                    ],
                    [
                        74.242236,
                        14.75444
                    ],
                    [
                        74.241121,
                        14.754917
                    ],
                    [
                        74.240318,
                        14.755301
                    ],
                    [
                        74.239903,
                        14.755659
                    ],
                    [
                        74.239592,
                        14.755866
                    ],
                    [
                        74.239139,
                        14.755949
                    ],
                    [
                        74.23792,
                        14.75592
                    ],
                    [
                        74.23697,
                        14.75594
                    ],
                    [
                        74.2366,
                        14.75601
                    ],
                    [
                        74.23527,
                        14.75647
                    ],
                    [
                        74.23397,
                        14.75725
                    ],
                    [
                        74.23327,
                        14.757702
                    ],
                    [
                        74.229049,
                        14.760425
                    ],
                    [
                        74.228962,
                        14.76043
                    ],
                    [
                        74.228705,
                        14.760541
                    ],
                    [
                        74.228212,
                        14.760826
                    ],
                    [
                        74.225292,
                        14.762667
                    ],
                    [
                        74.225206,
                        14.762758
                    ],
                    [
                        74.225163,
                        14.762866
                    ],
                    [
                        74.224999,
                        14.762966
                    ],
                    [
                        74.224824,
                        14.763039
                    ],
                    [
                        74.224387,
                        14.763193
                    ],
                    [
                        74.224265,
                        14.763197
                    ],
                    [
                        74.224051,
                        14.763242
                    ],
                    [
                        74.223404,
                        14.76342
                    ],
                    [
                        74.223098,
                        14.763465
                    ],
                    [
                        74.222729,
                        14.763485
                    ],
                    [
                        74.222469,
                        14.76348
                    ],
                    [
                        74.222331,
                        14.763483
                    ],
                    [
                        74.221733,
                        14.763438
                    ],
                    [
                        74.221126,
                        14.763448
                    ],
                    [
                        74.22078,
                        14.763512
                    ],
                    [
                        74.220593,
                        14.763574
                    ],
                    [
                        74.219923,
                        14.763907
                    ],
                    [
                        74.219513,
                        14.764207
                    ],
                    [
                        74.21892,
                        14.76459
                    ],
                    [
                        74.218504,
                        14.764752
                    ],
                    [
                        74.218298,
                        14.764799
                    ],
                    [
                        74.217984,
                        14.764832
                    ],
                    [
                        74.217696,
                        14.764827
                    ],
                    [
                        74.217375,
                        14.764778
                    ],
                    [
                        74.217082,
                        14.764692
                    ],
                    [
                        74.216793,
                        14.76458
                    ],
                    [
                        74.21663,
                        14.76449
                    ],
                    [
                        74.216471,
                        14.764381
                    ],
                    [
                        74.216211,
                        14.764157
                    ],
                    [
                        74.216019,
                        14.763938
                    ],
                    [
                        74.215832,
                        14.763691
                    ],
                    [
                        74.215596,
                        14.763247
                    ],
                    [
                        74.215318,
                        14.762796
                    ],
                    [
                        74.215092,
                        14.762491
                    ],
                    [
                        74.214827,
                        14.762236
                    ],
                    [
                        74.214657,
                        14.762122
                    ],
                    [
                        74.214308,
                        14.761926
                    ],
                    [
                        74.214006,
                        14.761837
                    ],
                    [
                        74.213708,
                        14.761775
                    ],
                    [
                        74.213419,
                        14.761746
                    ],
                    [
                        74.21308,
                        14.761761
                    ],
                    [
                        74.212799,
                        14.761832
                    ],
                    [
                        74.212493,
                        14.761929
                    ],
                    [
                        74.212262,
                        14.762033
                    ],
                    [
                        74.211955,
                        14.762213
                    ],
                    [
                        74.211694,
                        14.762431
                    ],
                    [
                        74.211455,
                        14.762757
                    ],
                    [
                        74.211108,
                        14.763402
                    ],
                    [
                        74.210935,
                        14.763773
                    ],
                    [
                        74.210761,
                        14.764054
                    ],
                    [
                        74.210554,
                        14.764308
                    ],
                    [
                        74.210221,
                        14.764589
                    ],
                    [
                        74.209761,
                        14.764846
                    ],
                    [
                        74.207077,
                        14.765941
                    ],
                    [
                        74.206203,
                        14.76628
                    ],
                    [
                        74.205443,
                        14.766521
                    ],
                    [
                        74.204795,
                        14.766752
                    ],
                    [
                        74.203915,
                        14.767093
                    ],
                    [
                        74.202662,
                        14.767553
                    ],
                    [
                        74.202175,
                        14.767693
                    ],
                    [
                        74.201731,
                        14.767789
                    ],
                    [
                        74.199157,
                        14.768194
                    ],
                    [
                        74.198948,
                        14.768228
                    ],
                    [
                        74.198557,
                        14.768293
                    ],
                    [
                        74.198008,
                        14.768343
                    ],
                    [
                        74.194446,
                        14.768571
                    ],
                    [
                        74.192694,
                        14.768474
                    ],
                    [
                        74.19213,
                        14.768482
                    ],
                    [
                        74.191741,
                        14.768511
                    ],
                    [
                        74.191449,
                        14.768564
                    ],
                    [
                        74.19132,
                        14.768588
                    ],
                    [
                        74.190677,
                        14.768797
                    ],
                    [
                        74.189964,
                        14.769123
                    ],
                    [
                        74.189536,
                        14.769317
                    ],
                    [
                        74.189205,
                        14.769462
                    ],
                    [
                        74.18875,
                        14.7696
                    ],
                    [
                        74.188445,
                        14.769667
                    ],
                    [
                        74.188024,
                        14.769709
                    ],
                    [
                        74.187606,
                        14.76971
                    ],
                    [
                        74.186093,
                        14.769615
                    ],
                    [
                        74.184669,
                        14.769469
                    ],
                    [
                        74.181782,
                        14.76905
                    ],
                    [
                        74.18105,
                        14.76898
                    ],
                    [
                        74.180677,
                        14.768985
                    ],
                    [
                        74.1796,
                        14.769038
                    ],
                    [
                        74.179064,
                        14.769064
                    ],
                    [
                        74.177207,
                        14.769086
                    ],
                    [
                        74.176663,
                        14.76912
                    ],
                    [
                        74.175643,
                        14.769234
                    ],
                    [
                        74.173698,
                        14.769483
                    ],
                    [
                        74.171339,
                        14.769757
                    ],
                    [
                        74.170734,
                        14.769823
                    ],
                    [
                        74.170323,
                        14.769847
                    ],
                    [
                        74.169809,
                        14.769856
                    ],
                    [
                        74.169114,
                        14.769775
                    ],
                    [
                        74.168329,
                        14.769606
                    ],
                    [
                        74.167254,
                        14.769434
                    ],
                    [
                        74.166555,
                        14.76937
                    ],
                    [
                        74.166145,
                        14.769353
                    ],
                    [
                        74.16541,
                        14.769361
                    ],
                    [
                        74.164866,
                        14.769392
                    ],
                    [
                        74.164203,
                        14.76947
                    ],
                    [
                        74.163867,
                        14.769533
                    ],
                    [
                        74.163229,
                        14.769653
                    ],
                    [
                        74.160742,
                        14.770122
                    ],
                    [
                        74.159479,
                        14.770366
                    ],
                    [
                        74.159238,
                        14.770444
                    ],
                    [
                        74.158876,
                        14.770512
                    ],
                    [
                        74.158591,
                        14.770638
                    ],
                    [
                        74.158241,
                        14.770982
                    ],
                    [
                        74.157936,
                        14.771342
                    ],
                    [
                        74.157774,
                        14.771589
                    ],
                    [
                        74.157576,
                        14.771988
                    ],
                    [
                        74.157478,
                        14.772291
                    ],
                    [
                        74.157414,
                        14.772637
                    ],
                    [
                        74.157331,
                        14.773863
                    ],
                    [
                        74.157299,
                        14.774045
                    ],
                    [
                        74.157181,
                        14.774317
                    ],
                    [
                        74.157085,
                        14.774465
                    ],
                    [
                        74.156535,
                        14.775142
                    ],
                    [
                        74.154866,
                        14.777263
                    ],
                    [
                        74.15396,
                        14.778353
                    ],
                    [
                        74.1537,
                        14.778633
                    ],
                    [
                        74.153437,
                        14.778809
                    ],
                    [
                        74.153155,
                        14.77891
                    ],
                    [
                        74.152844,
                        14.77898
                    ],
                    [
                        74.152536,
                        14.779001
                    ],
                    [
                        74.152302,
                        14.778991
                    ],
                    [
                        74.152082,
                        14.778952
                    ],
                    [
                        74.151763,
                        14.778869
                    ],
                    [
                        74.150945,
                        14.778202
                    ],
                    [
                        74.150516,
                        14.777901
                    ],
                    [
                        74.150046,
                        14.777707
                    ],
                    [
                        74.149561,
                        14.777642
                    ],
                    [
                        74.149073,
                        14.77773
                    ],
                    [
                        74.148431,
                        14.778257
                    ],
                    [
                        74.148308,
                        14.778726
                    ],
                    [
                        74.148219,
                        14.778951
                    ],
                    [
                        74.147522,
                        14.779984
                    ],
                    [
                        74.147468,
                        14.780106
                    ],
                    [
                        74.147431,
                        14.780435
                    ],
                    [
                        74.14738,
                        14.780543
                    ],
                    [
                        74.147297,
                        14.780627
                    ],
                    [
                        74.14714,
                        14.78069
                    ],
                    [
                        74.14659,
                        14.78081
                    ],
                    [
                        74.14619,
                        14.78106
                    ],
                    [
                        74.145854,
                        14.781458
                    ],
                    [
                        74.145767,
                        14.781486
                    ],
                    [
                        74.145647,
                        14.781549
                    ],
                    [
                        74.145525,
                        14.781583
                    ],
                    [
                        74.145064,
                        14.781645
                    ],
                    [
                        74.144635,
                        14.781671
                    ],
                    [
                        74.144272,
                        14.781742
                    ],
                    [
                        74.144029,
                        14.781817
                    ],
                    [
                        74.143668,
                        14.78197
                    ],
                    [
                        74.142613,
                        14.782486
                    ],
                    [
                        74.141252,
                        14.783127
                    ],
                    [
                        74.141012,
                        14.783224
                    ],
                    [
                        74.140774,
                        14.783274
                    ],
                    [
                        74.140512,
                        14.7833
                    ],
                    [
                        74.140293,
                        14.783279
                    ],
                    [
                        74.139981,
                        14.783193
                    ],
                    [
                        74.13966,
                        14.78302
                    ],
                    [
                        74.139412,
                        14.782829
                    ],
                    [
                        74.138633,
                        14.782089
                    ],
                    [
                        74.138472,
                        14.781962
                    ],
                    [
                        74.138288,
                        14.781844
                    ],
                    [
                        74.138089,
                        14.781742
                    ],
                    [
                        74.137897,
                        14.781671
                    ],
                    [
                        74.137649,
                        14.781611
                    ],
                    [
                        74.137445,
                        14.781578
                    ],
                    [
                        74.13696,
                        14.781596
                    ],
                    [
                        74.136353,
                        14.781666
                    ],
                    [
                        74.136042,
                        14.781733
                    ],
                    [
                        74.135744,
                        14.781891
                    ],
                    [
                        74.13552,
                        14.782118
                    ],
                    [
                        74.135439,
                        14.782226
                    ],
                    [
                        74.134796,
                        14.783482
                    ],
                    [
                        74.134665,
                        14.783729
                    ],
                    [
                        74.134407,
                        14.784317
                    ],
                    [
                        74.134334,
                        14.784443
                    ],
                    [
                        74.134208,
                        14.78461
                    ],
                    [
                        74.133918,
                        14.784904
                    ],
                    [
                        74.133531,
                        14.785221
                    ],
                    [
                        74.132726,
                        14.785743
                    ],
                    [
                        74.132242,
                        14.786061
                    ],
                    [
                        74.131279,
                        14.786562
                    ],
                    [
                        74.128433,
                        14.787567
                    ],
                    [
                        74.126343,
                        14.788285
                    ],
                    [
                        74.12566,
                        14.788581
                    ],
                    [
                        74.12544,
                        14.788681
                    ],
                    [
                        74.125142,
                        14.788861
                    ],
                    [
                        74.124967,
                        14.78899
                    ],
                    [
                        74.124848,
                        14.789101
                    ],
                    [
                        74.124616,
                        14.789377
                    ],
                    [
                        74.124533,
                        14.789493
                    ],
                    [
                        74.12438,
                        14.789733
                    ],
                    [
                        74.124239,
                        14.790138
                    ],
                    [
                        74.124181,
                        14.790416
                    ],
                    [
                        74.12415,
                        14.790837
                    ],
                    [
                        74.12419,
                        14.791314
                    ],
                    [
                        74.124504,
                        14.794069
                    ],
                    [
                        74.124523,
                        14.794744
                    ],
                    [
                        74.124563,
                        14.795848
                    ],
                    [
                        74.124718,
                        14.799268
                    ],
                    [
                        74.124751,
                        14.800344
                    ],
                    [
                        74.124836,
                        14.80113
                    ],
                    [
                        74.125038,
                        14.804076
                    ],
                    [
                        74.125067,
                        14.804278
                    ],
                    [
                        74.125085,
                        14.804362
                    ],
                    [
                        74.125197,
                        14.804788
                    ],
                    [
                        74.125436,
                        14.80554
                    ],
                    [
                        74.125962,
                        14.807221
                    ],
                    [
                        74.12675,
                        14.809366
                    ],
                    [
                        74.126964,
                        14.810107
                    ],
                    [
                        74.127161,
                        14.810899
                    ],
                    [
                        74.127732,
                        14.815023
                    ],
                    [
                        74.127775,
                        14.815443
                    ],
                    [
                        74.127791,
                        14.815864
                    ],
                    [
                        74.127781,
                        14.816268
                    ],
                    [
                        74.127635,
                        14.818019
                    ],
                    [
                        74.127546,
                        14.81916
                    ],
                    [
                        74.127524,
                        14.819431
                    ],
                    [
                        74.127125,
                        14.824564
                    ],
                    [
                        74.12677,
                        14.82873
                    ],
                    [
                        74.126662,
                        14.830325
                    ],
                    [
                        74.126658,
                        14.830781
                    ],
                    [
                        74.12673,
                        14.83122
                    ],
                    [
                        74.126855,
                        14.831704
                    ],
                    [
                        74.127003,
                        14.832073
                    ],
                    [
                        74.127202,
                        14.832437
                    ],
                    [
                        74.127424,
                        14.832766
                    ],
                    [
                        74.127641,
                        14.833003
                    ],
                    [
                        74.128689,
                        14.833999
                    ],
                    [
                        74.130592,
                        14.835734
                    ],
                    [
                        74.131098,
                        14.836284
                    ],
                    [
                        74.131282,
                        14.836528
                    ],
                    [
                        74.131328,
                        14.836588
                    ],
                    [
                        74.131411,
                        14.836699
                    ],
                    [
                        74.131584,
                        14.837034
                    ],
                    [
                        74.131647,
                        14.8372
                    ],
                    [
                        74.131721,
                        14.837417
                    ],
                    [
                        74.131833,
                        14.837836
                    ],
                    [
                        74.131886,
                        14.838278
                    ],
                    [
                        74.131882,
                        14.838832
                    ],
                    [
                        74.131532,
                        14.84492
                    ],
                    [
                        74.131453,
                        14.845777
                    ],
                    [
                        74.131369,
                        14.846906
                    ],
                    [
                        74.131234,
                        14.848141
                    ],
                    [
                        74.131181,
                        14.848889
                    ],
                    [
                        74.131137,
                        14.849304
                    ],
                    [
                        74.131015,
                        14.850622
                    ],
                    [
                        74.130876,
                        14.851557
                    ],
                    [
                        74.130731,
                        14.85313
                    ],
                    [
                        74.130719,
                        14.853202
                    ],
                    [
                        74.130669,
                        14.853507
                    ],
                    [
                        74.130549,
                        14.854541
                    ],
                    [
                        74.130364,
                        14.856358
                    ],
                    [
                        74.130229,
                        14.856862
                    ],
                    [
                        74.130107,
                        14.857206
                    ],
                    [
                        74.12997,
                        14.857525
                    ],
                    [
                        74.129169,
                        14.859075
                    ],
                    [
                        74.127406,
                        14.862408
                    ],
                    [
                        74.127033,
                        14.863109
                    ],
                    [
                        74.126265,
                        14.864671
                    ],
                    [
                        74.125966,
                        14.86509
                    ],
                    [
                        74.12552,
                        14.865595
                    ],
                    [
                        74.124496,
                        14.866661
                    ],
                    [
                        74.122778,
                        14.868498
                    ],
                    [
                        74.121947,
                        14.86937
                    ],
                    [
                        74.121738,
                        14.869551
                    ],
                    [
                        74.120625,
                        14.87062
                    ],
                    [
                        74.119037,
                        14.872662
                    ],
                    [
                        74.118327,
                        14.873405
                    ],
                    [
                        74.117695,
                        14.874018
                    ],
                    [
                        74.117443,
                        14.874254
                    ],
                    [
                        74.111954,
                        14.879645
                    ],
                    [
                        74.111648,
                        14.879959
                    ],
                    [
                        74.111358,
                        14.880333
                    ],
                    [
                        74.110905,
                        14.881144
                    ],
                    [
                        74.110326,
                        14.882376
                    ],
                    [
                        74.109494,
                        14.884131
                    ],
                    [
                        74.109218,
                        14.884668
                    ],
                    [
                        74.108865,
                        14.885353
                    ],
                    [
                        74.10784,
                        14.887744
                    ],
                    [
                        74.107073,
                        14.889317
                    ],
                    [
                        74.106758,
                        14.889886
                    ],
                    [
                        74.105536,
                        14.892269
                    ],
                    [
                        74.103856,
                        14.895584
                    ],
                    [
                        74.102687,
                        14.89793
                    ],
                    [
                        74.101843,
                        14.899579
                    ],
                    [
                        74.101491,
                        14.90027
                    ],
                    [
                        74.099943,
                        14.903275
                    ],
                    [
                        74.099508,
                        14.904055
                    ],
                    [
                        74.099059,
                        14.904982
                    ],
                    [
                        74.098825,
                        14.905424
                    ],
                    [
                        74.098432,
                        14.906121
                    ],
                    [
                        74.098082,
                        14.906589
                    ],
                    [
                        74.097664,
                        14.907018
                    ],
                    [
                        74.097189,
                        14.907366
                    ],
                    [
                        74.096454,
                        14.907702
                    ],
                    [
                        74.095627,
                        14.908103
                    ],
                    [
                        74.095012,
                        14.908389
                    ],
                    [
                        74.093909,
                        14.908839
                    ],
                    [
                        74.093787,
                        14.908926
                    ],
                    [
                        74.093724,
                        14.909013
                    ],
                    [
                        74.093476,
                        14.909131
                    ],
                    [
                        74.093063,
                        14.909299
                    ],
                    [
                        74.092681,
                        14.909487
                    ],
                    [
                        74.086478,
                        14.912592
                    ],
                    [
                        74.086199,
                        14.912731
                    ],
                    [
                        74.085152,
                        14.913359
                    ],
                    [
                        74.083559,
                        14.91446
                    ],
                    [
                        74.083342,
                        14.914612
                    ],
                    [
                        74.080886,
                        14.916341
                    ],
                    [
                        74.080749,
                        14.916434
                    ],
                    [
                        74.080565,
                        14.916534
                    ],
                    [
                        74.079307,
                        14.917228
                    ],
                    [
                        74.078805,
                        14.917616
                    ],
                    [
                        74.078372,
                        14.917991
                    ],
                    [
                        74.078008,
                        14.91844
                    ],
                    [
                        74.077793,
                        14.918762
                    ],
                    [
                        74.077276,
                        14.919713
                    ],
                    [
                        74.077017,
                        14.92014
                    ],
                    [
                        74.076827,
                        14.920634
                    ],
                    [
                        74.076172,
                        14.922002
                    ],
                    [
                        74.076082,
                        14.922163
                    ],
                    [
                        74.075832,
                        14.922555
                    ],
                    [
                        74.075381,
                        14.923175
                    ],
                    [
                        74.075036,
                        14.923573
                    ],
                    [
                        74.074454,
                        14.924108
                    ],
                    [
                        74.073857,
                        14.924623
                    ],
                    [
                        74.073658,
                        14.924775
                    ],
                    [
                        74.07249,
                        14.925405
                    ],
                    [
                        74.069103,
                        14.927535
                    ],
                    [
                        74.068703,
                        14.92794
                    ],
                    [
                        74.068306,
                        14.928568
                    ],
                    [
                        74.068181,
                        14.928797
                    ],
                    [
                        74.06799,
                        14.929352
                    ],
                    [
                        74.06775,
                        14.93067
                    ],
                    [
                        74.0677,
                        14.931034
                    ],
                    [
                        74.067555,
                        14.931314
                    ],
                    [
                        74.067405,
                        14.931454
                    ],
                    [
                        74.067218,
                        14.93154
                    ],
                    [
                        74.066251,
                        14.931662
                    ],
                    [
                        74.066021,
                        14.931646
                    ],
                    [
                        74.0658,
                        14.931522
                    ],
                    [
                        74.06535,
                        14.931044
                    ],
                    [
                        74.064209,
                        14.930088
                    ],
                    [
                        74.063317,
                        14.929386
                    ],
                    [
                        74.063103,
                        14.929298
                    ],
                    [
                        74.062681,
                        14.929255
                    ],
                    [
                        74.062352,
                        14.929313
                    ],
                    [
                        74.062103,
                        14.929447
                    ],
                    [
                        74.06188,
                        14.929681
                    ],
                    [
                        74.061671,
                        14.930042
                    ],
                    [
                        74.060759,
                        14.936101
                    ],
                    [
                        74.060241,
                        14.939539
                    ],
                    [
                        74.060139,
                        14.940216
                    ],
                    [
                        74.059972,
                        14.941273
                    ],
                    [
                        74.059902,
                        14.941717
                    ],
                    [
                        74.059467,
                        14.944466
                    ],
                    [
                        74.059213,
                        14.945653
                    ],
                    [
                        74.058962,
                        14.946272
                    ],
                    [
                        74.058714,
                        14.946687
                    ],
                    [
                        74.058466,
                        14.947033
                    ],
                    [
                        74.057492,
                        14.948254
                    ],
                    [
                        74.055154,
                        14.951067
                    ],
                    [
                        74.054818,
                        14.951524
                    ],
                    [
                        74.054743,
                        14.951583
                    ],
                    [
                        74.054612,
                        14.951878
                    ],
                    [
                        74.05457,
                        14.952003
                    ],
                    [
                        74.054537,
                        14.952179
                    ],
                    [
                        74.054541,
                        14.952422
                    ],
                    [
                        74.054565,
                        14.952588
                    ],
                    [
                        74.054692,
                        14.95283
                    ],
                    [
                        74.054826,
                        14.952959
                    ],
                    [
                        74.055067,
                        14.953097
                    ],
                    [
                        74.055316,
                        14.953198
                    ],
                    [
                        74.055433,
                        14.953192
                    ],
                    [
                        74.055914,
                        14.953397
                    ],
                    [
                        74.056345,
                        14.953612
                    ],
                    [
                        74.057009,
                        14.954029
                    ],
                    [
                        74.057179,
                        14.954239
                    ],
                    [
                        74.057231,
                        14.954689
                    ],
                    [
                        74.057252,
                        14.955083
                    ],
                    [
                        74.057194,
                        14.955234
                    ],
                    [
                        74.057133,
                        14.955381
                    ],
                    [
                        74.057038,
                        14.955513
                    ],
                    [
                        74.056877,
                        14.955641
                    ],
                    [
                        74.056239,
                        14.956206
                    ],
                    [
                        74.055953,
                        14.956449
                    ],
                    [
                        74.054461,
                        14.957649
                    ],
                    [
                        74.052141,
                        14.959522
                    ],
                    [
                        74.051689,
                        14.960025
                    ],
                    [
                        74.051142,
                        14.96102
                    ],
                    [
                        74.049973,
                        14.963839
                    ],
                    [
                        74.0492,
                        14.96585
                    ],
                    [
                        74.048635,
                        14.967336
                    ],
                    [
                        74.047095,
                        14.971235
                    ],
                    [
                        74.045408,
                        14.975473
                    ],
                    [
                        74.044557,
                        14.977459
                    ],
                    [
                        74.044484,
                        14.97763
                    ],
                    [
                        74.044265,
                        14.978142
                    ],
                    [
                        74.044204,
                        14.978404
                    ],
                    [
                        74.044177,
                        14.979375
                    ],
                    [
                        74.044244,
                        14.979585
                    ],
                    [
                        74.044392,
                        14.979837
                    ],
                    [
                        74.045371,
                        14.980785
                    ],
                    [
                        74.045585,
                        14.980953
                    ],
                    [
                        74.046114,
                        14.981345
                    ],
                    [
                        74.048624,
                        14.983119
                    ],
                    [
                        74.048766,
                        14.983249
                    ],
                    [
                        74.04901,
                        14.983588
                    ],
                    [
                        74.049142,
                        14.983884
                    ],
                    [
                        74.049246,
                        14.984234
                    ],
                    [
                        74.049321,
                        14.984713
                    ],
                    [
                        74.049343,
                        14.985001
                    ],
                    [
                        74.049336,
                        14.985257
                    ],
                    [
                        74.049245,
                        14.989382
                    ],
                    [
                        74.049197,
                        14.989812
                    ],
                    [
                        74.049095,
                        14.990292
                    ],
                    [
                        74.048883,
                        14.990673
                    ],
                    [
                        74.048397,
                        14.991284
                    ],
                    [
                        74.047862,
                        14.991792
                    ],
                    [
                        74.047769,
                        14.991851
                    ],
                    [
                        74.0475,
                        14.992004
                    ],
                    [
                        74.044936,
                        14.992994
                    ],
                    [
                        74.043498,
                        14.993516
                    ],
                    [
                        74.042691,
                        14.993949
                    ],
                    [
                        74.041545,
                        14.995218
                    ],
                    [
                        74.041516,
                        14.99526
                    ],
                    [
                        74.041338,
                        14.995514
                    ],
                    [
                        74.041288,
                        14.995683
                    ],
                    [
                        74.041242,
                        14.995964
                    ],
                    [
                        74.041234,
                        14.996038
                    ],
                    [
                        74.04118,
                        14.996675
                    ],
                    [
                        74.041112,
                        14.997262
                    ],
                    [
                        74.041084,
                        14.997605
                    ],
                    [
                        74.040813,
                        14.998848
                    ],
                    [
                        74.040022,
                        15.001206
                    ],
                    [
                        74.038622,
                        15.004988
                    ],
                    [
                        74.038013,
                        15.006742
                    ],
                    [
                        74.037834,
                        15.007447
                    ],
                    [
                        74.037344,
                        15.010616
                    ],
                    [
                        74.037292,
                        15.010951
                    ],
                    [
                        74.037222,
                        15.011403
                    ],
                    [
                        74.037128,
                        15.012273
                    ],
                    [
                        74.037037,
                        15.012706
                    ],
                    [
                        74.0369,
                        15.013149
                    ],
                    [
                        74.036435,
                        15.013952
                    ],
                    [
                        74.035913,
                        15.01484
                    ],
                    [
                        74.035828,
                        15.014986
                    ],
                    [
                        74.035595,
                        15.015546
                    ],
                    [
                        74.035077,
                        15.016551
                    ],
                    [
                        74.034899,
                        15.016802
                    ],
                    [
                        74.033608,
                        15.019617
                    ],
                    [
                        74.03337,
                        15.020253
                    ],
                    [
                        74.033312,
                        15.020563
                    ],
                    [
                        74.033256,
                        15.021841
                    ],
                    [
                        74.033204,
                        15.023817
                    ],
                    [
                        74.033202,
                        15.024587
                    ],
                    [
                        74.033192,
                        15.025922
                    ],
                    [
                        74.03324,
                        15.027524
                    ],
                    [
                        74.033263,
                        15.029126
                    ],
                    [
                        74.033275,
                        15.029588
                    ],
                    [
                        74.033319,
                        15.031395
                    ],
                    [
                        74.033296,
                        15.031625
                    ],
                    [
                        74.033264,
                        15.031841
                    ],
                    [
                        74.03313,
                        15.032072
                    ],
                    [
                        74.032987,
                        15.032294
                    ],
                    [
                        74.03258,
                        15.03282
                    ],
                    [
                        74.031772,
                        15.033911
                    ],
                    [
                        74.03145,
                        15.034261
                    ],
                    [
                        74.030341,
                        15.035328
                    ],
                    [
                        74.030274,
                        15.035463
                    ],
                    [
                        74.03024,
                        15.035643
                    ],
                    [
                        74.03028,
                        15.035827
                    ],
                    [
                        74.030514,
                        15.036475
                    ],
                    [
                        74.030475,
                        15.036789
                    ],
                    [
                        74.030412,
                        15.036887
                    ],
                    [
                        74.030072,
                        15.037224
                    ],
                    [
                        74.029864,
                        15.037477
                    ],
                    [
                        74.02783,
                        15.040149
                    ],
                    [
                        74.027082,
                        15.041186
                    ],
                    [
                        74.026468,
                        15.041869
                    ],
                    [
                        74.026073,
                        15.042313
                    ],
                    [
                        74.026026,
                        15.042421
                    ],
                    [
                        74.026019,
                        15.042583
                    ],
                    [
                        74.026108,
                        15.043536
                    ],
                    [
                        74.026098,
                        15.043726
                    ],
                    [
                        74.025778,
                        15.044646
                    ],
                    [
                        74.025377,
                        15.045169
                    ],
                    [
                        74.025324,
                        15.045332
                    ],
                    [
                        74.02533,
                        15.045522
                    ],
                    [
                        74.025449,
                        15.045998
                    ],
                    [
                        74.025404,
                        15.046638
                    ],
                    [
                        74.025441,
                        15.046775
                    ],
                    [
                        74.025542,
                        15.046903
                    ],
                    [
                        74.026174,
                        15.047386
                    ],
                    [
                        74.026244,
                        15.047465
                    ],
                    [
                        74.026277,
                        15.047577
                    ],
                    [
                        74.026268,
                        15.047688
                    ],
                    [
                        74.026212,
                        15.047803
                    ],
                    [
                        74.026108,
                        15.047858
                    ],
                    [
                        74.025984,
                        15.047879
                    ],
                    [
                        74.025587,
                        15.047847
                    ],
                    [
                        74.024868,
                        15.047966
                    ],
                    [
                        74.024558,
                        15.048136
                    ],
                    [
                        74.024188,
                        15.048596
                    ],
                    [
                        74.023708,
                        15.049026
                    ],
                    [
                        74.023338,
                        15.049656
                    ],
                    [
                        74.022708,
                        15.050376
                    ],
                    [
                        74.022318,
                        15.051076
                    ],
                    [
                        74.021778,
                        15.051616
                    ],
                    [
                        74.021588,
                        15.051946
                    ],
                    [
                        74.021518,
                        15.052266
                    ],
                    [
                        74.021635,
                        15.052858
                    ],
                    [
                        74.021684,
                        15.053004
                    ],
                    [
                        74.021781,
                        15.053127
                    ],
                    [
                        74.022113,
                        15.053324
                    ],
                    [
                        74.022359,
                        15.053436
                    ],
                    [
                        74.022595,
                        15.053506
                    ],
                    [
                        74.023191,
                        15.053508
                    ],
                    [
                        74.023364,
                        15.053536
                    ],
                    [
                        74.02348,
                        15.0536
                    ],
                    [
                        74.023575,
                        15.053763
                    ],
                    [
                        74.023696,
                        15.054188
                    ],
                    [
                        74.023749,
                        15.054295
                    ],
                    [
                        74.02383,
                        15.054393
                    ],
                    [
                        74.024168,
                        15.054606
                    ],
                    [
                        74.025232,
                        15.055569
                    ],
                    [
                        74.02565,
                        15.056074
                    ],
                    [
                        74.025733,
                        15.056317
                    ],
                    [
                        74.025738,
                        15.05652
                    ],
                    [
                        74.025651,
                        15.057051
                    ],
                    [
                        74.025592,
                        15.057294
                    ],
                    [
                        74.02558,
                        15.057469
                    ],
                    [
                        74.025635,
                        15.057645
                    ],
                    [
                        74.025998,
                        15.05818
                    ],
                    [
                        74.02635,
                        15.058497
                    ],
                    [
                        74.02648,
                        15.05867
                    ],
                    [
                        74.026631,
                        15.059025
                    ],
                    [
                        74.026666,
                        15.059141
                    ],
                    [
                        74.026657,
                        15.059273
                    ],
                    [
                        74.026528,
                        15.059514
                    ],
                    [
                        74.026507,
                        15.059642
                    ],
                    [
                        74.026521,
                        15.059752
                    ],
                    [
                        74.026651,
                        15.059857
                    ],
                    [
                        74.027157,
                        15.060041
                    ],
                    [
                        74.027309,
                        15.060128
                    ],
                    [
                        74.027453,
                        15.060274
                    ],
                    [
                        74.027571,
                        15.060469
                    ],
                    [
                        74.027602,
                        15.060627
                    ],
                    [
                        74.027602,
                        15.060788
                    ],
                    [
                        74.02752,
                        15.060933
                    ],
                    [
                        74.027184,
                        15.061195
                    ],
                    [
                        74.027079,
                        15.061343
                    ],
                    [
                        74.026948,
                        15.06167
                    ],
                    [
                        74.026932,
                        15.061815
                    ],
                    [
                        74.026965,
                        15.061963
                    ],
                    [
                        74.027059,
                        15.062148
                    ],
                    [
                        74.027078,
                        15.062284
                    ],
                    [
                        74.027054,
                        15.062473
                    ],
                    [
                        74.026968,
                        15.062898
                    ],
                    [
                        74.026957,
                        15.063068
                    ],
                    [
                        74.026993,
                        15.063228
                    ],
                    [
                        74.027223,
                        15.063706
                    ],
                    [
                        74.027292,
                        15.06381
                    ],
                    [
                        74.027392,
                        15.063925
                    ],
                    [
                        74.02792,
                        15.064348
                    ],
                    [
                        74.028257,
                        15.064842
                    ],
                    [
                        74.028359,
                        15.064939
                    ],
                    [
                        74.028494,
                        15.065013
                    ],
                    [
                        74.029154,
                        15.065149
                    ],
                    [
                        74.029521,
                        15.065267
                    ],
                    [
                        74.029846,
                        15.065443
                    ],
                    [
                        74.030106,
                        15.065615
                    ],
                    [
                        74.030243,
                        15.065782
                    ],
                    [
                        74.030303,
                        15.065985
                    ],
                    [
                        74.030282,
                        15.066186
                    ],
                    [
                        74.030146,
                        15.066641
                    ],
                    [
                        74.030094,
                        15.066935
                    ],
                    [
                        74.030113,
                        15.067209
                    ],
                    [
                        74.030173,
                        15.067416
                    ],
                    [
                        74.030176,
                        15.067613
                    ],
                    [
                        74.030142,
                        15.067766
                    ],
                    [
                        74.03001,
                        15.067967
                    ],
                    [
                        74.029841,
                        15.06814
                    ],
                    [
                        74.029629,
                        15.068286
                    ],
                    [
                        74.029207,
                        15.068431
                    ],
                    [
                        74.029138,
                        15.068514
                    ],
                    [
                        74.029068,
                        15.068639
                    ],
                    [
                        74.029011,
                        15.069025
                    ],
                    [
                        74.028782,
                        15.06951
                    ],
                    [
                        74.02875,
                        15.069686
                    ],
                    [
                        74.028808,
                        15.070265
                    ],
                    [
                        74.028756,
                        15.070469
                    ],
                    [
                        74.028389,
                        15.071092
                    ],
                    [
                        74.028085,
                        15.071937
                    ],
                    [
                        74.027956,
                        15.072121
                    ],
                    [
                        74.027783,
                        15.072258
                    ],
                    [
                        74.027512,
                        15.072491
                    ],
                    [
                        74.02741,
                        15.072622
                    ],
                    [
                        74.027382,
                        15.072761
                    ],
                    [
                        74.027394,
                        15.072917
                    ],
                    [
                        74.027477,
                        15.073156
                    ],
                    [
                        74.027512,
                        15.07333
                    ],
                    [
                        74.027716,
                        15.07363
                    ],
                    [
                        74.03011,
                        15.076035
                    ],
                    [
                        74.03101,
                        15.077255
                    ],
                    [
                        74.03194,
                        15.077925
                    ],
                    [
                        74.03215,
                        15.078115
                    ],
                    [
                        74.03234,
                        15.078455
                    ],
                    [
                        74.03234,
                        15.078675
                    ],
                    [
                        74.03229,
                        15.078785
                    ],
                    [
                        74.03204,
                        15.079065
                    ],
                    [
                        74.03145,
                        15.079205
                    ],
                    [
                        74.03135,
                        15.079295
                    ],
                    [
                        74.031325,
                        15.079603
                    ],
                    [
                        74.03127,
                        15.079845
                    ],
                    [
                        74.03115,
                        15.079989
                    ],
                    [
                        74.031,
                        15.080095
                    ],
                    [
                        74.03079,
                        15.080345
                    ],
                    [
                        74.030191,
                        15.08115
                    ],
                    [
                        74.03004,
                        15.081317
                    ],
                    [
                        74.029999,
                        15.081371
                    ],
                    [
                        74.029964,
                        15.081472
                    ],
                    [
                        74.029969,
                        15.081597
                    ],
                    [
                        74.030004,
                        15.081722
                    ],
                    [
                        74.030095,
                        15.081836
                    ],
                    [
                        74.030215,
                        15.081922
                    ],
                    [
                        74.030974,
                        15.082282
                    ],
                    [
                        74.031218,
                        15.082607
                    ],
                    [
                        74.031364,
                        15.082932
                    ],
                    [
                        74.031384,
                        15.083132
                    ],
                    [
                        74.031284,
                        15.083542
                    ],
                    [
                        74.031304,
                        15.083762
                    ],
                    [
                        74.031464,
                        15.084192
                    ],
                    [
                        74.031744,
                        15.084622
                    ],
                    [
                        74.031784,
                        15.084883
                    ],
                    [
                        74.031774,
                        15.085152
                    ],
                    [
                        74.031174,
                        15.087102
                    ],
                    [
                        74.030833,
                        15.089173
                    ],
                    [
                        74.030875,
                        15.089632
                    ],
                    [
                        74.031237,
                        15.092224
                    ],
                    [
                        74.031167,
                        15.092681
                    ],
                    [
                        74.031125,
                        15.092798
                    ],
                    [
                        74.030893,
                        15.093384
                    ],
                    [
                        74.030777,
                        15.093579
                    ],
                    [
                        74.030656,
                        15.093838
                    ],
                    [
                        74.030597,
                        15.094097
                    ],
                    [
                        74.030528,
                        15.094528
                    ],
                    [
                        74.030313,
                        15.095195
                    ],
                    [
                        74.030261,
                        15.095274
                    ],
                    [
                        74.029454,
                        15.095782
                    ],
                    [
                        74.029184,
                        15.096072
                    ],
                    [
                        74.028854,
                        15.097112
                    ],
                    [
                        74.028824,
                        15.097362
                    ],
                    [
                        74.028904,
                        15.097542
                    ],
                    [
                        74.029024,
                        15.097662
                    ],
                    [
                        74.029974,
                        15.098162
                    ],
                    [
                        74.030084,
                        15.098292
                    ],
                    [
                        74.030634,
                        15.099462
                    ],
                    [
                        74.031764,
                        15.101372
                    ],
                    [
                        74.031904,
                        15.101682
                    ],
                    [
                        74.031914,
                        15.101952
                    ],
                    [
                        74.031544,
                        15.105282
                    ],
                    [
                        74.031394,
                        15.105802
                    ],
                    [
                        74.030724,
                        15.107272
                    ],
                    [
                        74.030664,
                        15.107552
                    ],
                    [
                        74.030704,
                        15.107802
                    ],
                    [
                        74.030884,
                        15.108092
                    ],
                    [
                        74.033704,
                        15.110772
                    ],
                    [
                        74.033984,
                        15.110902
                    ],
                    [
                        74.034684,
                        15.110902
                    ],
                    [
                        74.034844,
                        15.110942
                    ],
                    [
                        74.035114,
                        15.111112
                    ],
                    [
                        74.035874,
                        15.112032
                    ],
                    [
                        74.036124,
                        15.112372
                    ],
                    [
                        74.036214,
                        15.112602
                    ],
                    [
                        74.036174,
                        15.112822
                    ],
                    [
                        74.036004,
                        15.113022
                    ],
                    [
                        74.035754,
                        15.113112
                    ],
                    [
                        74.035324,
                        15.113092
                    ],
                    [
                        74.035204,
                        15.113132
                    ],
                    [
                        74.035058,
                        15.113433
                    ],
                    [
                        74.035003,
                        15.115159
                    ],
                    [
                        74.03485,
                        15.116225
                    ],
                    [
                        74.034703,
                        15.116605
                    ],
                    [
                        74.034498,
                        15.116984
                    ],
                    [
                        74.034276,
                        15.117276
                    ],
                    [
                        74.034073,
                        15.118084
                    ],
                    [
                        74.033899,
                        15.118688
                    ],
                    [
                        74.033721,
                        15.119227
                    ],
                    [
                        74.033721,
                        15.119533
                    ],
                    [
                        74.033786,
                        15.119708
                    ],
                    [
                        74.034018,
                        15.120053
                    ],
                    [
                        74.034133,
                        15.120268
                    ],
                    [
                        74.034271,
                        15.120808
                    ],
                    [
                        74.034318,
                        15.12099
                    ],
                    [
                        74.034366,
                        15.121259
                    ],
                    [
                        74.03446,
                        15.121475
                    ],
                    [
                        74.034637,
                        15.121736
                    ],
                    [
                        74.034706,
                        15.121913
                    ],
                    [
                        74.034716,
                        15.122073
                    ],
                    [
                        74.034556,
                        15.123474
                    ],
                    [
                        74.034486,
                        15.123652
                    ],
                    [
                        74.034372,
                        15.12378
                    ],
                    [
                        74.034032,
                        15.124
                    ],
                    [
                        74.033925,
                        15.124109
                    ],
                    [
                        74.033856,
                        15.124256
                    ],
                    [
                        74.033849,
                        15.124445
                    ],
                    [
                        74.033885,
                        15.124662
                    ],
                    [
                        74.034103,
                        15.125313
                    ],
                    [
                        74.034172,
                        15.12563
                    ],
                    [
                        74.034146,
                        15.125841
                    ],
                    [
                        74.033928,
                        15.128018
                    ],
                    [
                        74.033871,
                        15.128357
                    ],
                    [
                        74.033489,
                        15.129013
                    ],
                    [
                        74.033105,
                        15.129783
                    ],
                    [
                        74.032214,
                        15.131169
                    ],
                    [
                        74.031156,
                        15.133067
                    ],
                    [
                        74.030584,
                        15.134076
                    ],
                    [
                        74.029619,
                        15.13661
                    ],
                    [
                        74.029186,
                        15.137318
                    ],
                    [
                        74.028844,
                        15.13803
                    ],
                    [
                        74.0278,
                        15.139274
                    ],
                    [
                        74.02774,
                        15.139488
                    ],
                    [
                        74.02774,
                        15.139762
                    ],
                    [
                        74.027778,
                        15.140547
                    ],
                    [
                        74.027743,
                        15.140699
                    ],
                    [
                        74.02763,
                        15.140862
                    ],
                    [
                        74.027491,
                        15.141026
                    ],
                    [
                        74.027279,
                        15.141194
                    ],
                    [
                        74.02674,
                        15.141437
                    ],
                    [
                        74.026598,
                        15.141525
                    ],
                    [
                        74.026456,
                        15.14167
                    ],
                    [
                        74.026324,
                        15.141898
                    ],
                    [
                        74.025978,
                        15.142659
                    ],
                    [
                        74.025793,
                        15.143022
                    ],
                    [
                        74.025514,
                        15.1437
                    ],
                    [
                        74.025372,
                        15.143938
                    ],
                    [
                        74.025168,
                        15.144207
                    ],
                    [
                        74.024718,
                        15.144674
                    ],
                    [
                        74.024452,
                        15.144927
                    ],
                    [
                        74.024235,
                        15.145075
                    ],
                    [
                        74.023881,
                        15.145354
                    ],
                    [
                        74.021707,
                        15.147184
                    ],
                    [
                        74.020642,
                        15.147603
                    ],
                    [
                        74.020332,
                        15.147873
                    ],
                    [
                        74.019411,
                        15.149606
                    ],
                    [
                        74.019189,
                        15.150344
                    ],
                    [
                        74.018967,
                        15.151052
                    ],
                    [
                        74.018658,
                        15.151726
                    ],
                    [
                        74.018531,
                        15.152004
                    ],
                    [
                        74.017866,
                        15.152584
                    ],
                    [
                        74.016764,
                        15.153504
                    ],
                    [
                        74.015517,
                        15.15437
                    ],
                    [
                        74.015109,
                        15.155187
                    ],
                    [
                        74.015076,
                        15.155347
                    ],
                    [
                        74.014932,
                        15.156062
                    ],
                    [
                        74.014442,
                        15.15679
                    ],
                    [
                        74.01387,
                        15.157418
                    ],
                    [
                        74.012905,
                        15.158046
                    ],
                    [
                        74.012081,
                        15.158584
                    ],
                    [
                        74.011887,
                        15.158772
                    ],
                    [
                        74.011779,
                        15.159009
                    ],
                    [
                        74.011573,
                        15.160023
                    ],
                    [
                        74.012712,
                        15.162064
                    ],
                    [
                        74.012722,
                        15.162304
                    ],
                    [
                        74.012564,
                        15.162637
                    ],
                    [
                        74.012215,
                        15.162934
                    ],
                    [
                        74.009874,
                        15.164605
                    ],
                    [
                        74.009765,
                        15.164739
                    ],
                    [
                        74.009669,
                        15.164932
                    ],
                    [
                        74.009702,
                        15.165238
                    ],
                    [
                        74.01005,
                        15.166045
                    ],
                    [
                        74.010244,
                        15.166641
                    ],
                    [
                        74.010334,
                        15.167259
                    ],
                    [
                        74.010321,
                        15.167728
                    ],
                    [
                        74.010298,
                        15.16788
                    ],
                    [
                        74.010275,
                        15.167985
                    ],
                    [
                        74.010265,
                        15.168021
                    ],
                    [
                        74.010216,
                        15.168191
                    ],
                    [
                        74.009921,
                        15.168511
                    ],
                    [
                        74.009191,
                        15.169167
                    ],
                    [
                        74.008012,
                        15.17009
                    ],
                    [
                        74.006849,
                        15.171061
                    ],
                    [
                        74.006299,
                        15.171551
                    ],
                    [
                        74.005961,
                        15.171863
                    ],
                    [
                        74.005588,
                        15.172206
                    ],
                    [
                        74.002682,
                        15.174878
                    ],
                    [
                        74.002431,
                        15.175113
                    ],
                    [
                        74.00183,
                        15.175674
                    ],
                    [
                        74.00103,
                        15.175996
                    ],
                    [
                        74.000316,
                        15.1762
                    ],
                    [
                        74.000127,
                        15.176326
                    ],
                    [
                        73.999827,
                        15.176836
                    ],
                    [
                        73.998943,
                        15.178242
                    ],
                    [
                        73.99844,
                        15.178925
                    ],
                    [
                        73.998145,
                        15.179504
                    ],
                    [
                        73.998085,
                        15.179832
                    ],
                    [
                        73.998071,
                        15.180135
                    ],
                    [
                        73.998041,
                        15.180388
                    ],
                    [
                        73.998028,
                        15.180527
                    ],
                    [
                        73.997984,
                        15.181097
                    ],
                    [
                        73.997949,
                        15.181376
                    ],
                    [
                        73.997873,
                        15.18224
                    ],
                    [
                        73.997847,
                        15.182765
                    ],
                    [
                        73.997759,
                        15.183731
                    ],
                    [
                        73.997436,
                        15.187294
                    ],
                    [
                        73.997123,
                        15.19116
                    ],
                    [
                        73.997158,
                        15.191628
                    ],
                    [
                        73.997319,
                        15.192848
                    ],
                    [
                        73.997441,
                        15.194251
                    ],
                    [
                        73.997462,
                        15.194966
                    ],
                    [
                        73.997443,
                        15.195441
                    ],
                    [
                        73.99734,
                        15.196115
                    ],
                    [
                        73.997188,
                        15.196625
                    ],
                    [
                        73.997067,
                        15.197101
                    ],
                    [
                        73.997035,
                        15.197216
                    ],
                    [
                        73.996421,
                        15.199461
                    ],
                    [
                        73.996127,
                        15.200593
                    ],
                    [
                        73.995816,
                        15.201752
                    ],
                    [
                        73.995712,
                        15.20214
                    ],
                    [
                        73.995507,
                        15.202596
                    ],
                    [
                        73.995259,
                        15.202945
                    ],
                    [
                        73.99513,
                        15.203134
                    ],
                    [
                        73.991344,
                        15.208805
                    ],
                    [
                        73.990915,
                        15.20935
                    ],
                    [
                        73.99064,
                        15.209607
                    ],
                    [
                        73.989352,
                        15.210758
                    ],
                    [
                        73.986839,
                        15.213072
                    ],
                    [
                        73.986501,
                        15.213351
                    ],
                    [
                        73.986126,
                        15.213661
                    ],
                    [
                        73.985762,
                        15.213936
                    ],
                    [
                        73.985626,
                        15.214039
                    ],
                    [
                        73.984278,
                        15.214906
                    ],
                    [
                        73.980279,
                        15.217644
                    ],
                    [
                        73.979944,
                        15.217865
                    ],
                    [
                        73.97972,
                        15.218016
                    ],
                    [
                        73.979591,
                        15.218052
                    ],
                    [
                        73.97949,
                        15.218133
                    ],
                    [
                        73.978939,
                        15.218573
                    ],
                    [
                        73.978513,
                        15.218953
                    ],
                    [
                        73.978449,
                        15.219054
                    ],
                    [
                        73.978377,
                        15.219252
                    ],
                    [
                        73.978178,
                        15.220277
                    ],
                    [
                        73.978199,
                        15.220496
                    ],
                    [
                        73.978172,
                        15.220737
                    ],
                    [
                        73.978044,
                        15.222016
                    ],
                    [
                        73.97788,
                        15.222996
                    ],
                    [
                        73.97785,
                        15.223104
                    ],
                    [
                        73.977655,
                        15.223833
                    ],
                    [
                        73.977564,
                        15.224131
                    ],
                    [
                        73.977292,
                        15.225062
                    ],
                    [
                        73.977179,
                        15.225454
                    ],
                    [
                        73.977147,
                        15.22554
                    ],
                    [
                        73.976986,
                        15.226162
                    ],
                    [
                        73.976807,
                        15.226797
                    ],
                    [
                        73.976678,
                        15.227379
                    ],
                    [
                        73.976619,
                        15.227651
                    ],
                    [
                        73.976478,
                        15.228888
                    ],
                    [
                        73.976445,
                        15.22927
                    ],
                    [
                        73.976168,
                        15.231456
                    ],
                    [
                        73.976147,
                        15.231732
                    ],
                    [
                        73.976123,
                        15.232159
                    ],
                    [
                        73.976108,
                        15.232567
                    ],
                    [
                        73.976122,
                        15.232771
                    ],
                    [
                        73.976121,
                        15.232818
                    ],
                    [
                        73.976118,
                        15.232942
                    ],
                    [
                        73.976117,
                        15.233641
                    ],
                    [
                        73.976142,
                        15.234157
                    ],
                    [
                        73.976156,
                        15.236895
                    ],
                    [
                        73.97616,
                        15.237944
                    ],
                    [
                        73.976169,
                        15.238859
                    ],
                    [
                        73.976026,
                        15.239695
                    ],
                    [
                        73.975716,
                        15.240362
                    ],
                    [
                        73.975486,
                        15.240725
                    ],
                    [
                        73.975214,
                        15.241102
                    ],
                    [
                        73.975016,
                        15.241327
                    ],
                    [
                        73.973889,
                        15.242711
                    ],
                    [
                        73.972821,
                        15.243988
                    ],
                    [
                        73.972319,
                        15.244778
                    ],
                    [
                        73.971981,
                        15.245385
                    ],
                    [
                        73.97184,
                        15.245676
                    ],
                    [
                        73.971272,
                        15.246864
                    ],
                    [
                        73.971161,
                        15.24709
                    ],
                    [
                        73.970883,
                        15.24766
                    ],
                    [
                        73.970719,
                        15.248033
                    ],
                    [
                        73.970499,
                        15.248737
                    ],
                    [
                        73.970464,
                        15.248869
                    ],
                    [
                        73.970443,
                        15.248879
                    ],
                    [
                        73.970414,
                        15.248915
                    ],
                    [
                        73.970289,
                        15.249001
                    ],
                    [
                        73.96994,
                        15.24918
                    ],
                    [
                        73.969308,
                        15.24935
                    ],
                    [
                        73.969195,
                        15.249364
                    ],
                    [
                        73.968997,
                        15.249388
                    ],
                    [
                        73.968825,
                        15.249407
                    ],
                    [
                        73.966684,
                        15.249487
                    ],
                    [
                        73.966392,
                        15.249503
                    ],
                    [
                        73.96579,
                        15.249568
                    ],
                    [
                        73.965394,
                        15.249661
                    ],
                    [
                        73.964929,
                        15.249834
                    ],
                    [
                        73.964354,
                        15.250181
                    ],
                    [
                        73.963887,
                        15.250545
                    ],
                    [
                        73.963491,
                        15.250971
                    ],
                    [
                        73.962906,
                        15.251703
                    ],
                    [
                        73.961455,
                        15.253588
                    ],
                    [
                        73.961089,
                        15.25409
                    ],
                    [
                        73.960231,
                        15.255166
                    ],
                    [
                        73.959822,
                        15.255592
                    ],
                    [
                        73.959228,
                        15.256163
                    ],
                    [
                        73.957459,
                        15.257773
                    ],
                    [
                        73.956939,
                        15.258112
                    ],
                    [
                        73.95668,
                        15.258236
                    ],
                    [
                        73.956414,
                        15.258356
                    ],
                    [
                        73.955515,
                        15.25866
                    ],
                    [
                        73.955358,
                        15.258712
                    ],
                    [
                        73.952811,
                        15.259518
                    ],
                    [
                        73.95202,
                        15.259901
                    ],
                    [
                        73.951365,
                        15.260347
                    ],
                    [
                        73.950907,
                        15.260728
                    ],
                    [
                        73.950538,
                        15.261103
                    ],
                    [
                        73.950177,
                        15.261573
                    ],
                    [
                        73.949957,
                        15.261892
                    ],
                    [
                        73.94989,
                        15.26201
                    ],
                    [
                        73.949828,
                        15.262119
                    ],
                    [
                        73.949532,
                        15.262786
                    ],
                    [
                        73.949386,
                        15.263282
                    ],
                    [
                        73.949284,
                        15.263645
                    ],
                    [
                        73.949201,
                        15.26396
                    ],
                    [
                        73.949154,
                        15.264308
                    ],
                    [
                        73.949258,
                        15.265459
                    ],
                    [
                        73.949945,
                        15.267732
                    ],
                    [
                        73.949941,
                        15.269196
                    ],
                    [
                        73.949941,
                        15.269305
                    ],
                    [
                        73.949903,
                        15.269567
                    ],
                    [
                        73.949036,
                        15.272499
                    ],
                    [
                        73.948324,
                        15.274933
                    ],
                    [
                        73.948149,
                        15.275944
                    ],
                    [
                        73.948189,
                        15.276942
                    ],
                    [
                        73.948265,
                        15.277258
                    ],
                    [
                        73.948831,
                        15.279592
                    ],
                    [
                        73.949267,
                        15.281402
                    ],
                    [
                        73.949277,
                        15.282069
                    ],
                    [
                        73.949283,
                        15.282395
                    ],
                    [
                        73.949105,
                        15.283751
                    ],
                    [
                        73.949031,
                        15.284086
                    ],
                    [
                        73.948771,
                        15.284986
                    ],
                    [
                        73.94853,
                        15.286309
                    ],
                    [
                        73.948383,
                        15.287881
                    ],
                    [
                        73.948208,
                        15.289766
                    ],
                    [
                        73.948235,
                        15.290542
                    ],
                    [
                        73.948242,
                        15.290763
                    ],
                    [
                        73.948272,
                        15.291831
                    ],
                    [
                        73.948556,
                        15.298252
                    ],
                    [
                        73.948578,
                        15.29908
                    ],
                    [
                        73.948535,
                        15.299577
                    ],
                    [
                        73.948427,
                        15.300058
                    ],
                    [
                        73.948304,
                        15.300425
                    ],
                    [
                        73.948095,
                        15.300886
                    ],
                    [
                        73.947777,
                        15.301499
                    ],
                    [
                        73.946226,
                        15.303994
                    ],
                    [
                        73.946198,
                        15.304037
                    ],
                    [
                        73.94617,
                        15.304081
                    ],
                    [
                        73.944656,
                        15.306508
                    ],
                    [
                        73.944377,
                        15.307086
                    ],
                    [
                        73.944309,
                        15.307242
                    ],
                    [
                        73.943954,
                        15.308031
                    ],
                    [
                        73.942827,
                        15.31141
                    ],
                    [
                        73.941797,
                        15.314607
                    ],
                    [
                        73.941451,
                        15.315964
                    ],
                    [
                        73.941349,
                        15.316361
                    ],
                    [
                        73.941084,
                        15.3172
                    ],
                    [
                        73.940896,
                        15.317632
                    ],
                    [
                        73.940555,
                        15.318281
                    ],
                    [
                        73.939284,
                        15.320392
                    ],
                    [
                        73.938989,
                        15.320829
                    ],
                    [
                        73.938713,
                        15.321176
                    ],
                    [
                        73.938412,
                        15.321509
                    ],
                    [
                        73.936897,
                        15.322935
                    ],
                    [
                        73.936532,
                        15.323301
                    ],
                    [
                        73.935695,
                        15.324071
                    ],
                    [
                        73.935172,
                        15.324588
                    ],
                    [
                        73.935095,
                        15.324639
                    ],
                    [
                        73.934708,
                        15.324859
                    ],
                    [
                        73.933828,
                        15.325245
                    ],
                    [
                        73.933002,
                        15.325579
                    ],
                    [
                        73.930701,
                        15.326779
                    ],
                    [
                        73.92999,
                        15.327283
                    ],
                    [
                        73.929657,
                        15.327639
                    ],
                    [
                        73.929363,
                        15.328014
                    ],
                    [
                        73.929159,
                        15.328342
                    ],
                    [
                        73.929041,
                        15.328592
                    ],
                    [
                        73.928949,
                        15.328928
                    ],
                    [
                        73.92845,
                        15.330985
                    ],
                    [
                        73.928118,
                        15.332121
                    ],
                    [
                        73.928078,
                        15.332265
                    ],
                    [
                        73.927898,
                        15.33269
                    ],
                    [
                        73.927386,
                        15.333826
                    ],
                    [
                        73.927382,
                        15.333939
                    ],
                    [
                        73.927344,
                        15.334043
                    ],
                    [
                        73.927292,
                        15.33434
                    ],
                    [
                        73.927297,
                        15.334545
                    ],
                    [
                        73.927438,
                        15.336209
                    ],
                    [
                        73.927953,
                        15.340327
                    ],
                    [
                        73.927974,
                        15.340637
                    ],
                    [
                        73.927953,
                        15.34103
                    ],
                    [
                        73.927579,
                        15.343363
                    ],
                    [
                        73.927233,
                        15.345479
                    ],
                    [
                        73.92718,
                        15.34579
                    ],
                    [
                        73.927095,
                        15.346382
                    ],
                    [
                        73.927077,
                        15.346531
                    ],
                    [
                        73.927073,
                        15.347238
                    ],
                    [
                        73.927246,
                        15.348548
                    ],
                    [
                        73.927335,
                        15.349218
                    ],
                    [
                        73.927361,
                        15.349416
                    ],
                    [
                        73.927764,
                        15.352886
                    ],
                    [
                        73.928068,
                        15.355494
                    ],
                    [
                        73.928047,
                        15.356088
                    ],
                    [
                        73.92801,
                        15.356165
                    ],
                    [
                        73.928027,
                        15.356247
                    ],
                    [
                        73.928095,
                        15.356304
                    ],
                    [
                        73.928116,
                        15.356311
                    ],
                    [
                        73.928137,
                        15.356541
                    ],
                    [
                        73.928226,
                        15.356945
                    ],
                    [
                        73.928349,
                        15.358133
                    ],
                    [
                        73.928369,
                        15.358644
                    ],
                    [
                        73.928335,
                        15.359406
                    ],
                    [
                        73.928303,
                        15.359642
                    ],
                    [
                        73.928243,
                        15.359864
                    ],
                    [
                        73.928212,
                        15.359938
                    ],
                    [
                        73.928087,
                        15.360176
                    ],
                    [
                        73.927611,
                        15.360832
                    ],
                    [
                        73.92755,
                        15.360858
                    ],
                    [
                        73.927508,
                        15.36091
                    ],
                    [
                        73.927278,
                        15.361145
                    ],
                    [
                        73.927174,
                        15.361235
                    ],
                    [
                        73.926833,
                        15.361499
                    ],
                    [
                        73.926545,
                        15.361725
                    ],
                    [
                        73.926204,
                        15.362048
                    ],
                    [
                        73.926099,
                        15.362202
                    ],
                    [
                        73.925956,
                        15.362485
                    ],
                    [
                        73.92591,
                        15.362714
                    ],
                    [
                        73.925911,
                        15.363003
                    ],
                    [
                        73.925936,
                        15.363457
                    ],
                    [
                        73.925941,
                        15.363544
                    ],
                    [
                        73.925983,
                        15.364085
                    ],
                    [
                        73.926037,
                        15.364729
                    ],
                    [
                        73.926189,
                        15.366462
                    ],
                    [
                        73.926334,
                        15.367796
                    ],
                    [
                        73.926597,
                        15.368811
                    ],
                    [
                        73.926681,
                        15.369249
                    ],
                    [
                        73.926698,
                        15.369437
                    ],
                    [
                        73.9267,
                        15.369811
                    ],
                    [
                        73.926676,
                        15.371121
                    ],
                    [
                        73.926671,
                        15.371216
                    ],
                    [
                        73.926648,
                        15.372228
                    ],
                    [
                        73.926625,
                        15.372603
                    ],
                    [
                        73.926545,
                        15.373134
                    ],
                    [
                        73.926448,
                        15.373493
                    ],
                    [
                        73.926238,
                        15.374268
                    ],
                    [
                        73.926043,
                        15.374952
                    ],
                    [
                        73.92584,
                        15.375659
                    ],
                    [
                        73.925758,
                        15.376011
                    ],
                    [
                        73.925212,
                        15.376045
                    ],
                    [
                        73.924556,
                        15.3761
                    ],
                    [
                        73.921721,
                        15.376407
                    ],
                    [
                        73.921272,
                        15.376475
                    ],
                    [
                        73.920822,
                        15.376561
                    ],
                    [
                        73.92049,
                        15.376663
                    ],
                    [
                        73.918487,
                        15.377712
                    ],
                    [
                        73.91833,
                        15.377776
                    ],
                    [
                        73.917939,
                        15.377929
                    ],
                    [
                        73.917407,
                        15.378079
                    ],
                    [
                        73.916877,
                        15.378193
                    ],
                    [
                        73.916199,
                        15.378275
                    ],
                    [
                        73.915649,
                        15.378308
                    ],
                    [
                        73.91511,
                        15.37831
                    ],
                    [
                        73.912813,
                        15.378137
                    ],
                    [
                        73.912008,
                        15.378087
                    ],
                    [
                        73.91145,
                        15.378033
                    ],
                    [
                        73.911077,
                        15.377966
                    ],
                    [
                        73.910707,
                        15.377875
                    ],
                    [
                        73.910082,
                        15.37768
                    ],
                    [
                        73.90925,
                        15.377388
                    ],
                    [
                        73.9067,
                        15.376444
                    ],
                    [
                        73.905166,
                        15.375852
                    ],
                    [
                        73.902536,
                        15.375018
                    ],
                    [
                        73.900008,
                        15.373951
                    ],
                    [
                        73.899887,
                        15.3739
                    ],
                    [
                        73.899711,
                        15.373826
                    ],
                    [
                        73.898744,
                        15.373418
                    ],
                    [
                        73.898646,
                        15.373378
                    ],
                    [
                        73.897987,
                        15.373111
                    ],
                    [
                        73.896633,
                        15.372619
                    ],
                    [
                        73.89598,
                        15.372388
                    ],
                    [
                        73.8958,
                        15.372324
                    ],
                    [
                        73.895404,
                        15.372227
                    ],
                    [
                        73.894988,
                        15.372151
                    ],
                    [
                        73.894677,
                        15.372118
                    ],
                    [
                        73.894282,
                        15.37211
                    ],
                    [
                        73.893956,
                        15.372128
                    ],
                    [
                        73.893616,
                        15.372171
                    ],
                    [
                        73.892126,
                        15.372458
                    ],
                    [
                        73.892025,
                        15.372479
                    ],
                    [
                        73.891751,
                        15.372537
                    ],
                    [
                        73.89094,
                        15.372701
                    ],
                    [
                        73.890149,
                        15.372903
                    ],
                    [
                        73.888441,
                        15.373455
                    ],
                    [
                        73.887947,
                        15.373644
                    ],
                    [
                        73.887877,
                        15.373466
                    ],
                    [
                        73.887497,
                        15.373574
                    ],
                    [
                        73.886972,
                        15.373739
                    ],
                    [
                        73.884741,
                        15.374412
                    ],
                    [
                        73.884408,
                        15.374538
                    ],
                    [
                        73.88414,
                        15.374645
                    ],
                    [
                        73.883818,
                        15.374782
                    ],
                    [
                        73.883658,
                        15.374875
                    ],
                    [
                        73.883318,
                        15.375106
                    ],
                    [
                        73.883245,
                        15.375155
                    ],
                    [
                        73.882112,
                        15.375923
                    ],
                    [
                        73.881607,
                        15.376286
                    ],
                    [
                        73.881429,
                        15.376414
                    ],
                    [
                        73.880717,
                        15.376926
                    ],
                    [
                        73.879918,
                        15.377938
                    ],
                    [
                        73.878786,
                        15.379378
                    ],
                    [
                        73.878539,
                        15.379493
                    ],
                    [
                        73.876957,
                        15.379962
                    ],
                    [
                        73.874901,
                        15.380588
                    ],
                    [
                        73.874149,
                        15.380817
                    ],
                    [
                        73.873663,
                        15.380977
                    ],
                    [
                        73.87222,
                        15.3814
                    ],
                    [
                        73.871749,
                        15.381592
                    ],
                    [
                        73.871233,
                        15.381923
                    ],
                    [
                        73.870514,
                        15.382802
                    ],
                    [
                        73.869924,
                        15.383402
                    ],
                    [
                        73.869619,
                        15.38359
                    ],
                    [
                        73.868608,
                        15.384212
                    ],
                    [
                        73.867763,
                        15.384732
                    ],
                    [
                        73.86758,
                        15.384845
                    ],
                    [
                        73.86709,
                        15.385147
                    ],
                    [
                        73.866244,
                        15.385667
                    ],
                    [
                        73.865268,
                        15.386371
                    ],
                    [
                        73.864262,
                        15.387071
                    ],
                    [
                        73.864176,
                        15.387148
                    ],
                    [
                        73.864112,
                        15.387239
                    ],
                    [
                        73.864094,
                        15.387293
                    ],
                    [
                        73.863659,
                        15.387359
                    ],
                    [
                        73.863063,
                        15.387423
                    ],
                    [
                        73.859088,
                        15.387711
                    ],
                    [
                        73.857994,
                        15.387804
                    ],
                    [
                        73.857717,
                        15.387852
                    ],
                    [
                        73.857381,
                        15.387957
                    ],
                    [
                        73.857111,
                        15.388096
                    ],
                    [
                        73.856864,
                        15.388265
                    ],
                    [
                        73.856378,
                        15.388693
                    ],
                    [
                        73.855145,
                        15.389877
                    ],
                    [
                        73.85495,
                        15.390007
                    ],
                    [
                        73.854723,
                        15.390084
                    ],
                    [
                        73.85459,
                        15.390092
                    ],
                    [
                        73.854531,
                        15.390081
                    ],
                    [
                        73.854497,
                        15.390102
                    ],
                    [
                        73.853866,
                        15.39014
                    ],
                    [
                        73.853189,
                        15.390123
                    ],
                    [
                        73.852945,
                        15.390131
                    ],
                    [
                        73.852753,
                        15.390158
                    ],
                    [
                        73.852542,
                        15.390212
                    ],
                    [
                        73.852314,
                        15.390296
                    ],
                    [
                        73.852187,
                        15.390345
                    ],
                    [
                        73.85192,
                        15.39048
                    ],
                    [
                        73.851407,
                        15.390769
                    ],
                    [
                        73.851079,
                        15.390924
                    ],
                    [
                        73.850922,
                        15.390982
                    ],
                    [
                        73.850744,
                        15.391021
                    ],
                    [
                        73.850513,
                        15.391064
                    ],
                    [
                        73.850321,
                        15.391081
                    ],
                    [
                        73.850136,
                        15.391075
                    ],
                    [
                        73.849707,
                        15.391
                    ],
                    [
                        73.849541,
                        15.390938
                    ],
                    [
                        73.849354,
                        15.390848
                    ],
                    [
                        73.849201,
                        15.390739
                    ],
                    [
                        73.848996,
                        15.390564
                    ],
                    [
                        73.848931,
                        15.390484
                    ],
                    [
                        73.848662,
                        15.390131
                    ],
                    [
                        73.848344,
                        15.389664
                    ],
                    [
                        73.84807,
                        15.389247
                    ],
                    [
                        73.847844,
                        15.388905
                    ],
                    [
                        73.847691,
                        15.388684
                    ],
                    [
                        73.847694,
                        15.388671
                    ],
                    [
                        73.847689,
                        15.38864
                    ],
                    [
                        73.847655,
                        15.388605
                    ],
                    [
                        73.847618,
                        15.388597
                    ],
                    [
                        73.847501,
                        15.388415
                    ],
                    [
                        73.847276,
                        15.388066
                    ],
                    [
                        73.846909,
                        15.387545
                    ],
                    [
                        73.846776,
                        15.387369
                    ],
                    [
                        73.846511,
                        15.387088
                    ],
                    [
                        73.846279,
                        15.386902
                    ],
                    [
                        73.846002,
                        15.386708
                    ],
                    [
                        73.845748,
                        15.386565
                    ],
                    [
                        73.845436,
                        15.386428
                    ],
                    [
                        73.84507,
                        15.38631
                    ],
                    [
                        73.844699,
                        15.38623
                    ],
                    [
                        73.844204,
                        15.386166
                    ],
                    [
                        73.842218,
                        15.385962
                    ],
                    [
                        73.841891,
                        15.385941
                    ],
                    [
                        73.842029,
                        15.385165
                    ],
                    [
                        73.842015,
                        15.385079
                    ],
                    [
                        73.842078,
                        15.385055
                    ],
                    [
                        73.842405,
                        15.385297
                    ],
                    [
                        73.84255,
                        15.385354
                    ],
                    [
                        73.842892,
                        15.385443
                    ],
                    [
                        73.84312,
                        15.385487
                    ],
                    [
                        73.843489,
                        15.385523
                    ],
                    [
                        73.844904,
                        15.38558
                    ],
                    [
                        73.845082,
                        15.385603
                    ],
                    [
                        73.846426,
                        15.385981
                    ],
                    [
                        73.847526,
                        15.386251
                    ],
                    [
                        73.847708,
                        15.386281
                    ],
                    [
                        73.847818,
                        15.386298
                    ],
                    [
                        73.847932,
                        15.386293
                    ],
                    [
                        73.848052,
                        15.386263
                    ],
                    [
                        73.848194,
                        15.386186
                    ],
                    [
                        73.84865,
                        15.385894
                    ],
                    [
                        73.849257,
                        15.385532
                    ],
                    [
                        73.84988,
                        15.385187
                    ],
                    [
                        73.850366,
                        15.384834
                    ],
                    [
                        73.850585,
                        15.384593
                    ],
                    [
                        73.850807,
                        15.384073
                    ],
                    [
                        73.850918,
                        15.383658
                    ],
                    [
                        73.850915,
                        15.383153
                    ],
                    [
                        73.850878,
                        15.382977
                    ],
                    [
                        73.850662,
                        15.38274
                    ],
                    [
                        73.849659,
                        15.381965
                    ],
                    [
                        73.848773,
                        15.381263
                    ],
                    [
                        73.848512,
                        15.381118
                    ],
                    [
                        73.848311,
                        15.381079
                    ],
                    [
                        73.847809,
                        15.381094
                    ],
                    [
                        73.844904,
                        15.381263
                    ],
                    [
                        73.843607,
                        15.38138
                    ],
                    [
                        73.843488,
                        15.381379
                    ],
                    [
                        73.843255,
                        15.381373
                    ],
                    [
                        73.842638,
                        15.381314
                    ],
                    [
                        73.842678,
                        15.380899
                    ],
                    [
                        73.842669,
                        15.38076
                    ],
                    [
                        73.842615,
                        15.380425
                    ],
                    [
                        73.842503,
                        15.380153
                    ],
                    [
                        73.842353,
                        15.379888
                    ],
                    [
                        73.842072,
                        15.379565
                    ],
                    [
                        73.841887,
                        15.3794
                    ],
                    [
                        73.84157,
                        15.379239
                    ],
                    [
                        73.841357,
                        15.379165
                    ],
                    [
                        73.840995,
                        15.379077
                    ],
                    [
                        73.837973,
                        15.378501
                    ],
                    [
                        73.837433,
                        15.378396
                    ],
                    [
                        73.836889,
                        15.378296
                    ],
                    [
                        73.836826,
                        15.378607
                    ],
                    [
                        73.836694,
                        15.37926
                    ],
                    [
                        73.836558,
                        15.379929
                    ],
                    [
                        73.836369,
                        15.380971
                    ]
                ],
                "type": "LineString"
            }
        }
    ],
    "metadata": {
        "attribution": "openrouteservice.org | OpenStreetMap contributors",
        "service": "routing",
        "timestamp": 1756625238028,
        "query": {
            "coordinates": [
                [
                    74.318296,
                    14.519395
                ],
                [
                    73.834478,
                    15.380709
                ]
            ],
            "profile": "driving-car",
            "profileName": "driving-car",
            "format": "geojson"
        },
        "engine": {
            "version": "9.3.0",
            "build_date": "2025-06-06T15:39:25Z",
            "graph_date": "2025-08-24T11:22:16Z",
            "osm_date": "2025-08-18T00:00:00Z"
        }
    }
}