{
    "type": "FeatureCollection",
    "bbox": [
        -77.006362,
        38.895336,
        -73.970825,
        40.732056
    ],
    "features": [
        {
            "bbox": [
                -77.006362,
                38.895336,
                -73.970825,
                40.732056
            ],
            "type": "Feature",
            "properties": {
                "segments": [
                    {
                        "distance": 376503.6,
                        "duration": 16698.2,
                        "steps": [
                            {
                                "distance": 233.4,
                                "duration": 56.0,
                                "type": 11,
                                "instruction": "Head north on Carlton Avenue",
                                "name": "Carlton Avenue",
                                "way_points": [
                                    0,
                                    5
                                ]
                            },
                            {
                                "distance": 925.1,
                                "duration": 123.6,
                                "type": 0,
                                "instruction": "Turn left onto Fulton Street",
                                "name": "Fulton Street",
                                "way_points": [
                                    5,
                                    20
                                ]
                            },
                            {
                                "distance": 1035.6,
                                "duration": 154.8,
                                "type": 5,
                                "instruction": "Turn slight right onto Flatbush Avenue",
                                "name": "Flatbush Avenue",
                                "way_points": [
                                    20,
                                    36
                                ]
                            },
                            {
                                "distance": 3286.5,
                                "duration": 367.6,
                                "type": 12,
                                "instruction": "Keep left onto Manhattan Bridge lower level",
                                "name": "Manhattan Bridge lower level",
                                "way_points": [
                                    36,
                                    66
                                ]
                            },
                            {
                                "distance": 201.8,
                                "duration": 26.0,
                                "type": 13,
                                "instruction": "Keep right onto 6th Avenue",
                                "name": "6th Avenue",
                                "way_points": [
                                    66,
                                    70
                                ]
                            },
                            {
                                "distance": 112.6,
                                "duration": 13.5,
                                "type": 0,
                                "instruction": "Turn left onto Watts Street",
                                "name": "Watts Street",
                                "way_points": [
                                    70,
                                    73
                                ]
                            },
                            {
                                "distance": 3620.8,
                                "duration": 326.5,
                                "type": 6,
                                "instruction": "Continue straight",
                                "name": "-",
                                "way_points": [
                                    73,
                                    124
                                ]
                            },
                            {
                                "distance": 12760.7,
                                "duration": 459.4,
                                "type": 13,
                                "instruction": "Keep right onto New Jersey Turnpike Newark Bay Extension, I 78, NJTP",
                                "name": "New Jersey Turnpike Newark Bay Extension, I 78, NJTP",
                                "way_points": [
                                    124,
                                    251
                                ]
                            },
                            {
                                "distance": 1007.0,
                                "duration": 72.9,
                                "type": 13,
                                "instruction": "Keep right",
                                "name": "-",
                                "way_points": [
                                    251,
                                    270
                                ]
                            },
                            {
                                "distance": 84934.8,
                                "duration": 3213.8,
                                "type": 12,
                                "instruction": "Keep left",
                                "name": "-",
                                "way_points": [
                                    270,
                                    616
                                ]
                            },
                            {
                                "distance": 78553.6,
                                "duration": 2976.7,
                                "type": 12,
                                "instruction": "Keep left onto New Jersey Turnpike, NJTP",
                                "name": "New Jersey Turnpike, NJTP",
                                "way_points": [
                                    616,
                                    883
                                ]
                            },
                            {
                                "distance": 29048.3,
                                "duration": 1484.4,
                                "type": 12,
                                "instruction": "Keep left",
                                "name": "-",
                                "way_points": [
                                    883,
                                    1087
                                ]
                            },
                            {
                                "distance": 70023.0,
                                "duration": 2653.5,
                                "type": 12,
                                "instruction": "Keep left onto Delaware Turnpike, I 95",
                                "name": "Delaware Turnpike, I 95",
                                "way_points": [
                                    1087,
                                    1539
                                ]
                            },
                            {
                                "distance": 10382.7,
                                "duration": 438.6,
                                "type": 12,
                                "instruction": "Keep left onto Express Toll Lanes",
                                "name": "Express Toll Lanes",
                                "way_points": [
                                    1539,
                                    1597
                                ]
                            },
                            {
                                "distance": 8229.9,
                                "duration": 536.1,
                                "type": 13,
                                "instruction": "Keep right onto Express Toll Lanes",
                                "name": "Express Toll Lanes",
                                "way_points": [
                                    1597,
                                    1682
                                ]
                            },
                            {
                                "distance": 54187.4,
                                "duration": 2498.7,
                                "type": 12,
                                "instruction": "Keep left onto I 95",
                                "name": "I 95",
                                "way_points": [
                                    1682,
                                    2120
                                ]
                            },
                            {
                                "distance": 9005.0,
                                "duration": 555.5,
                                "type": 13,
                                "instruction": "Keep right",
                                "name": "-",
                                "way_points": [
                                    2120,
                                    2236
                                ]
                            },
                            {
                                "distance": 3934.2,
                                "duration": 186.2,
                                "type": 13,
                                "instruction": "Keep right onto Baltimore-Washington Parkway, MD 295",
                                "name": "Baltimore-Washington Parkway, MD 295",
                                "way_points": [
                                    2236,
                                    2284
                                ]
                            },
                            {
                                "distance": 1268.5,
                                "duration": 120.8,
                                "type": 12,
                                "instruction": "Keep left onto Bladensburg Road Northeast, US 1 ALT",
                                "name": "Bladensburg Road Northeast, US 1 ALT",
                                "way_points": [
                                    2284,
                                    2304
                                ]
                            },
                            {
                                "distance": 699.3,
                                "duration": 83.8,
                                "type": 1,
                                "instruction": "Turn right onto Mount Olivet Road Northeast",
                                "name": "Mount Olivet Road Northeast",
                                "way_points": [
                                    2304,
                                    2323
                                ]
                            },
                            {
                                "distance": 1172.5,
                                "duration": 130.6,
                                "type": 0,
                                "instruction": "Turn left onto West Virginia Avenue Northeast",
                                "name": "West Virginia Avenue Northeast",
                                "way_points": [
                                    2323,
                                    2350
                                ]
                            },
                            {
                                "distance": 607.7,
                                "duration": 58.5,
                                "type": 0,
                                "instruction": "Turn left onto 8th Street Northeast",
                                "name": "8th Street Northeast",
                                "way_points": [
                                    2350,
                                    2363
                                ]
                            },
                            {
                                "distance": 739.4,
                                "duration": 59.1,
                                "type": 1,
                                "instruction": "Turn right onto F Street Northeast",
                                "name": "F Street Northeast",
                                "way_points": [
                                    2363,
                                    2371
                                ]
                            },
                            {
                                "distance": 188.6,
                                "duration": 32.9,
                                "type": 0,
                                "instruction": "Turn left onto 2nd Street Northeast",
                                "name": "2nd Street Northeast",
                                "way_points": [
                                    2371,
                                    2378
                                ]
                            },
                            {
                                "distance": 48.4,
                                "duration": 8.7,
                                "type": 13,
                                "instruction": "Keep right",
                                "name": "-",
                                "way_points": [
                                    2378,
                                    2383
                                ]
                            },
                            {
                                "distance": 144.8,
                                "duration": 20.2,
                                "type": 5,
                                "instruction": "Turn slight right onto Massachusetts Avenue Northeast",
                                "name": "Massachusetts Avenue Northeast",
                                "way_points": [
                                    2383,
                                    2386
                                ]
                            },
                            {
                                "distance": 82.0,
                                "duration": 24.5,
                                "type": 13,
                                "instruction": "Keep right onto Columbus Circle Northeast",
                                "name": "Columbus Circle Northeast",
                                "way_points": [
                                    2386,
                                    2391
                                ]
                            },
                            {
                                "distance": 70.1,
                                "duration": 15.2,
                                "type": 12,
                                "instruction": "Keep left onto Union Station Drive Northeast",
                                "name": "Union Station Drive Northeast",
                                "way_points": [
                                    2391,
                                    2394
                                ]
                            },
                            {
                                "distance": 0.0,
                                "duration": 0.0,
                                "type": 10,
                                "instruction": "Arrive at Union Station Drive Northeast, on the right",
                                "name": "-",
                                "way_points": [
                                    2394,
                                    2394
                                ]
                            }
                        ]
                    }
                ],
                "way_points": [
                    0,
                    2394
                ],
                "summary": {
                    "distance": 376503.6,
                    "duration": 16698.2
                }
            },
            "geometry": {
                "coordinates": [
                    [
                        -73.970825,
                        40.682947
                    ],
                    [
                        -73.970832,
                        40.682981
                    ],
                    [
                        -73.9709,
                        40.683329
                    ],
                    [
                        -73.970915,
                        40.683407
                    ],
                    [
                        -73.971095,
                        40.684324
                    ],
                    [
                        -73.971234,
                        40.685023
                    ],
                    [
                        -73.972284,
                        40.685444
                    ],
                    [
                        -73.973084,
                        40.685764
                    ],
                    [
                        -73.973373,
                        40.685879
                    ],
                    [
                        -73.974446,
                        40.686309
                    ],
                    [
                        -73.974714,
                        40.686416
                    ],
                    [
                        -73.975499,
                        40.68673
                    ],
                    [
                        -73.976231,
                        40.687025
                    ],
                    [
                        -73.976617,
                        40.687181
                    ],
                    [
                        -73.977494,
                        40.687535
                    ],
                    [
                        -73.977752,
                        40.687636
                    ],
                    [
                        -73.978347,
                        40.687868
                    ],
                    [
                        -73.979289,
                        40.688249
                    ],
                    [
                        -73.980297,
                        40.688652
                    ],
                    [
                        -73.980392,
                        40.688689
                    ],
                    [
                        -73.980939,
                        40.688903
                    ],
                    [
                        -73.980971,
                        40.688949
                    ],
                    [
                        -73.980969,
                        40.689117
                    ],
                    [
                        -73.98138,
                        40.689925
                    ],
                    [
                        -73.982077,
                        40.691334
                    ],
                    [
                        -73.982438,
                        40.692054
                    ],
                    [
                        -73.98319,
                        40.69358
                    ],
                    [
                        -73.983242,
                        40.693687
                    ],
                    [
                        -73.98338,
                        40.69396
                    ],
                    [
                        -73.9838,
                        40.694833
                    ],
                    [
                        -73.98385,
                        40.69493
                    ],
                    [
                        -73.984067,
                        40.695352
                    ],
                    [
                        -73.98416,
                        40.695537
                    ],
                    [
                        -73.984383,
                        40.695963
                    ],
                    [
                        -73.98447,
                        40.696123
                    ],
                    [
                        -73.985008,
                        40.697215
                    ],
                    [
                        -73.985202,
                        40.697625
                    ],
                    [
                        -73.985289,
                        40.697748
                    ],
                    [
                        -73.985466,
                        40.698056
                    ],
                    [
                        -73.985593,
                        40.698248
                    ],
                    [
                        -73.986429,
                        40.699751
                    ],
                    [
                        -73.994587,
                        40.714368
                    ],
                    [
                        -73.995091,
                        40.715264
                    ],
                    [
                        -73.995129,
                        40.715333
                    ],
                    [
                        -73.995252,
                        40.715539
                    ],
                    [
                        -73.99557,
                        40.715983
                    ],
                    [
                        -73.99576,
                        40.71613
                    ],
                    [
                        -73.996059,
                        40.716269
                    ],
                    [
                        -73.99683,
                        40.716544
                    ],
                    [
                        -73.996987,
                        40.71655
                    ],
                    [
                        -73.99739,
                        40.716696
                    ],
                    [
                        -73.997766,
                        40.716831
                    ],
                    [
                        -73.99859,
                        40.717118
                    ],
                    [
                        -73.998792,
                        40.717197
                    ],
                    [
                        -73.9989,
                        40.717261
                    ],
                    [
                        -73.999309,
                        40.717554
                    ],
                    [
                        -73.999953,
                        40.718019
                    ],
                    [
                        -74.000552,
                        40.718449
                    ],
                    [
                        -74.001268,
                        40.718964
                    ],
                    [
                        -74.001881,
                        40.719402
                    ],
                    [
                        -74.002596,
                        40.719923
                    ],
                    [
                        -74.003297,
                        40.720426
                    ],
                    [
                        -74.003471,
                        40.720548
                    ],
                    [
                        -74.003927,
                        40.720875
                    ],
                    [
                        -74.004619,
                        40.721367
                    ],
                    [
                        -74.005075,
                        40.721685
                    ],
                    [
                        -74.005355,
                        40.721882
                    ],
                    [
                        -74.005386,
                        40.722075
                    ],
                    [
                        -74.005341,
                        40.722276
                    ],
                    [
                        -74.005062,
                        40.723002
                    ],
                    [
                        -74.004795,
                        40.723631
                    ],
                    [
                        -74.004936,
                        40.723656
                    ],
                    [
                        -74.005967,
                        40.723761
                    ],
                    [
                        -74.006113,
                        40.723791
                    ],
                    [
                        -74.006417,
                        40.72389
                    ],
                    [
                        -74.006655,
                        40.724012
                    ],
                    [
                        -74.006777,
                        40.724099
                    ],
                    [
                        -74.006922,
                        40.724249
                    ],
                    [
                        -74.006975,
                        40.724336
                    ],
                    [
                        -74.007026,
                        40.724499
                    ],
                    [
                        -74.006965,
                        40.72501
                    ],
                    [
                        -74.00698,
                        40.725118
                    ],
                    [
                        -74.007059,
                        40.72527
                    ],
                    [
                        -74.007215,
                        40.725502
                    ],
                    [
                        -74.007338,
                        40.725621
                    ],
                    [
                        -74.00745,
                        40.725698
                    ],
                    [
                        -74.007598,
                        40.725773
                    ],
                    [
                        -74.007764,
                        40.725829
                    ],
                    [
                        -74.008094,
                        40.725905
                    ],
                    [
                        -74.015461,
                        40.726634
                    ],
                    [
                        -74.021307,
                        40.727637
                    ],
                    [
                        -74.026304,
                        40.728443
                    ],
                    [
                        -74.031669,
                        40.728913
                    ],
                    [
                        -74.032049,
                        40.728959
                    ],
                    [
                        -74.034202,
                        40.729448
                    ],
                    [
                        -74.034608,
                        40.729559
                    ],
                    [
                        -74.034915,
                        40.729688
                    ],
                    [
                        -74.035352,
                        40.729926
                    ],
                    [
                        -74.036333,
                        40.730565
                    ],
                    [
                        -74.036688,
                        40.730848
                    ],
                    [
                        -74.036984,
                        40.731033
                    ],
                    [
                        -74.037648,
                        40.731352
                    ],
                    [
                        -74.037792,
                        40.731388
                    ],
                    [
                        -74.038057,
                        40.731411
                    ],
                    [
                        -74.039092,
                        40.731503
                    ],
                    [
                        -74.039438,
                        40.731545
                    ],
                    [
                        -74.039725,
                        40.731571
                    ],
                    [
                        -74.03995,
                        40.731592
                    ],
                    [
                        -74.040143,
                        40.73161
                    ],
                    [
                        -74.040619,
                        40.731654
                    ],
                    [
                        -74.040731,
                        40.731664
                    ],
                    [
                        -74.040843,
                        40.731675
                    ],
                    [
                        -74.041099,
                        40.731698
                    ],
                    [
                        -74.041374,
                        40.731724
                    ],
                    [
                        -74.041633,
                        40.731747
                    ],
                    [
                        -74.041696,
                        40.731753
                    ],
                    [
                        -74.041862,
                        40.731768
                    ],
                    [
                        -74.042436,
                        40.731821
                    ],
                    [
                        -74.042754,
                        40.731849
                    ],
                    [
                        -74.042914,
                        40.731864
                    ],
                    [
                        -74.043304,
                        40.731896
                    ],
                    [
                        -74.04441,
                        40.731998
                    ],
                    [
                        -74.045042,
                        40.732033
                    ],
                    [
                        -74.045577,
                        40.732006
                    ],
                    [
                        -74.045876,
                        40.731972
                    ],
                    [
                        -74.047347,
                        40.731959
                    ],
                    [
                        -74.048899,
                        40.732048
                    ],
                    [
                        -74.049306,
                        40.732056
                    ],
                    [
                        -74.049583,
                        40.732038
                    ],
                    [
                        -74.049847,
                        40.732
                    ],
                    [
                        -74.050186,
                        40.731921
                    ],
                    [
                        -74.050455,
                        40.731824
                    ],
                    [
                        -74.050632,
                        40.731736
                    ],
                    [
                        -74.050794,
                        40.731626
                    ],
                    [
                        -74.050967,
                        40.731481
                    ],
                    [
                        -74.051273,
                        40.731131
                    ],
                    [
                        -74.0517,
                        40.730477
                    ],
                    [
                        -74.05211,
                        40.72967
                    ],
                    [
                        -74.05238,
                        40.729001
                    ],
                    [
                        -74.055741,
                        40.719403
                    ],
                    [
                        -74.055825,
                        40.719125
                    ],
                    [
                        -74.055952,
                        40.718575
                    ],
                    [
                        -74.056035,
                        40.718032
                    ],
                    [
                        -74.056073,
                        40.717561
                    ],
                    [
                        -74.05606,
                        40.717171
                    ],
                    [
                        -74.055983,
                        40.716671
                    ],
                    [
                        -74.05591,
                        40.716388
                    ],
                    [
                        -74.055763,
                        40.715971
                    ],
                    [
                        -74.055658,
                        40.71575
                    ],
                    [
                        -74.055177,
                        40.714883
                    ],
                    [
                        -74.054682,
                        40.714003
                    ],
                    [
                        -74.05449,
                        40.713614
                    ],
                    [
                        -74.05435,
                        40.713219
                    ],
                    [
                        -74.054273,
                        40.712812
                    ],
                    [
                        -74.054266,
                        40.712396
                    ],
                    [
                        -74.054343,
                        40.711854
                    ],
                    [
                        -74.054495,
                        40.711319
                    ],
                    [
                        -74.054725,
                        40.710798
                    ],
                    [
                        -74.054948,
                        40.710434
                    ],
                    [
                        -74.055242,
                        40.710073
                    ],
                    [
                        -74.055614,
                        40.709725
                    ],
                    [
                        -74.055995,
                        40.709442
                    ],
                    [
                        -74.056274,
                        40.709271
                    ],
                    [
                        -74.056784,
                        40.708997
                    ],
                    [
                        -74.059014,
                        40.707879
                    ],
                    [
                        -74.060472,
                        40.707145
                    ],
                    [
                        -74.061544,
                        40.706654
                    ],
                    [
                        -74.061988,
                        40.706425
                    ],
                    [
                        -74.062081,
                        40.706377
                    ],
                    [
                        -74.06244,
                        40.70619
                    ],
                    [
                        -74.063074,
                        40.705834
                    ],
                    [
                        -74.063833,
                        40.70536
                    ],
                    [
                        -74.064453,
                        40.704919
                    ],
                    [
                        -74.064774,
                        40.704658
                    ],
                    [
                        -74.06507,
                        40.704382
                    ],
                    [
                        -74.065361,
                        40.704112
                    ],
                    [
                        -74.065914,
                        40.703553
                    ],
                    [
                        -74.06646,
                        40.702995
                    ],
                    [
                        -74.066782,
                        40.702669
                    ],
                    [
                        -74.067224,
                        40.70222
                    ],
                    [
                        -74.067665,
                        40.701805
                    ],
                    [
                        -74.068139,
                        40.701405
                    ],
                    [
                        -74.068608,
                        40.701051
                    ],
                    [
                        -74.068963,
                        40.700804
                    ],
                    [
                        -74.069379,
                        40.700543
                    ],
                    [
                        -74.070135,
                        40.700118
                    ],
                    [
                        -74.070924,
                        40.699738
                    ],
                    [
                        -74.071228,
                        40.699606
                    ],
                    [
                        -74.071854,
                        40.699366
                    ],
                    [
                        -74.072496,
                        40.699151
                    ],
                    [
                        -74.073969,
                        40.698715
                    ],
                    [
                        -74.074952,
                        40.698425
                    ],
                    [
                        -74.075597,
                        40.698211
                    ],
                    [
                        -74.076381,
                        40.69791
                    ],
                    [
                        -74.076991,
                        40.697646
                    ],
                    [
                        -74.077438,
                        40.69743
                    ],
                    [
                        -74.078152,
                        40.697047
                    ],
                    [
                        -74.078702,
                        40.696718
                    ],
                    [
                        -74.079359,
                        40.69628
                    ],
                    [
                        -74.079993,
                        40.695802
                    ],
                    [
                        -74.080465,
                        40.695404
                    ],
                    [
                        -74.081927,
                        40.693987
                    ],
                    [
                        -74.082354,
                        40.693565
                    ],
                    [
                        -74.086085,
                        40.689879
                    ],
                    [
                        -74.086468,
                        40.689518
                    ],
                    [
                        -74.086763,
                        40.689258
                    ],
                    [
                        -74.087574,
                        40.68862
                    ],
                    [
                        -74.087939,
                        40.688364
                    ],
                    [
                        -74.08837,
                        40.688086
                    ],
                    [
                        -74.089115,
                        40.687656
                    ],
                    [
                        -74.090101,
                        40.687164
                    ],
                    [
                        -74.091112,
                        40.686742
                    ],
                    [
                        -74.091914,
                        40.686463
                    ],
                    [
                        -74.092343,
                        40.686337
                    ],
                    [
                        -74.093225,
                        40.686129
                    ],
                    [
                        -74.093997,
                        40.686012
                    ],
                    [
                        -74.094845,
                        40.685961
                    ],
                    [
                        -74.095242,
                        40.685962
                    ],
                    [
                        -74.095965,
                        40.686023
                    ],
                    [
                        -74.096374,
                        40.686086
                    ],
                    [
                        -74.096737,
                        40.686167
                    ],
                    [
                        -74.097161,
                        40.686277
                    ],
                    [
                        -74.097853,
                        40.686511
                    ],
                    [
                        -74.09814,
                        40.686641
                    ],
                    [
                        -74.098643,
                        40.686938
                    ],
                    [
                        -74.098853,
                        40.687082
                    ],
                    [
                        -74.09909,
                        40.687259
                    ],
                    [
                        -74.100578,
                        40.68848
                    ],
                    [
                        -74.100843,
                        40.688697
                    ],
                    [
                        -74.102085,
                        40.689713
                    ],
                    [
                        -74.102654,
                        40.690128
                    ],
                    [
                        -74.10295,
                        40.690315
                    ],
                    [
                        -74.103493,
                        40.690618
                    ],
                    [
                        -74.10401,
                        40.69087
                    ],
                    [
                        -74.104676,
                        40.691151
                    ],
                    [
                        -74.10542,
                        40.69141
                    ],
                    [
                        -74.123633,
                        40.696969
                    ],
                    [
                        -74.130411,
                        40.698987
                    ],
                    [
                        -74.138858,
                        40.701621
                    ],
                    [
                        -74.139856,
                        40.701958
                    ],
                    [
                        -74.142297,
                        40.702798
                    ],
                    [
                        -74.142953,
                        40.70304
                    ],
                    [
                        -74.143528,
                        40.703273
                    ],
                    [
                        -74.14416,
                        40.703566
                    ],
                    [
                        -74.14459,
                        40.703788
                    ],
                    [
                        -74.144766,
                        40.703841
                    ],
                    [
                        -74.144989,
                        40.703941
                    ],
                    [
                        -74.146777,
                        40.704818
                    ],
                    [
                        -74.147752,
                        40.705221
                    ],
                    [
                        -74.148729,
                        40.705583
                    ],
                    [
                        -74.152488,
                        40.706877
                    ],
                    [
                        -74.152579,
                        40.706904
                    ],
                    [
                        -74.152892,
                        40.707107
                    ],
                    [
                        -74.153021,
                        40.707222
                    ],
                    [
                        -74.153126,
                        40.707379
                    ],
                    [
                        -74.153145,
                        40.70743
                    ],
                    [
                        -74.153138,
                        40.707528
                    ],
                    [
                        -74.153058,
                        40.707669
                    ],
                    [
                        -74.152898,
                        40.707776
                    ],
                    [
                        -74.15271,
                        40.707823
                    ],
                    [
                        -74.152507,
                        40.70781
                    ],
                    [
                        -74.152328,
                        40.707733
                    ],
                    [
                        -74.152244,
                        40.707654
                    ],
                    [
                        -74.152174,
                        40.707508
                    ],
                    [
                        -74.15216,
                        40.707338
                    ],
                    [
                        -74.15218,
                        40.707219
                    ],
                    [
                        -74.152667,
                        40.706107
                    ],
                    [
                        -74.153009,
                        40.705388
                    ],
                    [
                        -74.153154,
                        40.70516
                    ],
                    [
                        -74.15471,
                        40.702312
                    ],
                    [
                        -74.15562,
                        40.700789
                    ],
                    [
                        -74.155777,
                        40.700512
                    ],
                    [
                        -74.156908,
                        40.698791
                    ],
                    [
                        -74.157377,
                        40.698079
                    ],
                    [
                        -74.157479,
                        40.69789
                    ],
                    [
                        -74.157541,
                        40.697723
                    ],
                    [
                        -74.157675,
                        40.697074
                    ],
                    [
                        -74.157739,
                        40.696902
                    ],
                    [
                        -74.157841,
                        40.696722
                    ],
                    [
                        -74.158921,
                        40.695226
                    ],
                    [
                        -74.160086,
                        40.693523
                    ],
                    [
                        -74.160439,
                        40.692903
                    ],
                    [
                        -74.162605,
                        40.689868
                    ],
                    [
                        -74.162811,
                        40.689571
                    ],
                    [
                        -74.16838,
                        40.681539
                    ],
                    [
                        -74.169084,
                        40.680494
                    ],
                    [
                        -74.171008,
                        40.677713
                    ],
                    [
                        -74.171646,
                        40.676805
                    ],
                    [
                        -74.172081,
                        40.676224
                    ],
                    [
                        -74.172609,
                        40.675575
                    ],
                    [
                        -74.173167,
                        40.67494
                    ],
                    [
                        -74.176805,
                        40.671086
                    ],
                    [
                        -74.177438,
                        40.670411
                    ],
                    [
                        -74.181336,
                        40.666251
                    ],
                    [
                        -74.182357,
                        40.665114
                    ],
                    [
                        -74.18313,
                        40.664176
                    ],
                    [
                        -74.18368,
                        40.66346
                    ],
                    [
                        -74.184206,
                        40.662739
                    ],
                    [
                        -74.185121,
                        40.661395
                    ],
                    [
                        -74.185268,
                        40.661181
                    ],
                    [
                        -74.185583,
                        40.66072
                    ],
                    [
                        -74.186317,
                        40.659633
                    ],
                    [
                        -74.187651,
                        40.657672
                    ],
                    [
                        -74.18789,
                        40.657353
                    ],
                    [
                        -74.188202,
                        40.656956
                    ],
                    [
                        -74.188451,
                        40.656684
                    ],
                    [
                        -74.188765,
                        40.656364
                    ],
                    [
                        -74.189066,
                        40.656081
                    ],
                    [
                        -74.18938,
                        40.655809
                    ],
                    [
                        -74.18972,
                        40.655532
                    ],
                    [
                        -74.190042,
                        40.655294
                    ],
                    [
                        -74.190797,
                        40.654795
                    ],
                    [
                        -74.191216,
                        40.654553
                    ],
                    [
                        -74.191535,
                        40.654379
                    ],
                    [
                        -74.192019,
                        40.654115
                    ],
                    [
                        -74.192383,
                        40.653916
                    ],
                    [
                        -74.192771,
                        40.653704
                    ],
                    [
                        -74.193157,
                        40.653493
                    ],
                    [
                        -74.193531,
                        40.653289
                    ],
                    [
                        -74.193921,
                        40.653076
                    ],
                    [
                        -74.194285,
                        40.652877
                    ],
                    [
                        -74.194679,
                        40.652662
                    ],
                    [
                        -74.195045,
                        40.652462
                    ],
                    [
                        -74.195451,
                        40.65224
                    ],
                    [
                        -74.195794,
                        40.652053
                    ],
                    [
                        -74.196268,
                        40.651794
                    ],
                    [
                        -74.196678,
                        40.65157
                    ],
                    [
                        -74.197121,
                        40.651328
                    ],
                    [
                        -74.198897,
                        40.650358
                    ],
                    [
                        -74.199274,
                        40.650145
                    ],
                    [
                        -74.200065,
                        40.649627
                    ],
                    [
                        -74.200424,
                        40.649358
                    ],
                    [
                        -74.20077,
                        40.649079
                    ],
                    [
                        -74.200998,
                        40.648892
                    ],
                    [
                        -74.201486,
                        40.648462
                    ],
                    [
                        -74.202114,
                        40.647811
                    ],
                    [
                        -74.202712,
                        40.647099
                    ],
                    [
                        -74.202962,
                        40.646761
                    ],
                    [
                        -74.203423,
                        40.646034
                    ],
                    [
                        -74.20386,
                        40.645218
                    ],
                    [
                        -74.204786,
                        40.64345
                    ],
                    [
                        -74.20514,
                        40.642821
                    ],
                    [
                        -74.210596,
                        40.633816
                    ],
                    [
                        -74.211184,
                        40.632863
                    ],
                    [
                        -74.212121,
                        40.631322
                    ],
                    [
                        -74.213564,
                        40.629026
                    ],
                    [
                        -74.213867,
                        40.62855
                    ],
                    [
                        -74.215543,
                        40.625869
                    ],
                    [
                        -74.221146,
                        40.61661
                    ],
                    [
                        -74.221206,
                        40.61651
                    ],
                    [
                        -74.22629,
                        40.608118
                    ],
                    [
                        -74.226538,
                        40.60771
                    ],
                    [
                        -74.228649,
                        40.604239
                    ],
                    [
                        -74.22937,
                        40.603123
                    ],
                    [
                        -74.231038,
                        40.60065
                    ],
                    [
                        -74.231627,
                        40.59971
                    ],
                    [
                        -74.232394,
                        40.598447
                    ],
                    [
                        -74.233622,
                        40.596422
                    ],
                    [
                        -74.234864,
                        40.594438
                    ],
                    [
                        -74.236855,
                        40.591311
                    ],
                    [
                        -74.238656,
                        40.58832
                    ],
                    [
                        -74.239521,
                        40.586934
                    ],
                    [
                        -74.242951,
                        40.581693
                    ],
                    [
                        -74.244322,
                        40.579806
                    ],
                    [
                        -74.24543,
                        40.578391
                    ],
                    [
                        -74.246181,
                        40.577484
                    ],
                    [
                        -74.24754,
                        40.57593
                    ],
                    [
                        -74.254049,
                        40.569008
                    ],
                    [
                        -74.254339,
                        40.568699
                    ],
                    [
                        -74.257406,
                        40.565446
                    ],
                    [
                        -74.258627,
                        40.564148
                    ],
                    [
                        -74.262207,
                        40.560328
                    ],
                    [
                        -74.262794,
                        40.559713
                    ],
                    [
                        -74.263846,
                        40.55868
                    ],
                    [
                        -74.264943,
                        40.557683
                    ],
                    [
                        -74.265538,
                        40.557172
                    ],
                    [
                        -74.266718,
                        40.556224
                    ],
                    [
                        -74.267161,
                        40.555888
                    ],
                    [
                        -74.267573,
                        40.555614
                    ],
                    [
                        -74.267729,
                        40.555501
                    ],
                    [
                        -74.268067,
                        40.555226
                    ],
                    [
                        -74.269787,
                        40.554066
                    ],
                    [
                        -74.272143,
                        40.552596
                    ],
                    [
                        -74.277325,
                        40.549408
                    ],
                    [
                        -74.277779,
                        40.54913
                    ],
                    [
                        -74.279266,
                        40.548298
                    ],
                    [
                        -74.279936,
                        40.547933
                    ],
                    [
                        -74.281151,
                        40.547319
                    ],
                    [
                        -74.282101,
                        40.546875
                    ],
                    [
                        -74.283767,
                        40.54616
                    ],
                    [
                        -74.285333,
                        40.545552
                    ],
                    [
                        -74.286116,
                        40.545275
                    ],
                    [
                        -74.287742,
                        40.544741
                    ],
                    [
                        -74.28857,
                        40.544492
                    ],
                    [
                        -74.289405,
                        40.54425
                    ],
                    [
                        -74.29107,
                        40.54382
                    ],
                    [
                        -74.292071,
                        40.543585
                    ],
                    [
                        -74.293833,
                        40.543225
                    ],
                    [
                        -74.295646,
                        40.542919
                    ],
                    [
                        -74.297892,
                        40.542587
                    ],
                    [
                        -74.29972,
                        40.542335
                    ],
                    [
                        -74.303399,
                        40.54181
                    ],
                    [
                        -74.308311,
                        40.541169
                    ],
                    [
                        -74.309646,
                        40.540969
                    ],
                    [
                        -74.311076,
                        40.540714
                    ],
                    [
                        -74.312489,
                        40.540413
                    ],
                    [
                        -74.313885,
                        40.54008
                    ],
                    [
                        -74.315172,
                        40.539733
                    ],
                    [
                        -74.317793,
                        40.538952
                    ],
                    [
                        -74.31951,
                        40.538384
                    ],
                    [
                        -74.320762,
                        40.537927
                    ],
                    [
                        -74.32268,
                        40.537144
                    ],
                    [
                        -74.32415,
                        40.536477
                    ],
                    [
                        -74.325647,
                        40.535734
                    ],
                    [
                        -74.327052,
                        40.534979
                    ],
                    [
                        -74.328415,
                        40.534172
                    ],
                    [
                        -74.32904,
                        40.533783
                    ],
                    [
                        -74.329616,
                        40.533416
                    ],
                    [
                        -74.330673,
                        40.532702
                    ],
                    [
                        -74.331032,
                        40.53246
                    ],
                    [
                        -74.333509,
                        40.53078
                    ],
                    [
                        -74.333909,
                        40.530503
                    ],
                    [
                        -74.335148,
                        40.529663
                    ],
                    [
                        -74.336355,
                        40.52888
                    ],
                    [
                        -74.337404,
                        40.528223
                    ],
                    [
                        -74.338326,
                        40.527673
                    ],
                    [
                        -74.339163,
                        40.527198
                    ],
                    [
                        -74.339928,
                        40.526798
                    ],
                    [
                        -74.341422,
                        40.526081
                    ],
                    [
                        -74.343275,
                        40.525288
                    ],
                    [
                        -74.345545,
                        40.524383
                    ],
                    [
                        -74.356572,
                        40.52013
                    ],
                    [
                        -74.356982,
                        40.519967
                    ],
                    [
                        -74.357832,
                        40.519612
                    ],
                    [
                        -74.359353,
                        40.518931
                    ],
                    [
                        -74.35978,
                        40.518727
                    ],
                    [
                        -74.361373,
                        40.517922
                    ],
                    [
                        -74.362792,
                        40.517133
                    ],
                    [
                        -74.36349,
                        40.516723
                    ],
                    [
                        -74.364839,
                        40.515875
                    ],
                    [
                        -74.366148,
                        40.514982
                    ],
                    [
                        -74.366781,
                        40.514523
                    ],
                    [
                        -74.367403,
                        40.514052
                    ],
                    [
                        -74.368602,
                        40.513082
                    ],
                    [
                        -74.369763,
                        40.512078
                    ],
                    [
                        -74.376986,
                        40.505631
                    ],
                    [
                        -74.377506,
                        40.505168
                    ],
                    [
                        -74.378763,
                        40.504047
                    ],
                    [
                        -74.387368,
                        40.496371
                    ],
                    [
                        -74.387724,
                        40.496053
                    ],
                    [
                        -74.392233,
                        40.49203
                    ],
                    [
                        -74.392609,
                        40.491694
                    ],
                    [
                        -74.395339,
                        40.489268
                    ],
                    [
                        -74.397231,
                        40.487577
                    ],
                    [
                        -74.398528,
                        40.486376
                    ],
                    [
                        -74.398886,
                        40.48602
                    ],
                    [
                        -74.39995,
                        40.484927
                    ],
                    [
                        -74.40076,
                        40.484026
                    ],
                    [
                        -74.401551,
                        40.483061
                    ],
                    [
                        -74.402313,
                        40.482073
                    ],
                    [
                        -74.403517,
                        40.480384
                    ],
                    [
                        -74.403862,
                        40.479904
                    ],
                    [
                        -74.406438,
                        40.476295
                    ],
                    [
                        -74.407387,
                        40.475077
                    ],
                    [
                        -74.40842,
                        40.473818
                    ],
                    [
                        -74.409509,
                        40.472362
                    ],
                    [
                        -74.409922,
                        40.471725
                    ],
                    [
                        -74.415479,
                        40.462738
                    ],
                    [
                        -74.415776,
                        40.462237
                    ],
                    [
                        -74.420141,
                        40.454856
                    ],
                    [
                        -74.420291,
                        40.454603
                    ],
                    [
                        -74.427549,
                        40.442306
                    ],
                    [
                        -74.428327,
                        40.441044
                    ],
                    [
                        -74.428735,
                        40.440428
                    ],
                    [
                        -74.429585,
                        40.439219
                    ],
                    [
                        -74.435443,
                        40.431206
                    ],
                    [
                        -74.439813,
                        40.425675
                    ],
                    [
                        -74.440631,
                        40.424672
                    ],
                    [
                        -74.442286,
                        40.4225
                    ],
                    [
                        -74.443538,
                        40.420731
                    ],
                    [
                        -74.444488,
                        40.419298
                    ],
                    [
                        -74.445003,
                        40.418483
                    ],
                    [
                        -74.445762,
                        40.417238
                    ],
                    [
                        -74.446666,
                        40.415669
                    ],
                    [
                        -74.447921,
                        40.413264
                    ],
                    [
                        -74.448358,
                        40.412336
                    ],
                    [
                        -74.448659,
                        40.411646
                    ],
                    [
                        -74.449166,
                        40.4104
                    ],
                    [
                        -74.451037,
                        40.405305
                    ],
                    [
                        -74.451149,
                        40.405002
                    ],
                    [
                        -74.452486,
                        40.401369
                    ],
                    [
                        -74.454976,
                        40.395243
                    ],
                    [
                        -74.455109,
                        40.394917
                    ],
                    [
                        -74.460464,
                        40.381784
                    ],
                    [
                        -74.460619,
                        40.381404
                    ],
                    [
                        -74.463564,
                        40.374177
                    ],
                    [
                        -74.46392,
                        40.373301
                    ],
                    [
                        -74.468974,
                        40.36091
                    ],
                    [
                        -74.470165,
                        40.35821
                    ],
                    [
                        -74.470755,
                        40.356896
                    ],
                    [
                        -74.471058,
                        40.356258
                    ],
                    [
                        -74.47318,
                        40.351525
                    ],
                    [
                        -74.473402,
                        40.351029
                    ],
                    [
                        -74.475558,
                        40.346317
                    ],
                    [
                        -74.476056,
                        40.345203
                    ],
                    [
                        -74.476362,
                        40.344519
                    ],
                    [
                        -74.479319,
                        40.337927
                    ],
                    [
                        -74.480649,
                        40.33492
                    ],
                    [
                        -74.481162,
                        40.333854
                    ],
                    [
                        -74.482443,
                        40.331048
                    ],
                    [
                        -74.48412,
                        40.327246
                    ],
                    [
                        -74.484983,
                        40.325013
                    ],
                    [
                        -74.486106,
                        40.321935
                    ],
                    [
                        -74.487102,
                        40.319624
                    ],
                    [
                        -74.488726,
                        40.31613
                    ],
                    [
                        -74.490993,
                        40.311402
                    ],
                    [
                        -74.492426,
                        40.308131
                    ],
                    [
                        -74.492477,
                        40.308016
                    ],
                    [
                        -74.49402,
                        40.304471
                    ],
                    [
                        -74.494167,
                        40.304135
                    ],
                    [
                        -74.497744,
                        40.295938
                    ],
                    [
                        -74.498046,
                        40.295249
                    ],
                    [
                        -74.501164,
                        40.288159
                    ],
                    [
                        -74.501346,
                        40.287746
                    ],
                    [
                        -74.504425,
                        40.280803
                    ],
                    [
                        -74.504549,
                        40.280517
                    ],
                    [
                        -74.508158,
                        40.272351
                    ],
                    [
                        -74.508892,
                        40.270639
                    ],
                    [
                        -74.509001,
                        40.270361
                    ],
                    [
                        -74.509143,
                        40.269996
                    ],
                    [
                        -74.509514,
                        40.269027
                    ],
                    [
                        -74.509597,
                        40.268806
                    ],
                    [
                        -74.512799,
                        40.260463
                    ],
                    [
                        -74.512891,
                        40.260215
                    ],
                    [
                        -74.513362,
                        40.258986
                    ],
                    [
                        -74.514565,
                        40.255849
                    ],
                    [
                        -74.514889,
                        40.255057
                    ],
                    [
                        -74.515236,
                        40.254291
                    ],
                    [
                        -74.515617,
                        40.253524
                    ],
                    [
                        -74.516028,
                        40.252768
                    ],
                    [
                        -74.516468,
                        40.25202
                    ],
                    [
                        -74.516938,
                        40.251283
                    ],
                    [
                        -74.517439,
                        40.250555
                    ],
                    [
                        -74.518231,
                        40.249498
                    ],
                    [
                        -74.519059,
                        40.248498
                    ],
                    [
                        -74.519658,
                        40.247832
                    ],
                    [
                        -74.520308,
                        40.247151
                    ],
                    [
                        -74.521292,
                        40.246201
                    ],
                    [
                        -74.521989,
                        40.245574
                    ],
                    [
                        -74.523082,
                        40.244668
                    ],
                    [
                        -74.524201,
                        40.243819
                    ],
                    [
                        -74.52498,
                        40.243269
                    ],
                    [
                        -74.526187,
                        40.242479
                    ],
                    [
                        -74.527015,
                        40.241977
                    ],
                    [
                        -74.528306,
                        40.241239
                    ],
                    [
                        -74.537553,
                        40.236037
                    ],
                    [
                        -74.542072,
                        40.233446
                    ],
                    [
                        -74.545768,
                        40.231376
                    ],
                    [
                        -74.547583,
                        40.230275
                    ],
                    [
                        -74.549346,
                        40.229127
                    ],
                    [
                        -74.559737,
                        40.222017
                    ],
                    [
                        -74.562855,
                        40.219845
                    ],
                    [
                        -74.563044,
                        40.219721
                    ],
                    [
                        -74.58331,
                        40.205798
                    ],
                    [
                        -74.589622,
                        40.201467
                    ],
                    [
                        -74.590845,
                        40.200622
                    ],
                    [
                        -74.600202,
                        40.194158
                    ],
                    [
                        -74.602582,
                        40.192591
                    ],
                    [
                        -74.605807,
                        40.190707
                    ],
                    [
                        -74.611471,
                        40.187541
                    ],
                    [
                        -74.612539,
                        40.186925
                    ],
                    [
                        -74.618743,
                        40.183446
                    ],
                    [
                        -74.620891,
                        40.182243
                    ],
                    [
                        -74.621096,
                        40.182124
                    ],
                    [
                        -74.621964,
                        40.18162
                    ],
                    [
                        -74.624245,
                        40.180381
                    ],
                    [
                        -74.62932,
                        40.177505
                    ],
                    [
                        -74.63358,
                        40.175122
                    ],
                    [
                        -74.637628,
                        40.17281
                    ],
                    [
                        -74.64051,
                        40.171098
                    ],
                    [
                        -74.643037,
                        40.169433
                    ],
                    [
                        -74.645335,
                        40.167868
                    ],
                    [
                        -74.646688,
                        40.166905
                    ],
                    [
                        -74.647167,
                        40.16656
                    ],
                    [
                        -74.648437,
                        40.165592
                    ],
                    [
                        -74.655209,
                        40.160232
                    ],
                    [
                        -74.655632,
                        40.159882
                    ],
                    [
                        -74.658927,
                        40.157264
                    ],
                    [
                        -74.660753,
                        40.155785
                    ],
                    [
                        -74.662927,
                        40.154077
                    ],
                    [
                        -74.675869,
                        40.143753
                    ],
                    [
                        -74.680076,
                        40.140422
                    ],
                    [
                        -74.68098,
                        40.139686
                    ],
                    [
                        -74.681443,
                        40.139318
                    ],
                    [
                        -74.681998,
                        40.138911
                    ],
                    [
                        -74.684453,
                        40.136916
                    ],
                    [
                        -74.687913,
                        40.134164
                    ],
                    [
                        -74.688592,
                        40.133651
                    ],
                    [
                        -74.693433,
                        40.129768
                    ],
                    [
                        -74.69379,
                        40.129494
                    ],
                    [
                        -74.694116,
                        40.129261
                    ],
                    [
                        -74.69658,
                        40.127291
                    ],
                    [
                        -74.696858,
                        40.127075
                    ],
                    [
                        -74.698909,
                        40.125404
                    ],
                    [
                        -74.700582,
                        40.124106
                    ],
                    [
                        -74.706286,
                        40.119551
                    ],
                    [
                        -74.707019,
                        40.118916
                    ],
                    [
                        -74.708845,
                        40.117398
                    ],
                    [
                        -74.710066,
                        40.116355
                    ],
                    [
                        -74.711712,
                        40.114914
                    ],
                    [
                        -74.71413,
                        40.112747
                    ],
                    [
                        -74.716146,
                        40.110844
                    ],
                    [
                        -74.718103,
                        40.108927
                    ],
                    [
                        -74.718742,
                        40.108264
                    ],
                    [
                        -74.720239,
                        40.106792
                    ],
                    [
                        -74.72278,
                        40.104236
                    ],
                    [
                        -74.72348,
                        40.103528
                    ],
                    [
                        -74.736639,
                        40.090274
                    ],
                    [
                        -74.737054,
                        40.089863
                    ],
                    [
                        -74.73836,
                        40.088588
                    ],
                    [
                        -74.7397,
                        40.087326
                    ],
                    [
                        -74.741069,
                        40.086077
                    ],
                    [
                        -74.742933,
                        40.084435
                    ],
                    [
                        -74.74433,
                        40.083243
                    ],
                    [
                        -74.745782,
                        40.08205
                    ],
                    [
                        -74.74724,
                        40.080876
                    ],
                    [
                        -74.74985,
                        40.078867
                    ],
                    [
                        -74.752955,
                        40.07656
                    ],
                    [
                        -74.756001,
                        40.074246
                    ],
                    [
                        -74.765682,
                        40.066967
                    ],
                    [
                        -74.765907,
                        40.066799
                    ],
                    [
                        -74.767176,
                        40.065801
                    ],
                    [
                        -74.772978,
                        40.061447
                    ],
                    [
                        -74.773683,
                        40.060939
                    ],
                    [
                        -74.775154,
                        40.059937
                    ],
                    [
                        -74.77694,
                        40.058783
                    ],
                    [
                        -74.778256,
                        40.057984
                    ],
                    [
                        -74.780394,
                        40.056763
                    ],
                    [
                        -74.796682,
                        40.047846
                    ],
                    [
                        -74.798321,
                        40.046898
                    ],
                    [
                        -74.800034,
                        40.045851
                    ],
                    [
                        -74.800675,
                        40.045416
                    ],
                    [
                        -74.801603,
                        40.044818
                    ],
                    [
                        -74.803395,
                        40.043573
                    ],
                    [
                        -74.804891,
                        40.042449
                    ],
                    [
                        -74.806124,
                        40.041483
                    ],
                    [
                        -74.807777,
                        40.040112
                    ],
                    [
                        -74.808455,
                        40.039518
                    ],
                    [
                        -74.809784,
                        40.0383
                    ],
                    [
                        -74.814362,
                        40.033837
                    ],
                    [
                        -74.815416,
                        40.032796
                    ],
                    [
                        -74.81824,
                        40.029953
                    ],
                    [
                        -74.819002,
                        40.02919
                    ],
                    [
                        -74.819759,
                        40.028479
                    ],
                    [
                        -74.824225,
                        40.024062
                    ],
                    [
                        -74.832818,
                        40.015491
                    ],
                    [
                        -74.836457,
                        40.011883
                    ],
                    [
                        -74.837797,
                        40.010682
                    ],
                    [
                        -74.839228,
                        40.009513
                    ],
                    [
                        -74.840462,
                        40.0086
                    ],
                    [
                        -74.841478,
                        40.007894
                    ],
                    [
                        -74.841992,
                        40.007544
                    ],
                    [
                        -74.842519,
                        40.007211
                    ],
                    [
                        -74.843878,
                        40.006388
                    ],
                    [
                        -74.845588,
                        40.005449
                    ],
                    [
                        -74.846742,
                        40.004865
                    ],
                    [
                        -74.847892,
                        40.004326
                    ],
                    [
                        -74.849039,
                        40.003823
                    ],
                    [
                        -74.850186,
                        40.003356
                    ],
                    [
                        -74.85671,
                        40.000769
                    ],
                    [
                        -74.858462,
                        39.999997
                    ],
                    [
                        -74.859888,
                        39.999296
                    ],
                    [
                        -74.86071,
                        39.998864
                    ],
                    [
                        -74.861512,
                        39.998419
                    ],
                    [
                        -74.863073,
                        39.997489
                    ],
                    [
                        -74.864365,
                        39.996675
                    ],
                    [
                        -74.864975,
                        39.996288
                    ],
                    [
                        -74.865527,
                        39.99587
                    ],
                    [
                        -74.866233,
                        39.995384
                    ],
                    [
                        -74.869901,
                        39.992906
                    ],
                    [
                        -74.87425,
                        39.989924
                    ],
                    [
                        -74.874739,
                        39.989605
                    ],
                    [
                        -74.877233,
                        39.988058
                    ],
                    [
                        -74.878541,
                        39.987302
                    ],
                    [
                        -74.88017,
                        39.986412
                    ],
                    [
                        -74.880473,
                        39.98625
                    ],
                    [
                        -74.880725,
                        39.986115
                    ],
                    [
                        -74.882103,
                        39.985396
                    ],
                    [
                        -74.882655,
                        39.985126
                    ],
                    [
                        -74.883727,
                        39.984559
                    ],
                    [
                        -74.890684,
                        39.980994
                    ],
                    [
                        -74.891563,
                        39.98053
                    ],
                    [
                        -74.892588,
                        39.979964
                    ],
                    [
                        -74.893922,
                        39.979163
                    ],
                    [
                        -74.89471,
                        39.97866
                    ],
                    [
                        -74.895738,
                        39.977967
                    ],
                    [
                        -74.895988,
                        39.977791
                    ],
                    [
                        -74.897665,
                        39.976536
                    ],
                    [
                        -74.89858,
                        39.975789
                    ],
                    [
                        -74.899249,
                        39.975213
                    ],
                    [
                        -74.900113,
                        39.97443
                    ],
                    [
                        -74.902735,
                        39.97199
                    ],
                    [
                        -74.903753,
                        39.971041
                    ],
                    [
                        -74.907109,
                        39.967917
                    ],
                    [
                        -74.910082,
                        39.96518
                    ],
                    [
                        -74.911856,
                        39.963627
                    ],
                    [
                        -74.912766,
                        39.962853
                    ],
                    [
                        -74.913703,
                        39.962088
                    ],
                    [
                        -74.916302,
                        39.959986
                    ],
                    [
                        -74.916774,
                        39.959608
                    ],
                    [
                        -74.917254,
                        39.959253
                    ],
                    [
                        -74.920838,
                        39.956367
                    ],
                    [
                        -74.921727,
                        39.955611
                    ],
                    [
                        -74.925415,
                        39.952622
                    ],
                    [
                        -74.927306,
                        39.951119
                    ],
                    [
                        -74.929255,
                        39.949633
                    ],
                    [
                        -74.930758,
                        39.948531
                    ],
                    [
                        -74.931252,
                        39.948148
                    ],
                    [
                        -74.931758,
                        39.947788
                    ],
                    [
                        -74.936913,
                        39.943953
                    ],
                    [
                        -74.938113,
                        39.943079
                    ],
                    [
                        -74.938921,
                        39.942467
                    ],
                    [
                        -74.939292,
                        39.942197
                    ],
                    [
                        -74.942902,
                        39.939514
                    ],
                    [
                        -74.943617,
                        39.938965
                    ],
                    [
                        -74.946301,
                        39.936838
                    ],
                    [
                        -74.947854,
                        39.935562
                    ],
                    [
                        -74.949169,
                        39.934483
                    ],
                    [
                        -74.950068,
                        39.933743
                    ],
                    [
                        -74.954998,
                        39.929673
                    ],
                    [
                        -74.959163,
                        39.926256
                    ],
                    [
                        -74.963403,
                        39.922777
                    ],
                    [
                        -74.965475,
                        39.921056
                    ],
                    [
                        -74.967574,
                        39.919362
                    ],
                    [
                        -74.969813,
                        39.917504
                    ],
                    [
                        -74.970948,
                        39.916516
                    ],
                    [
                        -74.97188,
                        39.915653
                    ],
                    [
                        -74.972839,
                        39.914717
                    ],
                    [
                        -74.988065,
                        39.899174
                    ],
                    [
                        -74.990052,
                        39.897152
                    ],
                    [
                        -74.991493,
                        39.895685
                    ],
                    [
                        -74.99844,
                        39.888559
                    ],
                    [
                        -74.999648,
                        39.887357
                    ],
                    [
                        -75.002046,
                        39.884835
                    ],
                    [
                        -75.003068,
                        39.883798
                    ],
                    [
                        -75.004746,
                        39.88217
                    ],
                    [
                        -75.00591,
                        39.881018
                    ],
                    [
                        -75.006354,
                        39.880604
                    ],
                    [
                        -75.008729,
                        39.878546
                    ],
                    [
                        -75.009242,
                        39.878146
                    ],
                    [
                        -75.009732,
                        39.877784
                    ],
                    [
                        -75.009887,
                        39.877669
                    ],
                    [
                        -75.011418,
                        39.876622
                    ],
                    [
                        -75.013348,
                        39.875471
                    ],
                    [
                        -75.014685,
                        39.874748
                    ],
                    [
                        -75.015036,
                        39.874555
                    ],
                    [
                        -75.015417,
                        39.874346
                    ],
                    [
                        -75.017362,
                        39.87343
                    ],
                    [
                        -75.017991,
                        39.873133
                    ],
                    [
                        -75.018883,
                        39.872749
                    ],
                    [
                        -75.020895,
                        39.871966
                    ],
                    [
                        -75.028145,
                        39.869088
                    ],
                    [
                        -75.029572,
                        39.868529
                    ],
                    [
                        -75.030617,
                        39.868164
                    ],
                    [
                        -75.032307,
                        39.867612
                    ],
                    [
                        -75.033638,
                        39.867218
                    ],
                    [
                        -75.035213,
                        39.866811
                    ],
                    [
                        -75.036681,
                        39.866476
                    ],
                    [
                        -75.038247,
                        39.866171
                    ],
                    [
                        -75.038817,
                        39.866073
                    ],
                    [
                        -75.042387,
                        39.865454
                    ],
                    [
                        -75.04302,
                        39.865338
                    ],
                    [
                        -75.047724,
                        39.864507
                    ],
                    [
                        -75.0482,
                        39.864423
                    ],
                    [
                        -75.048762,
                        39.864324
                    ],
                    [
                        -75.06241,
                        39.861914
                    ],
                    [
                        -75.066233,
                        39.861256
                    ],
                    [
                        -75.068895,
                        39.860784
                    ],
                    [
                        -75.076279,
                        39.859495
                    ],
                    [
                        -75.076895,
                        39.859382
                    ],
                    [
                        -75.077972,
                        39.859195
                    ],
                    [
                        -75.078414,
                        39.859118
                    ],
                    [
                        -75.079335,
                        39.858958
                    ],
                    [
                        -75.07963,
                        39.858906
                    ],
                    [
                        -75.085152,
                        39.857924
                    ],
                    [
                        -75.090791,
                        39.856944
                    ],
                    [
                        -75.093056,
                        39.856503
                    ],
                    [
                        -75.095345,
                        39.855928
                    ],
                    [
                        -75.096844,
                        39.855494
                    ],
                    [
                        -75.098165,
                        39.855092
                    ],
                    [
                        -75.09923,
                        39.854733
                    ],
                    [
                        -75.100204,
                        39.854385
                    ],
                    [
                        -75.101289,
                        39.853957
                    ],
                    [
                        -75.103032,
                        39.853189
                    ],
                    [
                        -75.105112,
                        39.852187
                    ],
                    [
                        -75.106534,
                        39.851416
                    ],
                    [
                        -75.10812,
                        39.850486
                    ],
                    [
                        -75.108707,
                        39.850119
                    ],
                    [
                        -75.109888,
                        39.849318
                    ],
                    [
                        -75.110942,
                        39.848569
                    ],
                    [
                        -75.113554,
                        39.846562
                    ],
                    [
                        -75.11829,
                        39.842877
                    ],
                    [
                        -75.118741,
                        39.842525
                    ],
                    [
                        -75.119062,
                        39.842276
                    ],
                    [
                        -75.125041,
                        39.837631
                    ],
                    [
                        -75.127385,
                        39.835758
                    ],
                    [
                        -75.128967,
                        39.834526
                    ],
                    [
                        -75.133399,
                        39.831106
                    ],
                    [
                        -75.13485,
                        39.830068
                    ],
                    [
                        -75.135941,
                        39.829355
                    ],
                    [
                        -75.137026,
                        39.828701
                    ],
                    [
                        -75.138382,
                        39.827929
                    ],
                    [
                        -75.139062,
                        39.827581
                    ],
                    [
                        -75.141455,
                        39.826411
                    ],
                    [
                        -75.143862,
                        39.825269
                    ],
                    [
                        -75.147135,
                        39.823693
                    ],
                    [
                        -75.148706,
                        39.822933
                    ],
                    [
                        -75.150096,
                        39.822284
                    ],
                    [
                        -75.150578,
                        39.822059
                    ],
                    [
                        -75.151712,
                        39.82151
                    ],
                    [
                        -75.152601,
                        39.821094
                    ],
                    [
                        -75.161609,
                        39.816825
                    ],
                    [
                        -75.18026,
                        39.807937
                    ],
                    [
                        -75.1821,
                        39.807079
                    ],
                    [
                        -75.187509,
                        39.804497
                    ],
                    [
                        -75.189638,
                        39.803466
                    ],
                    [
                        -75.190328,
                        39.803118
                    ],
                    [
                        -75.192123,
                        39.802133
                    ],
                    [
                        -75.192654,
                        39.801837
                    ],
                    [
                        -75.206586,
                        39.794
                    ],
                    [
                        -75.20693,
                        39.793805
                    ],
                    [
                        -75.231005,
                        39.780194
                    ],
                    [
                        -75.23248,
                        39.779376
                    ],
                    [
                        -75.238316,
                        39.776067
                    ],
                    [
                        -75.252945,
                        39.767838
                    ],
                    [
                        -75.272542,
                        39.755991
                    ],
                    [
                        -75.274026,
                        39.755094
                    ],
                    [
                        -75.274766,
                        39.754647
                    ],
                    [
                        -75.28002,
                        39.751464
                    ],
                    [
                        -75.281621,
                        39.75047
                    ],
                    [
                        -75.284996,
                        39.748412
                    ],
                    [
                        -75.287181,
                        39.747127
                    ],
                    [
                        -75.287478,
                        39.746935
                    ],
                    [
                        -75.287878,
                        39.746699
                    ],
                    [
                        -75.289668,
                        39.745559
                    ],
                    [
                        -75.293785,
                        39.743088
                    ],
                    [
                        -75.296078,
                        39.741655
                    ],
                    [
                        -75.296267,
                        39.741564
                    ],
                    [
                        -75.297027,
                        39.741098
                    ],
                    [
                        -75.299033,
                        39.739912
                    ],
                    [
                        -75.303663,
                        39.737089
                    ],
                    [
                        -75.317756,
                        39.728602
                    ],
                    [
                        -75.318233,
                        39.728305
                    ],
                    [
                        -75.31956,
                        39.727491
                    ],
                    [
                        -75.319924,
                        39.727271
                    ],
                    [
                        -75.321591,
                        39.726202
                    ],
                    [
                        -75.322766,
                        39.725584
                    ],
                    [
                        -75.323222,
                        39.725336
                    ],
                    [
                        -75.325198,
                        39.724354
                    ],
                    [
                        -75.328881,
                        39.722676
                    ],
                    [
                        -75.330069,
                        39.722182
                    ],
                    [
                        -75.333286,
                        39.720712
                    ],
                    [
                        -75.334492,
                        39.72011
                    ],
                    [
                        -75.336967,
                        39.718986
                    ],
                    [
                        -75.337588,
                        39.718687
                    ],
                    [
                        -75.34615,
                        39.714801
                    ],
                    [
                        -75.348169,
                        39.713865
                    ],
                    [
                        -75.349925,
                        39.713084
                    ],
                    [
                        -75.350688,
                        39.712735
                    ],
                    [
                        -75.350978,
                        39.712603
                    ],
                    [
                        -75.352892,
                        39.711782
                    ],
                    [
                        -75.35338,
                        39.711586
                    ],
                    [
                        -75.354399,
                        39.711189
                    ],
                    [
                        -75.379059,
                        39.70231
                    ],
                    [
                        -75.381651,
                        39.701443
                    ],
                    [
                        -75.390435,
                        39.698731
                    ],
                    [
                        -75.39243,
                        39.698114
                    ],
                    [
                        -75.402527,
                        39.694993
                    ],
                    [
                        -75.413629,
                        39.69157
                    ],
                    [
                        -75.414997,
                        39.691194
                    ],
                    [
                        -75.415839,
                        39.690983
                    ],
                    [
                        -75.41764,
                        39.690573
                    ],
                    [
                        -75.419218,
                        39.69027
                    ],
                    [
                        -75.442868,
                        39.686568
                    ],
                    [
                        -75.444698,
                        39.686332
                    ],
                    [
                        -75.446057,
                        39.68615
                    ],
                    [
                        -75.447039,
                        39.685983
                    ],
                    [
                        -75.44868,
                        39.685666
                    ],
                    [
                        -75.449845,
                        39.685409
                    ],
                    [
                        -75.45185,
                        39.684913
                    ],
                    [
                        -75.453057,
                        39.684687
                    ],
                    [
                        -75.455816,
                        39.684123
                    ],
                    [
                        -75.462316,
                        39.682871
                    ],
                    [
                        -75.462811,
                        39.682776
                    ],
                    [
                        -75.463878,
                        39.68256
                    ],
                    [
                        -75.465366,
                        39.682289
                    ],
                    [
                        -75.46566,
                        39.682232
                    ],
                    [
                        -75.468734,
                        39.681632
                    ],
                    [
                        -75.472873,
                        39.680836
                    ],
                    [
                        -75.474071,
                        39.680595
                    ],
                    [
                        -75.479256,
                        39.679599
                    ],
                    [
                        -75.480635,
                        39.679365
                    ],
                    [
                        -75.482048,
                        39.679195
                    ],
                    [
                        -75.483115,
                        39.679106
                    ],
                    [
                        -75.484196,
                        39.679057
                    ],
                    [
                        -75.484814,
                        39.679043
                    ],
                    [
                        -75.485249,
                        39.679042
                    ],
                    [
                        -75.485864,
                        39.679051
                    ],
                    [
                        -75.486718,
                        39.679083
                    ],
                    [
                        -75.487771,
                        39.679165
                    ],
                    [
                        -75.488279,
                        39.679225
                    ],
                    [
                        -75.489113,
                        39.679376
                    ],
                    [
                        -75.489825,
                        39.679505
                    ],
                    [
                        -75.490844,
                        39.679726
                    ],
                    [
                        -75.491522,
                        39.679899
                    ],
                    [
                        -75.492531,
                        39.680193
                    ],
                    [
                        -75.492929,
                        39.680328
                    ],
                    [
                        -75.493553,
                        39.680545
                    ],
                    [
                        -75.494531,
                        39.680927
                    ],
                    [
                        -75.495619,
                        39.681407
                    ],
                    [
                        -75.496368,
                        39.681713
                    ],
                    [
                        -75.497098,
                        39.68198
                    ],
                    [
                        -75.497741,
                        39.682197
                    ],
                    [
                        -75.498021,
                        39.682291
                    ],
                    [
                        -75.501057,
                        39.683305
                    ],
                    [
                        -75.501522,
                        39.68346
                    ],
                    [
                        -75.50845,
                        39.685782
                    ],
                    [
                        -75.534119,
                        39.694379
                    ],
                    [
                        -75.535411,
                        39.694788
                    ],
                    [
                        -75.53678,
                        39.695144
                    ],
                    [
                        -75.537349,
                        39.69527
                    ],
                    [
                        -75.538364,
                        39.695465
                    ],
                    [
                        -75.539393,
                        39.695615
                    ],
                    [
                        -75.540483,
                        39.695747
                    ],
                    [
                        -75.540918,
                        39.695797
                    ],
                    [
                        -75.5422,
                        39.695951
                    ],
                    [
                        -75.542825,
                        39.696027
                    ],
                    [
                        -75.543791,
                        39.696142
                    ],
                    [
                        -75.544121,
                        39.69618
                    ],
                    [
                        -75.544413,
                        39.696218
                    ],
                    [
                        -75.544797,
                        39.696262
                    ],
                    [
                        -75.545343,
                        39.696327
                    ],
                    [
                        -75.545466,
                        39.696343
                    ],
                    [
                        -75.546,
                        39.696407
                    ],
                    [
                        -75.546379,
                        39.696453
                    ],
                    [
                        -75.54667,
                        39.696489
                    ],
                    [
                        -75.547975,
                        39.696642
                    ],
                    [
                        -75.548346,
                        39.696685
                    ],
                    [
                        -75.549087,
                        39.696766
                    ],
                    [
                        -75.549604,
                        39.696805
                    ],
                    [
                        -75.550351,
                        39.696825
                    ],
                    [
                        -75.55093,
                        39.696813
                    ],
                    [
                        -75.551502,
                        39.696782
                    ],
                    [
                        -75.552642,
                        39.696683
                    ],
                    [
                        -75.554541,
                        39.696516
                    ],
                    [
                        -75.555696,
                        39.696394
                    ],
                    [
                        -75.556822,
                        39.696282
                    ],
                    [
                        -75.557667,
                        39.696228
                    ],
                    [
                        -75.558764,
                        39.696196
                    ],
                    [
                        -75.559642,
                        39.696198
                    ],
                    [
                        -75.560927,
                        39.69624
                    ],
                    [
                        -75.562473,
                        39.696316
                    ],
                    [
                        -75.566511,
                        39.69651
                    ],
                    [
                        -75.569269,
                        39.696611
                    ],
                    [
                        -75.571165,
                        39.696646
                    ],
                    [
                        -75.571729,
                        39.696627
                    ],
                    [
                        -75.572133,
                        39.696589
                    ],
                    [
                        -75.572531,
                        39.696537
                    ],
                    [
                        -75.573255,
                        39.696406
                    ],
                    [
                        -75.57437,
                        39.696189
                    ],
                    [
                        -75.57552,
                        39.695972
                    ],
                    [
                        -75.575932,
                        39.695906
                    ],
                    [
                        -75.576361,
                        39.695856
                    ],
                    [
                        -75.576778,
                        39.695834
                    ],
                    [
                        -75.577057,
                        39.695836
                    ],
                    [
                        -75.577724,
                        39.695891
                    ],
                    [
                        -75.578246,
                        39.695987
                    ],
                    [
                        -75.57863,
                        39.696085
                    ],
                    [
                        -75.579012,
                        39.696202
                    ],
                    [
                        -75.579623,
                        39.696428
                    ],
                    [
                        -75.580563,
                        39.696854
                    ],
                    [
                        -75.58127,
                        39.697232
                    ],
                    [
                        -75.582146,
                        39.697774
                    ],
                    [
                        -75.582567,
                        39.69807
                    ],
                    [
                        -75.584256,
                        39.699366
                    ],
                    [
                        -75.585183,
                        39.700087
                    ],
                    [
                        -75.585961,
                        39.700716
                    ],
                    [
                        -75.586528,
                        39.70121
                    ],
                    [
                        -75.586883,
                        39.701543
                    ],
                    [
                        -75.587407,
                        39.702072
                    ],
                    [
                        -75.587727,
                        39.702422
                    ],
                    [
                        -75.588493,
                        39.703339
                    ],
                    [
                        -75.589616,
                        39.704858
                    ],
                    [
                        -75.58984,
                        39.705132
                    ],
                    [
                        -75.590089,
                        39.705397
                    ],
                    [
                        -75.590358,
                        39.705644
                    ],
                    [
                        -75.590658,
                        39.705879
                    ],
                    [
                        -75.591095,
                        39.706161
                    ],
                    [
                        -75.591555,
                        39.706405
                    ],
                    [
                        -75.592004,
                        39.706594
                    ],
                    [
                        -75.592566,
                        39.706773
                    ],
                    [
                        -75.593106,
                        39.706899
                    ],
                    [
                        -75.593654,
                        39.706978
                    ],
                    [
                        -75.594364,
                        39.707029
                    ],
                    [
                        -75.595063,
                        39.70704
                    ],
                    [
                        -75.595626,
                        39.707019
                    ],
                    [
                        -75.59633,
                        39.706957
                    ],
                    [
                        -75.596862,
                        39.706905
                    ],
                    [
                        -75.597179,
                        39.706854
                    ],
                    [
                        -75.597588,
                        39.706774
                    ],
                    [
                        -75.598259,
                        39.706614
                    ],
                    [
                        -75.59904,
                        39.706367
                    ],
                    [
                        -75.599296,
                        39.70627
                    ],
                    [
                        -75.599783,
                        39.706051
                    ],
                    [
                        -75.600593,
                        39.705608
                    ],
                    [
                        -75.605321,
                        39.702821
                    ],
                    [
                        -75.609236,
                        39.700607
                    ],
                    [
                        -75.611319,
                        39.699429
                    ],
                    [
                        -75.613193,
                        39.698442
                    ],
                    [
                        -75.613391,
                        39.698328
                    ],
                    [
                        -75.614104,
                        39.697922
                    ],
                    [
                        -75.615042,
                        39.697425
                    ],
                    [
                        -75.616254,
                        39.696851
                    ],
                    [
                        -75.617504,
                        39.696326
                    ],
                    [
                        -75.618263,
                        39.69604
                    ],
                    [
                        -75.619214,
                        39.695717
                    ],
                    [
                        -75.622099,
                        39.69481
                    ],
                    [
                        -75.623126,
                        39.694487
                    ],
                    [
                        -75.638877,
                        39.689547
                    ],
                    [
                        -75.640466,
                        39.689049
                    ],
                    [
                        -75.641189,
                        39.688823
                    ],
                    [
                        -75.641588,
                        39.688699
                    ],
                    [
                        -75.645916,
                        39.687336
                    ],
                    [
                        -75.647651,
                        39.686775
                    ],
                    [
                        -75.650129,
                        39.68602
                    ],
                    [
                        -75.655801,
                        39.684235
                    ],
                    [
                        -75.65679,
                        39.683904
                    ],
                    [
                        -75.657974,
                        39.683482
                    ],
                    [
                        -75.659195,
                        39.682998
                    ],
                    [
                        -75.660072,
                        39.682634
                    ],
                    [
                        -75.662476,
                        39.681546
                    ],
                    [
                        -75.662894,
                        39.681329
                    ],
                    [
                        -75.664774,
                        39.680287
                    ],
                    [
                        -75.665514,
                        39.679847
                    ],
                    [
                        -75.667215,
                        39.678746
                    ],
                    [
                        -75.667707,
                        39.678393
                    ],
                    [
                        -75.668174,
                        39.678057
                    ],
                    [
                        -75.668986,
                        39.677451
                    ],
                    [
                        -75.669616,
                        39.67692
                    ],
                    [
                        -75.67013,
                        39.676487
                    ],
                    [
                        -75.672259,
                        39.674704
                    ],
                    [
                        -75.674315,
                        39.673027
                    ],
                    [
                        -75.675747,
                        39.671966
                    ],
                    [
                        -75.676318,
                        39.671594
                    ],
                    [
                        -75.677562,
                        39.670924
                    ],
                    [
                        -75.680275,
                        39.669558
                    ],
                    [
                        -75.681964,
                        39.668738
                    ],
                    [
                        -75.685027,
                        39.667194
                    ],
                    [
                        -75.686049,
                        39.666639
                    ],
                    [
                        -75.689206,
                        39.664833
                    ],
                    [
                        -75.689523,
                        39.664633
                    ],
                    [
                        -75.690884,
                        39.663674
                    ],
                    [
                        -75.691658,
                        39.663102
                    ],
                    [
                        -75.693494,
                        39.661555
                    ],
                    [
                        -75.695256,
                        39.660222
                    ],
                    [
                        -75.696086,
                        39.659528
                    ],
                    [
                        -75.697545,
                        39.658364
                    ],
                    [
                        -75.698016,
                        39.657974
                    ],
                    [
                        -75.698754,
                        39.657451
                    ],
                    [
                        -75.700328,
                        39.656472
                    ],
                    [
                        -75.701959,
                        39.655679
                    ],
                    [
                        -75.703675,
                        39.654978
                    ],
                    [
                        -75.705366,
                        39.654469
                    ],
                    [
                        -75.7074,
                        39.653987
                    ],
                    [
                        -75.710829,
                        39.653305
                    ],
                    [
                        -75.71982,
                        39.651482
                    ],
                    [
                        -75.725773,
                        39.650208
                    ],
                    [
                        -75.731775,
                        39.648976
                    ],
                    [
                        -75.732392,
                        39.648854
                    ],
                    [
                        -75.734707,
                        39.648376
                    ],
                    [
                        -75.735133,
                        39.64829
                    ],
                    [
                        -75.739397,
                        39.647446
                    ],
                    [
                        -75.740724,
                        39.647225
                    ],
                    [
                        -75.742283,
                        39.647094
                    ],
                    [
                        -75.742776,
                        39.647054
                    ],
                    [
                        -75.743115,
                        39.647041
                    ],
                    [
                        -75.74703,
                        39.647032
                    ],
                    [
                        -75.747826,
                        39.647028
                    ],
                    [
                        -75.748628,
                        39.64698
                    ],
                    [
                        -75.749115,
                        39.646968
                    ],
                    [
                        -75.751657,
                        39.64698
                    ],
                    [
                        -75.755947,
                        39.646958
                    ],
                    [
                        -75.757098,
                        39.64692
                    ],
                    [
                        -75.757926,
                        39.646853
                    ],
                    [
                        -75.758629,
                        39.646767
                    ],
                    [
                        -75.759839,
                        39.646561
                    ],
                    [
                        -75.760627,
                        39.646391
                    ],
                    [
                        -75.761592,
                        39.6461
                    ],
                    [
                        -75.763049,
                        39.645602
                    ],
                    [
                        -75.763576,
                        39.64538
                    ],
                    [
                        -75.764516,
                        39.645073
                    ],
                    [
                        -75.766181,
                        39.644561
                    ],
                    [
                        -75.76721,
                        39.644269
                    ],
                    [
                        -75.769248,
                        39.643729
                    ],
                    [
                        -75.771376,
                        39.643104
                    ],
                    [
                        -75.771597,
                        39.643091
                    ],
                    [
                        -75.781631,
                        39.639988
                    ],
                    [
                        -75.78259,
                        39.639713
                    ],
                    [
                        -75.783521,
                        39.639488
                    ],
                    [
                        -75.784038,
                        39.639382
                    ],
                    [
                        -75.785106,
                        39.639209
                    ],
                    [
                        -75.786049,
                        39.639092
                    ],
                    [
                        -75.787139,
                        39.63902
                    ],
                    [
                        -75.787732,
                        39.639001
                    ],
                    [
                        -75.788684,
                        39.638999
                    ],
                    [
                        -75.789593,
                        39.639033
                    ],
                    [
                        -75.790139,
                        39.639074
                    ],
                    [
                        -75.791136,
                        39.639189
                    ],
                    [
                        -75.792128,
                        39.639342
                    ],
                    [
                        -75.796616,
                        39.640132
                    ],
                    [
                        -75.797226,
                        39.640238
                    ],
                    [
                        -75.801472,
                        39.640989
                    ],
                    [
                        -75.802328,
                        39.64114
                    ],
                    [
                        -75.805335,
                        39.641665
                    ],
                    [
                        -75.806825,
                        39.641912
                    ],
                    [
                        -75.807639,
                        39.642032
                    ],
                    [
                        -75.809739,
                        39.642282
                    ],
                    [
                        -75.811762,
                        39.642438
                    ],
                    [
                        -75.812998,
                        39.6425
                    ],
                    [
                        -75.822141,
                        39.642785
                    ],
                    [
                        -75.822693,
                        39.642804
                    ],
                    [
                        -75.824615,
                        39.642877
                    ],
                    [
                        -75.825235,
                        39.642919
                    ],
                    [
                        -75.825841,
                        39.642975
                    ],
                    [
                        -75.826459,
                        39.643051
                    ],
                    [
                        -75.827089,
                        39.64314
                    ],
                    [
                        -75.827759,
                        39.643254
                    ],
                    [
                        -75.828897,
                        39.643491
                    ],
                    [
                        -75.830033,
                        39.643783
                    ],
                    [
                        -75.83594,
                        39.645554
                    ],
                    [
                        -75.8367,
                        39.645766
                    ],
                    [
                        -75.837911,
                        39.646048
                    ],
                    [
                        -75.838524,
                        39.64617
                    ],
                    [
                        -75.839129,
                        39.646271
                    ],
                    [
                        -75.840407,
                        39.646438
                    ],
                    [
                        -75.840979,
                        39.646493
                    ],
                    [
                        -75.842134,
                        39.646568
                    ],
                    [
                        -75.843352,
                        39.646588
                    ],
                    [
                        -75.844519,
                        39.646554
                    ],
                    [
                        -75.845739,
                        39.646464
                    ],
                    [
                        -75.846841,
                        39.646334
                    ],
                    [
                        -75.847553,
                        39.646223
                    ],
                    [
                        -75.848758,
                        39.645995
                    ],
                    [
                        -75.849399,
                        39.645847
                    ],
                    [
                        -75.862347,
                        39.642537
                    ],
                    [
                        -75.862964,
                        39.642392
                    ],
                    [
                        -75.864257,
                        39.642142
                    ],
                    [
                        -75.865477,
                        39.641971
                    ],
                    [
                        -75.866225,
                        39.641895
                    ],
                    [
                        -75.867215,
                        39.641829
                    ],
                    [
                        -75.868267,
                        39.641802
                    ],
                    [
                        -75.868911,
                        39.641799
                    ],
                    [
                        -75.869495,
                        39.641815
                    ],
                    [
                        -75.870806,
                        39.6419
                    ],
                    [
                        -75.871486,
                        39.641967
                    ],
                    [
                        -75.872747,
                        39.642149
                    ],
                    [
                        -75.87338,
                        39.642259
                    ],
                    [
                        -75.873899,
                        39.64237
                    ],
                    [
                        -75.874459,
                        39.64249
                    ],
                    [
                        -75.875735,
                        39.642836
                    ],
                    [
                        -75.877398,
                        39.643356
                    ],
                    [
                        -75.878432,
                        39.643649
                    ],
                    [
                        -75.8796,
                        39.643925
                    ],
                    [
                        -75.880641,
                        39.644115
                    ],
                    [
                        -75.882138,
                        39.644322
                    ],
                    [
                        -75.883215,
                        39.644411
                    ],
                    [
                        -75.883718,
                        39.644439
                    ],
                    [
                        -75.884744,
                        39.644467
                    ],
                    [
                        -75.886152,
                        39.64444
                    ],
                    [
                        -75.886648,
                        39.644411
                    ],
                    [
                        -75.887709,
                        39.644318
                    ],
                    [
                        -75.888802,
                        39.644179
                    ],
                    [
                        -75.889354,
                        39.644093
                    ],
                    [
                        -75.903652,
                        39.64152
                    ],
                    [
                        -75.90409,
                        39.641451
                    ],
                    [
                        -75.904931,
                        39.641344
                    ],
                    [
                        -75.905731,
                        39.641291
                    ],
                    [
                        -75.906581,
                        39.641298
                    ],
                    [
                        -75.907065,
                        39.641322
                    ],
                    [
                        -75.90751,
                        39.641363
                    ],
                    [
                        -75.908348,
                        39.64148
                    ],
                    [
                        -75.90916,
                        39.641652
                    ],
                    [
                        -75.909967,
                        39.641877
                    ],
                    [
                        -75.91868,
                        39.644989
                    ],
                    [
                        -75.919521,
                        39.645261
                    ],
                    [
                        -75.920282,
                        39.645456
                    ],
                    [
                        -75.921029,
                        39.645602
                    ],
                    [
                        -75.921916,
                        39.645716
                    ],
                    [
                        -75.922808,
                        39.645768
                    ],
                    [
                        -75.923292,
                        39.645773
                    ],
                    [
                        -75.92373,
                        39.645759
                    ],
                    [
                        -75.924635,
                        39.645692
                    ],
                    [
                        -75.925496,
                        39.645569
                    ],
                    [
                        -75.925976,
                        39.645473
                    ],
                    [
                        -75.926644,
                        39.645313
                    ],
                    [
                        -75.932191,
                        39.643854
                    ],
                    [
                        -75.932901,
                        39.643656
                    ],
                    [
                        -75.934057,
                        39.643301
                    ],
                    [
                        -75.935212,
                        39.642896
                    ],
                    [
                        -75.936427,
                        39.642408
                    ],
                    [
                        -75.937912,
                        39.641774
                    ],
                    [
                        -75.940575,
                        39.640626
                    ],
                    [
                        -75.942085,
                        39.639937
                    ],
                    [
                        -75.943453,
                        39.63925
                    ],
                    [
                        -75.947229,
                        39.637243
                    ],
                    [
                        -75.947966,
                        39.63685
                    ],
                    [
                        -75.948206,
                        39.636725
                    ],
                    [
                        -75.961144,
                        39.629799
                    ],
                    [
                        -75.961905,
                        39.629414
                    ],
                    [
                        -75.963149,
                        39.628858
                    ],
                    [
                        -75.964287,
                        39.628428
                    ],
                    [
                        -75.965339,
                        39.628091
                    ],
                    [
                        -75.966328,
                        39.627818
                    ],
                    [
                        -75.966834,
                        39.627699
                    ],
                    [
                        -75.967903,
                        39.627475
                    ],
                    [
                        -75.968491,
                        39.627376
                    ],
                    [
                        -75.969499,
                        39.627232
                    ],
                    [
                        -75.973328,
                        39.626868
                    ],
                    [
                        -75.979537,
                        39.626295
                    ],
                    [
                        -75.98075,
                        39.626155
                    ],
                    [
                        -75.981967,
                        39.625959
                    ],
                    [
                        -75.982549,
                        39.625841
                    ],
                    [
                        -75.983681,
                        39.625574
                    ],
                    [
                        -75.98481,
                        39.625252
                    ],
                    [
                        -75.985884,
                        39.624887
                    ],
                    [
                        -75.986973,
                        39.624459
                    ],
                    [
                        -75.987876,
                        39.62405
                    ],
                    [
                        -75.988752,
                        39.62361
                    ],
                    [
                        -75.989595,
                        39.623136
                    ],
                    [
                        -75.990362,
                        39.622654
                    ],
                    [
                        -75.992709,
                        39.621013
                    ],
                    [
                        -75.992945,
                        39.620851
                    ],
                    [
                        -75.996744,
                        39.618155
                    ],
                    [
                        -75.997357,
                        39.617739
                    ],
                    [
                        -75.997932,
                        39.617375
                    ],
                    [
                        -75.999136,
                        39.616699
                    ],
                    [
                        -76.000561,
                        39.616024
                    ],
                    [
                        -76.001348,
                        39.615708
                    ],
                    [
                        -76.002087,
                        39.615436
                    ],
                    [
                        -76.007813,
                        39.613558
                    ],
                    [
                        -76.008677,
                        39.613272
                    ],
                    [
                        -76.009463,
                        39.612975
                    ],
                    [
                        -76.010266,
                        39.612619
                    ],
                    [
                        -76.010677,
                        39.61241
                    ],
                    [
                        -76.01139,
                        39.611996
                    ],
                    [
                        -76.01176,
                        39.61175
                    ],
                    [
                        -76.012936,
                        39.610891
                    ],
                    [
                        -76.013938,
                        39.610232
                    ],
                    [
                        -76.014369,
                        39.60998
                    ],
                    [
                        -76.014821,
                        39.609738
                    ],
                    [
                        -76.015372,
                        39.609466
                    ],
                    [
                        -76.015907,
                        39.609226
                    ],
                    [
                        -76.016484,
                        39.608994
                    ],
                    [
                        -76.017299,
                        39.608701
                    ],
                    [
                        -76.018336,
                        39.60839
                    ],
                    [
                        -76.019144,
                        39.608195
                    ],
                    [
                        -76.019768,
                        39.608066
                    ],
                    [
                        -76.031694,
                        39.605863
                    ],
                    [
                        -76.032958,
                        39.605605
                    ],
                    [
                        -76.034169,
                        39.605299
                    ],
                    [
                        -76.034693,
                        39.605144
                    ],
                    [
                        -76.03594,
                        39.604722
                    ],
                    [
                        -76.036884,
                        39.604356
                    ],
                    [
                        -76.037269,
                        39.604189
                    ],
                    [
                        -76.038307,
                        39.603704
                    ],
                    [
                        -76.043468,
                        39.601071
                    ],
                    [
                        -76.043982,
                        39.600821
                    ],
                    [
                        -76.044501,
                        39.600583
                    ],
                    [
                        -76.045131,
                        39.600319
                    ],
                    [
                        -76.046016,
                        39.599982
                    ],
                    [
                        -76.047117,
                        39.599617
                    ],
                    [
                        -76.047734,
                        39.599434
                    ],
                    [
                        -76.048423,
                        39.599254
                    ],
                    [
                        -76.059463,
                        39.596491
                    ],
                    [
                        -76.060795,
                        39.596116
                    ],
                    [
                        -76.061096,
                        39.596039
                    ],
                    [
                        -76.061721,
                        39.59587
                    ],
                    [
                        -76.062738,
                        39.595541
                    ],
                    [
                        -76.063601,
                        39.595184
                    ],
                    [
                        -76.064026,
                        39.594973
                    ],
                    [
                        -76.064458,
                        39.594732
                    ],
                    [
                        -76.064938,
                        39.594439
                    ],
                    [
                        -76.065396,
                        39.59413
                    ],
                    [
                        -76.066679,
                        39.5932
                    ],
                    [
                        -76.067484,
                        39.59261
                    ],
                    [
                        -76.073872,
                        39.588002
                    ],
                    [
                        -76.074697,
                        39.587515
                    ],
                    [
                        -76.075287,
                        39.587213
                    ],
                    [
                        -76.076025,
                        39.586884
                    ],
                    [
                        -76.076576,
                        39.586671
                    ],
                    [
                        -76.077546,
                        39.58635
                    ],
                    [
                        -76.078399,
                        39.586126
                    ],
                    [
                        -76.07919,
                        39.58596
                    ],
                    [
                        -76.080159,
                        39.585807
                    ],
                    [
                        -76.080482,
                        39.585772
                    ],
                    [
                        -76.081228,
                        39.585702
                    ],
                    [
                        -76.082085,
                        39.585672
                    ],
                    [
                        -76.090886,
                        39.585755
                    ],
                    [
                        -76.092777,
                        39.585766
                    ],
                    [
                        -76.093242,
                        39.585757
                    ],
                    [
                        -76.09411,
                        39.585681
                    ],
                    [
                        -76.094525,
                        39.585615
                    ],
                    [
                        -76.094961,
                        39.585526
                    ],
                    [
                        -76.095445,
                        39.585397
                    ],
                    [
                        -76.095967,
                        39.585223
                    ],
                    [
                        -76.096469,
                        39.585022
                    ],
                    [
                        -76.09712,
                        39.584727
                    ],
                    [
                        -76.108953,
                        39.5794
                    ],
                    [
                        -76.112694,
                        39.577695
                    ],
                    [
                        -76.113483,
                        39.57737
                    ],
                    [
                        -76.113861,
                        39.577236
                    ],
                    [
                        -76.114227,
                        39.577128
                    ],
                    [
                        -76.114879,
                        39.576982
                    ],
                    [
                        -76.115615,
                        39.576882
                    ],
                    [
                        -76.115997,
                        39.576852
                    ],
                    [
                        -76.117014,
                        39.576811
                    ],
                    [
                        -76.124193,
                        39.576629
                    ],
                    [
                        -76.125979,
                        39.576564
                    ],
                    [
                        -76.126568,
                        39.576518
                    ],
                    [
                        -76.127221,
                        39.576448
                    ],
                    [
                        -76.12784,
                        39.576362
                    ],
                    [
                        -76.128441,
                        39.57626
                    ],
                    [
                        -76.129056,
                        39.576135
                    ],
                    [
                        -76.129691,
                        39.575983
                    ],
                    [
                        -76.130446,
                        39.575777
                    ],
                    [
                        -76.131106,
                        39.57557
                    ],
                    [
                        -76.131695,
                        39.575364
                    ],
                    [
                        -76.132316,
                        39.57512
                    ],
                    [
                        -76.133291,
                        39.574687
                    ],
                    [
                        -76.133735,
                        39.574461
                    ],
                    [
                        -76.134353,
                        39.57412
                    ],
                    [
                        -76.135406,
                        39.573466
                    ],
                    [
                        -76.135829,
                        39.573169
                    ],
                    [
                        -76.136704,
                        39.572485
                    ],
                    [
                        -76.137428,
                        39.571826
                    ],
                    [
                        -76.138169,
                        39.571046
                    ],
                    [
                        -76.142793,
                        39.565709
                    ],
                    [
                        -76.143713,
                        39.564685
                    ],
                    [
                        -76.144116,
                        39.564271
                    ],
                    [
                        -76.14458,
                        39.563828
                    ],
                    [
                        -76.145448,
                        39.563086
                    ],
                    [
                        -76.146038,
                        39.562635
                    ],
                    [
                        -76.155478,
                        39.555938
                    ],
                    [
                        -76.157148,
                        39.554722
                    ],
                    [
                        -76.158465,
                        39.553685
                    ],
                    [
                        -76.162775,
                        39.550134
                    ],
                    [
                        -76.163622,
                        39.549433
                    ],
                    [
                        -76.163696,
                        39.549373
                    ],
                    [
                        -76.166632,
                        39.546946
                    ],
                    [
                        -76.167084,
                        39.546576
                    ],
                    [
                        -76.168064,
                        39.545736
                    ],
                    [
                        -76.168439,
                        39.545385
                    ],
                    [
                        -76.169253,
                        39.544539
                    ],
                    [
                        -76.169997,
                        39.543638
                    ],
                    [
                        -76.17035,
                        39.543164
                    ],
                    [
                        -76.170968,
                        39.542224
                    ],
                    [
                        -76.173879,
                        39.537481
                    ],
                    [
                        -76.17437,
                        39.536755
                    ],
                    [
                        -76.174753,
                        39.536236
                    ],
                    [
                        -76.175206,
                        39.535687
                    ],
                    [
                        -76.17562,
                        39.535228
                    ],
                    [
                        -76.176185,
                        39.534643
                    ],
                    [
                        -76.176693,
                        39.534166
                    ],
                    [
                        -76.177162,
                        39.533757
                    ],
                    [
                        -76.17815,
                        39.532979
                    ],
                    [
                        -76.178731,
                        39.532571
                    ],
                    [
                        -76.179286,
                        39.532202
                    ],
                    [
                        -76.180024,
                        39.531767
                    ],
                    [
                        -76.18011,
                        39.53172
                    ],
                    [
                        -76.181039,
                        39.531226
                    ],
                    [
                        -76.181916,
                        39.530807
                    ],
                    [
                        -76.191546,
                        39.526785
                    ],
                    [
                        -76.192026,
                        39.526577
                    ],
                    [
                        -76.192755,
                        39.526174
                    ],
                    [
                        -76.193494,
                        39.525697
                    ],
                    [
                        -76.1942,
                        39.525141
                    ],
                    [
                        -76.200396,
                        39.519324
                    ],
                    [
                        -76.201519,
                        39.518252
                    ],
                    [
                        -76.212403,
                        39.508041
                    ],
                    [
                        -76.212874,
                        39.507635
                    ],
                    [
                        -76.213303,
                        39.507292
                    ],
                    [
                        -76.214105,
                        39.5067
                    ],
                    [
                        -76.214607,
                        39.506366
                    ],
                    [
                        -76.215515,
                        39.50583
                    ],
                    [
                        -76.216142,
                        39.505497
                    ],
                    [
                        -76.216667,
                        39.505239
                    ],
                    [
                        -76.217152,
                        39.505017
                    ],
                    [
                        -76.217603,
                        39.50483
                    ],
                    [
                        -76.218124,
                        39.504624
                    ],
                    [
                        -76.219244,
                        39.504224
                    ],
                    [
                        -76.224505,
                        39.502413
                    ],
                    [
                        -76.227391,
                        39.50141
                    ],
                    [
                        -76.228021,
                        39.501178
                    ],
                    [
                        -76.228618,
                        39.500937
                    ],
                    [
                        -76.229413,
                        39.50058
                    ],
                    [
                        -76.230096,
                        39.500244
                    ],
                    [
                        -76.230764,
                        39.499887
                    ],
                    [
                        -76.231391,
                        39.499524
                    ],
                    [
                        -76.232579,
                        39.498748
                    ],
                    [
                        -76.233611,
                        39.497963
                    ],
                    [
                        -76.234236,
                        39.497435
                    ],
                    [
                        -76.23478,
                        39.496936
                    ],
                    [
                        -76.235259,
                        39.496452
                    ],
                    [
                        -76.235766,
                        39.495899
                    ],
                    [
                        -76.236275,
                        39.49529
                    ],
                    [
                        -76.238575,
                        39.492421
                    ],
                    [
                        -76.239109,
                        39.491772
                    ],
                    [
                        -76.239785,
                        39.491004
                    ],
                    [
                        -76.240226,
                        39.490537
                    ],
                    [
                        -76.240697,
                        39.490067
                    ],
                    [
                        -76.241283,
                        39.489538
                    ],
                    [
                        -76.241816,
                        39.489082
                    ],
                    [
                        -76.242392,
                        39.488627
                    ],
                    [
                        -76.242951,
                        39.488213
                    ],
                    [
                        -76.24389,
                        39.487568
                    ],
                    [
                        -76.244418,
                        39.487235
                    ],
                    [
                        -76.24566,
                        39.48652
                    ],
                    [
                        -76.24667,
                        39.486012
                    ],
                    [
                        -76.247156,
                        39.485785
                    ],
                    [
                        -76.248274,
                        39.485307
                    ],
                    [
                        -76.249406,
                        39.48488
                    ],
                    [
                        -76.250487,
                        39.484523
                    ],
                    [
                        -76.251113,
                        39.48434
                    ],
                    [
                        -76.256093,
                        39.48302
                    ],
                    [
                        -76.256723,
                        39.482837
                    ],
                    [
                        -76.257798,
                        39.482482
                    ],
                    [
                        -76.258864,
                        39.482074
                    ],
                    [
                        -76.25941,
                        39.481837
                    ],
                    [
                        -76.261857,
                        39.480688
                    ],
                    [
                        -76.262292,
                        39.480479
                    ],
                    [
                        -76.269583,
                        39.477042
                    ],
                    [
                        -76.269959,
                        39.476851
                    ],
                    [
                        -76.270309,
                        39.476667
                    ],
                    [
                        -76.271158,
                        39.476171
                    ],
                    [
                        -76.27158,
                        39.475888
                    ],
                    [
                        -76.272058,
                        39.475542
                    ],
                    [
                        -76.272982,
                        39.474772
                    ],
                    [
                        -76.27505,
                        39.472891
                    ],
                    [
                        -76.275637,
                        39.472375
                    ],
                    [
                        -76.276132,
                        39.471977
                    ],
                    [
                        -76.277127,
                        39.471267
                    ],
                    [
                        -76.277621,
                        39.470946
                    ],
                    [
                        -76.278168,
                        39.470608
                    ],
                    [
                        -76.278764,
                        39.470272
                    ],
                    [
                        -76.279408,
                        39.469932
                    ],
                    [
                        -76.280053,
                        39.469615
                    ],
                    [
                        -76.285373,
                        39.467106
                    ],
                    [
                        -76.286987,
                        39.466395
                    ],
                    [
                        -76.288269,
                        39.465881
                    ],
                    [
                        -76.29966,
                        39.461479
                    ],
                    [
                        -76.301854,
                        39.460598
                    ],
                    [
                        -76.305509,
                        39.459073
                    ],
                    [
                        -76.307749,
                        39.458082
                    ],
                    [
                        -76.309187,
                        39.457419
                    ],
                    [
                        -76.311003,
                        39.456554
                    ],
                    [
                        -76.313053,
                        39.455541
                    ],
                    [
                        -76.315653,
                        39.454181
                    ],
                    [
                        -76.317847,
                        39.453004
                    ],
                    [
                        -76.320961,
                        39.451297
                    ],
                    [
                        -76.3218,
                        39.450832
                    ],
                    [
                        -76.323245,
                        39.450029
                    ],
                    [
                        -76.324556,
                        39.449371
                    ],
                    [
                        -76.325743,
                        39.448815
                    ],
                    [
                        -76.32697,
                        39.448288
                    ],
                    [
                        -76.328305,
                        39.447762
                    ],
                    [
                        -76.340099,
                        39.443235
                    ],
                    [
                        -76.341181,
                        39.442852
                    ],
                    [
                        -76.342242,
                        39.442555
                    ],
                    [
                        -76.343347,
                        39.442331
                    ],
                    [
                        -76.344244,
                        39.442204
                    ],
                    [
                        -76.34521,
                        39.442121
                    ],
                    [
                        -76.345863,
                        39.442097
                    ],
                    [
                        -76.357847,
                        39.442189
                    ],
                    [
                        -76.363784,
                        39.442235
                    ],
                    [
                        -76.364455,
                        39.442226
                    ],
                    [
                        -76.365045,
                        39.442194
                    ],
                    [
                        -76.365685,
                        39.442138
                    ],
                    [
                        -76.366375,
                        39.44205
                    ],
                    [
                        -76.366936,
                        39.44196
                    ],
                    [
                        -76.367582,
                        39.44183
                    ],
                    [
                        -76.368186,
                        39.441685
                    ],
                    [
                        -76.368725,
                        39.441534
                    ],
                    [
                        -76.369266,
                        39.441365
                    ],
                    [
                        -76.369913,
                        39.441131
                    ],
                    [
                        -76.370542,
                        39.440872
                    ],
                    [
                        -76.371169,
                        39.44058
                    ],
                    [
                        -76.371767,
                        39.44027
                    ],
                    [
                        -76.37222,
                        39.440006
                    ],
                    [
                        -76.372673,
                        39.43972
                    ],
                    [
                        -76.373312,
                        39.439279
                    ],
                    [
                        -76.377321,
                        39.436394
                    ],
                    [
                        -76.377588,
                        39.436198
                    ],
                    [
                        -76.377866,
                        39.435993
                    ],
                    [
                        -76.389793,
                        39.427417
                    ],
                    [
                        -76.390416,
                        39.426986
                    ],
                    [
                        -76.391201,
                        39.426473
                    ],
                    [
                        -76.392468,
                        39.4257
                    ],
                    [
                        -76.393863,
                        39.424915
                    ],
                    [
                        -76.394654,
                        39.424505
                    ],
                    [
                        -76.39522,
                        39.424219
                    ],
                    [
                        -76.396596,
                        39.423572
                    ],
                    [
                        -76.397918,
                        39.423002
                    ],
                    [
                        -76.403667,
                        39.420676
                    ],
                    [
                        -76.404845,
                        39.420189
                    ],
                    [
                        -76.405367,
                        39.419947
                    ],
                    [
                        -76.405868,
                        39.419683
                    ],
                    [
                        -76.406327,
                        39.419409
                    ],
                    [
                        -76.406721,
                        39.419152
                    ],
                    [
                        -76.407082,
                        39.418883
                    ],
                    [
                        -76.407712,
                        39.418348
                    ],
                    [
                        -76.40827,
                        39.417778
                    ],
                    [
                        -76.408542,
                        39.417455
                    ],
                    [
                        -76.408799,
                        39.417105
                    ],
                    [
                        -76.409322,
                        39.416312
                    ],
                    [
                        -76.409825,
                        39.41552
                    ],
                    [
                        -76.411327,
                        39.413177
                    ],
                    [
                        -76.411603,
                        39.412807
                    ],
                    [
                        -76.411875,
                        39.412481
                    ],
                    [
                        -76.412367,
                        39.411966
                    ],
                    [
                        -76.412834,
                        39.411559
                    ],
                    [
                        -76.41356,
                        39.410993
                    ],
                    [
                        -76.427915,
                        39.400303
                    ],
                    [
                        -76.428412,
                        39.399915
                    ],
                    [
                        -76.428902,
                        39.399502
                    ],
                    [
                        -76.429735,
                        39.398734
                    ],
                    [
                        -76.430166,
                        39.39829
                    ],
                    [
                        -76.435104,
                        39.392679
                    ],
                    [
                        -76.435705,
                        39.39202
                    ],
                    [
                        -76.436684,
                        39.391002
                    ],
                    [
                        -76.438093,
                        39.389654
                    ],
                    [
                        -76.438124,
                        39.389568
                    ],
                    [
                        -76.438204,
                        39.389443
                    ],
                    [
                        -76.438363,
                        39.389253
                    ],
                    [
                        -76.439762,
                        39.387906
                    ],
                    [
                        -76.443291,
                        39.384656
                    ],
                    [
                        -76.444662,
                        39.383409
                    ],
                    [
                        -76.446145,
                        39.382091
                    ],
                    [
                        -76.447374,
                        39.380942
                    ],
                    [
                        -76.447479,
                        39.380845
                    ],
                    [
                        -76.448923,
                        39.379476
                    ],
                    [
                        -76.4512,
                        39.377324
                    ],
                    [
                        -76.454227,
                        39.374393
                    ],
                    [
                        -76.454869,
                        39.37379
                    ],
                    [
                        -76.455707,
                        39.373081
                    ],
                    [
                        -76.456723,
                        39.372318
                    ],
                    [
                        -76.457093,
                        39.372069
                    ],
                    [
                        -76.458014,
                        39.371498
                    ],
                    [
                        -76.458704,
                        39.371113
                    ],
                    [
                        -76.47309,
                        39.363882
                    ],
                    [
                        -76.474025,
                        39.36338
                    ],
                    [
                        -76.475494,
                        39.362535
                    ],
                    [
                        -76.476261,
                        39.362063
                    ],
                    [
                        -76.477933,
                        39.360938
                    ],
                    [
                        -76.478515,
                        39.360567
                    ],
                    [
                        -76.480247,
                        39.359557
                    ],
                    [
                        -76.481022,
                        39.359148
                    ],
                    [
                        -76.486446,
                        39.356439
                    ],
                    [
                        -76.488994,
                        39.355158
                    ],
                    [
                        -76.49158,
                        39.353828
                    ],
                    [
                        -76.495412,
                        39.35192
                    ],
                    [
                        -76.49576,
                        39.351747
                    ],
                    [
                        -76.495964,
                        39.351646
                    ],
                    [
                        -76.496332,
                        39.351464
                    ],
                    [
                        -76.496555,
                        39.351353
                    ],
                    [
                        -76.496577,
                        39.351343
                    ],
                    [
                        -76.496724,
                        39.35127
                    ],
                    [
                        -76.497985,
                        39.350645
                    ],
                    [
                        -76.499574,
                        39.349846
                    ],
                    [
                        -76.501121,
                        39.349051
                    ],
                    [
                        -76.506993,
                        39.346142
                    ],
                    [
                        -76.51023,
                        39.344536
                    ],
                    [
                        -76.51093,
                        39.344151
                    ],
                    [
                        -76.511468,
                        39.343808
                    ],
                    [
                        -76.511981,
                        39.343433
                    ],
                    [
                        -76.512462,
                        39.343027
                    ],
                    [
                        -76.512906,
                        39.342598
                    ],
                    [
                        -76.513461,
                        39.341964
                    ],
                    [
                        -76.513935,
                        39.341295
                    ],
                    [
                        -76.514166,
                        39.340892
                    ],
                    [
                        -76.515778,
                        39.33789
                    ],
                    [
                        -76.516183,
                        39.337189
                    ],
                    [
                        -76.516811,
                        39.336206
                    ],
                    [
                        -76.517224,
                        39.335624
                    ],
                    [
                        -76.517653,
                        39.33506
                    ],
                    [
                        -76.518499,
                        39.334057
                    ],
                    [
                        -76.519244,
                        39.333266
                    ],
                    [
                        -76.524194,
                        39.32838
                    ],
                    [
                        -76.525238,
                        39.327349
                    ],
                    [
                        -76.525517,
                        39.327099
                    ],
                    [
                        -76.526492,
                        39.326152
                    ],
                    [
                        -76.527759,
                        39.324958
                    ],
                    [
                        -76.532586,
                        39.320238
                    ],
                    [
                        -76.532922,
                        39.319889
                    ],
                    [
                        -76.533241,
                        39.319495
                    ],
                    [
                        -76.533483,
                        39.319127
                    ],
                    [
                        -76.533674,
                        39.318715
                    ],
                    [
                        -76.533843,
                        39.318298
                    ],
                    [
                        -76.533941,
                        39.317937
                    ],
                    [
                        -76.533995,
                        39.317611
                    ],
                    [
                        -76.534003,
                        39.31689
                    ],
                    [
                        -76.533965,
                        39.316494
                    ],
                    [
                        -76.533899,
                        39.316124
                    ],
                    [
                        -76.533525,
                        39.314848
                    ],
                    [
                        -76.532918,
                        39.312661
                    ],
                    [
                        -76.532774,
                        39.312167
                    ],
                    [
                        -76.532664,
                        39.311792
                    ],
                    [
                        -76.531765,
                        39.30931
                    ],
                    [
                        -76.531571,
                        39.308711
                    ],
                    [
                        -76.531379,
                        39.308071
                    ],
                    [
                        -76.531059,
                        39.306848
                    ],
                    [
                        -76.530832,
                        39.305645
                    ],
                    [
                        -76.530699,
                        39.304548
                    ],
                    [
                        -76.530593,
                        39.303234
                    ],
                    [
                        -76.53056,
                        39.301865
                    ],
                    [
                        -76.530585,
                        39.300924
                    ],
                    [
                        -76.530666,
                        39.299708
                    ],
                    [
                        -76.530822,
                        39.298556
                    ],
                    [
                        -76.530977,
                        39.297583
                    ],
                    [
                        -76.531142,
                        39.296724
                    ],
                    [
                        -76.531736,
                        39.294419
                    ],
                    [
                        -76.532174,
                        39.292718
                    ],
                    [
                        -76.5326,
                        39.291203
                    ],
                    [
                        -76.533744,
                        39.286927
                    ],
                    [
                        -76.533871,
                        39.286587
                    ],
                    [
                        -76.533999,
                        39.286316
                    ],
                    [
                        -76.53413,
                        39.286082
                    ],
                    [
                        -76.534291,
                        39.28585
                    ],
                    [
                        -76.534439,
                        39.28568
                    ],
                    [
                        -76.534864,
                        39.285281
                    ],
                    [
                        -76.535108,
                        39.285109
                    ],
                    [
                        -76.535403,
                        39.284934
                    ],
                    [
                        -76.535699,
                        39.284785
                    ],
                    [
                        -76.536,
                        39.28467
                    ],
                    [
                        -76.536362,
                        39.284554
                    ],
                    [
                        -76.536658,
                        39.284484
                    ],
                    [
                        -76.536992,
                        39.284428
                    ],
                    [
                        -76.537301,
                        39.2844
                    ],
                    [
                        -76.537628,
                        39.284385
                    ],
                    [
                        -76.538408,
                        39.284402
                    ],
                    [
                        -76.539674,
                        39.284499
                    ],
                    [
                        -76.540506,
                        39.284561
                    ],
                    [
                        -76.540887,
                        39.284584
                    ],
                    [
                        -76.541724,
                        39.284621
                    ],
                    [
                        -76.543079,
                        39.284639
                    ],
                    [
                        -76.544543,
                        39.284578
                    ],
                    [
                        -76.545833,
                        39.284445
                    ],
                    [
                        -76.546302,
                        39.284363
                    ],
                    [
                        -76.546835,
                        39.284227
                    ],
                    [
                        -76.547256,
                        39.284096
                    ],
                    [
                        -76.54769,
                        39.283932
                    ],
                    [
                        -76.548159,
                        39.28372
                    ],
                    [
                        -76.54869,
                        39.283419
                    ],
                    [
                        -76.548981,
                        39.283223
                    ],
                    [
                        -76.549297,
                        39.282983
                    ],
                    [
                        -76.549491,
                        39.28281
                    ],
                    [
                        -76.549699,
                        39.282601
                    ],
                    [
                        -76.549958,
                        39.282288
                    ],
                    [
                        -76.550131,
                        39.28205
                    ],
                    [
                        -76.550345,
                        39.281707
                    ],
                    [
                        -76.550623,
                        39.281203
                    ],
                    [
                        -76.551032,
                        39.280373
                    ],
                    [
                        -76.551344,
                        39.279556
                    ],
                    [
                        -76.551549,
                        39.278723
                    ],
                    [
                        -76.551872,
                        39.277042
                    ],
                    [
                        -76.552084,
                        39.276122
                    ],
                    [
                        -76.552289,
                        39.275481
                    ],
                    [
                        -76.552577,
                        39.274869
                    ],
                    [
                        -76.552778,
                        39.274525
                    ],
                    [
                        -76.553127,
                        39.27407
                    ],
                    [
                        -76.553542,
                        39.273622
                    ],
                    [
                        -76.554551,
                        39.272814
                    ],
                    [
                        -76.556514,
                        39.271274
                    ],
                    [
                        -76.559872,
                        39.268579
                    ],
                    [
                        -76.56236,
                        39.26655
                    ],
                    [
                        -76.562912,
                        39.266114
                    ],
                    [
                        -76.563419,
                        39.265744
                    ],
                    [
                        -76.564155,
                        39.26523
                    ],
                    [
                        -76.564948,
                        39.264712
                    ],
                    [
                        -76.565892,
                        39.264168
                    ],
                    [
                        -76.56639,
                        39.263903
                    ],
                    [
                        -76.573262,
                        39.260854
                    ],
                    [
                        -76.573761,
                        39.260653
                    ],
                    [
                        -76.574313,
                        39.260478
                    ],
                    [
                        -76.574948,
                        39.26032
                    ],
                    [
                        -76.576206,
                        39.26011
                    ],
                    [
                        -76.576878,
                        39.260043
                    ],
                    [
                        -76.577523,
                        39.260014
                    ],
                    [
                        -76.578183,
                        39.260017
                    ],
                    [
                        -76.578808,
                        39.260045
                    ],
                    [
                        -76.579962,
                        39.260219
                    ],
                    [
                        -76.58055,
                        39.26035
                    ],
                    [
                        -76.581094,
                        39.260511
                    ],
                    [
                        -76.58161,
                        39.260708
                    ],
                    [
                        -76.582073,
                        39.260895
                    ],
                    [
                        -76.58292,
                        39.261299
                    ],
                    [
                        -76.585877,
                        39.262849
                    ],
                    [
                        -76.586844,
                        39.263315
                    ],
                    [
                        -76.587552,
                        39.263635
                    ],
                    [
                        -76.588266,
                        39.263928
                    ],
                    [
                        -76.589695,
                        39.264422
                    ],
                    [
                        -76.591271,
                        39.264896
                    ],
                    [
                        -76.592871,
                        39.265354
                    ],
                    [
                        -76.593787,
                        39.265582
                    ],
                    [
                        -76.594814,
                        39.265833
                    ],
                    [
                        -76.597842,
                        39.266452
                    ],
                    [
                        -76.602913,
                        39.267145
                    ],
                    [
                        -76.60377,
                        39.267228
                    ],
                    [
                        -76.604465,
                        39.26726
                    ],
                    [
                        -76.605133,
                        39.267273
                    ],
                    [
                        -76.605796,
                        39.267257
                    ],
                    [
                        -76.612672,
                        39.266968
                    ],
                    [
                        -76.613826,
                        39.266941
                    ],
                    [
                        -76.614905,
                        39.266995
                    ],
                    [
                        -76.615394,
                        39.267043
                    ],
                    [
                        -76.617199,
                        39.267302
                    ],
                    [
                        -76.617843,
                        39.26736
                    ],
                    [
                        -76.618338,
                        39.267396
                    ],
                    [
                        -76.618904,
                        39.267407
                    ],
                    [
                        -76.619462,
                        39.267412
                    ],
                    [
                        -76.621091,
                        39.267389
                    ],
                    [
                        -76.621944,
                        39.267379
                    ],
                    [
                        -76.622827,
                        39.267408
                    ],
                    [
                        -76.623798,
                        39.267483
                    ],
                    [
                        -76.624678,
                        39.267592
                    ],
                    [
                        -76.625765,
                        39.267785
                    ],
                    [
                        -76.626348,
                        39.267916
                    ],
                    [
                        -76.629872,
                        39.268809
                    ],
                    [
                        -76.631252,
                        39.269114
                    ],
                    [
                        -76.63349,
                        39.26956
                    ],
                    [
                        -76.634771,
                        39.269786
                    ],
                    [
                        -76.636426,
                        39.270049
                    ],
                    [
                        -76.638078,
                        39.270274
                    ],
                    [
                        -76.6393,
                        39.27042
                    ],
                    [
                        -76.642441,
                        39.270727
                    ],
                    [
                        -76.645535,
                        39.271008
                    ],
                    [
                        -76.646733,
                        39.271107
                    ],
                    [
                        -76.647456,
                        39.271169
                    ],
                    [
                        -76.648437,
                        39.271254
                    ],
                    [
                        -76.64952,
                        39.271348
                    ],
                    [
                        -76.651422,
                        39.271529
                    ],
                    [
                        -76.652413,
                        39.271581
                    ],
                    [
                        -76.652833,
                        39.271568
                    ],
                    [
                        -76.65347,
                        39.271518
                    ],
                    [
                        -76.653715,
                        39.271489
                    ],
                    [
                        -76.654101,
                        39.271419
                    ],
                    [
                        -76.654831,
                        39.271243
                    ],
                    [
                        -76.655316,
                        39.271085
                    ],
                    [
                        -76.655757,
                        39.270915
                    ],
                    [
                        -76.65743,
                        39.27017
                    ],
                    [
                        -76.660186,
                        39.268954
                    ],
                    [
                        -76.660516,
                        39.26881
                    ],
                    [
                        -76.669436,
                        39.264904
                    ],
                    [
                        -76.669901,
                        39.264686
                    ],
                    [
                        -76.670269,
                        39.264493
                    ],
                    [
                        -76.670724,
                        39.264221
                    ],
                    [
                        -76.671153,
                        39.263924
                    ],
                    [
                        -76.671568,
                        39.263597
                    ],
                    [
                        -76.671935,
                        39.263265
                    ],
                    [
                        -76.672273,
                        39.262906
                    ],
                    [
                        -76.672502,
                        39.262636
                    ],
                    [
                        -76.672812,
                        39.262222
                    ],
                    [
                        -76.673185,
                        39.261656
                    ],
                    [
                        -76.674909,
                        39.259
                    ],
                    [
                        -76.676009,
                        39.257317
                    ],
                    [
                        -76.676285,
                        39.256888
                    ],
                    [
                        -76.676997,
                        39.255811
                    ],
                    [
                        -76.677615,
                        39.254939
                    ],
                    [
                        -76.677975,
                        39.254457
                    ],
                    [
                        -76.678718,
                        39.253531
                    ],
                    [
                        -76.67901,
                        39.253187
                    ],
                    [
                        -76.679787,
                        39.252303
                    ],
                    [
                        -76.680491,
                        39.251566
                    ],
                    [
                        -76.680929,
                        39.251131
                    ],
                    [
                        -76.681229,
                        39.250836
                    ],
                    [
                        -76.682217,
                        39.249912
                    ],
                    [
                        -76.682546,
                        39.249624
                    ],
                    [
                        -76.683456,
                        39.24886
                    ],
                    [
                        -76.684609,
                        39.24796
                    ],
                    [
                        -76.684948,
                        39.247707
                    ],
                    [
                        -76.685419,
                        39.247366
                    ],
                    [
                        -76.68659,
                        39.246566
                    ],
                    [
                        -76.689444,
                        39.244668
                    ],
                    [
                        -76.690608,
                        39.24386
                    ],
                    [
                        -76.691903,
                        39.24299
                    ],
                    [
                        -76.693329,
                        39.242028
                    ],
                    [
                        -76.693998,
                        39.241605
                    ],
                    [
                        -76.694709,
                        39.241198
                    ],
                    [
                        -76.695265,
                        39.24092
                    ],
                    [
                        -76.695635,
                        39.240756
                    ],
                    [
                        -76.696277,
                        39.240506
                    ],
                    [
                        -76.697103,
                        39.240234
                    ],
                    [
                        -76.69752,
                        39.240119
                    ],
                    [
                        -76.69844,
                        39.23991
                    ],
                    [
                        -76.699011,
                        39.239812
                    ],
                    [
                        -76.6995,
                        39.239748
                    ],
                    [
                        -76.700388,
                        39.239667
                    ],
                    [
                        -76.701962,
                        39.239591
                    ],
                    [
                        -76.702248,
                        39.239568
                    ],
                    [
                        -76.702812,
                        39.239493
                    ],
                    [
                        -76.703359,
                        39.239384
                    ],
                    [
                        -76.703898,
                        39.239239
                    ],
                    [
                        -76.704481,
                        39.23904
                    ],
                    [
                        -76.704962,
                        39.238844
                    ],
                    [
                        -76.705592,
                        39.238552
                    ],
                    [
                        -76.70685,
                        39.237889
                    ],
                    [
                        -76.707763,
                        39.237334
                    ],
                    [
                        -76.708297,
                        39.236985
                    ],
                    [
                        -76.708721,
                        39.236686
                    ],
                    [
                        -76.709141,
                        39.23638
                    ],
                    [
                        -76.709642,
                        39.235985
                    ],
                    [
                        -76.710183,
                        39.235515
                    ],
                    [
                        -76.710723,
                        39.235014
                    ],
                    [
                        -76.711386,
                        39.234345
                    ],
                    [
                        -76.712126,
                        39.233501
                    ],
                    [
                        -76.712838,
                        39.232539
                    ],
                    [
                        -76.713672,
                        39.231307
                    ],
                    [
                        -76.716812,
                        39.226605
                    ],
                    [
                        -76.717294,
                        39.225916
                    ],
                    [
                        -76.717663,
                        39.225456
                    ],
                    [
                        -76.71805,
                        39.225029
                    ],
                    [
                        -76.718599,
                        39.224479
                    ],
                    [
                        -76.719263,
                        39.223911
                    ],
                    [
                        -76.719672,
                        39.223603
                    ],
                    [
                        -76.726772,
                        39.218568
                    ],
                    [
                        -76.728009,
                        39.217688
                    ],
                    [
                        -76.728949,
                        39.217034
                    ],
                    [
                        -76.729954,
                        39.21638
                    ],
                    [
                        -76.730937,
                        39.215808
                    ],
                    [
                        -76.732088,
                        39.215199
                    ],
                    [
                        -76.757123,
                        39.202739
                    ],
                    [
                        -76.760684,
                        39.200964
                    ],
                    [
                        -76.762532,
                        39.200038
                    ],
                    [
                        -76.763208,
                        39.19967
                    ],
                    [
                        -76.763806,
                        39.199317
                    ],
                    [
                        -76.765125,
                        39.198443
                    ],
                    [
                        -76.766046,
                        39.197772
                    ],
                    [
                        -76.767007,
                        39.19703
                    ],
                    [
                        -76.768201,
                        39.196035
                    ],
                    [
                        -76.769021,
                        39.195302
                    ],
                    [
                        -76.771148,
                        39.193304
                    ],
                    [
                        -76.772716,
                        39.191723
                    ],
                    [
                        -76.772987,
                        39.191443
                    ],
                    [
                        -76.774867,
                        39.189684
                    ],
                    [
                        -76.775617,
                        39.18903
                    ],
                    [
                        -76.782521,
                        39.183214
                    ],
                    [
                        -76.783111,
                        39.182717
                    ],
                    [
                        -76.783957,
                        39.18201
                    ],
                    [
                        -76.784959,
                        39.181226
                    ],
                    [
                        -76.785581,
                        39.180762
                    ],
                    [
                        -76.787002,
                        39.179771
                    ],
                    [
                        -76.788372,
                        39.178902
                    ],
                    [
                        -76.789756,
                        39.178082
                    ],
                    [
                        -76.791966,
                        39.176794
                    ],
                    [
                        -76.792914,
                        39.176256
                    ],
                    [
                        -76.794482,
                        39.1754
                    ],
                    [
                        -76.796155,
                        39.174533
                    ],
                    [
                        -76.798239,
                        39.173499
                    ],
                    [
                        -76.799108,
                        39.173053
                    ],
                    [
                        -76.800203,
                        39.172475
                    ],
                    [
                        -76.80127,
                        39.171882
                    ],
                    [
                        -76.803147,
                        39.170765
                    ],
                    [
                        -76.811542,
                        39.1655
                    ],
                    [
                        -76.8119,
                        39.165277
                    ],
                    [
                        -76.815576,
                        39.162981
                    ],
                    [
                        -76.81603,
                        39.162717
                    ],
                    [
                        -76.816633,
                        39.162394
                    ],
                    [
                        -76.817363,
                        39.162037
                    ],
                    [
                        -76.818106,
                        39.161703
                    ],
                    [
                        -76.818863,
                        39.161397
                    ],
                    [
                        -76.820149,
                        39.160952
                    ],
                    [
                        -76.821402,
                        39.16059
                    ],
                    [
                        -76.822772,
                        39.160271
                    ],
                    [
                        -76.826612,
                        39.159478
                    ],
                    [
                        -76.827953,
                        39.159179
                    ],
                    [
                        -76.828637,
                        39.158998
                    ],
                    [
                        -76.829674,
                        39.158674
                    ],
                    [
                        -76.83021,
                        39.158492
                    ],
                    [
                        -76.830796,
                        39.158272
                    ],
                    [
                        -76.831201,
                        39.158098
                    ],
                    [
                        -76.831957,
                        39.15779
                    ],
                    [
                        -76.832155,
                        39.157696
                    ],
                    [
                        -76.832728,
                        39.157424
                    ],
                    [
                        -76.83333,
                        39.157111
                    ],
                    [
                        -76.833906,
                        39.156788
                    ],
                    [
                        -76.834448,
                        39.156458
                    ],
                    [
                        -76.835152,
                        39.156007
                    ],
                    [
                        -76.835808,
                        39.155547
                    ],
                    [
                        -76.836468,
                        39.155028
                    ],
                    [
                        -76.836973,
                        39.154601
                    ],
                    [
                        -76.837457,
                        39.154162
                    ],
                    [
                        -76.837919,
                        39.15371
                    ],
                    [
                        -76.838666,
                        39.152892
                    ],
                    [
                        -76.83905,
                        39.152426
                    ],
                    [
                        -76.839763,
                        39.151472
                    ],
                    [
                        -76.842263,
                        39.14792
                    ],
                    [
                        -76.842697,
                        39.147314
                    ],
                    [
                        -76.844004,
                        39.145505
                    ],
                    [
                        -76.847723,
                        39.140233
                    ],
                    [
                        -76.848617,
                        39.138975
                    ],
                    [
                        -76.849249,
                        39.138171
                    ],
                    [
                        -76.849671,
                        39.13771
                    ],
                    [
                        -76.850009,
                        39.13738
                    ],
                    [
                        -76.85039,
                        39.137033
                    ],
                    [
                        -76.851111,
                        39.136457
                    ],
                    [
                        -76.8519,
                        39.135918
                    ],
                    [
                        -76.852699,
                        39.135452
                    ],
                    [
                        -76.853066,
                        39.13526
                    ],
                    [
                        -76.853569,
                        39.135015
                    ],
                    [
                        -76.854056,
                        39.134806
                    ],
                    [
                        -76.8559,
                        39.134065
                    ],
                    [
                        -76.856801,
                        39.133658
                    ],
                    [
                        -76.857338,
                        39.133394
                    ],
                    [
                        -76.857964,
                        39.133061
                    ],
                    [
                        -76.858572,
                        39.132706
                    ],
                    [
                        -76.859211,
                        39.132303
                    ],
                    [
                        -76.85982,
                        39.131895
                    ],
                    [
                        -76.860396,
                        39.13147
                    ],
                    [
                        -76.860943,
                        39.131041
                    ],
                    [
                        -76.861424,
                        39.130635
                    ],
                    [
                        -76.862026,
                        39.130076
                    ],
                    [
                        -76.862662,
                        39.129428
                    ],
                    [
                        -76.862996,
                        39.129084
                    ],
                    [
                        -76.863059,
                        39.129011
                    ],
                    [
                        -76.863648,
                        39.128263
                    ],
                    [
                        -76.864024,
                        39.127755
                    ],
                    [
                        -76.864408,
                        39.127181
                    ],
                    [
                        -76.867448,
                        39.122274
                    ],
                    [
                        -76.868117,
                        39.121176
                    ],
                    [
                        -76.868304,
                        39.120871
                    ],
                    [
                        -76.869058,
                        39.119672
                    ],
                    [
                        -76.869701,
                        39.118804
                    ],
                    [
                        -76.87008,
                        39.118364
                    ],
                    [
                        -76.870603,
                        39.117814
                    ],
                    [
                        -76.870955,
                        39.117473
                    ],
                    [
                        -76.871453,
                        39.117028
                    ],
                    [
                        -76.872889,
                        39.115926
                    ],
                    [
                        -76.874214,
                        39.114959
                    ],
                    [
                        -76.875608,
                        39.113904
                    ],
                    [
                        -76.876519,
                        39.11313
                    ],
                    [
                        -76.879748,
                        39.110104
                    ],
                    [
                        -76.880156,
                        39.109752
                    ],
                    [
                        -76.880717,
                        39.109286
                    ],
                    [
                        -76.881202,
                        39.108913
                    ],
                    [
                        -76.88216,
                        39.108219
                    ],
                    [
                        -76.882683,
                        39.107864
                    ],
                    [
                        -76.883262,
                        39.107497
                    ],
                    [
                        -76.885144,
                        39.106375
                    ],
                    [
                        -76.885712,
                        39.106012
                    ],
                    [
                        -76.886123,
                        39.105717
                    ],
                    [
                        -76.886526,
                        39.105403
                    ],
                    [
                        -76.886882,
                        39.1051
                    ],
                    [
                        -76.887571,
                        39.104428
                    ],
                    [
                        -76.8881,
                        39.103816
                    ],
                    [
                        -76.888382,
                        39.103447
                    ],
                    [
                        -76.888637,
                        39.103067
                    ],
                    [
                        -76.888872,
                        39.102683
                    ],
                    [
                        -76.889092,
                        39.102276
                    ],
                    [
                        -76.889435,
                        39.101513
                    ],
                    [
                        -76.889589,
                        39.101072
                    ],
                    [
                        -76.889769,
                        39.10047
                    ],
                    [
                        -76.89041,
                        39.098356
                    ],
                    [
                        -76.891793,
                        39.093724
                    ],
                    [
                        -76.891963,
                        39.093203
                    ],
                    [
                        -76.892161,
                        39.092687
                    ],
                    [
                        -76.892623,
                        39.091663
                    ],
                    [
                        -76.893059,
                        39.090867
                    ],
                    [
                        -76.893366,
                        39.090361
                    ],
                    [
                        -76.893679,
                        39.089896
                    ],
                    [
                        -76.894244,
                        39.089121
                    ],
                    [
                        -76.895927,
                        39.086962
                    ],
                    [
                        -76.899363,
                        39.082489
                    ],
                    [
                        -76.903297,
                        39.077364
                    ],
                    [
                        -76.904479,
                        39.075757
                    ],
                    [
                        -76.905265,
                        39.074615
                    ],
                    [
                        -76.905643,
                        39.074033
                    ],
                    [
                        -76.90687,
                        39.072044
                    ],
                    [
                        -76.907455,
                        39.071134
                    ],
                    [
                        -76.908171,
                        39.070092
                    ],
                    [
                        -76.908731,
                        39.069324
                    ],
                    [
                        -76.910344,
                        39.067187
                    ],
                    [
                        -76.910966,
                        39.066404
                    ],
                    [
                        -76.91125,
                        39.06607
                    ],
                    [
                        -76.911581,
                        39.065723
                    ],
                    [
                        -76.912263,
                        39.065102
                    ],
                    [
                        -76.912951,
                        39.064578
                    ],
                    [
                        -76.913671,
                        39.064107
                    ],
                    [
                        -76.91435,
                        39.063732
                    ],
                    [
                        -76.914767,
                        39.063532
                    ],
                    [
                        -76.915528,
                        39.063211
                    ],
                    [
                        -76.918232,
                        39.06221
                    ],
                    [
                        -76.922619,
                        39.060594
                    ],
                    [
                        -76.923506,
                        39.060219
                    ],
                    [
                        -76.923904,
                        39.060022
                    ],
                    [
                        -76.924673,
                        39.059593
                    ],
                    [
                        -76.925079,
                        39.059332
                    ],
                    [
                        -76.925813,
                        39.058799
                    ],
                    [
                        -76.926299,
                        39.058382
                    ],
                    [
                        -76.926578,
                        39.058113
                    ],
                    [
                        -76.926916,
                        39.057775
                    ],
                    [
                        -76.927221,
                        39.057434
                    ],
                    [
                        -76.927834,
                        39.056675
                    ],
                    [
                        -76.928586,
                        39.055627
                    ],
                    [
                        -76.928881,
                        39.0551
                    ],
                    [
                        -76.929132,
                        39.054602
                    ],
                    [
                        -76.931048,
                        39.050329
                    ],
                    [
                        -76.931605,
                        39.049054
                    ],
                    [
                        -76.93214,
                        39.047869
                    ],
                    [
                        -76.932428,
                        39.047278
                    ],
                    [
                        -76.932695,
                        39.046785
                    ],
                    [
                        -76.933371,
                        39.045675
                    ],
                    [
                        -76.934527,
                        39.04395
                    ],
                    [
                        -76.938395,
                        39.038164
                    ],
                    [
                        -76.938681,
                        39.03776
                    ],
                    [
                        -76.939118,
                        39.037194
                    ],
                    [
                        -76.939779,
                        39.036435
                    ],
                    [
                        -76.94049,
                        39.035712
                    ],
                    [
                        -76.941207,
                        39.03507
                    ],
                    [
                        -76.941828,
                        39.034566
                    ],
                    [
                        -76.942963,
                        39.033728
                    ],
                    [
                        -76.943393,
                        39.03344
                    ],
                    [
                        -76.943804,
                        39.033194
                    ],
                    [
                        -76.944322,
                        39.032905
                    ],
                    [
                        -76.946616,
                        39.031708
                    ],
                    [
                        -76.947139,
                        39.031415
                    ],
                    [
                        -76.947623,
                        39.031116
                    ],
                    [
                        -76.947992,
                        39.030853
                    ],
                    [
                        -76.948265,
                        39.030633
                    ],
                    [
                        -76.948519,
                        39.0304
                    ],
                    [
                        -76.948928,
                        39.029956
                    ],
                    [
                        -76.949093,
                        39.029742
                    ],
                    [
                        -76.94943,
                        39.029208
                    ],
                    [
                        -76.94957,
                        39.028924
                    ],
                    [
                        -76.949767,
                        39.028407
                    ],
                    [
                        -76.949836,
                        39.028165
                    ],
                    [
                        -76.950058,
                        39.026972
                    ],
                    [
                        -76.950093,
                        39.026667
                    ],
                    [
                        -76.950124,
                        39.026084
                    ],
                    [
                        -76.950074,
                        39.025455
                    ],
                    [
                        -76.949954,
                        39.024981
                    ],
                    [
                        -76.949845,
                        39.024674
                    ],
                    [
                        -76.949644,
                        39.024258
                    ],
                    [
                        -76.949395,
                        39.02389
                    ],
                    [
                        -76.948886,
                        39.023321
                    ],
                    [
                        -76.9483,
                        39.022859
                    ],
                    [
                        -76.947973,
                        39.022643
                    ],
                    [
                        -76.947261,
                        39.022284
                    ],
                    [
                        -76.946416,
                        39.022002
                    ],
                    [
                        -76.946093,
                        39.021913
                    ],
                    [
                        -76.945204,
                        39.021732
                    ],
                    [
                        -76.944693,
                        39.021674
                    ],
                    [
                        -76.943903,
                        39.021631
                    ],
                    [
                        -76.943492,
                        39.021639
                    ],
                    [
                        -76.941903,
                        39.021714
                    ],
                    [
                        -76.940824,
                        39.0217
                    ],
                    [
                        -76.939972,
                        39.021647
                    ],
                    [
                        -76.938552,
                        39.021474
                    ],
                    [
                        -76.93801,
                        39.021395
                    ],
                    [
                        -76.937416,
                        39.021285
                    ],
                    [
                        -76.936924,
                        39.021185
                    ],
                    [
                        -76.936355,
                        39.021045
                    ],
                    [
                        -76.935537,
                        39.020812
                    ],
                    [
                        -76.93497,
                        39.020622
                    ],
                    [
                        -76.934381,
                        39.020404
                    ],
                    [
                        -76.932305,
                        39.019578
                    ],
                    [
                        -76.931603,
                        39.019319
                    ],
                    [
                        -76.930942,
                        39.019098
                    ],
                    [
                        -76.930485,
                        39.018958
                    ],
                    [
                        -76.92979,
                        39.018768
                    ],
                    [
                        -76.928644,
                        39.018513
                    ],
                    [
                        -76.927891,
                        39.018381
                    ],
                    [
                        -76.926786,
                        39.018232
                    ],
                    [
                        -76.926219,
                        39.018176
                    ],
                    [
                        -76.925323,
                        39.01812
                    ],
                    [
                        -76.924176,
                        39.018104
                    ],
                    [
                        -76.923434,
                        39.018123
                    ],
                    [
                        -76.922769,
                        39.018164
                    ],
                    [
                        -76.921086,
                        39.018312
                    ],
                    [
                        -76.920395,
                        39.01837
                    ],
                    [
                        -76.919967,
                        39.018409
                    ],
                    [
                        -76.919134,
                        39.018452
                    ],
                    [
                        -76.918106,
                        39.018453
                    ],
                    [
                        -76.917024,
                        39.018379
                    ],
                    [
                        -76.916363,
                        39.018301
                    ],
                    [
                        -76.915759,
                        39.018205
                    ],
                    [
                        -76.915102,
                        39.018079
                    ],
                    [
                        -76.914413,
                        39.017911
                    ],
                    [
                        -76.913746,
                        39.017717
                    ],
                    [
                        -76.912695,
                        39.017345
                    ],
                    [
                        -76.912012,
                        39.017051
                    ],
                    [
                        -76.911682,
                        39.016887
                    ],
                    [
                        -76.911067,
                        39.016575
                    ],
                    [
                        -76.910608,
                        39.016311
                    ],
                    [
                        -76.910195,
                        39.016046
                    ],
                    [
                        -76.908939,
                        39.015173
                    ],
                    [
                        -76.90851,
                        39.014876
                    ],
                    [
                        -76.903591,
                        39.011437
                    ],
                    [
                        -76.903397,
                        39.011292
                    ],
                    [
                        -76.903133,
                        39.011092
                    ],
                    [
                        -76.902211,
                        39.010329
                    ],
                    [
                        -76.901779,
                        39.009953
                    ],
                    [
                        -76.900925,
                        39.00914
                    ],
                    [
                        -76.90009,
                        39.008251
                    ],
                    [
                        -76.898461,
                        39.006385
                    ],
                    [
                        -76.895569,
                        39.003018
                    ],
                    [
                        -76.892641,
                        38.999682
                    ],
                    [
                        -76.891959,
                        38.99882
                    ],
                    [
                        -76.891534,
                        38.998253
                    ],
                    [
                        -76.889937,
                        38.996061
                    ],
                    [
                        -76.889587,
                        38.995602
                    ],
                    [
                        -76.889341,
                        38.995288
                    ],
                    [
                        -76.888944,
                        38.994801
                    ],
                    [
                        -76.888507,
                        38.994131
                    ],
                    [
                        -76.888297,
                        38.993649
                    ],
                    [
                        -76.888233,
                        38.993297
                    ],
                    [
                        -76.888227,
                        38.993125
                    ],
                    [
                        -76.888264,
                        38.992773
                    ],
                    [
                        -76.888353,
                        38.992361
                    ],
                    [
                        -76.888674,
                        38.990396
                    ],
                    [
                        -76.888739,
                        38.990183
                    ],
                    [
                        -76.888831,
                        38.989976
                    ],
                    [
                        -76.889085,
                        38.989595
                    ],
                    [
                        -76.889376,
                        38.989275
                    ],
                    [
                        -76.890048,
                        38.988594
                    ],
                    [
                        -76.890733,
                        38.987862
                    ],
                    [
                        -76.891447,
                        38.987041
                    ],
                    [
                        -76.892062,
                        38.986161
                    ],
                    [
                        -76.892318,
                        38.985727
                    ],
                    [
                        -76.892537,
                        38.985278
                    ],
                    [
                        -76.892755,
                        38.984776
                    ],
                    [
                        -76.893117,
                        38.98378
                    ],
                    [
                        -76.893358,
                        38.982885
                    ],
                    [
                        -76.893829,
                        38.980498
                    ],
                    [
                        -76.893941,
                        38.980065
                    ],
                    [
                        -76.894074,
                        38.979638
                    ],
                    [
                        -76.894258,
                        38.979144
                    ],
                    [
                        -76.894671,
                        38.978263
                    ],
                    [
                        -76.894936,
                        38.97781
                    ],
                    [
                        -76.895439,
                        38.977065
                    ],
                    [
                        -76.896168,
                        38.976177
                    ],
                    [
                        -76.897609,
                        38.974518
                    ],
                    [
                        -76.897981,
                        38.974074
                    ],
                    [
                        -76.89835,
                        38.973598
                    ],
                    [
                        -76.898905,
                        38.972761
                    ],
                    [
                        -76.899721,
                        38.97135
                    ],
                    [
                        -76.900058,
                        38.970804
                    ],
                    [
                        -76.900401,
                        38.970271
                    ],
                    [
                        -76.901054,
                        38.969319
                    ],
                    [
                        -76.901734,
                        38.968406
                    ],
                    [
                        -76.904069,
                        38.965523
                    ],
                    [
                        -76.904337,
                        38.965142
                    ],
                    [
                        -76.904637,
                        38.964667
                    ],
                    [
                        -76.904822,
                        38.964321
                    ],
                    [
                        -76.905117,
                        38.963689
                    ],
                    [
                        -76.905378,
                        38.962835
                    ],
                    [
                        -76.905426,
                        38.962588
                    ],
                    [
                        -76.905483,
                        38.962031
                    ],
                    [
                        -76.905518,
                        38.961378
                    ],
                    [
                        -76.905508,
                        38.960913
                    ],
                    [
                        -76.905484,
                        38.959724
                    ],
                    [
                        -76.905521,
                        38.959174
                    ],
                    [
                        -76.905669,
                        38.958377
                    ],
                    [
                        -76.905874,
                        38.95777
                    ],
                    [
                        -76.906025,
                        38.957436
                    ],
                    [
                        -76.90619,
                        38.957118
                    ],
                    [
                        -76.906702,
                        38.956361
                    ],
                    [
                        -76.907046,
                        38.955956
                    ],
                    [
                        -76.907357,
                        38.955641
                    ],
                    [
                        -76.908155,
                        38.954836
                    ],
                    [
                        -76.908441,
                        38.954533
                    ],
                    [
                        -76.908664,
                        38.95426
                    ],
                    [
                        -76.909064,
                        38.953726
                    ],
                    [
                        -76.909239,
                        38.953439
                    ],
                    [
                        -76.909412,
                        38.953099
                    ],
                    [
                        -76.909688,
                        38.952463
                    ],
                    [
                        -76.909889,
                        38.9518
                    ],
                    [
                        -76.909967,
                        38.951423
                    ],
                    [
                        -76.910034,
                        38.950762
                    ],
                    [
                        -76.910044,
                        38.950435
                    ],
                    [
                        -76.910023,
                        38.950042
                    ],
                    [
                        -76.90982,
                        38.947651
                    ],
                    [
                        -76.909781,
                        38.946941
                    ],
                    [
                        -76.90981,
                        38.946222
                    ],
                    [
                        -76.909914,
                        38.945522
                    ],
                    [
                        -76.910071,
                        38.944873
                    ],
                    [
                        -76.910193,
                        38.944494
                    ],
                    [
                        -76.910438,
                        38.943887
                    ],
                    [
                        -76.910616,
                        38.943519
                    ],
                    [
                        -76.910847,
                        38.943103
                    ],
                    [
                        -76.911391,
                        38.94224
                    ],
                    [
                        -76.911621,
                        38.94195
                    ],
                    [
                        -76.912025,
                        38.941506
                    ],
                    [
                        -76.912415,
                        38.941113
                    ],
                    [
                        -76.91346,
                        38.940147
                    ],
                    [
                        -76.913731,
                        38.939874
                    ],
                    [
                        -76.914476,
                        38.939004
                    ],
                    [
                        -76.914705,
                        38.938673
                    ],
                    [
                        -76.914982,
                        38.938203
                    ],
                    [
                        -76.915262,
                        38.937672
                    ],
                    [
                        -76.915751,
                        38.936754
                    ],
                    [
                        -76.915993,
                        38.936375
                    ],
                    [
                        -76.9163,
                        38.935966
                    ],
                    [
                        -76.916868,
                        38.935355
                    ],
                    [
                        -76.916928,
                        38.935293
                    ],
                    [
                        -76.917183,
                        38.935061
                    ],
                    [
                        -76.917811,
                        38.934546
                    ],
                    [
                        -76.918203,
                        38.934278
                    ],
                    [
                        -76.918571,
                        38.934039
                    ],
                    [
                        -76.919126,
                        38.933731
                    ],
                    [
                        -76.919482,
                        38.933549
                    ],
                    [
                        -76.920121,
                        38.933275
                    ],
                    [
                        -76.922335,
                        38.932421
                    ],
                    [
                        -76.922768,
                        38.932243
                    ],
                    [
                        -76.923238,
                        38.932026
                    ],
                    [
                        -76.923667,
                        38.931805
                    ],
                    [
                        -76.924088,
                        38.931561
                    ],
                    [
                        -76.924481,
                        38.931313
                    ],
                    [
                        -76.92485,
                        38.931053
                    ],
                    [
                        -76.925409,
                        38.930598
                    ],
                    [
                        -76.925708,
                        38.930326
                    ],
                    [
                        -76.926192,
                        38.929825
                    ],
                    [
                        -76.92652,
                        38.929435
                    ],
                    [
                        -76.928242,
                        38.927093
                    ],
                    [
                        -76.928489,
                        38.926745
                    ],
                    [
                        -76.928946,
                        38.926129
                    ],
                    [
                        -76.929677,
                        38.92521
                    ],
                    [
                        -76.93008,
                        38.924799
                    ],
                    [
                        -76.930689,
                        38.924281
                    ],
                    [
                        -76.930871,
                        38.924169
                    ],
                    [
                        -76.932159,
                        38.923196
                    ],
                    [
                        -76.933807,
                        38.921996
                    ],
                    [
                        -76.93422,
                        38.921704
                    ],
                    [
                        -76.935231,
                        38.920995
                    ],
                    [
                        -76.936487,
                        38.920142
                    ],
                    [
                        -76.937451,
                        38.919516
                    ],
                    [
                        -76.937999,
                        38.919198
                    ],
                    [
                        -76.938526,
                        38.918939
                    ],
                    [
                        -76.93961,
                        38.918503
                    ],
                    [
                        -76.940317,
                        38.918333
                    ],
                    [
                        -76.941322,
                        38.918181
                    ],
                    [
                        -76.942107,
                        38.918116
                    ],
                    [
                        -76.942941,
                        38.918101
                    ],
                    [
                        -76.943326,
                        38.918113
                    ],
                    [
                        -76.943689,
                        38.918129
                    ],
                    [
                        -76.944287,
                        38.9182
                    ],
                    [
                        -76.945223,
                        38.918329
                    ],
                    [
                        -76.946176,
                        38.918494
                    ],
                    [
                        -76.946525,
                        38.918554
                    ],
                    [
                        -76.950566,
                        38.919225
                    ],
                    [
                        -76.951,
                        38.919275
                    ],
                    [
                        -76.951724,
                        38.919298
                    ],
                    [
                        -76.95225,
                        38.919264
                    ],
                    [
                        -76.952881,
                        38.919177
                    ],
                    [
                        -76.953401,
                        38.919058
                    ],
                    [
                        -76.953814,
                        38.918907
                    ],
                    [
                        -76.954155,
                        38.918755
                    ],
                    [
                        -76.954924,
                        38.918373
                    ],
                    [
                        -76.955142,
                        38.918266
                    ],
                    [
                        -76.956094,
                        38.917797
                    ],
                    [
                        -76.957127,
                        38.917307
                    ],
                    [
                        -76.95767,
                        38.917083
                    ],
                    [
                        -76.957869,
                        38.917016
                    ],
                    [
                        -76.958262,
                        38.916931
                    ],
                    [
                        -76.958835,
                        38.916894
                    ],
                    [
                        -76.959661,
                        38.91691
                    ],
                    [
                        -76.960914,
                        38.916962
                    ],
                    [
                        -76.964739,
                        38.917146
                    ],
                    [
                        -76.96609,
                        38.917263
                    ],
                    [
                        -76.96686,
                        38.917313
                    ],
                    [
                        -76.969301,
                        38.917411
                    ],
                    [
                        -76.970671,
                        38.917488
                    ],
                    [
                        -76.970957,
                        38.917488
                    ],
                    [
                        -76.971258,
                        38.917482
                    ],
                    [
                        -76.971592,
                        38.917471
                    ],
                    [
                        -76.971671,
                        38.917468
                    ],
                    [
                        -76.972426,
                        38.917444
                    ],
                    [
                        -76.97252,
                        38.917365
                    ],
                    [
                        -76.972627,
                        38.91723
                    ],
                    [
                        -76.972882,
                        38.916928
                    ],
                    [
                        -76.973177,
                        38.916562
                    ],
                    [
                        -76.973304,
                        38.91641
                    ],
                    [
                        -76.973783,
                        38.915816
                    ],
                    [
                        -76.974284,
                        38.915209
                    ],
                    [
                        -76.975182,
                        38.9141
                    ],
                    [
                        -76.9757,
                        38.913449
                    ],
                    [
                        -76.975983,
                        38.913099
                    ],
                    [
                        -76.976125,
                        38.912912
                    ],
                    [
                        -76.976278,
                        38.912668
                    ],
                    [
                        -76.976419,
                        38.912303
                    ],
                    [
                        -76.976641,
                        38.911659
                    ],
                    [
                        -76.976669,
                        38.911581
                    ],
                    [
                        -76.977389,
                        38.909503
                    ],
                    [
                        -76.978191,
                        38.908246
                    ],
                    [
                        -76.97828,
                        38.908113
                    ],
                    [
                        -76.978352,
                        38.908002
                    ],
                    [
                        -76.978825,
                        38.907285
                    ],
                    [
                        -76.979635,
                        38.907704
                    ],
                    [
                        -76.980085,
                        38.907945
                    ],
                    [
                        -76.980204,
                        38.907987
                    ],
                    [
                        -76.980297,
                        38.908035
                    ],
                    [
                        -76.9817,
                        38.908778
                    ],
                    [
                        -76.98219,
                        38.909034
                    ],
                    [
                        -76.982778,
                        38.909344
                    ],
                    [
                        -76.98309,
                        38.909488
                    ],
                    [
                        -76.983489,
                        38.909675
                    ],
                    [
                        -76.983929,
                        38.909843
                    ],
                    [
                        -76.984123,
                        38.909912
                    ],
                    [
                        -76.984284,
                        38.90997
                    ],
                    [
                        -76.984405,
                        38.910013
                    ],
                    [
                        -76.984546,
                        38.910063
                    ],
                    [
                        -76.984623,
                        38.910091
                    ],
                    [
                        -76.9848,
                        38.910155
                    ],
                    [
                        -76.98498,
                        38.910219
                    ],
                    [
                        -76.985426,
                        38.910382
                    ],
                    [
                        -76.98575,
                        38.910494
                    ],
                    [
                        -76.985833,
                        38.910452
                    ],
                    [
                        -76.986263,
                        38.910102
                    ],
                    [
                        -76.986278,
                        38.910039
                    ],
                    [
                        -76.986951,
                        38.909446
                    ],
                    [
                        -76.987468,
                        38.908986
                    ],
                    [
                        -76.988008,
                        38.90851
                    ],
                    [
                        -76.988284,
                        38.908263
                    ],
                    [
                        -76.988831,
                        38.907777
                    ],
                    [
                        -76.989169,
                        38.907478
                    ],
                    [
                        -76.989259,
                        38.907398
                    ],
                    [
                        -76.989383,
                        38.907289
                    ],
                    [
                        -76.989892,
                        38.906836
                    ],
                    [
                        -76.990407,
                        38.906391
                    ],
                    [
                        -76.990869,
                        38.905981
                    ],
                    [
                        -76.991309,
                        38.905588
                    ],
                    [
                        -76.991759,
                        38.905193
                    ],
                    [
                        -76.992222,
                        38.904784
                    ],
                    [
                        -76.992662,
                        38.904393
                    ],
                    [
                        -76.992781,
                        38.904287
                    ],
                    [
                        -76.993025,
                        38.904072
                    ],
                    [
                        -76.993116,
                        38.904012
                    ],
                    [
                        -76.99353,
                        38.903728
                    ],
                    [
                        -76.993757,
                        38.903574
                    ],
                    [
                        -76.994285,
                        38.90323
                    ],
                    [
                        -76.994482,
                        38.903101
                    ],
                    [
                        -76.994641,
                        38.902998
                    ],
                    [
                        -76.994959,
                        38.902798
                    ],
                    [
                        -76.994959,
                        38.902512
                    ],
                    [
                        -76.99496,
                        38.902086
                    ],
                    [
                        -76.99496,
                        38.901731
                    ],
                    [
                        -76.99496,
                        38.901682
                    ],
                    [
                        -76.994961,
                        38.901326
                    ],
                    [
                        -76.994961,
                        38.900609
                    ],
                    [
                        -76.994961,
                        38.900589
                    ],
                    [
                        -76.994961,
                        38.900203
                    ],
                    [
                        -76.994962,
                        38.899761
                    ],
                    [
                        -76.994962,
                        38.899657
                    ],
                    [
                        -76.994963,
                        38.899377
                    ],
                    [
                        -76.99496,
                        38.898919
                    ],
                    [
                        -76.994965,
                        38.897333
                    ],
                    [
                        -76.995564,
                        38.897333
                    ],
                    [
                        -76.995582,
                        38.897333
                    ],
                    [
                        -76.99617,
                        38.897333
                    ],
                    [
                        -76.998453,
                        38.897342
                    ],
                    [
                        -76.999511,
                        38.897341
                    ],
                    [
                        -77.000573,
                        38.897344
                    ],
                    [
                        -77.002038,
                        38.897335
                    ],
                    [
                        -77.003509,
                        38.897337
                    ],
                    [
                        -77.00351,
                        38.897247
                    ],
                    [
                        -77.00351,
                        38.897104
                    ],
                    [
                        -77.003509,
                        38.896811
                    ],
                    [
                        -77.00351,
                        38.896118
                    ],
                    [
                        -77.00351,
                        38.895913
                    ],
                    [
                        -77.003511,
                        38.895757
                    ],
                    [
                        -77.00351,
                        38.895641
                    ],
                    [
                        -77.003544,
                        38.895527
                    ],
                    [
                        -77.003576,
                        38.895445
                    ],
                    [
                        -77.00363,
                        38.895392
                    ],
                    [
                        -77.00368,
                        38.895369
                    ],
                    [
                        -77.003828,
                        38.895336
                    ],
                    [
                        -77.004825,
                        38.895748
                    ],
                    [
                        -77.005009,
                        38.895857
                    ],
                    [
                        -77.005295,
                        38.895957
                    ],
                    [
                        -77.005412,
                        38.896048
                    ],
                    [
                        -77.005495,
                        38.896152
                    ],
                    [
                        -77.005516,
                        38.896372
                    ],
                    [
                        -77.005528,
                        38.896482
                    ],
                    [
                        -77.005597,
                        38.896628
                    ],
                    [
                        -77.005683,
                        38.89667
                    ],
                    [
                        -77.005848,
                        38.896711
                    ],
                    [
                        -77.006362,
                        38.896826
                    ]
                ],
                "type": "LineString"
            }
        }
    ],
    "metadata": {
        "attribution": "openrouteservice.org | OpenStreetMap contributors",
        "service": "routing",
        "timestamp": 1756796834502,
        "query": {
            "coordinates": [
                [
                    -73.9708,
                    40.68295
                ],
                [
                    -77.006353,
                    38.89685
                ]
            ],
            "profile": "driving-car",
            "profileName": "driving-car",
            "format": "geojson"
        },
        "engine": {
            "version": "9.3.0",
            "build_date": "2025-06-06T15:39:25Z",
            "graph_date": "2025-08-31T11:45:10Z",
            "osm_date": "2025-08-24T23:59:58Z"
        }
    }
}