{
    "type": "FeatureCollection",
    "bbox": [
        -91.870138,
        14.741129,
        -91.161139,
        15.073819
    ],
    "features": [
        {
            "bbox": [
                -91.870138,
                14.741129,
                -91.161139,
                15.073819
            ],
            "type": "Feature",
            "properties": {
                "segments": [
                    {
                        "distance": 148787.7,
                        "duration": 7711.7,
                        "steps": [
                            {
                                "distance": 81.2,
                                "duration": 19.5,
                                "type": 11,
                                "instruction": "Head south",
                                "name": "-",
                                "way_points": [
                                    0,
                                    4
                                ]
                            },
                            {
                                "distance": 40.9,
                                "duration": 9.8,
                                "type": 4,
                                "instruction": "Turn slight left",
                                "name": "-",
                                "way_points": [
                                    4,
                                    5
                                ]
                            },
                            {
                                "distance": 246.7,
                                "duration": 59.2,
                                "type": 0,
                                "instruction": "Turn left onto Calle Monte Rey",
                                "name": "Calle Monte Rey",
                                "way_points": [
                                    5,
                                    11
                                ]
                            },
                            {
                                "distance": 45.4,
                                "duration": 16.3,
                                "type": 0,
                                "instruction": "Turn left",
                                "name": "-",
                                "way_points": [
                                    11,
                                    13
                                ]
                            },
                            {
                                "distance": 6560.9,
                                "duration": 402.7,
                                "type": 0,
                                "instruction": "Turn left onto Calle Real, RN-1",
                                "name": "Calle Real, RN-1",
                                "way_points": [
                                    13,
                                    244
                                ]
                            },
                            {
                                "distance": 78.0,
                                "duration": 9.4,
                                "type": 1,
                                "instruction": "Turn right onto 9a Avenida, RN-1",
                                "name": "9a Avenida, RN-1",
                                "way_points": [
                                    244,
                                    245
                                ]
                            },
                            {
                                "distance": 165.6,
                                "duration": 19.9,
                                "type": 0,
                                "instruction": "Turn left onto 10a Calle Zona 2, RN-1",
                                "name": "10a Calle Zona 2, RN-1",
                                "way_points": [
                                    245,
                                    248
                                ]
                            },
                            {
                                "distance": 331.3,
                                "duration": 29.8,
                                "type": 1,
                                "instruction": "Turn right onto 7a Avenida Zona 2, RN-1",
                                "name": "7a Avenida Zona 2, RN-1",
                                "way_points": [
                                    248,
                                    254
                                ]
                            },
                            {
                                "distance": 175.6,
                                "duration": 42.1,
                                "type": 0,
                                "instruction": "Turn left onto 6a Calle Zona 2",
                                "name": "6a Calle Zona 2",
                                "way_points": [
                                    254,
                                    256
                                ]
                            },
                            {
                                "distance": 84.3,
                                "duration": 20.2,
                                "type": 0,
                                "instruction": "Turn left onto 5a Avenida",
                                "name": "5a Avenida",
                                "way_points": [
                                    256,
                                    257
                                ]
                            },
                            {
                                "distance": 480.5,
                                "duration": 47.9,
                                "type": 1,
                                "instruction": "Turn right onto 7a Calle",
                                "name": "7a Calle",
                                "way_points": [
                                    257,
                                    269
                                ]
                            },
                            {
                                "distance": 5099.3,
                                "duration": 374.6,
                                "type": 4,
                                "instruction": "Turn slight left onto 6a Calle",
                                "name": "6a Calle",
                                "way_points": [
                                    269,
                                    480
                                ]
                            },
                            {
                                "distance": 1105.3,
                                "duration": 83.3,
                                "type": 0,
                                "instruction": "Turn left",
                                "name": "-",
                                "way_points": [
                                    480,
                                    502
                                ]
                            },
                            {
                                "distance": 6364.6,
                                "duration": 460.1,
                                "type": 1,
                                "instruction": "Turn right",
                                "name": "-",
                                "way_points": [
                                    502,
                                    634
                                ]
                            },
                            {
                                "distance": 21.8,
                                "duration": 5.2,
                                "type": 1,
                                "instruction": "Turn right onto 4a Calle",
                                "name": "4a Calle",
                                "way_points": [
                                    634,
                                    635
                                ]
                            },
                            {
                                "distance": 508.6,
                                "duration": 40.7,
                                "type": 1,
                                "instruction": "Turn right onto 3a Avenida, RD SOL-4",
                                "name": "3a Avenida, RD SOL-4",
                                "way_points": [
                                    635,
                                    651
                                ]
                            },
                            {
                                "distance": 3454.6,
                                "duration": 252.8,
                                "type": 12,
                                "instruction": "Keep left onto RD SOL-4",
                                "name": "RD SOL-4",
                                "way_points": [
                                    651,
                                    735
                                ]
                            },
                            {
                                "distance": 566.3,
                                "duration": 37.1,
                                "type": 13,
                                "instruction": "Keep right onto RD SOL-7",
                                "name": "RD SOL-7",
                                "way_points": [
                                    735,
                                    742
                                ]
                            },
                            {
                                "distance": 37761.8,
                                "duration": 1599.3,
                                "type": 0,
                                "instruction": "Turn left onto Carretera Panamericana, CA-1 Occ",
                                "name": "Carretera Panamericana, CA-1 Occ",
                                "way_points": [
                                    742,
                                    1787
                                ]
                            },
                            {
                                "distance": 3149.4,
                                "duration": 143.8,
                                "type": 13,
                                "instruction": "Keep right",
                                "name": "-",
                                "way_points": [
                                    1787,
                                    1853
                                ]
                            },
                            {
                                "distance": 4530.5,
                                "duration": 193.5,
                                "type": 7,
                                "instruction": "Enter the roundabout and take the 2nd exit onto Autopista Los Altos, RN-1B",
                                "name": "Autopista Los Altos, RN-1B",
                                "exit_number": 2,
                                "way_points": [
                                    1853,
                                    1956
                                ]
                            },
                            {
                                "distance": 353.1,
                                "duration": 15.0,
                                "type": 5,
                                "instruction": "Turn slight right onto Autopista Los Altos, RN-1, RN-1B",
                                "name": "Autopista Los Altos, RN-1, RN-1B",
                                "way_points": [
                                    1956,
                                    1965
                                ]
                            },
                            {
                                "distance": 4825.0,
                                "duration": 245.8,
                                "type": 1,
                                "instruction": "Turn right",
                                "name": "-",
                                "way_points": [
                                    1965,
                                    2049
                                ]
                            },
                            {
                                "distance": 4386.6,
                                "duration": 189.6,
                                "type": 3,
                                "instruction": "Turn sharp right onto Anillo Perif\u00e9rico de Quetzaltenango, RN-1B",
                                "name": "Anillo Perif\u00e9rico de Quetzaltenango, RN-1B",
                                "way_points": [
                                    2049,
                                    2153
                                ]
                            },
                            {
                                "distance": 2236.3,
                                "duration": 101.6,
                                "type": 7,
                                "instruction": "Enter the roundabout and take the 2nd exit onto RN-1",
                                "name": "RN-1",
                                "exit_number": 2,
                                "way_points": [
                                    2153,
                                    2215
                                ]
                            },
                            {
                                "distance": 7536.3,
                                "duration": 319.1,
                                "type": 7,
                                "instruction": "Enter the roundabout and take the 2nd exit onto 1a Calle Zona 4, RN-1",
                                "name": "1a Calle Zona 4, RN-1",
                                "exit_number": 2,
                                "way_points": [
                                    2215,
                                    2395
                                ]
                            },
                            {
                                "distance": 17866.9,
                                "duration": 756.7,
                                "type": 1,
                                "instruction": "Turn right onto RN-1",
                                "name": "RN-1",
                                "way_points": [
                                    2395,
                                    2799
                                ]
                            },
                            {
                                "distance": 15367.4,
                                "duration": 650.8,
                                "type": 1,
                                "instruction": "Turn right onto RN-1",
                                "name": "RN-1",
                                "way_points": [
                                    2799,
                                    3188
                                ]
                            },
                            {
                                "distance": 174.8,
                                "duration": 14.0,
                                "type": 6,
                                "instruction": "Continue straight onto GUA 1",
                                "name": "GUA 1",
                                "way_points": [
                                    3188,
                                    3191
                                ]
                            },
                            {
                                "distance": 141.6,
                                "duration": 12.7,
                                "type": 1,
                                "instruction": "Turn right onto 3a Avenida",
                                "name": "3a Avenida",
                                "way_points": [
                                    3191,
                                    3194
                                ]
                            },
                            {
                                "distance": 225.1,
                                "duration": 20.3,
                                "type": 6,
                                "instruction": "Continue straight onto 2a Avenida",
                                "name": "2a Avenida",
                                "way_points": [
                                    3194,
                                    3197
                                ]
                            },
                            {
                                "distance": 1583.0,
                                "duration": 124.5,
                                "type": 1,
                                "instruction": "Turn right",
                                "name": "-",
                                "way_points": [
                                    3197,
                                    3239
                                ]
                            },
                            {
                                "distance": 9169.9,
                                "duration": 550.2,
                                "type": 5,
                                "instruction": "Turn slight right onto RN-12N",
                                "name": "RN-12N",
                                "way_points": [
                                    3239,
                                    3535
                                ]
                            },
                            {
                                "distance": 928.5,
                                "duration": 55.7,
                                "type": 12,
                                "instruction": "Keep left onto RN-12N",
                                "name": "RN-12N",
                                "way_points": [
                                    3535,
                                    3551
                                ]
                            },
                            {
                                "distance": 7483.6,
                                "duration": 449.0,
                                "type": 0,
                                "instruction": "Turn left onto RN-12N",
                                "name": "RN-12N",
                                "way_points": [
                                    3551,
                                    3767
                                ]
                            },
                            {
                                "distance": 5657.3,
                                "duration": 339.4,
                                "type": 12,
                                "instruction": "Keep left onto RN-12N",
                                "name": "RN-12N",
                                "way_points": [
                                    3767,
                                    3965
                                ]
                            },
                            {
                                "distance": 0.0,
                                "duration": 0.0,
                                "type": 10,
                                "instruction": "Arrive at RN-12N, on the right",
                                "name": "-",
                                "way_points": [
                                    3965,
                                    3965
                                ]
                            }
                        ]
                    }
                ],
                "extras": {
                    "roadaccessrestrictions": {
                        "values": [
                            [
                                0,
                                4,
                                0
                            ],
                            [
                                4,
                                5,
                                32
                            ],
                            [
                                5,
                                2037,
                                0
                            ],
                            [
                                2037,
                                2042,
                                1
                            ],
                            [
                                2042,
                                2215,
                                0
                            ],
                            [
                                2215,
                                2217,
                                1
                            ],
                            [
                                2217,
                                3965,
                                0
                            ]
                        ],
                        "summary": [
                            {
                                "value": 0.0,
                                "distance": 148108.3,
                                "amount": 99.54
                            },
                            {
                                "value": 1.0,
                                "distance": 638.6,
                                "amount": 0.43
                            },
                            {
                                "value": 32.0,
                                "distance": 40.9,
                                "amount": 0.03
                            }
                        ]
                    }
                },
                "warnings": [
                    {
                        "code": 1,
                        "message": "There may be restrictions on some roads"
                    }
                ],
                "way_points": [
                    0,
                    3965
                ],
                "summary": {
                    "distance": 148787.7,
                    "duration": 7711.7
                }
            },
            "geometry": {
                "coordinates": [
                    [
                        -91.163165,
                        14.741204
                    ],
                    [
                        -91.163172,
                        14.741152
                    ],
                    [
                        -91.163141,
                        14.741129
                    ],
                    [
                        -91.162704,
                        14.741241
                    ],
                    [
                        -91.162498,
                        14.741206
                    ],
                    [
                        -91.162176,
                        14.741402
                    ],
                    [
                        -91.162464,
                        14.74187
                    ],
                    [
                        -91.162249,
                        14.742053
                    ],
                    [
                        -91.162002,
                        14.742252
                    ],
                    [
                        -91.161555,
                        14.742613
                    ],
                    [
                        -91.161347,
                        14.74278
                    ],
                    [
                        -91.161139,
                        14.742946
                    ],
                    [
                        -91.161214,
                        14.743126
                    ],
                    [
                        -91.161292,
                        14.743326
                    ],
                    [
                        -91.161695,
                        14.74327
                    ],
                    [
                        -91.161944,
                        14.743291
                    ],
                    [
                        -91.162078,
                        14.743357
                    ],
                    [
                        -91.162856,
                        14.743951
                    ],
                    [
                        -91.162996,
                        14.744086
                    ],
                    [
                        -91.163032,
                        14.744144
                    ],
                    [
                        -91.163032,
                        14.744233
                    ],
                    [
                        -91.162852,
                        14.744456
                    ],
                    [
                        -91.162768,
                        14.744581
                    ],
                    [
                        -91.162733,
                        14.744962
                    ],
                    [
                        -91.162718,
                        14.74566
                    ],
                    [
                        -91.162617,
                        14.746907
                    ],
                    [
                        -91.162567,
                        14.74713
                    ],
                    [
                        -91.162464,
                        14.747411
                    ],
                    [
                        -91.162444,
                        14.747687
                    ],
                    [
                        -91.162447,
                        14.747885
                    ],
                    [
                        -91.162574,
                        14.748127
                    ],
                    [
                        -91.16263,
                        14.748437
                    ],
                    [
                        -91.162637,
                        14.748628
                    ],
                    [
                        -91.162622,
                        14.748849
                    ],
                    [
                        -91.162527,
                        14.749114
                    ],
                    [
                        -91.162525,
                        14.749401
                    ],
                    [
                        -91.162502,
                        14.749656
                    ],
                    [
                        -91.162512,
                        14.749719
                    ],
                    [
                        -91.162586,
                        14.749848
                    ],
                    [
                        -91.162646,
                        14.750075
                    ],
                    [
                        -91.16263,
                        14.750167
                    ],
                    [
                        -91.162585,
                        14.750259
                    ],
                    [
                        -91.162444,
                        14.750436
                    ],
                    [
                        -91.162367,
                        14.75061
                    ],
                    [
                        -91.162326,
                        14.750865
                    ],
                    [
                        -91.162196,
                        14.751345
                    ],
                    [
                        -91.16218,
                        14.751579
                    ],
                    [
                        -91.16219,
                        14.752376
                    ],
                    [
                        -91.162162,
                        14.75277
                    ],
                    [
                        -91.162137,
                        14.752886
                    ],
                    [
                        -91.162061,
                        14.753
                    ],
                    [
                        -91.161473,
                        14.753511
                    ],
                    [
                        -91.161441,
                        14.753592
                    ],
                    [
                        -91.161448,
                        14.753784
                    ],
                    [
                        -91.161704,
                        14.754132
                    ],
                    [
                        -91.161761,
                        14.754297
                    ],
                    [
                        -91.161797,
                        14.754532
                    ],
                    [
                        -91.161776,
                        14.75472
                    ],
                    [
                        -91.161717,
                        14.75488
                    ],
                    [
                        -91.16163,
                        14.755242
                    ],
                    [
                        -91.161553,
                        14.75542
                    ],
                    [
                        -91.161436,
                        14.755536
                    ],
                    [
                        -91.161384,
                        14.755639
                    ],
                    [
                        -91.161395,
                        14.755731
                    ],
                    [
                        -91.161624,
                        14.756011
                    ],
                    [
                        -91.161764,
                        14.756986
                    ],
                    [
                        -91.161836,
                        14.757018
                    ],
                    [
                        -91.161896,
                        14.757024
                    ],
                    [
                        -91.162046,
                        14.757028
                    ],
                    [
                        -91.162174,
                        14.756552
                    ],
                    [
                        -91.162362,
                        14.756013
                    ],
                    [
                        -91.162411,
                        14.755947
                    ],
                    [
                        -91.162508,
                        14.75588
                    ],
                    [
                        -91.16266,
                        14.755822
                    ],
                    [
                        -91.163617,
                        14.755662
                    ],
                    [
                        -91.163714,
                        14.755596
                    ],
                    [
                        -91.163794,
                        14.755515
                    ],
                    [
                        -91.16395,
                        14.75521
                    ],
                    [
                        -91.164119,
                        14.755022
                    ],
                    [
                        -91.164277,
                        14.754928
                    ],
                    [
                        -91.164414,
                        14.754875
                    ],
                    [
                        -91.164551,
                        14.754846
                    ],
                    [
                        -91.164693,
                        14.754841
                    ],
                    [
                        -91.16484,
                        14.754864
                    ],
                    [
                        -91.165066,
                        14.754932
                    ],
                    [
                        -91.165765,
                        14.755257
                    ],
                    [
                        -91.166144,
                        14.755483
                    ],
                    [
                        -91.166707,
                        14.755755
                    ],
                    [
                        -91.166826,
                        14.755854
                    ],
                    [
                        -91.167049,
                        14.756145
                    ],
                    [
                        -91.167137,
                        14.756226
                    ],
                    [
                        -91.167227,
                        14.756258
                    ],
                    [
                        -91.167494,
                        14.756193
                    ],
                    [
                        -91.167675,
                        14.756185
                    ],
                    [
                        -91.167833,
                        14.756218
                    ],
                    [
                        -91.167983,
                        14.756274
                    ],
                    [
                        -91.168251,
                        14.756412
                    ],
                    [
                        -91.168404,
                        14.756427
                    ],
                    [
                        -91.168603,
                        14.756399
                    ],
                    [
                        -91.168727,
                        14.756316
                    ],
                    [
                        -91.168764,
                        14.75625
                    ],
                    [
                        -91.168781,
                        14.756164
                    ],
                    [
                        -91.168765,
                        14.75583
                    ],
                    [
                        -91.168785,
                        14.755672
                    ],
                    [
                        -91.16882,
                        14.755591
                    ],
                    [
                        -91.168876,
                        14.755526
                    ],
                    [
                        -91.168964,
                        14.755464
                    ],
                    [
                        -91.169163,
                        14.755391
                    ],
                    [
                        -91.169336,
                        14.755294
                    ],
                    [
                        -91.169461,
                        14.755157
                    ],
                    [
                        -91.16957,
                        14.754981
                    ],
                    [
                        -91.169617,
                        14.75474
                    ],
                    [
                        -91.169631,
                        14.754476
                    ],
                    [
                        -91.169583,
                        14.754281
                    ],
                    [
                        -91.169478,
                        14.754099
                    ],
                    [
                        -91.16938,
                        14.753998
                    ],
                    [
                        -91.169304,
                        14.753895
                    ],
                    [
                        -91.169258,
                        14.753747
                    ],
                    [
                        -91.16925,
                        14.753471
                    ],
                    [
                        -91.169268,
                        14.753364
                    ],
                    [
                        -91.169386,
                        14.753114
                    ],
                    [
                        -91.16964,
                        14.75283
                    ],
                    [
                        -91.169904,
                        14.752439
                    ],
                    [
                        -91.169961,
                        14.752313
                    ],
                    [
                        -91.17006,
                        14.752194
                    ],
                    [
                        -91.17018,
                        14.752131
                    ],
                    [
                        -91.170263,
                        14.752108
                    ],
                    [
                        -91.170307,
                        14.752104
                    ],
                    [
                        -91.170386,
                        14.75213
                    ],
                    [
                        -91.170477,
                        14.752303
                    ],
                    [
                        -91.17058,
                        14.752691
                    ],
                    [
                        -91.170629,
                        14.752936
                    ],
                    [
                        -91.170782,
                        14.75342
                    ],
                    [
                        -91.170821,
                        14.753502
                    ],
                    [
                        -91.170898,
                        14.753594
                    ],
                    [
                        -91.170999,
                        14.753641
                    ],
                    [
                        -91.171333,
                        14.753665
                    ],
                    [
                        -91.171864,
                        14.753717
                    ],
                    [
                        -91.17197,
                        14.753744
                    ],
                    [
                        -91.172194,
                        14.753862
                    ],
                    [
                        -91.172433,
                        14.754072
                    ],
                    [
                        -91.17255,
                        14.754201
                    ],
                    [
                        -91.172662,
                        14.754355
                    ],
                    [
                        -91.172871,
                        14.754702
                    ],
                    [
                        -91.172947,
                        14.754785
                    ],
                    [
                        -91.172994,
                        14.754806
                    ],
                    [
                        -91.173049,
                        14.754806
                    ],
                    [
                        -91.17323,
                        14.754741
                    ],
                    [
                        -91.173316,
                        14.754729
                    ],
                    [
                        -91.173595,
                        14.754752
                    ],
                    [
                        -91.173729,
                        14.754787
                    ],
                    [
                        -91.17396,
                        14.754964
                    ],
                    [
                        -91.17401,
                        14.754981
                    ],
                    [
                        -91.174069,
                        14.754979
                    ],
                    [
                        -91.174452,
                        14.754871
                    ],
                    [
                        -91.174782,
                        14.754882
                    ],
                    [
                        -91.174863,
                        14.75487
                    ],
                    [
                        -91.174988,
                        14.75476
                    ],
                    [
                        -91.175223,
                        14.754437
                    ],
                    [
                        -91.175301,
                        14.754361
                    ],
                    [
                        -91.175388,
                        14.754307
                    ],
                    [
                        -91.175645,
                        14.754197
                    ],
                    [
                        -91.175924,
                        14.754104
                    ],
                    [
                        -91.176409,
                        14.753737
                    ],
                    [
                        -91.176488,
                        14.753705
                    ],
                    [
                        -91.176616,
                        14.75369
                    ],
                    [
                        -91.176666,
                        14.75371
                    ],
                    [
                        -91.176752,
                        14.753787
                    ],
                    [
                        -91.176851,
                        14.753967
                    ],
                    [
                        -91.176986,
                        14.754365
                    ],
                    [
                        -91.177027,
                        14.754878
                    ],
                    [
                        -91.177015,
                        14.754986
                    ],
                    [
                        -91.176945,
                        14.755159
                    ],
                    [
                        -91.176905,
                        14.755216
                    ],
                    [
                        -91.176096,
                        14.755889
                    ],
                    [
                        -91.175965,
                        14.756045
                    ],
                    [
                        -91.175872,
                        14.756221
                    ],
                    [
                        -91.175808,
                        14.756418
                    ],
                    [
                        -91.17574,
                        14.756918
                    ],
                    [
                        -91.175568,
                        14.757439
                    ],
                    [
                        -91.175476,
                        14.757628
                    ],
                    [
                        -91.175394,
                        14.757789
                    ],
                    [
                        -91.17528,
                        14.758229
                    ],
                    [
                        -91.175329,
                        14.758717
                    ],
                    [
                        -91.175404,
                        14.758938
                    ],
                    [
                        -91.175509,
                        14.759055
                    ],
                    [
                        -91.175697,
                        14.759321
                    ],
                    [
                        -91.175894,
                        14.759671
                    ],
                    [
                        -91.176029,
                        14.759878
                    ],
                    [
                        -91.176112,
                        14.759993
                    ],
                    [
                        -91.176273,
                        14.76016
                    ],
                    [
                        -91.176438,
                        14.760463
                    ],
                    [
                        -91.176496,
                        14.76061
                    ],
                    [
                        -91.176602,
                        14.76079
                    ],
                    [
                        -91.176631,
                        14.760866
                    ],
                    [
                        -91.176642,
                        14.76095
                    ],
                    [
                        -91.17663,
                        14.761027
                    ],
                    [
                        -91.176637,
                        14.761094
                    ],
                    [
                        -91.176698,
                        14.761208
                    ],
                    [
                        -91.176934,
                        14.761489
                    ],
                    [
                        -91.177083,
                        14.761631
                    ],
                    [
                        -91.177149,
                        14.76166
                    ],
                    [
                        -91.177411,
                        14.76165
                    ],
                    [
                        -91.177446,
                        14.76166
                    ],
                    [
                        -91.177572,
                        14.761752
                    ],
                    [
                        -91.177646,
                        14.761879
                    ],
                    [
                        -91.17768,
                        14.762075
                    ],
                    [
                        -91.177654,
                        14.762349
                    ],
                    [
                        -91.177622,
                        14.762422
                    ],
                    [
                        -91.177358,
                        14.762832
                    ],
                    [
                        -91.177329,
                        14.762912
                    ],
                    [
                        -91.177317,
                        14.763053
                    ],
                    [
                        -91.177341,
                        14.763169
                    ],
                    [
                        -91.177388,
                        14.76324
                    ],
                    [
                        -91.177763,
                        14.763494
                    ],
                    [
                        -91.177902,
                        14.763645
                    ],
                    [
                        -91.17806,
                        14.763897
                    ],
                    [
                        -91.178106,
                        14.764013
                    ],
                    [
                        -91.178123,
                        14.764147
                    ],
                    [
                        -91.178106,
                        14.764255
                    ],
                    [
                        -91.177887,
                        14.764768
                    ],
                    [
                        -91.177834,
                        14.764822
                    ],
                    [
                        -91.17775,
                        14.764824
                    ],
                    [
                        -91.177692,
                        14.764757
                    ],
                    [
                        -91.17756,
                        14.764458
                    ],
                    [
                        -91.177505,
                        14.764398
                    ],
                    [
                        -91.177396,
                        14.764358
                    ],
                    [
                        -91.177284,
                        14.764375
                    ],
                    [
                        -91.177217,
                        14.764421
                    ],
                    [
                        -91.177147,
                        14.764507
                    ],
                    [
                        -91.177097,
                        14.764617
                    ],
                    [
                        -91.177068,
                        14.764738
                    ],
                    [
                        -91.177077,
                        14.764895
                    ],
                    [
                        -91.177119,
                        14.765157
                    ],
                    [
                        -91.177844,
                        14.766732
                    ],
                    [
                        -91.178143,
                        14.767314
                    ],
                    [
                        -91.178538,
                        14.768256
                    ],
                    [
                        -91.17892,
                        14.76909
                    ],
                    [
                        -91.178982,
                        14.769199
                    ],
                    [
                        -91.179339,
                        14.769601
                    ],
                    [
                        -91.179569,
                        14.769773
                    ],
                    [
                        -91.180248,
                        14.770128
                    ],
                    [
                        -91.18037,
                        14.770161
                    ],
                    [
                        -91.180628,
                        14.770144
                    ],
                    [
                        -91.180989,
                        14.770112
                    ],
                    [
                        -91.181105,
                        14.770805
                    ],
                    [
                        -91.181773,
                        14.770812
                    ],
                    [
                        -91.181814,
                        14.770798
                    ],
                    [
                        -91.182638,
                        14.770715
                    ],
                    [
                        -91.182675,
                        14.771492
                    ],
                    [
                        -91.182677,
                        14.77185
                    ],
                    [
                        -91.182706,
                        14.772267
                    ],
                    [
                        -91.182753,
                        14.772961
                    ],
                    [
                        -91.182778,
                        14.773405
                    ],
                    [
                        -91.182767,
                        14.77369
                    ],
                    [
                        -91.183681,
                        14.773653
                    ],
                    [
                        -91.184399,
                        14.773645
                    ],
                    [
                        -91.184342,
                        14.772888
                    ],
                    [
                        -91.185068,
                        14.772909
                    ],
                    [
                        -91.185776,
                        14.772957
                    ],
                    [
                        -91.186511,
                        14.773009
                    ],
                    [
                        -91.186993,
                        14.773023
                    ],
                    [
                        -91.187135,
                        14.773051
                    ],
                    [
                        -91.187176,
                        14.773072
                    ],
                    [
                        -91.18722,
                        14.77315
                    ],
                    [
                        -91.187268,
                        14.773553
                    ],
                    [
                        -91.187326,
                        14.773677
                    ],
                    [
                        -91.187427,
                        14.773718
                    ],
                    [
                        -91.187881,
                        14.774168
                    ],
                    [
                        -91.188069,
                        14.774261
                    ],
                    [
                        -91.188317,
                        14.774228
                    ],
                    [
                        -91.188508,
                        14.77418
                    ],
                    [
                        -91.188616,
                        14.774107
                    ],
                    [
                        -91.188704,
                        14.774009
                    ],
                    [
                        -91.188781,
                        14.773891
                    ],
                    [
                        -91.188823,
                        14.773826
                    ],
                    [
                        -91.18894,
                        14.773749
                    ],
                    [
                        -91.189026,
                        14.773741
                    ],
                    [
                        -91.189098,
                        14.773752
                    ],
                    [
                        -91.189235,
                        14.773839
                    ],
                    [
                        -91.189469,
                        14.773981
                    ],
                    [
                        -91.189592,
                        14.773995
                    ],
                    [
                        -91.189812,
                        14.773943
                    ],
                    [
                        -91.190125,
                        14.773839
                    ],
                    [
                        -91.190307,
                        14.77375
                    ],
                    [
                        -91.190444,
                        14.773632
                    ],
                    [
                        -91.190556,
                        14.773472
                    ],
                    [
                        -91.190628,
                        14.773294
                    ],
                    [
                        -91.190655,
                        14.773164
                    ],
                    [
                        -91.190632,
                        14.773021
                    ],
                    [
                        -91.190541,
                        14.772716
                    ],
                    [
                        -91.19056,
                        14.772655
                    ],
                    [
                        -91.190628,
                        14.7726
                    ],
                    [
                        -91.190729,
                        14.772608
                    ],
                    [
                        -91.190832,
                        14.772663
                    ],
                    [
                        -91.190967,
                        14.772787
                    ],
                    [
                        -91.191081,
                        14.772832
                    ],
                    [
                        -91.191211,
                        14.772836
                    ],
                    [
                        -91.191439,
                        14.772793
                    ],
                    [
                        -91.191774,
                        14.772763
                    ],
                    [
                        -91.191919,
                        14.772814
                    ],
                    [
                        -91.192002,
                        14.772952
                    ],
                    [
                        -91.191982,
                        14.77308
                    ],
                    [
                        -91.191844,
                        14.773482
                    ],
                    [
                        -91.191833,
                        14.773639
                    ],
                    [
                        -91.191862,
                        14.773783
                    ],
                    [
                        -91.192139,
                        14.774503
                    ],
                    [
                        -91.192164,
                        14.774645
                    ],
                    [
                        -91.192126,
                        14.774741
                    ],
                    [
                        -91.191926,
                        14.77502
                    ],
                    [
                        -91.191913,
                        14.775081
                    ],
                    [
                        -91.19197,
                        14.775175
                    ],
                    [
                        -91.192023,
                        14.775206
                    ],
                    [
                        -91.192092,
                        14.7752
                    ],
                    [
                        -91.192187,
                        14.775128
                    ],
                    [
                        -91.192503,
                        14.774735
                    ],
                    [
                        -91.192807,
                        14.774497
                    ],
                    [
                        -91.192954,
                        14.77435
                    ],
                    [
                        -91.193165,
                        14.773834
                    ],
                    [
                        -91.193217,
                        14.773476
                    ],
                    [
                        -91.193261,
                        14.773424
                    ],
                    [
                        -91.193344,
                        14.773394
                    ],
                    [
                        -91.193401,
                        14.773413
                    ],
                    [
                        -91.193525,
                        14.773847
                    ],
                    [
                        -91.193675,
                        14.774488
                    ],
                    [
                        -91.193744,
                        14.774625
                    ],
                    [
                        -91.193883,
                        14.774721
                    ],
                    [
                        -91.194187,
                        14.774888
                    ],
                    [
                        -91.194461,
                        14.775124
                    ],
                    [
                        -91.194796,
                        14.77535
                    ],
                    [
                        -91.195129,
                        14.775629
                    ],
                    [
                        -91.195213,
                        14.775727
                    ],
                    [
                        -91.195232,
                        14.775907
                    ],
                    [
                        -91.195264,
                        14.776017
                    ],
                    [
                        -91.195352,
                        14.77609
                    ],
                    [
                        -91.195455,
                        14.776204
                    ],
                    [
                        -91.195516,
                        14.77633
                    ],
                    [
                        -91.195597,
                        14.776616
                    ],
                    [
                        -91.19566,
                        14.776728
                    ],
                    [
                        -91.195834,
                        14.776966
                    ],
                    [
                        -91.195971,
                        14.777042
                    ],
                    [
                        -91.196122,
                        14.777079
                    ],
                    [
                        -91.196543,
                        14.776997
                    ],
                    [
                        -91.196692,
                        14.776939
                    ],
                    [
                        -91.19682,
                        14.776818
                    ],
                    [
                        -91.196902,
                        14.776719
                    ],
                    [
                        -91.19694,
                        14.776541
                    ],
                    [
                        -91.19691,
                        14.776376
                    ],
                    [
                        -91.19671,
                        14.776037
                    ],
                    [
                        -91.196724,
                        14.775943
                    ],
                    [
                        -91.196784,
                        14.775871
                    ],
                    [
                        -91.196927,
                        14.775828
                    ],
                    [
                        -91.197108,
                        14.775865
                    ],
                    [
                        -91.197249,
                        14.775955
                    ],
                    [
                        -91.197339,
                        14.776055
                    ],
                    [
                        -91.197838,
                        14.776497
                    ],
                    [
                        -91.197907,
                        14.776619
                    ],
                    [
                        -91.197975,
                        14.776682
                    ],
                    [
                        -91.198036,
                        14.776684
                    ],
                    [
                        -91.198067,
                        14.776651
                    ],
                    [
                        -91.198067,
                        14.776588
                    ],
                    [
                        -91.198029,
                        14.776507
                    ],
                    [
                        -91.197998,
                        14.776387
                    ],
                    [
                        -91.197867,
                        14.776222
                    ],
                    [
                        -91.197838,
                        14.776097
                    ],
                    [
                        -91.197897,
                        14.775914
                    ],
                    [
                        -91.197942,
                        14.775835
                    ],
                    [
                        -91.198034,
                        14.775677
                    ],
                    [
                        -91.198118,
                        14.775492
                    ],
                    [
                        -91.198093,
                        14.775329
                    ],
                    [
                        -91.19804,
                        14.775156
                    ],
                    [
                        -91.197922,
                        14.774928
                    ],
                    [
                        -91.1978,
                        14.774769
                    ],
                    [
                        -91.197764,
                        14.774651
                    ],
                    [
                        -91.197766,
                        14.774386
                    ],
                    [
                        -91.197682,
                        14.774206
                    ],
                    [
                        -91.197694,
                        14.774131
                    ],
                    [
                        -91.19773,
                        14.77408
                    ],
                    [
                        -91.197806,
                        14.774023
                    ],
                    [
                        -91.197998,
                        14.773946
                    ],
                    [
                        -91.198065,
                        14.773973
                    ],
                    [
                        -91.19809,
                        14.774027
                    ],
                    [
                        -91.198096,
                        14.774084
                    ],
                    [
                        -91.197933,
                        14.774325
                    ],
                    [
                        -91.197941,
                        14.774508
                    ],
                    [
                        -91.198116,
                        14.774764
                    ],
                    [
                        -91.198432,
                        14.774963
                    ],
                    [
                        -91.198536,
                        14.774959
                    ],
                    [
                        -91.198567,
                        14.774898
                    ],
                    [
                        -91.198545,
                        14.774848
                    ],
                    [
                        -91.198336,
                        14.774738
                    ],
                    [
                        -91.198313,
                        14.774655
                    ],
                    [
                        -91.198356,
                        14.774596
                    ],
                    [
                        -91.198451,
                        14.774593
                    ],
                    [
                        -91.198557,
                        14.774632
                    ],
                    [
                        -91.198876,
                        14.774848
                    ],
                    [
                        -91.198948,
                        14.774838
                    ],
                    [
                        -91.199001,
                        14.774808
                    ],
                    [
                        -91.199103,
                        14.774667
                    ],
                    [
                        -91.199318,
                        14.774092
                    ],
                    [
                        -91.199405,
                        14.774005
                    ],
                    [
                        -91.199588,
                        14.773907
                    ],
                    [
                        -91.199689,
                        14.77379
                    ],
                    [
                        -91.199744,
                        14.773671
                    ],
                    [
                        -91.199768,
                        14.773529
                    ],
                    [
                        -91.199791,
                        14.773185
                    ],
                    [
                        -91.199812,
                        14.77317
                    ],
                    [
                        -91.199861,
                        14.773153
                    ],
                    [
                        -91.199928,
                        14.773173
                    ],
                    [
                        -91.19997,
                        14.77324
                    ],
                    [
                        -91.199974,
                        14.773585
                    ],
                    [
                        -91.199995,
                        14.773648
                    ],
                    [
                        -91.200043,
                        14.773715
                    ],
                    [
                        -91.200711,
                        14.77398
                    ],
                    [
                        -91.200789,
                        14.774037
                    ],
                    [
                        -91.200844,
                        14.774139
                    ],
                    [
                        -91.200899,
                        14.774414
                    ],
                    [
                        -91.200947,
                        14.774455
                    ],
                    [
                        -91.201034,
                        14.774467
                    ],
                    [
                        -91.201118,
                        14.774451
                    ],
                    [
                        -91.201264,
                        14.774328
                    ],
                    [
                        -91.201575,
                        14.774106
                    ],
                    [
                        -91.201671,
                        14.774084
                    ],
                    [
                        -91.201748,
                        14.774104
                    ],
                    [
                        -91.201919,
                        14.77432
                    ],
                    [
                        -91.201995,
                        14.774451
                    ],
                    [
                        -91.202132,
                        14.774536
                    ],
                    [
                        -91.202321,
                        14.774585
                    ],
                    [
                        -91.202804,
                        14.77465
                    ],
                    [
                        -91.203,
                        14.774787
                    ],
                    [
                        -91.203373,
                        14.774984
                    ],
                    [
                        -91.203463,
                        14.775127
                    ],
                    [
                        -91.2034,
                        14.775624
                    ],
                    [
                        -91.203419,
                        14.77571
                    ],
                    [
                        -91.203522,
                        14.775789
                    ],
                    [
                        -91.203668,
                        14.775856
                    ],
                    [
                        -91.20394,
                        14.775842
                    ],
                    [
                        -91.204285,
                        14.775779
                    ],
                    [
                        -91.204495,
                        14.775719
                    ],
                    [
                        -91.204641,
                        14.775632
                    ],
                    [
                        -91.205411,
                        14.7747
                    ],
                    [
                        -91.205503,
                        14.774587
                    ],
                    [
                        -91.205659,
                        14.774438
                    ],
                    [
                        -91.205846,
                        14.774313
                    ],
                    [
                        -91.206055,
                        14.774205
                    ],
                    [
                        -91.206197,
                        14.774068
                    ],
                    [
                        -91.206226,
                        14.77399
                    ],
                    [
                        -91.206219,
                        14.773691
                    ],
                    [
                        -91.206333,
                        14.773578
                    ],
                    [
                        -91.20643,
                        14.773452
                    ],
                    [
                        -91.206534,
                        14.773271
                    ],
                    [
                        -91.206605,
                        14.773175
                    ],
                    [
                        -91.206685,
                        14.77313
                    ],
                    [
                        -91.207086,
                        14.773049
                    ],
                    [
                        -91.207254,
                        14.773032
                    ],
                    [
                        -91.207385,
                        14.772971
                    ],
                    [
                        -91.207501,
                        14.772835
                    ],
                    [
                        -91.207667,
                        14.772578
                    ],
                    [
                        -91.207878,
                        14.772195
                    ],
                    [
                        -91.207962,
                        14.772087
                    ],
                    [
                        -91.208064,
                        14.772018
                    ],
                    [
                        -91.208179,
                        14.771977
                    ],
                    [
                        -91.208327,
                        14.77195
                    ],
                    [
                        -91.208474,
                        14.771987
                    ],
                    [
                        -91.20859,
                        14.771999
                    ],
                    [
                        -91.208708,
                        14.771975
                    ],
                    [
                        -91.209079,
                        14.771828
                    ],
                    [
                        -91.209328,
                        14.7718
                    ],
                    [
                        -91.209858,
                        14.771775
                    ],
                    [
                        -91.210103,
                        14.771804
                    ],
                    [
                        -91.210321,
                        14.771883
                    ],
                    [
                        -91.210454,
                        14.771827
                    ],
                    [
                        -91.2117,
                        14.771023
                    ],
                    [
                        -91.212211,
                        14.770872
                    ],
                    [
                        -91.212854,
                        14.770737
                    ],
                    [
                        -91.213955,
                        14.770506
                    ],
                    [
                        -91.214224,
                        14.770428
                    ],
                    [
                        -91.214418,
                        14.770408
                    ],
                    [
                        -91.214464,
                        14.77044
                    ],
                    [
                        -91.214626,
                        14.770875
                    ],
                    [
                        -91.214883,
                        14.771782
                    ],
                    [
                        -91.215317,
                        14.77171
                    ],
                    [
                        -91.215818,
                        14.771586
                    ],
                    [
                        -91.216057,
                        14.771528
                    ],
                    [
                        -91.216982,
                        14.771305
                    ],
                    [
                        -91.217257,
                        14.771268
                    ],
                    [
                        -91.217479,
                        14.771279
                    ],
                    [
                        -91.217829,
                        14.771204
                    ],
                    [
                        -91.219047,
                        14.771182
                    ],
                    [
                        -91.219186,
                        14.771198
                    ],
                    [
                        -91.219364,
                        14.77144
                    ],
                    [
                        -91.219497,
                        14.771494
                    ],
                    [
                        -91.219725,
                        14.771505
                    ],
                    [
                        -91.219892,
                        14.771408
                    ],
                    [
                        -91.220013,
                        14.771301
                    ],
                    [
                        -91.220421,
                        14.771008
                    ],
                    [
                        -91.220695,
                        14.770965
                    ],
                    [
                        -91.221131,
                        14.771332
                    ],
                    [
                        -91.222005,
                        14.771619
                    ],
                    [
                        -91.223405,
                        14.772463
                    ],
                    [
                        -91.223454,
                        14.772474
                    ],
                    [
                        -91.223588,
                        14.772459
                    ],
                    [
                        -91.224314,
                        14.772294
                    ],
                    [
                        -91.224458,
                        14.772503
                    ],
                    [
                        -91.224581,
                        14.772913
                    ],
                    [
                        -91.224671,
                        14.773097
                    ],
                    [
                        -91.225202,
                        14.773772
                    ],
                    [
                        -91.225328,
                        14.773862
                    ],
                    [
                        -91.22554,
                        14.77397
                    ],
                    [
                        -91.22562,
                        14.774051
                    ],
                    [
                        -91.225754,
                        14.774357
                    ],
                    [
                        -91.226008,
                        14.775061
                    ],
                    [
                        -91.226119,
                        14.775502
                    ],
                    [
                        -91.226148,
                        14.775738
                    ],
                    [
                        -91.226125,
                        14.775899
                    ],
                    [
                        -91.225928,
                        14.776439
                    ],
                    [
                        -91.225915,
                        14.776526
                    ],
                    [
                        -91.22595,
                        14.776685
                    ],
                    [
                        -91.226051,
                        14.776945
                    ],
                    [
                        -91.226115,
                        14.777029
                    ],
                    [
                        -91.226222,
                        14.777127
                    ],
                    [
                        -91.226681,
                        14.777466
                    ],
                    [
                        -91.226825,
                        14.777592
                    ],
                    [
                        -91.226873,
                        14.777702
                    ],
                    [
                        -91.226882,
                        14.777798
                    ],
                    [
                        -91.226876,
                        14.777905
                    ],
                    [
                        -91.226824,
                        14.77818
                    ],
                    [
                        -91.226825,
                        14.778243
                    ],
                    [
                        -91.22685,
                        14.778324
                    ],
                    [
                        -91.226877,
                        14.778361
                    ],
                    [
                        -91.226973,
                        14.778429
                    ],
                    [
                        -91.227421,
                        14.77862
                    ],
                    [
                        -91.227502,
                        14.77867
                    ],
                    [
                        -91.227601,
                        14.778777
                    ],
                    [
                        -91.228442,
                        14.780452
                    ],
                    [
                        -91.228551,
                        14.780614
                    ],
                    [
                        -91.228845,
                        14.780926
                    ],
                    [
                        -91.229204,
                        14.78116
                    ],
                    [
                        -91.23059,
                        14.781715
                    ],
                    [
                        -91.230825,
                        14.781773
                    ],
                    [
                        -91.231401,
                        14.781825
                    ],
                    [
                        -91.240262,
                        14.782592
                    ],
                    [
                        -91.240598,
                        14.782595
                    ],
                    [
                        -91.240658,
                        14.782585
                    ],
                    [
                        -91.240761,
                        14.782542
                    ],
                    [
                        -91.240873,
                        14.782466
                    ],
                    [
                        -91.241054,
                        14.782281
                    ],
                    [
                        -91.241232,
                        14.782059
                    ],
                    [
                        -91.241294,
                        14.781912
                    ],
                    [
                        -91.241461,
                        14.781382
                    ],
                    [
                        -91.241554,
                        14.781169
                    ],
                    [
                        -91.241714,
                        14.780786
                    ],
                    [
                        -91.242128,
                        14.780036
                    ],
                    [
                        -91.242477,
                        14.778966
                    ],
                    [
                        -91.242519,
                        14.778897
                    ],
                    [
                        -91.242605,
                        14.778774
                    ],
                    [
                        -91.243612,
                        14.777797
                    ],
                    [
                        -91.243746,
                        14.777711
                    ],
                    [
                        -91.244155,
                        14.7776
                    ],
                    [
                        -91.244279,
                        14.777601
                    ],
                    [
                        -91.24487,
                        14.777895
                    ],
                    [
                        -91.24538,
                        14.778128
                    ],
                    [
                        -91.245493,
                        14.778146
                    ],
                    [
                        -91.245566,
                        14.778126
                    ],
                    [
                        -91.245644,
                        14.778105
                    ],
                    [
                        -91.245784,
                        14.77803
                    ],
                    [
                        -91.245893,
                        14.777937
                    ],
                    [
                        -91.246115,
                        14.777636
                    ],
                    [
                        -91.246185,
                        14.777618
                    ],
                    [
                        -91.246228,
                        14.777628
                    ],
                    [
                        -91.246321,
                        14.777677
                    ],
                    [
                        -91.246542,
                        14.777856
                    ],
                    [
                        -91.24684,
                        14.778107
                    ],
                    [
                        -91.246974,
                        14.778247
                    ],
                    [
                        -91.247038,
                        14.778326
                    ],
                    [
                        -91.247272,
                        14.778752
                    ],
                    [
                        -91.248034,
                        14.779302
                    ],
                    [
                        -91.248463,
                        14.779416
                    ],
                    [
                        -91.248678,
                        14.779883
                    ],
                    [
                        -91.249096,
                        14.780256
                    ],
                    [
                        -91.249643,
                        14.780284
                    ],
                    [
                        -91.250622,
                        14.780299
                    ],
                    [
                        -91.251082,
                        14.780153
                    ],
                    [
                        -91.252034,
                        14.779167
                    ],
                    [
                        -91.252508,
                        14.779115
                    ],
                    [
                        -91.25279,
                        14.778366
                    ],
                    [
                        -91.253093,
                        14.778102
                    ],
                    [
                        -91.25402,
                        14.777568
                    ],
                    [
                        -91.25479,
                        14.776915
                    ],
                    [
                        -91.254903,
                        14.776767
                    ],
                    [
                        -91.255029,
                        14.776522
                    ],
                    [
                        -91.255099,
                        14.776203
                    ],
                    [
                        -91.25531,
                        14.775839
                    ],
                    [
                        -91.255461,
                        14.775663
                    ],
                    [
                        -91.255709,
                        14.77541
                    ],
                    [
                        -91.255878,
                        14.775209
                    ],
                    [
                        -91.256129,
                        14.774844
                    ],
                    [
                        -91.256474,
                        14.774479
                    ],
                    [
                        -91.25655,
                        14.774413
                    ],
                    [
                        -91.257004,
                        14.774023
                    ],
                    [
                        -91.259443,
                        14.772725
                    ],
                    [
                        -91.260304,
                        14.772475
                    ],
                    [
                        -91.260445,
                        14.772434
                    ],
                    [
                        -91.261263,
                        14.772486
                    ],
                    [
                        -91.261527,
                        14.772445
                    ],
                    [
                        -91.261711,
                        14.772299
                    ],
                    [
                        -91.261838,
                        14.77183
                    ],
                    [
                        -91.262117,
                        14.771637
                    ],
                    [
                        -91.26236,
                        14.771573
                    ],
                    [
                        -91.262391,
                        14.771633
                    ],
                    [
                        -91.26244,
                        14.772599
                    ],
                    [
                        -91.262402,
                        14.772708
                    ],
                    [
                        -91.262307,
                        14.772839
                    ],
                    [
                        -91.262307,
                        14.772935
                    ],
                    [
                        -91.262347,
                        14.772978
                    ],
                    [
                        -91.262407,
                        14.772979
                    ],
                    [
                        -91.262737,
                        14.772789
                    ],
                    [
                        -91.262876,
                        14.772652
                    ],
                    [
                        -91.263041,
                        14.772405
                    ],
                    [
                        -91.263176,
                        14.772304
                    ],
                    [
                        -91.263382,
                        14.7722
                    ],
                    [
                        -91.263529,
                        14.772143
                    ],
                    [
                        -91.263764,
                        14.772081
                    ],
                    [
                        -91.263897,
                        14.772058
                    ],
                    [
                        -91.26408,
                        14.772058
                    ],
                    [
                        -91.264379,
                        14.772121
                    ],
                    [
                        -91.264661,
                        14.77216
                    ],
                    [
                        -91.264924,
                        14.772167
                    ],
                    [
                        -91.265381,
                        14.772147
                    ],
                    [
                        -91.265653,
                        14.772073
                    ],
                    [
                        -91.265705,
                        14.77205
                    ],
                    [
                        -91.265912,
                        14.77193
                    ],
                    [
                        -91.26627,
                        14.771681
                    ],
                    [
                        -91.266462,
                        14.771565
                    ],
                    [
                        -91.266493,
                        14.77153
                    ],
                    [
                        -91.266691,
                        14.771572
                    ],
                    [
                        -91.266658,
                        14.772108
                    ],
                    [
                        -91.266685,
                        14.772271
                    ],
                    [
                        -91.266711,
                        14.772376
                    ],
                    [
                        -91.266797,
                        14.772562
                    ],
                    [
                        -91.266843,
                        14.772698
                    ],
                    [
                        -91.266779,
                        14.772914
                    ],
                    [
                        -91.266742,
                        14.773124
                    ],
                    [
                        -91.266724,
                        14.773333
                    ],
                    [
                        -91.266723,
                        14.773354
                    ],
                    [
                        -91.266703,
                        14.773635
                    ],
                    [
                        -91.266714,
                        14.773953
                    ],
                    [
                        -91.266722,
                        14.774107
                    ],
                    [
                        -91.266762,
                        14.774669
                    ],
                    [
                        -91.266804,
                        14.77485
                    ],
                    [
                        -91.266908,
                        14.775127
                    ],
                    [
                        -91.267303,
                        14.775998
                    ],
                    [
                        -91.267424,
                        14.776261
                    ],
                    [
                        -91.26752,
                        14.776593
                    ],
                    [
                        -91.267543,
                        14.776759
                    ],
                    [
                        -91.267601,
                        14.776923
                    ],
                    [
                        -91.267679,
                        14.777016
                    ],
                    [
                        -91.267775,
                        14.777095
                    ],
                    [
                        -91.267923,
                        14.777193
                    ],
                    [
                        -91.267989,
                        14.777218
                    ],
                    [
                        -91.268211,
                        14.777218
                    ],
                    [
                        -91.268399,
                        14.777164
                    ],
                    [
                        -91.268477,
                        14.777162
                    ],
                    [
                        -91.268568,
                        14.777183
                    ],
                    [
                        -91.268821,
                        14.777307
                    ],
                    [
                        -91.269091,
                        14.777382
                    ],
                    [
                        -91.270014,
                        14.777522
                    ],
                    [
                        -91.271139,
                        14.777631
                    ],
                    [
                        -91.274286,
                        14.778189
                    ],
                    [
                        -91.274442,
                        14.778214
                    ],
                    [
                        -91.275004,
                        14.778257
                    ],
                    [
                        -91.275215,
                        14.778291
                    ],
                    [
                        -91.275359,
                        14.778327
                    ],
                    [
                        -91.275603,
                        14.778424
                    ],
                    [
                        -91.275776,
                        14.778472
                    ],
                    [
                        -91.275867,
                        14.778474
                    ],
                    [
                        -91.27613,
                        14.778408
                    ],
                    [
                        -91.276218,
                        14.778409
                    ],
                    [
                        -91.276428,
                        14.778495
                    ],
                    [
                        -91.276555,
                        14.77857
                    ],
                    [
                        -91.277191,
                        14.778806
                    ],
                    [
                        -91.277719,
                        14.7788
                    ],
                    [
                        -91.278769,
                        14.777969
                    ],
                    [
                        -91.279603,
                        14.777472
                    ],
                    [
                        -91.27988,
                        14.777369
                    ],
                    [
                        -91.280253,
                        14.777173
                    ],
                    [
                        -91.280385,
                        14.777133
                    ],
                    [
                        -91.280487,
                        14.77714
                    ],
                    [
                        -91.280533,
                        14.777218
                    ],
                    [
                        -91.280594,
                        14.77739
                    ],
                    [
                        -91.28057,
                        14.777544
                    ],
                    [
                        -91.280561,
                        14.777934
                    ],
                    [
                        -91.280533,
                        14.778126
                    ],
                    [
                        -91.280506,
                        14.778192
                    ],
                    [
                        -91.280388,
                        14.778366
                    ],
                    [
                        -91.280146,
                        14.778637
                    ],
                    [
                        -91.280103,
                        14.77873
                    ],
                    [
                        -91.28012,
                        14.778928
                    ],
                    [
                        -91.280191,
                        14.779095
                    ],
                    [
                        -91.28026,
                        14.779189
                    ],
                    [
                        -91.280373,
                        14.779256
                    ],
                    [
                        -91.280432,
                        14.779273
                    ],
                    [
                        -91.280584,
                        14.779281
                    ],
                    [
                        -91.280805,
                        14.779256
                    ],
                    [
                        -91.280877,
                        14.779259
                    ],
                    [
                        -91.280953,
                        14.779282
                    ],
                    [
                        -91.28103,
                        14.779319
                    ],
                    [
                        -91.281723,
                        14.779874
                    ],
                    [
                        -91.28258,
                        14.780278
                    ],
                    [
                        -91.283402,
                        14.780728
                    ],
                    [
                        -91.284125,
                        14.780962
                    ],
                    [
                        -91.284865,
                        14.781204
                    ],
                    [
                        -91.286234,
                        14.781644
                    ],
                    [
                        -91.28723,
                        14.781911
                    ],
                    [
                        -91.287357,
                        14.781924
                    ],
                    [
                        -91.287531,
                        14.781892
                    ],
                    [
                        -91.287616,
                        14.781841
                    ],
                    [
                        -91.287939,
                        14.781561
                    ],
                    [
                        -91.288004,
                        14.781524
                    ],
                    [
                        -91.288067,
                        14.781498
                    ],
                    [
                        -91.288369,
                        14.781518
                    ],
                    [
                        -91.28852,
                        14.781505
                    ],
                    [
                        -91.288597,
                        14.781473
                    ],
                    [
                        -91.288841,
                        14.78126
                    ],
                    [
                        -91.288921,
                        14.781221
                    ],
                    [
                        -91.289399,
                        14.78106
                    ],
                    [
                        -91.289478,
                        14.781047
                    ],
                    [
                        -91.289568,
                        14.781059
                    ],
                    [
                        -91.289681,
                        14.781106
                    ],
                    [
                        -91.289783,
                        14.781169
                    ],
                    [
                        -91.290005,
                        14.781352
                    ],
                    [
                        -91.290133,
                        14.781526
                    ],
                    [
                        -91.290172,
                        14.781589
                    ],
                    [
                        -91.290735,
                        14.782884
                    ],
                    [
                        -91.291422,
                        14.78457
                    ],
                    [
                        -91.291642,
                        14.78513
                    ],
                    [
                        -91.29179,
                        14.785543
                    ],
                    [
                        -91.29215,
                        14.78644
                    ],
                    [
                        -91.293172,
                        14.789099
                    ],
                    [
                        -91.293292,
                        14.78944
                    ],
                    [
                        -91.293348,
                        14.789688
                    ],
                    [
                        -91.293357,
                        14.789828
                    ],
                    [
                        -91.293342,
                        14.789929
                    ],
                    [
                        -91.293465,
                        14.789949
                    ],
                    [
                        -91.293647,
                        14.790012
                    ],
                    [
                        -91.29383,
                        14.790096
                    ],
                    [
                        -91.294152,
                        14.790361
                    ],
                    [
                        -91.294306,
                        14.790515
                    ],
                    [
                        -91.294807,
                        14.791203
                    ],
                    [
                        -91.29508,
                        14.791528
                    ],
                    [
                        -91.295235,
                        14.791681
                    ],
                    [
                        -91.295581,
                        14.791949
                    ],
                    [
                        -91.29595,
                        14.792156
                    ],
                    [
                        -91.29606,
                        14.792209
                    ],
                    [
                        -91.296472,
                        14.792354
                    ],
                    [
                        -91.296725,
                        14.792415
                    ],
                    [
                        -91.298531,
                        14.79262
                    ],
                    [
                        -91.298964,
                        14.792703
                    ],
                    [
                        -91.299284,
                        14.792786
                    ],
                    [
                        -91.299692,
                        14.792945
                    ],
                    [
                        -91.299897,
                        14.793033
                    ],
                    [
                        -91.300209,
                        14.793208
                    ],
                    [
                        -91.300456,
                        14.793366
                    ],
                    [
                        -91.300622,
                        14.793497
                    ],
                    [
                        -91.300997,
                        14.793866
                    ],
                    [
                        -91.30138,
                        14.79437
                    ],
                    [
                        -91.301539,
                        14.794596
                    ],
                    [
                        -91.301771,
                        14.794981
                    ],
                    [
                        -91.301974,
                        14.79524
                    ],
                    [
                        -91.302161,
                        14.795488
                    ],
                    [
                        -91.302356,
                        14.79565
                    ],
                    [
                        -91.302512,
                        14.79577
                    ],
                    [
                        -91.302862,
                        14.795993
                    ],
                    [
                        -91.30315,
                        14.796133
                    ],
                    [
                        -91.305356,
                        14.796821
                    ],
                    [
                        -91.305755,
                        14.796946
                    ],
                    [
                        -91.305952,
                        14.797028
                    ],
                    [
                        -91.306049,
                        14.797092
                    ],
                    [
                        -91.306213,
                        14.797232
                    ],
                    [
                        -91.306275,
                        14.797324
                    ],
                    [
                        -91.306372,
                        14.797507
                    ],
                    [
                        -91.306437,
                        14.797709
                    ],
                    [
                        -91.306455,
                        14.79782
                    ],
                    [
                        -91.306437,
                        14.798025
                    ],
                    [
                        -91.306372,
                        14.798216
                    ],
                    [
                        -91.306211,
                        14.79848
                    ],
                    [
                        -91.305447,
                        14.799375
                    ],
                    [
                        -91.305283,
                        14.799528
                    ],
                    [
                        -91.305118,
                        14.799657
                    ],
                    [
                        -91.304527,
                        14.799945
                    ],
                    [
                        -91.304339,
                        14.800056
                    ],
                    [
                        -91.304194,
                        14.800211
                    ],
                    [
                        -91.304136,
                        14.800317
                    ],
                    [
                        -91.304088,
                        14.800525
                    ],
                    [
                        -91.304093,
                        14.800622
                    ],
                    [
                        -91.304122,
                        14.800725
                    ],
                    [
                        -91.304221,
                        14.800914
                    ],
                    [
                        -91.304521,
                        14.801355
                    ],
                    [
                        -91.304556,
                        14.801454
                    ],
                    [
                        -91.304569,
                        14.80157
                    ],
                    [
                        -91.304558,
                        14.801684
                    ],
                    [
                        -91.304525,
                        14.801779
                    ],
                    [
                        -91.304304,
                        14.80214
                    ],
                    [
                        -91.304265,
                        14.802238
                    ],
                    [
                        -91.304225,
                        14.802411
                    ],
                    [
                        -91.304227,
                        14.802512
                    ],
                    [
                        -91.304269,
                        14.802703
                    ],
                    [
                        -91.304358,
                        14.802862
                    ],
                    [
                        -91.304414,
                        14.802929
                    ],
                    [
                        -91.304596,
                        14.803055
                    ],
                    [
                        -91.304695,
                        14.803094
                    ],
                    [
                        -91.304809,
                        14.803118
                    ],
                    [
                        -91.304919,
                        14.803118
                    ],
                    [
                        -91.305022,
                        14.803105
                    ],
                    [
                        -91.305223,
                        14.803043
                    ],
                    [
                        -91.307263,
                        14.802002
                    ],
                    [
                        -91.307371,
                        14.801959
                    ],
                    [
                        -91.307476,
                        14.801937
                    ],
                    [
                        -91.307592,
                        14.801927
                    ],
                    [
                        -91.307803,
                        14.801955
                    ],
                    [
                        -91.308004,
                        14.802071
                    ],
                    [
                        -91.308141,
                        14.802228
                    ],
                    [
                        -91.308213,
                        14.802428
                    ],
                    [
                        -91.30823,
                        14.802632
                    ],
                    [
                        -91.30818,
                        14.802843
                    ],
                    [
                        -91.308125,
                        14.802931
                    ],
                    [
                        -91.308023,
                        14.803038
                    ],
                    [
                        -91.307806,
                        14.803178
                    ],
                    [
                        -91.307147,
                        14.803389
                    ],
                    [
                        -91.306998,
                        14.803466
                    ],
                    [
                        -91.306814,
                        14.803599
                    ],
                    [
                        -91.306047,
                        14.804449
                    ],
                    [
                        -91.305994,
                        14.804558
                    ],
                    [
                        -91.305933,
                        14.804758
                    ],
                    [
                        -91.305923,
                        14.804855
                    ],
                    [
                        -91.305934,
                        14.804973
                    ],
                    [
                        -91.305965,
                        14.805171
                    ],
                    [
                        -91.306008,
                        14.805278
                    ],
                    [
                        -91.306145,
                        14.805487
                    ],
                    [
                        -91.306261,
                        14.805588
                    ],
                    [
                        -91.306391,
                        14.805666
                    ],
                    [
                        -91.306503,
                        14.805717
                    ],
                    [
                        -91.306638,
                        14.805749
                    ],
                    [
                        -91.306886,
                        14.805751
                    ],
                    [
                        -91.307553,
                        14.80559
                    ],
                    [
                        -91.307706,
                        14.805579
                    ],
                    [
                        -91.307864,
                        14.805595
                    ],
                    [
                        -91.307996,
                        14.80564
                    ],
                    [
                        -91.308098,
                        14.805698
                    ],
                    [
                        -91.308195,
                        14.805775
                    ],
                    [
                        -91.308329,
                        14.805995
                    ],
                    [
                        -91.308671,
                        14.807175
                    ],
                    [
                        -91.308715,
                        14.807336
                    ],
                    [
                        -91.308725,
                        14.807426
                    ],
                    [
                        -91.308713,
                        14.807639
                    ],
                    [
                        -91.30865,
                        14.807813
                    ],
                    [
                        -91.308586,
                        14.807899
                    ],
                    [
                        -91.308487,
                        14.807992
                    ],
                    [
                        -91.3084,
                        14.808063
                    ],
                    [
                        -91.308271,
                        14.808123
                    ],
                    [
                        -91.307727,
                        14.808265
                    ],
                    [
                        -91.307441,
                        14.808392
                    ],
                    [
                        -91.307309,
                        14.808495
                    ],
                    [
                        -91.307219,
                        14.808598
                    ],
                    [
                        -91.307151,
                        14.808699
                    ],
                    [
                        -91.307112,
                        14.808811
                    ],
                    [
                        -91.307108,
                        14.809037
                    ],
                    [
                        -91.307178,
                        14.80934
                    ],
                    [
                        -91.307232,
                        14.809443
                    ],
                    [
                        -91.307367,
                        14.809609
                    ],
                    [
                        -91.307874,
                        14.809963
                    ],
                    [
                        -91.307946,
                        14.81003
                    ],
                    [
                        -91.308029,
                        14.810157
                    ],
                    [
                        -91.308052,
                        14.810232
                    ],
                    [
                        -91.308056,
                        14.810333
                    ],
                    [
                        -91.308048,
                        14.810421
                    ],
                    [
                        -91.308,
                        14.810561
                    ],
                    [
                        -91.307632,
                        14.810955
                    ],
                    [
                        -91.307528,
                        14.811107
                    ],
                    [
                        -91.307464,
                        14.811288
                    ],
                    [
                        -91.307453,
                        14.811395
                    ],
                    [
                        -91.30746,
                        14.811486
                    ],
                    [
                        -91.307559,
                        14.811931
                    ],
                    [
                        -91.307574,
                        14.812087
                    ],
                    [
                        -91.307563,
                        14.812204
                    ],
                    [
                        -91.307516,
                        14.812343
                    ],
                    [
                        -91.30742,
                        14.812573
                    ],
                    [
                        -91.306872,
                        14.813285
                    ],
                    [
                        -91.306818,
                        14.813388
                    ],
                    [
                        -91.306785,
                        14.813492
                    ],
                    [
                        -91.306762,
                        14.813601
                    ],
                    [
                        -91.306768,
                        14.813676
                    ],
                    [
                        -91.306797,
                        14.813805
                    ],
                    [
                        -91.306903,
                        14.81398
                    ],
                    [
                        -91.307025,
                        14.814106
                    ],
                    [
                        -91.307162,
                        14.814188
                    ],
                    [
                        -91.307284,
                        14.814237
                    ],
                    [
                        -91.307557,
                        14.814309
                    ],
                    [
                        -91.308472,
                        14.81451
                    ],
                    [
                        -91.308586,
                        14.814571
                    ],
                    [
                        -91.308653,
                        14.814631
                    ],
                    [
                        -91.308715,
                        14.81471
                    ],
                    [
                        -91.30876,
                        14.814812
                    ],
                    [
                        -91.308777,
                        14.814902
                    ],
                    [
                        -91.308779,
                        14.81499
                    ],
                    [
                        -91.308702,
                        14.815581
                    ],
                    [
                        -91.308719,
                        14.815807
                    ],
                    [
                        -91.308791,
                        14.816011
                    ],
                    [
                        -91.308849,
                        14.816108
                    ],
                    [
                        -91.308988,
                        14.816276
                    ],
                    [
                        -91.30969,
                        14.816828
                    ],
                    [
                        -91.309763,
                        14.816906
                    ],
                    [
                        -91.309877,
                        14.817097
                    ],
                    [
                        -91.309916,
                        14.817308
                    ],
                    [
                        -91.309908,
                        14.81742
                    ],
                    [
                        -91.309847,
                        14.817622
                    ],
                    [
                        -91.309719,
                        14.817798
                    ],
                    [
                        -91.309634,
                        14.817871
                    ],
                    [
                        -91.309433,
                        14.817974
                    ],
                    [
                        -91.309326,
                        14.818004
                    ],
                    [
                        -91.308661,
                        14.818095
                    ],
                    [
                        -91.30846,
                        14.8182
                    ],
                    [
                        -91.308379,
                        14.818267
                    ],
                    [
                        -91.308311,
                        14.818355
                    ],
                    [
                        -91.308203,
                        14.818553
                    ],
                    [
                        -91.308176,
                        14.818664
                    ],
                    [
                        -91.308176,
                        14.818879
                    ],
                    [
                        -91.308257,
                        14.819084
                    ],
                    [
                        -91.308381,
                        14.819258
                    ],
                    [
                        -91.308468,
                        14.819333
                    ],
                    [
                        -91.308651,
                        14.819434
                    ],
                    [
                        -91.308864,
                        14.819466
                    ],
                    [
                        -91.309802,
                        14.819434
                    ],
                    [
                        -91.310019,
                        14.819454
                    ],
                    [
                        -91.310135,
                        14.819486
                    ],
                    [
                        -91.310245,
                        14.819546
                    ],
                    [
                        -91.310324,
                        14.819608
                    ],
                    [
                        -91.310402,
                        14.819696
                    ],
                    [
                        -91.310452,
                        14.819791
                    ],
                    [
                        -91.310483,
                        14.819894
                    ],
                    [
                        -91.3105,
                        14.820122
                    ],
                    [
                        -91.310299,
                        14.821767
                    ],
                    [
                        -91.310282,
                        14.822184
                    ],
                    [
                        -91.31031,
                        14.822432
                    ],
                    [
                        -91.310417,
                        14.822823
                    ],
                    [
                        -91.310506,
                        14.823018
                    ],
                    [
                        -91.31061,
                        14.823205
                    ],
                    [
                        -91.311177,
                        14.824046
                    ],
                    [
                        -91.311222,
                        14.824156
                    ],
                    [
                        -91.311305,
                        14.82447
                    ],
                    [
                        -91.311312,
                        14.824818
                    ],
                    [
                        -91.311283,
                        14.825033
                    ],
                    [
                        -91.311247,
                        14.825237
                    ],
                    [
                        -91.311074,
                        14.825874
                    ],
                    [
                        -91.310921,
                        14.826395
                    ],
                    [
                        -91.310589,
                        14.827588
                    ],
                    [
                        -91.310549,
                        14.827803
                    ],
                    [
                        -91.310476,
                        14.828552
                    ],
                    [
                        -91.310511,
                        14.829211
                    ],
                    [
                        -91.310554,
                        14.829452
                    ],
                    [
                        -91.310664,
                        14.829875
                    ],
                    [
                        -91.310806,
                        14.830243
                    ],
                    [
                        -91.310964,
                        14.830562
                    ],
                    [
                        -91.311115,
                        14.830821
                    ],
                    [
                        -91.311756,
                        14.83178
                    ],
                    [
                        -91.311849,
                        14.831988
                    ],
                    [
                        -91.311922,
                        14.832221
                    ],
                    [
                        -91.311949,
                        14.832413
                    ],
                    [
                        -91.311954,
                        14.832641
                    ],
                    [
                        -91.311935,
                        14.832864
                    ],
                    [
                        -91.31174,
                        14.833537
                    ],
                    [
                        -91.31172,
                        14.833604
                    ],
                    [
                        -91.311519,
                        14.834265
                    ],
                    [
                        -91.311414,
                        14.834623
                    ],
                    [
                        -91.311372,
                        14.834868
                    ],
                    [
                        -91.311359,
                        14.835091
                    ],
                    [
                        -91.311386,
                        14.835511
                    ],
                    [
                        -91.311439,
                        14.835739
                    ],
                    [
                        -91.311512,
                        14.835957
                    ],
                    [
                        -91.311646,
                        14.836241
                    ],
                    [
                        -91.311751,
                        14.836407
                    ],
                    [
                        -91.312,
                        14.836696
                    ],
                    [
                        -91.31215,
                        14.836838
                    ],
                    [
                        -91.312426,
                        14.83704
                    ],
                    [
                        -91.312622,
                        14.837144
                    ],
                    [
                        -91.312854,
                        14.837241
                    ],
                    [
                        -91.313121,
                        14.837326
                    ],
                    [
                        -91.313322,
                        14.83736
                    ],
                    [
                        -91.313708,
                        14.83739
                    ],
                    [
                        -91.31399,
                        14.837369
                    ],
                    [
                        -91.314347,
                        14.837289
                    ],
                    [
                        -91.314703,
                        14.837157
                    ],
                    [
                        -91.314969,
                        14.837005
                    ],
                    [
                        -91.315269,
                        14.836753
                    ],
                    [
                        -91.315363,
                        14.836655
                    ],
                    [
                        -91.316126,
                        14.835701
                    ],
                    [
                        -91.316327,
                        14.835509
                    ],
                    [
                        -91.316411,
                        14.835449
                    ],
                    [
                        -91.3165,
                        14.835392
                    ],
                    [
                        -91.316728,
                        14.835299
                    ],
                    [
                        -91.316948,
                        14.835264
                    ],
                    [
                        -91.317166,
                        14.835268
                    ],
                    [
                        -91.317535,
                        14.835338
                    ],
                    [
                        -91.31795,
                        14.835434
                    ],
                    [
                        -91.318354,
                        14.835504
                    ],
                    [
                        -91.318416,
                        14.835511
                    ],
                    [
                        -91.318982,
                        14.835592
                    ],
                    [
                        -91.319268,
                        14.835659
                    ],
                    [
                        -91.319687,
                        14.835796
                    ],
                    [
                        -91.320059,
                        14.835961
                    ],
                    [
                        -91.320384,
                        14.836128
                    ],
                    [
                        -91.320653,
                        14.836215
                    ],
                    [
                        -91.321283,
                        14.836408
                    ],
                    [
                        -91.321379,
                        14.836453
                    ],
                    [
                        -91.321564,
                        14.836587
                    ],
                    [
                        -91.321739,
                        14.836808
                    ],
                    [
                        -91.321849,
                        14.837002
                    ],
                    [
                        -91.322225,
                        14.83779
                    ],
                    [
                        -91.322501,
                        14.838363
                    ],
                    [
                        -91.322624,
                        14.838563
                    ],
                    [
                        -91.322707,
                        14.838679
                    ],
                    [
                        -91.322919,
                        14.838916
                    ],
                    [
                        -91.323149,
                        14.83912
                    ],
                    [
                        -91.323372,
                        14.839283
                    ],
                    [
                        -91.323556,
                        14.839395
                    ],
                    [
                        -91.323721,
                        14.839468
                    ],
                    [
                        -91.324107,
                        14.839597
                    ],
                    [
                        -91.32439,
                        14.839644
                    ],
                    [
                        -91.3247,
                        14.839677
                    ],
                    [
                        -91.325038,
                        14.839662
                    ],
                    [
                        -91.325313,
                        14.839618
                    ],
                    [
                        -91.325652,
                        14.839529
                    ],
                    [
                        -91.326109,
                        14.839329
                    ],
                    [
                        -91.326293,
                        14.83922
                    ],
                    [
                        -91.326427,
                        14.839122
                    ],
                    [
                        -91.326619,
                        14.838949
                    ],
                    [
                        -91.327166,
                        14.838292
                    ],
                    [
                        -91.327309,
                        14.838105
                    ],
                    [
                        -91.328292,
                        14.836839
                    ],
                    [
                        -91.328517,
                        14.836549
                    ],
                    [
                        -91.329214,
                        14.835666
                    ],
                    [
                        -91.32949,
                        14.835371
                    ],
                    [
                        -91.33041,
                        14.834489
                    ],
                    [
                        -91.330555,
                        14.83433
                    ],
                    [
                        -91.330612,
                        14.834255
                    ],
                    [
                        -91.330713,
                        14.834045
                    ],
                    [
                        -91.330775,
                        14.833807
                    ],
                    [
                        -91.330788,
                        14.833664
                    ],
                    [
                        -91.330767,
                        14.833445
                    ],
                    [
                        -91.330695,
                        14.833167
                    ],
                    [
                        -91.330566,
                        14.832939
                    ],
                    [
                        -91.330477,
                        14.83283
                    ],
                    [
                        -91.330284,
                        14.832683
                    ],
                    [
                        -91.330105,
                        14.832592
                    ],
                    [
                        -91.329314,
                        14.832356
                    ],
                    [
                        -91.328978,
                        14.832239
                    ],
                    [
                        -91.328887,
                        14.832193
                    ],
                    [
                        -91.328782,
                        14.83213
                    ],
                    [
                        -91.328629,
                        14.831975
                    ],
                    [
                        -91.32857,
                        14.831879
                    ],
                    [
                        -91.328493,
                        14.831687
                    ],
                    [
                        -91.328466,
                        14.831218
                    ],
                    [
                        -91.328447,
                        14.831106
                    ],
                    [
                        -91.328391,
                        14.830917
                    ],
                    [
                        -91.328342,
                        14.830813
                    ],
                    [
                        -91.328283,
                        14.830722
                    ],
                    [
                        -91.328136,
                        14.830554
                    ],
                    [
                        -91.327704,
                        14.830263
                    ],
                    [
                        -91.327562,
                        14.830134
                    ],
                    [
                        -91.327476,
                        14.829976
                    ],
                    [
                        -91.327449,
                        14.829792
                    ],
                    [
                        -91.327468,
                        14.829675
                    ],
                    [
                        -91.327508,
                        14.829568
                    ],
                    [
                        -91.327599,
                        14.829397
                    ],
                    [
                        -91.327653,
                        14.829327
                    ],
                    [
                        -91.327731,
                        14.829263
                    ],
                    [
                        -91.32783,
                        14.829208
                    ],
                    [
                        -91.32805,
                        14.829159
                    ],
                    [
                        -91.32824,
                        14.829164
                    ],
                    [
                        -91.329069,
                        14.829346
                    ],
                    [
                        -91.329268,
                        14.829364
                    ],
                    [
                        -91.32948,
                        14.829359
                    ],
                    [
                        -91.329683,
                        14.829317
                    ],
                    [
                        -91.329885,
                        14.829239
                    ],
                    [
                        -91.330056,
                        14.829149
                    ],
                    [
                        -91.330233,
                        14.829009
                    ],
                    [
                        -91.330359,
                        14.828869
                    ],
                    [
                        -91.330485,
                        14.82869
                    ],
                    [
                        -91.330609,
                        14.828404
                    ],
                    [
                        -91.330641,
                        14.828202
                    ],
                    [
                        -91.330654,
                        14.827979
                    ],
                    [
                        -91.330628,
                        14.827673
                    ],
                    [
                        -91.330496,
                        14.827367
                    ],
                    [
                        -91.330405,
                        14.827227
                    ],
                    [
                        -91.330021,
                        14.826841
                    ],
                    [
                        -91.329831,
                        14.826613
                    ],
                    [
                        -91.329769,
                        14.826413
                    ],
                    [
                        -91.329767,
                        14.82632
                    ],
                    [
                        -91.32978,
                        14.826211
                    ],
                    [
                        -91.32986,
                        14.826016
                    ],
                    [
                        -91.329925,
                        14.825936
                    ],
                    [
                        -91.330078,
                        14.825814
                    ],
                    [
                        -91.330177,
                        14.825775
                    ],
                    [
                        -91.330493,
                        14.825767
                    ],
                    [
                        -91.332191,
                        14.82648
                    ],
                    [
                        -91.332487,
                        14.826565
                    ],
                    [
                        -91.332626,
                        14.826579
                    ],
                    [
                        -91.332848,
                        14.826569
                    ],
                    [
                        -91.333023,
                        14.826535
                    ],
                    [
                        -91.33316,
                        14.826478
                    ],
                    [
                        -91.333331,
                        14.826387
                    ],
                    [
                        -91.333508,
                        14.826263
                    ],
                    [
                        -91.33375,
                        14.826019
                    ],
                    [
                        -91.335295,
                        14.823823
                    ],
                    [
                        -91.335332,
                        14.823729
                    ],
                    [
                        -91.335418,
                        14.823374
                    ],
                    [
                        -91.3354,
                        14.823169
                    ],
                    [
                        -91.335241,
                        14.822651
                    ],
                    [
                        -91.334633,
                        14.821108
                    ],
                    [
                        -91.33441,
                        14.820525
                    ],
                    [
                        -91.334326,
                        14.820229
                    ],
                    [
                        -91.334334,
                        14.820003
                    ],
                    [
                        -91.334383,
                        14.819809
                    ],
                    [
                        -91.334452,
                        14.819687
                    ],
                    [
                        -91.334624,
                        14.819474
                    ],
                    [
                        -91.33489,
                        14.819319
                    ],
                    [
                        -91.335083,
                        14.819267
                    ],
                    [
                        -91.335279,
                        14.819254
                    ],
                    [
                        -91.335399,
                        14.819267
                    ],
                    [
                        -91.335598,
                        14.819332
                    ],
                    [
                        -91.335689,
                        14.819384
                    ],
                    [
                        -91.335769,
                        14.81943
                    ],
                    [
                        -91.335914,
                        14.819573
                    ],
                    [
                        -91.336027,
                        14.819744
                    ],
                    [
                        -91.336083,
                        14.819936
                    ],
                    [
                        -91.336137,
                        14.82026
                    ],
                    [
                        -91.336231,
                        14.820535
                    ],
                    [
                        -91.336282,
                        14.820626
                    ],
                    [
                        -91.336427,
                        14.820779
                    ],
                    [
                        -91.336518,
                        14.820846
                    ],
                    [
                        -91.336617,
                        14.820893
                    ],
                    [
                        -91.336823,
                        14.820955
                    ],
                    [
                        -91.337169,
                        14.820996
                    ],
                    [
                        -91.338403,
                        14.821157
                    ],
                    [
                        -91.338663,
                        14.821251
                    ],
                    [
                        -91.338854,
                        14.821406
                    ],
                    [
                        -91.338975,
                        14.821554
                    ],
                    [
                        -91.339028,
                        14.821663
                    ],
                    [
                        -91.339063,
                        14.821855
                    ],
                    [
                        -91.339058,
                        14.822044
                    ],
                    [
                        -91.338918,
                        14.822555
                    ],
                    [
                        -91.33891,
                        14.822646
                    ],
                    [
                        -91.338945,
                        14.822951
                    ],
                    [
                        -91.339009,
                        14.823076
                    ],
                    [
                        -91.339154,
                        14.823247
                    ],
                    [
                        -91.339315,
                        14.823356
                    ],
                    [
                        -91.339411,
                        14.823391
                    ],
                    [
                        -91.340705,
                        14.823854
                    ],
                    [
                        -91.340801,
                        14.82388
                    ],
                    [
                        -91.340917,
                        14.82389
                    ],
                    [
                        -91.341164,
                        14.823887
                    ],
                    [
                        -91.34134,
                        14.823836
                    ],
                    [
                        -91.341512,
                        14.82374
                    ],
                    [
                        -91.34358,
                        14.822039
                    ],
                    [
                        -91.343663,
                        14.821982
                    ],
                    [
                        -91.343862,
                        14.821904
                    ],
                    [
                        -91.344057,
                        14.821904
                    ],
                    [
                        -91.344173,
                        14.821945
                    ],
                    [
                        -91.344331,
                        14.822052
                    ],
                    [
                        -91.344398,
                        14.822155
                    ],
                    [
                        -91.344438,
                        14.822262
                    ],
                    [
                        -91.344476,
                        14.822454
                    ],
                    [
                        -91.344267,
                        14.824222
                    ],
                    [
                        -91.344318,
                        14.824476
                    ],
                    [
                        -91.344422,
                        14.82465
                    ],
                    [
                        -91.344605,
                        14.824782
                    ],
                    [
                        -91.344806,
                        14.824829
                    ],
                    [
                        -91.345026,
                        14.824805
                    ],
                    [
                        -91.345114,
                        14.824756
                    ],
                    [
                        -91.345272,
                        14.824632
                    ],
                    [
                        -91.345541,
                        14.82431
                    ],
                    [
                        -91.345672,
                        14.824178
                    ],
                    [
                        -91.345806,
                        14.824092
                    ],
                    [
                        -91.346168,
                        14.823965
                    ],
                    [
                        -91.346364,
                        14.823877
                    ],
                    [
                        -91.346536,
                        14.82375
                    ],
                    [
                        -91.3466,
                        14.823667
                    ],
                    [
                        -91.346678,
                        14.82347
                    ],
                    [
                        -91.346707,
                        14.822962
                    ],
                    [
                        -91.34674,
                        14.82276
                    ],
                    [
                        -91.346858,
                        14.822557
                    ],
                    [
                        -91.347308,
                        14.822148
                    ],
                    [
                        -91.347434,
                        14.821989
                    ],
                    [
                        -91.34752,
                        14.821821
                    ],
                    [
                        -91.347692,
                        14.821238
                    ],
                    [
                        -91.347759,
                        14.821139
                    ],
                    [
                        -91.347853,
                        14.821046
                    ],
                    [
                        -91.347987,
                        14.820965
                    ],
                    [
                        -91.348091,
                        14.820926
                    ],
                    [
                        -91.34877,
                        14.820929
                    ],
                    [
                        -91.349907,
                        14.820872
                    ],
                    [
                        -91.350108,
                        14.820903
                    ],
                    [
                        -91.350328,
                        14.820986
                    ],
                    [
                        -91.350481,
                        14.821097
                    ],
                    [
                        -91.350609,
                        14.821242
                    ],
                    [
                        -91.35071,
                        14.821437
                    ],
                    [
                        -91.350742,
                        14.821543
                    ],
                    [
                        -91.350787,
                        14.822049
                    ],
                    [
                        -91.350868,
                        14.822391
                    ],
                    [
                        -91.350961,
                        14.822544
                    ],
                    [
                        -91.351047,
                        14.822627
                    ],
                    [
                        -91.351163,
                        14.822703
                    ],
                    [
                        -91.35134,
                        14.82278
                    ],
                    [
                        -91.35201,
                        14.822858
                    ],
                    [
                        -91.352254,
                        14.822931
                    ],
                    [
                        -91.352421,
                        14.823094
                    ],
                    [
                        -91.352504,
                        14.823283
                    ],
                    [
                        -91.352529,
                        14.823383
                    ],
                    [
                        -91.352531,
                        14.823522
                    ],
                    [
                        -91.352496,
                        14.823649
                    ],
                    [
                        -91.352437,
                        14.823764
                    ],
                    [
                        -91.352331,
                        14.823915
                    ],
                    [
                        -91.351708,
                        14.824665
                    ],
                    [
                        -91.351609,
                        14.824846
                    ],
                    [
                        -91.35156,
                        14.825
                    ],
                    [
                        -91.351557,
                        14.825174
                    ],
                    [
                        -91.351592,
                        14.825323
                    ],
                    [
                        -91.351686,
                        14.825482
                    ],
                    [
                        -91.351808,
                        14.825596
                    ],
                    [
                        -91.351971,
                        14.825692
                    ],
                    [
                        -91.352252,
                        14.825781
                    ],
                    [
                        -91.353095,
                        14.825946
                    ],
                    [
                        -91.353381,
                        14.826053
                    ],
                    [
                        -91.353696,
                        14.826208
                    ],
                    [
                        -91.353935,
                        14.826382
                    ],
                    [
                        -91.354168,
                        14.826622
                    ],
                    [
                        -91.354367,
                        14.826874
                    ],
                    [
                        -91.354528,
                        14.82715
                    ],
                    [
                        -91.354605,
                        14.827383
                    ],
                    [
                        -91.354655,
                        14.827647
                    ],
                    [
                        -91.35466,
                        14.827774
                    ],
                    [
                        -91.354624,
                        14.82817
                    ],
                    [
                        -91.354572,
                        14.828358
                    ],
                    [
                        -91.354424,
                        14.828723
                    ],
                    [
                        -91.354137,
                        14.82926
                    ],
                    [
                        -91.354065,
                        14.82946
                    ],
                    [
                        -91.354043,
                        14.829872
                    ],
                    [
                        -91.354081,
                        14.830087
                    ],
                    [
                        -91.354159,
                        14.830295
                    ],
                    [
                        -91.354274,
                        14.830461
                    ],
                    [
                        -91.354548,
                        14.830767
                    ],
                    [
                        -91.354738,
                        14.830857
                    ],
                    [
                        -91.35495,
                        14.830917
                    ],
                    [
                        -91.355205,
                        14.830935
                    ],
                    [
                        -91.355386,
                        14.830925
                    ],
                    [
                        -91.355592,
                        14.830871
                    ],
                    [
                        -91.355791,
                        14.830786
                    ],
                    [
                        -91.355991,
                        14.830673
                    ],
                    [
                        -91.356236,
                        14.830415
                    ],
                    [
                        -91.356371,
                        14.830231
                    ],
                    [
                        -91.356939,
                        14.829395
                    ],
                    [
                        -91.357063,
                        14.829232
                    ],
                    [
                        -91.357294,
                        14.828989
                    ],
                    [
                        -91.357544,
                        14.82878
                    ],
                    [
                        -91.357749,
                        14.828651
                    ],
                    [
                        -91.357979,
                        14.828533
                    ],
                    [
                        -91.358297,
                        14.828419
                    ],
                    [
                        -91.358571,
                        14.828353
                    ],
                    [
                        -91.35878,
                        14.828321
                    ],
                    [
                        -91.359215,
                        14.828295
                    ],
                    [
                        -91.360611,
                        14.828298
                    ],
                    [
                        -91.360971,
                        14.828358
                    ],
                    [
                        -91.361173,
                        14.828413
                    ],
                    [
                        -91.361415,
                        14.828504
                    ],
                    [
                        -91.361642,
                        14.828625
                    ],
                    [
                        -91.361853,
                        14.828787
                    ],
                    [
                        -91.362037,
                        14.828994
                    ],
                    [
                        -91.362172,
                        14.829189
                    ],
                    [
                        -91.362276,
                        14.829373
                    ],
                    [
                        -91.36238,
                        14.829699
                    ],
                    [
                        -91.362409,
                        14.829895
                    ],
                    [
                        -91.362401,
                        14.830193
                    ],
                    [
                        -91.362282,
                        14.831263
                    ],
                    [
                        -91.362287,
                        14.831485
                    ],
                    [
                        -91.362347,
                        14.831849
                    ],
                    [
                        -91.362412,
                        14.832038
                    ],
                    [
                        -91.362523,
                        14.832266
                    ],
                    [
                        -91.362972,
                        14.83296
                    ],
                    [
                        -91.36312,
                        14.83323
                    ],
                    [
                        -91.36319,
                        14.833427
                    ],
                    [
                        -91.363215,
                        14.833606
                    ],
                    [
                        -91.363191,
                        14.834002
                    ],
                    [
                        -91.362943,
                        14.835037
                    ],
                    [
                        -91.362916,
                        14.835255
                    ],
                    [
                        -91.362924,
                        14.835467
                    ],
                    [
                        -91.362964,
                        14.835682
                    ],
                    [
                        -91.363015,
                        14.835872
                    ],
                    [
                        -91.36309,
                        14.836056
                    ],
                    [
                        -91.363198,
                        14.836237
                    ],
                    [
                        -91.363608,
                        14.836834
                    ],
                    [
                        -91.363807,
                        14.837199
                    ],
                    [
                        -91.363916,
                        14.837604
                    ],
                    [
                        -91.363941,
                        14.838019
                    ],
                    [
                        -91.363906,
                        14.838317
                    ],
                    [
                        -91.363863,
                        14.838519
                    ],
                    [
                        -91.362321,
                        14.842538
                    ],
                    [
                        -91.362153,
                        14.842979
                    ],
                    [
                        -91.362066,
                        14.843256
                    ],
                    [
                        -91.36202,
                        14.843518
                    ],
                    [
                        -91.362022,
                        14.843751
                    ],
                    [
                        -91.362058,
                        14.843939
                    ],
                    [
                        -91.362148,
                        14.844163
                    ],
                    [
                        -91.362251,
                        14.84434
                    ],
                    [
                        -91.362389,
                        14.844491
                    ],
                    [
                        -91.362557,
                        14.844626
                    ],
                    [
                        -91.362795,
                        14.844748
                    ],
                    [
                        -91.363009,
                        14.844808
                    ],
                    [
                        -91.363215,
                        14.844826
                    ],
                    [
                        -91.363481,
                        14.844815
                    ],
                    [
                        -91.363788,
                        14.844752
                    ],
                    [
                        -91.367075,
                        14.843821
                    ],
                    [
                        -91.367529,
                        14.843719
                    ],
                    [
                        -91.367811,
                        14.843673
                    ],
                    [
                        -91.368244,
                        14.843646
                    ],
                    [
                        -91.369555,
                        14.843632
                    ],
                    [
                        -91.370029,
                        14.843603
                    ],
                    [
                        -91.370477,
                        14.843518
                    ],
                    [
                        -91.370684,
                        14.843448
                    ],
                    [
                        -91.371073,
                        14.843284
                    ],
                    [
                        -91.371424,
                        14.84309
                    ],
                    [
                        -91.373111,
                        14.841804
                    ],
                    [
                        -91.373342,
                        14.841664
                    ],
                    [
                        -91.373563,
                        14.841571
                    ],
                    [
                        -91.373787,
                        14.841507
                    ],
                    [
                        -91.37417,
                        14.841449
                    ],
                    [
                        -91.374421,
                        14.841447
                    ],
                    [
                        -91.37467,
                        14.841472
                    ],
                    [
                        -91.374879,
                        14.841501
                    ],
                    [
                        -91.375273,
                        14.841622
                    ],
                    [
                        -91.375495,
                        14.841731
                    ],
                    [
                        -91.375756,
                        14.841897
                    ],
                    [
                        -91.376016,
                        14.842125
                    ],
                    [
                        -91.376555,
                        14.842823
                    ],
                    [
                        -91.376719,
                        14.842999
                    ],
                    [
                        -91.376823,
                        14.843077
                    ],
                    [
                        -91.376936,
                        14.843137
                    ],
                    [
                        -91.377138,
                        14.843201
                    ],
                    [
                        -91.377444,
                        14.843252
                    ],
                    [
                        -91.377625,
                        14.843314
                    ],
                    [
                        -91.377822,
                        14.843437
                    ],
                    [
                        -91.377978,
                        14.84359
                    ],
                    [
                        -91.378226,
                        14.843953
                    ],
                    [
                        -91.378379,
                        14.844083
                    ],
                    [
                        -91.378484,
                        14.84413
                    ],
                    [
                        -91.378623,
                        14.844158
                    ],
                    [
                        -91.378761,
                        14.844162
                    ],
                    [
                        -91.378944,
                        14.844104
                    ],
                    [
                        -91.379074,
                        14.84403
                    ],
                    [
                        -91.379283,
                        14.843865
                    ],
                    [
                        -91.379551,
                        14.843702
                    ],
                    [
                        -91.379768,
                        14.843611
                    ],
                    [
                        -91.379986,
                        14.843575
                    ],
                    [
                        -91.380235,
                        14.843557
                    ],
                    [
                        -91.380549,
                        14.843575
                    ],
                    [
                        -91.380863,
                        14.843694
                    ],
                    [
                        -91.380999,
                        14.843777
                    ],
                    [
                        -91.381375,
                        14.844113
                    ],
                    [
                        -91.381545,
                        14.844215
                    ],
                    [
                        -91.381671,
                        14.844255
                    ],
                    [
                        -91.381801,
                        14.844267
                    ],
                    [
                        -91.381929,
                        14.844255
                    ],
                    [
                        -91.382078,
                        14.844205
                    ],
                    [
                        -91.382252,
                        14.844096
                    ],
                    [
                        -91.384164,
                        14.842224
                    ],
                    [
                        -91.384325,
                        14.842089
                    ],
                    [
                        -91.384497,
                        14.842001
                    ],
                    [
                        -91.384645,
                        14.841949
                    ],
                    [
                        -91.384776,
                        14.841928
                    ],
                    [
                        -91.384996,
                        14.841923
                    ],
                    [
                        -91.387343,
                        14.842131
                    ],
                    [
                        -91.387568,
                        14.842128
                    ],
                    [
                        -91.387761,
                        14.842074
                    ],
                    [
                        -91.387925,
                        14.841965
                    ],
                    [
                        -91.388013,
                        14.841869
                    ],
                    [
                        -91.388105,
                        14.841724
                    ],
                    [
                        -91.3883,
                        14.840897
                    ],
                    [
                        -91.388373,
                        14.840725
                    ],
                    [
                        -91.388472,
                        14.840554
                    ],
                    [
                        -91.388604,
                        14.840404
                    ],
                    [
                        -91.388783,
                        14.840282
                    ],
                    [
                        -91.38899,
                        14.840199
                    ],
                    [
                        -91.389196,
                        14.840152
                    ],
                    [
                        -91.389923,
                        14.840095
                    ],
                    [
                        -91.390127,
                        14.840036
                    ],
                    [
                        -91.390326,
                        14.83994
                    ],
                    [
                        -91.390486,
                        14.839821
                    ],
                    [
                        -91.390621,
                        14.839678
                    ],
                    [
                        -91.391157,
                        14.838934
                    ],
                    [
                        -91.391388,
                        14.838752
                    ],
                    [
                        -91.391586,
                        14.838667
                    ],
                    [
                        -91.39198,
                        14.838558
                    ],
                    [
                        -91.392278,
                        14.838576
                    ],
                    [
                        -91.392573,
                        14.83869
                    ],
                    [
                        -91.393032,
                        14.838968
                    ],
                    [
                        -91.393139,
                        14.839009
                    ],
                    [
                        -91.393284,
                        14.839038
                    ],
                    [
                        -91.39345,
                        14.83904
                    ],
                    [
                        -91.393563,
                        14.839025
                    ],
                    [
                        -91.393772,
                        14.838942
                    ],
                    [
                        -91.393925,
                        14.83882
                    ],
                    [
                        -91.394486,
                        14.838226
                    ],
                    [
                        -91.394628,
                        14.838109
                    ],
                    [
                        -91.394818,
                        14.838
                    ],
                    [
                        -91.395001,
                        14.83793
                    ],
                    [
                        -91.395194,
                        14.837889
                    ],
                    [
                        -91.395591,
                        14.837873
                    ],
                    [
                        -91.395805,
                        14.837907
                    ],
                    [
                        -91.395985,
                        14.837962
                    ],
                    [
                        -91.396181,
                        14.838045
                    ],
                    [
                        -91.396513,
                        14.838275
                    ],
                    [
                        -91.397286,
                        14.838949
                    ],
                    [
                        -91.397474,
                        14.839074
                    ],
                    [
                        -91.397584,
                        14.83911
                    ],
                    [
                        -91.397755,
                        14.839128
                    ],
                    [
                        -91.397879,
                        14.839113
                    ],
                    [
                        -91.397975,
                        14.839084
                    ],
                    [
                        -91.398072,
                        14.839035
                    ],
                    [
                        -91.398603,
                        14.838612
                    ],
                    [
                        -91.398785,
                        14.838519
                    ],
                    [
                        -91.398917,
                        14.838478
                    ],
                    [
                        -91.399096,
                        14.838485
                    ],
                    [
                        -91.399238,
                        14.838537
                    ],
                    [
                        -91.399316,
                        14.838612
                    ],
                    [
                        -91.399415,
                        14.83876
                    ],
                    [
                        -91.399539,
                        14.839191
                    ],
                    [
                        -91.399686,
                        14.839372
                    ],
                    [
                        -91.39977,
                        14.839434
                    ],
                    [
                        -91.399973,
                        14.839522
                    ],
                    [
                        -91.400105,
                        14.839541
                    ],
                    [
                        -91.400679,
                        14.839447
                    ],
                    [
                        -91.400887,
                        14.839427
                    ],
                    [
                        -91.401073,
                        14.839488
                    ],
                    [
                        -91.401272,
                        14.839639
                    ],
                    [
                        -91.401455,
                        14.839938
                    ],
                    [
                        -91.401502,
                        14.840101
                    ],
                    [
                        -91.401524,
                        14.840886
                    ],
                    [
                        -91.401601,
                        14.841148
                    ],
                    [
                        -91.401674,
                        14.841283
                    ],
                    [
                        -91.401789,
                        14.84142
                    ],
                    [
                        -91.401931,
                        14.841519
                    ],
                    [
                        -91.402704,
                        14.84197
                    ],
                    [
                        -91.403012,
                        14.842167
                    ],
                    [
                        -91.403291,
                        14.842286
                    ],
                    [
                        -91.403401,
                        14.842304
                    ],
                    [
                        -91.404072,
                        14.842341
                    ],
                    [
                        -91.404257,
                        14.8424
                    ],
                    [
                        -91.40445,
                        14.842501
                    ],
                    [
                        -91.404616,
                        14.842639
                    ],
                    [
                        -91.404718,
                        14.842789
                    ],
                    [
                        -91.404777,
                        14.842896
                    ],
                    [
                        -91.404863,
                        14.843243
                    ],
                    [
                        -91.405264,
                        14.845404
                    ],
                    [
                        -91.405377,
                        14.845859
                    ],
                    [
                        -91.405483,
                        14.846377
                    ],
                    [
                        -91.40555,
                        14.846624
                    ],
                    [
                        -91.405743,
                        14.84715
                    ],
                    [
                        -91.405872,
                        14.847435
                    ],
                    [
                        -91.40592,
                        14.847625
                    ],
                    [
                        -91.405955,
                        14.847822
                    ],
                    [
                        -91.405941,
                        14.848003
                    ],
                    [
                        -91.405915,
                        14.848133
                    ],
                    [
                        -91.405834,
                        14.848312
                    ],
                    [
                        -91.405735,
                        14.848427
                    ],
                    [
                        -91.405598,
                        14.848524
                    ],
                    [
                        -91.40544,
                        14.848595
                    ],
                    [
                        -91.405201,
                        14.84866
                    ],
                    [
                        -91.403857,
                        14.848865
                    ],
                    [
                        -91.403635,
                        14.848942
                    ],
                    [
                        -91.403436,
                        14.84904
                    ],
                    [
                        -91.40327,
                        14.849175
                    ],
                    [
                        -91.403152,
                        14.849323
                    ],
                    [
                        -91.40305,
                        14.849512
                    ],
                    [
                        -91.403004,
                        14.849618
                    ],
                    [
                        -91.402967,
                        14.84981
                    ],
                    [
                        -91.402968,
                        14.849992
                    ],
                    [
                        -91.403042,
                        14.850241
                    ],
                    [
                        -91.40312,
                        14.850382
                    ],
                    [
                        -91.403289,
                        14.850597
                    ],
                    [
                        -91.403527,
                        14.850821
                    ],
                    [
                        -91.40375,
                        14.850922
                    ],
                    [
                        -91.403935,
                        14.850948
                    ],
                    [
                        -91.404229,
                        14.850935
                    ],
                    [
                        -91.405815,
                        14.850676
                    ],
                    [
                        -91.406035,
                        14.850666
                    ],
                    [
                        -91.406137,
                        14.850671
                    ],
                    [
                        -91.406357,
                        14.850733
                    ],
                    [
                        -91.406459,
                        14.85078
                    ],
                    [
                        -91.406564,
                        14.85085
                    ],
                    [
                        -91.406625,
                        14.85093
                    ],
                    [
                        -91.406722,
                        14.851125
                    ],
                    [
                        -91.406746,
                        14.851236
                    ],
                    [
                        -91.406754,
                        14.851345
                    ],
                    [
                        -91.406735,
                        14.851547
                    ],
                    [
                        -91.406714,
                        14.851646
                    ],
                    [
                        -91.40592,
                        14.853782
                    ],
                    [
                        -91.405888,
                        14.853997
                    ],
                    [
                        -91.405888,
                        14.854088
                    ],
                    [
                        -91.405966,
                        14.854344
                    ],
                    [
                        -91.406124,
                        14.854498
                    ],
                    [
                        -91.406218,
                        14.854552
                    ],
                    [
                        -91.406825,
                        14.854717
                    ],
                    [
                        -91.406958,
                        14.854789
                    ],
                    [
                        -91.407072,
                        14.854896
                    ],
                    [
                        -91.407136,
                        14.854978
                    ],
                    [
                        -91.407233,
                        14.855168
                    ],
                    [
                        -91.407276,
                        14.855398
                    ],
                    [
                        -91.407273,
                        14.855611
                    ],
                    [
                        -91.407028,
                        14.857619
                    ],
                    [
                        -91.406974,
                        14.858031
                    ],
                    [
                        -91.406786,
                        14.858967
                    ],
                    [
                        -91.406786,
                        14.859276
                    ],
                    [
                        -91.406824,
                        14.859475
                    ],
                    [
                        -91.40691,
                        14.859744
                    ],
                    [
                        -91.407042,
                        14.859995
                    ],
                    [
                        -91.407152,
                        14.860164
                    ],
                    [
                        -91.407867,
                        14.860982
                    ],
                    [
                        -91.408072,
                        14.861237
                    ],
                    [
                        -91.408184,
                        14.861443
                    ],
                    [
                        -91.408253,
                        14.861624
                    ],
                    [
                        -91.408299,
                        14.861928
                    ],
                    [
                        -91.408292,
                        14.862156
                    ],
                    [
                        -91.408229,
                        14.862586
                    ],
                    [
                        -91.408224,
                        14.862781
                    ],
                    [
                        -91.408269,
                        14.862998
                    ],
                    [
                        -91.408366,
                        14.863188
                    ],
                    [
                        -91.408422,
                        14.863268
                    ],
                    [
                        -91.408562,
                        14.863418
                    ],
                    [
                        -91.40908,
                        14.863898
                    ],
                    [
                        -91.409206,
                        14.864069
                    ],
                    [
                        -91.40927,
                        14.864256
                    ],
                    [
                        -91.409297,
                        14.864453
                    ],
                    [
                        -91.409254,
                        14.864655
                    ],
                    [
                        -91.409157,
                        14.864839
                    ],
                    [
                        -91.409015,
                        14.864992
                    ],
                    [
                        -91.408843,
                        14.865096
                    ],
                    [
                        -91.408648,
                        14.865161
                    ],
                    [
                        -91.408133,
                        14.865267
                    ],
                    [
                        -91.408023,
                        14.865316
                    ],
                    [
                        -91.407838,
                        14.865438
                    ],
                    [
                        -91.407696,
                        14.865583
                    ],
                    [
                        -91.407575,
                        14.865765
                    ],
                    [
                        -91.407543,
                        14.865861
                    ],
                    [
                        -91.407446,
                        14.866566
                    ],
                    [
                        -91.407384,
                        14.866765
                    ],
                    [
                        -91.407199,
                        14.867131
                    ],
                    [
                        -91.406888,
                        14.867533
                    ],
                    [
                        -91.406773,
                        14.867704
                    ],
                    [
                        -91.406684,
                        14.867888
                    ],
                    [
                        -91.406633,
                        14.868093
                    ],
                    [
                        -91.406623,
                        14.868303
                    ],
                    [
                        -91.406725,
                        14.869015
                    ],
                    [
                        -91.406708,
                        14.869213
                    ],
                    [
                        -91.406652,
                        14.86941
                    ],
                    [
                        -91.406553,
                        14.869601
                    ],
                    [
                        -91.406306,
                        14.869905
                    ],
                    [
                        -91.403625,
                        14.872771
                    ],
                    [
                        -91.403171,
                        14.873257
                    ],
                    [
                        -91.403023,
                        14.873415
                    ],
                    [
                        -91.4029,
                        14.873609
                    ],
                    [
                        -91.402841,
                        14.873741
                    ],
                    [
                        -91.402798,
                        14.873925
                    ],
                    [
                        -91.402787,
                        14.874047
                    ],
                    [
                        -91.4028,
                        14.874247
                    ],
                    [
                        -91.402849,
                        14.874449
                    ],
                    [
                        -91.402935,
                        14.874625
                    ],
                    [
                        -91.403034,
                        14.87475
                    ],
                    [
                        -91.403165,
                        14.874877
                    ],
                    [
                        -91.403282,
                        14.874956
                    ],
                    [
                        -91.403439,
                        14.875038
                    ],
                    [
                        -91.403616,
                        14.875102
                    ],
                    [
                        -91.403828,
                        14.875126
                    ],
                    [
                        -91.40459,
                        14.875092
                    ],
                    [
                        -91.40478,
                        14.875136
                    ],
                    [
                        -91.404933,
                        14.875235
                    ],
                    [
                        -91.40504,
                        14.875338
                    ],
                    [
                        -91.40511,
                        14.875447
                    ],
                    [
                        -91.405164,
                        14.87559
                    ],
                    [
                        -91.405174,
                        14.875701
                    ],
                    [
                        -91.405155,
                        14.875885
                    ],
                    [
                        -91.405016,
                        14.876189
                    ],
                    [
                        -91.404725,
                        14.876675
                    ],
                    [
                        -91.404359,
                        14.877303
                    ],
                    [
                        -91.404324,
                        14.877428
                    ],
                    [
                        -91.404297,
                        14.87784
                    ],
                    [
                        -91.404316,
                        14.877977
                    ],
                    [
                        -91.404839,
                        14.879641
                    ],
                    [
                        -91.404946,
                        14.879831
                    ],
                    [
                        -91.405016,
                        14.879908
                    ],
                    [
                        -91.405182,
                        14.880033
                    ],
                    [
                        -91.405263,
                        14.880069
                    ],
                    [
                        -91.405386,
                        14.880095
                    ],
                    [
                        -91.405499,
                        14.880092
                    ],
                    [
                        -91.405633,
                        14.880069
                    ],
                    [
                        -91.406676,
                        14.879608
                    ],
                    [
                        -91.406877,
                        14.879483
                    ],
                    [
                        -91.407009,
                        14.879356
                    ],
                    [
                        -91.407427,
                        14.878864
                    ],
                    [
                        -91.407516,
                        14.878812
                    ],
                    [
                        -91.407698,
                        14.878745
                    ],
                    [
                        -91.407808,
                        14.878734
                    ],
                    [
                        -91.407956,
                        14.878742
                    ],
                    [
                        -91.408117,
                        14.878796
                    ],
                    [
                        -91.408213,
                        14.87884
                    ],
                    [
                        -91.40831,
                        14.878929
                    ],
                    [
                        -91.408401,
                        14.879074
                    ],
                    [
                        -91.408468,
                        14.879255
                    ],
                    [
                        -91.408463,
                        14.879463
                    ],
                    [
                        -91.408436,
                        14.879566
                    ],
                    [
                        -91.408345,
                        14.879732
                    ],
                    [
                        -91.408267,
                        14.879833
                    ],
                    [
                        -91.407717,
                        14.880315
                    ],
                    [
                        -91.407653,
                        14.880406
                    ],
                    [
                        -91.407524,
                        14.880691
                    ],
                    [
                        -91.407481,
                        14.880886
                    ],
                    [
                        -91.407473,
                        14.880995
                    ],
                    [
                        -91.407602,
                        14.884362
                    ],
                    [
                        -91.407586,
                        14.88446
                    ],
                    [
                        -91.40732,
                        14.885178
                    ],
                    [
                        -91.407312,
                        14.885269
                    ],
                    [
                        -91.407325,
                        14.885375
                    ],
                    [
                        -91.407366,
                        14.885495
                    ],
                    [
                        -91.407505,
                        14.885666
                    ],
                    [
                        -91.407594,
                        14.885736
                    ],
                    [
                        -91.407717,
                        14.885793
                    ],
                    [
                        -91.410506,
                        14.886703
                    ],
                    [
                        -91.41071,
                        14.886755
                    ],
                    [
                        -91.410933,
                        14.88677
                    ],
                    [
                        -91.411142,
                        14.886765
                    ],
                    [
                        -91.411354,
                        14.886729
                    ],
                    [
                        -91.411574,
                        14.886651
                    ],
                    [
                        -91.411751,
                        14.886568
                    ],
                    [
                        -91.412569,
                        14.886052
                    ],
                    [
                        -91.412778,
                        14.886
                    ],
                    [
                        -91.412969,
                        14.886005
                    ],
                    [
                        -91.413071,
                        14.886034
                    ],
                    [
                        -91.41324,
                        14.886138
                    ],
                    [
                        -91.413371,
                        14.886278
                    ],
                    [
                        -91.413433,
                        14.886376
                    ],
                    [
                        -91.413473,
                        14.886477
                    ],
                    [
                        -91.413513,
                        14.887084
                    ],
                    [
                        -91.413529,
                        14.887203
                    ],
                    [
                        -91.41358,
                        14.88739
                    ],
                    [
                        -91.413837,
                        14.887834
                    ],
                    [
                        -91.4142,
                        14.888463
                    ],
                    [
                        -91.414339,
                        14.888621
                    ],
                    [
                        -91.41453,
                        14.888727
                    ],
                    [
                        -91.414626,
                        14.888758
                    ],
                    [
                        -91.414734,
                        14.888763
                    ],
                    [
                        -91.414844,
                        14.888758
                    ],
                    [
                        -91.415683,
                        14.888603
                    ],
                    [
                        -91.41579,
                        14.8886
                    ],
                    [
                        -91.41589,
                        14.888618
                    ],
                    [
                        -91.416077,
                        14.888683
                    ],
                    [
                        -91.416684,
                        14.889056
                    ],
                    [
                        -91.41678,
                        14.889095
                    ],
                    [
                        -91.416882,
                        14.889111
                    ],
                    [
                        -91.417102,
                        14.889072
                    ],
                    [
                        -91.417276,
                        14.888971
                    ],
                    [
                        -91.417739,
                        14.888408
                    ],
                    [
                        -91.417869,
                        14.888245
                    ],
                    [
                        -91.417947,
                        14.888172
                    ],
                    [
                        -91.418204,
                        14.887991
                    ],
                    [
                        -91.419516,
                        14.8874
                    ],
                    [
                        -91.41983,
                        14.887387
                    ],
                    [
                        -91.420455,
                        14.887465
                    ],
                    [
                        -91.420672,
                        14.887431
                    ],
                    [
                        -91.420881,
                        14.887364
                    ],
                    [
                        -91.421461,
                        14.887104
                    ],
                    [
                        -91.421667,
                        14.887055
                    ],
                    [
                        -91.422397,
                        14.887084
                    ],
                    [
                        -91.42263,
                        14.887063
                    ],
                    [
                        -91.422839,
                        14.887024
                    ],
                    [
                        -91.423048,
                        14.886946
                    ],
                    [
                        -91.423184,
                        14.886872
                    ],
                    [
                        -91.423791,
                        14.886521
                    ],
                    [
                        -91.423979,
                        14.886459
                    ],
                    [
                        -91.424081,
                        14.886454
                    ],
                    [
                        -91.424277,
                        14.886477
                    ],
                    [
                        -91.4244,
                        14.886513
                    ],
                    [
                        -91.424588,
                        14.886607
                    ],
                    [
                        -91.424714,
                        14.886739
                    ],
                    [
                        -91.42484,
                        14.886944
                    ],
                    [
                        -91.425148,
                        14.888518
                    ],
                    [
                        -91.425216,
                        14.888872
                    ],
                    [
                        -91.425629,
                        14.89014
                    ],
                    [
                        -91.425645,
                        14.890236
                    ],
                    [
                        -91.425615,
                        14.890464
                    ],
                    [
                        -91.425546,
                        14.890614
                    ],
                    [
                        -91.425403,
                        14.890788
                    ],
                    [
                        -91.425328,
                        14.89085
                    ],
                    [
                        -91.425224,
                        14.890912
                    ],
                    [
                        -91.425044,
                        14.890975
                    ],
                    [
                        -91.424862,
                        14.890988
                    ],
                    [
                        -91.4245,
                        14.890967
                    ],
                    [
                        -91.424127,
                        14.891037
                    ],
                    [
                        -91.423979,
                        14.891104
                    ],
                    [
                        -91.423015,
                        14.891881
                    ],
                    [
                        -91.422509,
                        14.892289
                    ],
                    [
                        -91.422402,
                        14.892405
                    ],
                    [
                        -91.422335,
                        14.892527
                    ],
                    [
                        -91.422289,
                        14.89267
                    ],
                    [
                        -91.422284,
                        14.892818
                    ],
                    [
                        -91.422324,
                        14.892994
                    ],
                    [
                        -91.422402,
                        14.893152
                    ],
                    [
                        -91.422558,
                        14.89332
                    ],
                    [
                        -91.422727,
                        14.893442
                    ],
                    [
                        -91.422834,
                        14.893486
                    ],
                    [
                        -91.423939,
                        14.893774
                    ],
                    [
                        -91.42477,
                        14.893989
                    ],
                    [
                        -91.42495,
                        14.894101
                    ],
                    [
                        -91.425116,
                        14.894225
                    ],
                    [
                        -91.425256,
                        14.894365
                    ],
                    [
                        -91.425352,
                        14.894544
                    ],
                    [
                        -91.42543,
                        14.894728
                    ],
                    [
                        -91.425452,
                        14.89494
                    ],
                    [
                        -91.425438,
                        14.895143
                    ],
                    [
                        -91.42539,
                        14.895345
                    ],
                    [
                        -91.425321,
                        14.895481
                    ],
                    [
                        -91.425299,
                        14.895522
                    ],
                    [
                        -91.424897,
                        14.896138
                    ],
                    [
                        -91.424846,
                        14.896226
                    ],
                    [
                        -91.424816,
                        14.896314
                    ],
                    [
                        -91.424789,
                        14.896529
                    ],
                    [
                        -91.424821,
                        14.896724
                    ],
                    [
                        -91.424856,
                        14.896815
                    ],
                    [
                        -91.424988,
                        14.896999
                    ],
                    [
                        -91.425143,
                        14.897126
                    ],
                    [
                        -91.425352,
                        14.897206
                    ],
                    [
                        -91.425564,
                        14.897216
                    ],
                    [
                        -91.425682,
                        14.897193
                    ],
                    [
                        -91.426066,
                        14.89704
                    ],
                    [
                        -91.426458,
                        14.896899
                    ],
                    [
                        -91.426667,
                        14.896869
                    ],
                    [
                        -91.426899,
                        14.896875
                    ],
                    [
                        -91.427082,
                        14.896911
                    ],
                    [
                        -91.427266,
                        14.896997
                    ],
                    [
                        -91.428232,
                        14.897634
                    ],
                    [
                        -91.428451,
                        14.897689
                    ],
                    [
                        -91.42865,
                        14.897704
                    ],
                    [
                        -91.428866,
                        14.89768
                    ],
                    [
                        -91.429072,
                        14.8976
                    ],
                    [
                        -91.429258,
                        14.897484
                    ],
                    [
                        -91.430339,
                        14.896614
                    ],
                    [
                        -91.430506,
                        14.89651
                    ],
                    [
                        -91.430715,
                        14.896458
                    ],
                    [
                        -91.430912,
                        14.896434
                    ],
                    [
                        -91.431122,
                        14.896466
                    ],
                    [
                        -91.431318,
                        14.896556
                    ],
                    [
                        -91.431463,
                        14.896706
                    ],
                    [
                        -91.431583,
                        14.896875
                    ],
                    [
                        -91.431743,
                        14.897209
                    ],
                    [
                        -91.43207,
                        14.897896
                    ],
                    [
                        -91.432191,
                        14.898151
                    ],
                    [
                        -91.432356,
                        14.898423
                    ],
                    [
                        -91.43254,
                        14.898604
                    ],
                    [
                        -91.432711,
                        14.898727
                    ],
                    [
                        -91.432872,
                        14.898812
                    ],
                    [
                        -91.433037,
                        14.898852
                    ],
                    [
                        -91.43317,
                        14.898856
                    ],
                    [
                        -91.43355,
                        14.898828
                    ],
                    [
                        -91.433769,
                        14.898766
                    ],
                    [
                        -91.433953,
                        14.898662
                    ],
                    [
                        -91.434371,
                        14.898228
                    ],
                    [
                        -91.434526,
                        14.89809
                    ],
                    [
                        -91.434684,
                        14.897974
                    ],
                    [
                        -91.434865,
                        14.897879
                    ],
                    [
                        -91.435061,
                        14.897814
                    ],
                    [
                        -91.435248,
                        14.897759
                    ],
                    [
                        -91.435454,
                        14.897738
                    ],
                    [
                        -91.435653,
                        14.89775
                    ],
                    [
                        -91.435862,
                        14.897784
                    ],
                    [
                        -91.436075,
                        14.897845
                    ],
                    [
                        -91.437067,
                        14.898374
                    ],
                    [
                        -91.437186,
                        14.898438
                    ],
                    [
                        -91.437395,
                        14.898541
                    ],
                    [
                        -91.438136,
                        14.898937
                    ],
                    [
                        -91.438505,
                        14.899134
                    ],
                    [
                        -91.438639,
                        14.899206
                    ],
                    [
                        -91.438694,
                        14.899291
                    ],
                    [
                        -91.438703,
                        14.899348
                    ],
                    [
                        -91.43868,
                        14.89945
                    ],
                    [
                        -91.438574,
                        14.899531
                    ],
                    [
                        -91.438413,
                        14.899584
                    ],
                    [
                        -91.438177,
                        14.899558
                    ],
                    [
                        -91.437931,
                        14.899427
                    ],
                    [
                        -91.437567,
                        14.899106
                    ],
                    [
                        -91.437481,
                        14.898994
                    ],
                    [
                        -91.437399,
                        14.898747
                    ],
                    [
                        -91.437142,
                        14.897539
                    ],
                    [
                        -91.43697,
                        14.896689
                    ],
                    [
                        -91.436855,
                        14.896082
                    ],
                    [
                        -91.436698,
                        14.895202
                    ],
                    [
                        -91.436555,
                        14.894173
                    ],
                    [
                        -91.436537,
                        14.89374
                    ],
                    [
                        -91.436588,
                        14.893468
                    ],
                    [
                        -91.4367,
                        14.893258
                    ],
                    [
                        -91.437546,
                        14.8919
                    ],
                    [
                        -91.437748,
                        14.891617
                    ],
                    [
                        -91.437951,
                        14.891419
                    ],
                    [
                        -91.438354,
                        14.891117
                    ],
                    [
                        -91.439283,
                        14.890435
                    ],
                    [
                        -91.439889,
                        14.889988
                    ],
                    [
                        -91.440185,
                        14.889778
                    ],
                    [
                        -91.441011,
                        14.88917
                    ],
                    [
                        -91.441208,
                        14.889064
                    ],
                    [
                        -91.441515,
                        14.888968
                    ],
                    [
                        -91.441705,
                        14.888958
                    ],
                    [
                        -91.441912,
                        14.88899
                    ],
                    [
                        -91.44212,
                        14.88906
                    ],
                    [
                        -91.442243,
                        14.889128
                    ],
                    [
                        -91.442786,
                        14.889473
                    ],
                    [
                        -91.442923,
                        14.889542
                    ],
                    [
                        -91.443279,
                        14.88972
                    ],
                    [
                        -91.443474,
                        14.88977
                    ],
                    [
                        -91.443698,
                        14.889804
                    ],
                    [
                        -91.443963,
                        14.889784
                    ],
                    [
                        -91.444932,
                        14.889528
                    ],
                    [
                        -91.445464,
                        14.889512
                    ],
                    [
                        -91.446474,
                        14.889574
                    ],
                    [
                        -91.447127,
                        14.889615
                    ],
                    [
                        -91.447623,
                        14.889645
                    ],
                    [
                        -91.448756,
                        14.889614
                    ],
                    [
                        -91.449087,
                        14.889662
                    ],
                    [
                        -91.449427,
                        14.889853
                    ],
                    [
                        -91.450021,
                        14.890396
                    ],
                    [
                        -91.450195,
                        14.890529
                    ],
                    [
                        -91.450691,
                        14.890763
                    ],
                    [
                        -91.450896,
                        14.890838
                    ],
                    [
                        -91.451001,
                        14.890877
                    ],
                    [
                        -91.451617,
                        14.891102
                    ],
                    [
                        -91.452094,
                        14.89132
                    ],
                    [
                        -91.452436,
                        14.891573
                    ],
                    [
                        -91.452702,
                        14.891801
                    ],
                    [
                        -91.452797,
                        14.891882
                    ],
                    [
                        -91.452924,
                        14.89199
                    ],
                    [
                        -91.452943,
                        14.892005
                    ],
                    [
                        -91.452993,
                        14.892046
                    ],
                    [
                        -91.453406,
                        14.892413
                    ],
                    [
                        -91.453815,
                        14.892765
                    ],
                    [
                        -91.454084,
                        14.892972
                    ],
                    [
                        -91.454263,
                        14.8931
                    ],
                    [
                        -91.454402,
                        14.893184
                    ],
                    [
                        -91.454722,
                        14.893389
                    ],
                    [
                        -91.454794,
                        14.893474
                    ],
                    [
                        -91.454813,
                        14.893551
                    ],
                    [
                        -91.454884,
                        14.893633
                    ],
                    [
                        -91.454989,
                        14.893669
                    ],
                    [
                        -91.455011,
                        14.893669
                    ],
                    [
                        -91.455217,
                        14.893678
                    ],
                    [
                        -91.455489,
                        14.893786
                    ],
                    [
                        -91.455772,
                        14.893927
                    ],
                    [
                        -91.455979,
                        14.894029
                    ],
                    [
                        -91.456028,
                        14.894052
                    ],
                    [
                        -91.456073,
                        14.894073
                    ],
                    [
                        -91.45641,
                        14.894265
                    ],
                    [
                        -91.456546,
                        14.894336
                    ],
                    [
                        -91.456826,
                        14.894481
                    ],
                    [
                        -91.457329,
                        14.894743
                    ],
                    [
                        -91.457994,
                        14.895089
                    ],
                    [
                        -91.458617,
                        14.895419
                    ],
                    [
                        -91.459152,
                        14.895694
                    ],
                    [
                        -91.459447,
                        14.895808
                    ],
                    [
                        -91.459553,
                        14.895829
                    ],
                    [
                        -91.459809,
                        14.89587
                    ],
                    [
                        -91.460001,
                        14.895879
                    ],
                    [
                        -91.460158,
                        14.895883
                    ],
                    [
                        -91.460572,
                        14.895848
                    ],
                    [
                        -91.46089,
                        14.895743
                    ],
                    [
                        -91.461231,
                        14.895582
                    ],
                    [
                        -91.461405,
                        14.89549
                    ],
                    [
                        -91.461585,
                        14.895348
                    ],
                    [
                        -91.461787,
                        14.895158
                    ],
                    [
                        -91.462245,
                        14.894611
                    ],
                    [
                        -91.462673,
                        14.894047
                    ],
                    [
                        -91.463091,
                        14.893531
                    ],
                    [
                        -91.463847,
                        14.892636
                    ],
                    [
                        -91.464186,
                        14.892239
                    ],
                    [
                        -91.464502,
                        14.891882
                    ],
                    [
                        -91.464693,
                        14.891657
                    ],
                    [
                        -91.465104,
                        14.891207
                    ],
                    [
                        -91.465467,
                        14.890777
                    ],
                    [
                        -91.465728,
                        14.890485
                    ],
                    [
                        -91.466243,
                        14.889896
                    ],
                    [
                        -91.466373,
                        14.889749
                    ],
                    [
                        -91.466564,
                        14.889547
                    ],
                    [
                        -91.466711,
                        14.889368
                    ],
                    [
                        -91.467081,
                        14.888949
                    ],
                    [
                        -91.467272,
                        14.88873
                    ],
                    [
                        -91.467321,
                        14.888675
                    ],
                    [
                        -91.468387,
                        14.887464
                    ],
                    [
                        -91.468445,
                        14.887398
                    ],
                    [
                        -91.468998,
                        14.886745
                    ],
                    [
                        -91.469057,
                        14.886663
                    ],
                    [
                        -91.469211,
                        14.886448
                    ],
                    [
                        -91.469395,
                        14.886139
                    ],
                    [
                        -91.469474,
                        14.88598
                    ],
                    [
                        -91.46961,
                        14.885579
                    ],
                    [
                        -91.469708,
                        14.885162
                    ],
                    [
                        -91.470208,
                        14.883161
                    ],
                    [
                        -91.470237,
                        14.882982
                    ],
                    [
                        -91.470257,
                        14.882786
                    ],
                    [
                        -91.470237,
                        14.882404
                    ],
                    [
                        -91.47021,
                        14.882248
                    ],
                    [
                        -91.470147,
                        14.882038
                    ],
                    [
                        -91.470011,
                        14.881734
                    ],
                    [
                        -91.469851,
                        14.881429
                    ],
                    [
                        -91.469737,
                        14.881161
                    ],
                    [
                        -91.469682,
                        14.880988
                    ],
                    [
                        -91.469653,
                        14.880774
                    ],
                    [
                        -91.469644,
                        14.880586
                    ],
                    [
                        -91.469687,
                        14.880257
                    ],
                    [
                        -91.469734,
                        14.880098
                    ],
                    [
                        -91.469828,
                        14.879874
                    ],
                    [
                        -91.470278,
                        14.878942
                    ],
                    [
                        -91.470603,
                        14.878262
                    ],
                    [
                        -91.470833,
                        14.87778
                    ],
                    [
                        -91.471953,
                        14.875453
                    ],
                    [
                        -91.472093,
                        14.875061
                    ],
                    [
                        -91.47237,
                        14.874056
                    ],
                    [
                        -91.472486,
                        14.87351
                    ],
                    [
                        -91.472487,
                        14.873263
                    ],
                    [
                        -91.472473,
                        14.873131
                    ],
                    [
                        -91.472433,
                        14.872976
                    ],
                    [
                        -91.472323,
                        14.872711
                    ],
                    [
                        -91.472167,
                        14.872472
                    ],
                    [
                        -91.471967,
                        14.872266
                    ],
                    [
                        -91.471715,
                        14.872068
                    ],
                    [
                        -91.471412,
                        14.871881
                    ],
                    [
                        -91.471257,
                        14.871803
                    ],
                    [
                        -91.471131,
                        14.87174
                    ],
                    [
                        -91.47071,
                        14.871588
                    ],
                    [
                        -91.470496,
                        14.871539
                    ],
                    [
                        -91.469397,
                        14.87135
                    ],
                    [
                        -91.469255,
                        14.871314
                    ],
                    [
                        -91.469075,
                        14.871245
                    ],
                    [
                        -91.468912,
                        14.871148
                    ],
                    [
                        -91.468777,
                        14.871015
                    ],
                    [
                        -91.468686,
                        14.870888
                    ],
                    [
                        -91.468582,
                        14.870672
                    ],
                    [
                        -91.468371,
                        14.870107
                    ],
                    [
                        -91.468169,
                        14.869531
                    ],
                    [
                        -91.468128,
                        14.869424
                    ],
                    [
                        -91.468115,
                        14.869386
                    ],
                    [
                        -91.467884,
                        14.868741
                    ],
                    [
                        -91.4678,
                        14.868425
                    ],
                    [
                        -91.467772,
                        14.86815
                    ],
                    [
                        -91.467766,
                        14.867873
                    ],
                    [
                        -91.46801,
                        14.867343
                    ],
                    [
                        -91.468039,
                        14.867281
                    ],
                    [
                        -91.468094,
                        14.867138
                    ],
                    [
                        -91.468167,
                        14.866949
                    ],
                    [
                        -91.468258,
                        14.866656
                    ],
                    [
                        -91.468355,
                        14.866325
                    ],
                    [
                        -91.468425,
                        14.86607
                    ],
                    [
                        -91.468526,
                        14.865641
                    ],
                    [
                        -91.468712,
                        14.864842
                    ],
                    [
                        -91.468883,
                        14.864835
                    ],
                    [
                        -91.470306,
                        14.864836
                    ],
                    [
                        -91.470605,
                        14.864824
                    ],
                    [
                        -91.47074,
                        14.864806
                    ],
                    [
                        -91.470977,
                        14.864742
                    ],
                    [
                        -91.47108,
                        14.864701
                    ],
                    [
                        -91.471293,
                        14.86458
                    ],
                    [
                        -91.471396,
                        14.864541
                    ],
                    [
                        -91.471964,
                        14.864029
                    ],
                    [
                        -91.472193,
                        14.863842
                    ],
                    [
                        -91.472333,
                        14.86375
                    ],
                    [
                        -91.472642,
                        14.863627
                    ],
                    [
                        -91.47292,
                        14.863588
                    ],
                    [
                        -91.473092,
                        14.86359
                    ],
                    [
                        -91.473315,
                        14.863635
                    ],
                    [
                        -91.473592,
                        14.863737
                    ],
                    [
                        -91.475013,
                        14.864564
                    ],
                    [
                        -91.476224,
                        14.865387
                    ],
                    [
                        -91.476528,
                        14.865541
                    ],
                    [
                        -91.476721,
                        14.865598
                    ],
                    [
                        -91.476866,
                        14.865616
                    ],
                    [
                        -91.477064,
                        14.86561
                    ],
                    [
                        -91.477228,
                        14.865573
                    ],
                    [
                        -91.47749,
                        14.865466
                    ],
                    [
                        -91.47769,
                        14.865331
                    ],
                    [
                        -91.478228,
                        14.864818
                    ],
                    [
                        -91.478838,
                        14.864251
                    ],
                    [
                        -91.479429,
                        14.863728
                    ],
                    [
                        -91.479465,
                        14.863708
                    ],
                    [
                        -91.479746,
                        14.863551
                    ],
                    [
                        -91.479988,
                        14.863467
                    ],
                    [
                        -91.48027,
                        14.863387
                    ],
                    [
                        -91.480568,
                        14.863364
                    ],
                    [
                        -91.481423,
                        14.863525
                    ],
                    [
                        -91.481853,
                        14.8636
                    ],
                    [
                        -91.482939,
                        14.863803
                    ],
                    [
                        -91.483454,
                        14.863842
                    ],
                    [
                        -91.483517,
                        14.863834
                    ],
                    [
                        -91.48369,
                        14.863832
                    ],
                    [
                        -91.484585,
                        14.863732
                    ],
                    [
                        -91.485359,
                        14.863615
                    ],
                    [
                        -91.486577,
                        14.863392
                    ],
                    [
                        -91.487031,
                        14.863392
                    ],
                    [
                        -91.487362,
                        14.863466
                    ],
                    [
                        -91.487594,
                        14.863524
                    ],
                    [
                        -91.487993,
                        14.863717
                    ],
                    [
                        -91.488499,
                        14.86411
                    ],
                    [
                        -91.488638,
                        14.864224
                    ],
                    [
                        -91.488861,
                        14.864432
                    ],
                    [
                        -91.489192,
                        14.864819
                    ],
                    [
                        -91.489379,
                        14.865038
                    ],
                    [
                        -91.490044,
                        14.865712
                    ],
                    [
                        -91.490288,
                        14.865892
                    ],
                    [
                        -91.490551,
                        14.866057
                    ],
                    [
                        -91.491017,
                        14.866265
                    ],
                    [
                        -91.491249,
                        14.866331
                    ],
                    [
                        -91.491686,
                        14.866386
                    ],
                    [
                        -91.491984,
                        14.86639
                    ],
                    [
                        -91.49221,
                        14.866404
                    ],
                    [
                        -91.492985,
                        14.866455
                    ],
                    [
                        -91.493291,
                        14.866476
                    ],
                    [
                        -91.493457,
                        14.866487
                    ],
                    [
                        -91.493617,
                        14.8665
                    ],
                    [
                        -91.494332,
                        14.866557
                    ],
                    [
                        -91.494596,
                        14.866585
                    ],
                    [
                        -91.494734,
                        14.866598
                    ],
                    [
                        -91.494825,
                        14.866584
                    ],
                    [
                        -91.494852,
                        14.866583
                    ],
                    [
                        -91.495444,
                        14.866628
                    ],
                    [
                        -91.496995,
                        14.866759
                    ],
                    [
                        -91.497862,
                        14.866826
                    ],
                    [
                        -91.498237,
                        14.866807
                    ],
                    [
                        -91.49851,
                        14.866734
                    ],
                    [
                        -91.498799,
                        14.866591
                    ],
                    [
                        -91.499005,
                        14.866445
                    ],
                    [
                        -91.500393,
                        14.865371
                    ],
                    [
                        -91.502949,
                        14.863477
                    ],
                    [
                        -91.503058,
                        14.863396
                    ],
                    [
                        -91.505745,
                        14.861421
                    ],
                    [
                        -91.507099,
                        14.860418
                    ],
                    [
                        -91.50754,
                        14.86009
                    ],
                    [
                        -91.508004,
                        14.859749
                    ],
                    [
                        -91.508031,
                        14.85966
                    ],
                    [
                        -91.508031,
                        14.859607
                    ],
                    [
                        -91.50807,
                        14.859627
                    ],
                    [
                        -91.5081,
                        14.859614
                    ],
                    [
                        -91.508643,
                        14.859215
                    ],
                    [
                        -91.509435,
                        14.858628
                    ],
                    [
                        -91.509731,
                        14.858412
                    ],
                    [
                        -91.509975,
                        14.858241
                    ],
                    [
                        -91.510159,
                        14.858138
                    ],
                    [
                        -91.510404,
                        14.858048
                    ],
                    [
                        -91.51055,
                        14.858018
                    ],
                    [
                        -91.510833,
                        14.858011
                    ],
                    [
                        -91.510971,
                        14.858033
                    ],
                    [
                        -91.511151,
                        14.858086
                    ],
                    [
                        -91.511805,
                        14.858321
                    ],
                    [
                        -91.512085,
                        14.858377
                    ],
                    [
                        -91.513302,
                        14.858533
                    ],
                    [
                        -91.513438,
                        14.858567
                    ],
                    [
                        -91.513532,
                        14.85861
                    ],
                    [
                        -91.513805,
                        14.858645
                    ],
                    [
                        -91.514206,
                        14.858695
                    ],
                    [
                        -91.51433,
                        14.858709
                    ],
                    [
                        -91.514512,
                        14.858733
                    ],
                    [
                        -91.51466,
                        14.858753
                    ],
                    [
                        -91.514806,
                        14.858772
                    ],
                    [
                        -91.515001,
                        14.858797
                    ],
                    [
                        -91.516666,
                        14.859007
                    ],
                    [
                        -91.517683,
                        14.859126
                    ],
                    [
                        -91.517863,
                        14.859146
                    ],
                    [
                        -91.517934,
                        14.859155
                    ],
                    [
                        -91.518079,
                        14.859157
                    ],
                    [
                        -91.518144,
                        14.85914
                    ],
                    [
                        -91.518236,
                        14.859151
                    ],
                    [
                        -91.518495,
                        14.859183
                    ],
                    [
                        -91.518855,
                        14.859229
                    ],
                    [
                        -91.519299,
                        14.859287
                    ],
                    [
                        -91.519437,
                        14.859307
                    ],
                    [
                        -91.519517,
                        14.859318
                    ],
                    [
                        -91.519755,
                        14.859349
                    ],
                    [
                        -91.519975,
                        14.859378
                    ],
                    [
                        -91.52003,
                        14.859385
                    ],
                    [
                        -91.520148,
                        14.859403
                    ],
                    [
                        -91.520218,
                        14.85944
                    ],
                    [
                        -91.520592,
                        14.859445
                    ],
                    [
                        -91.521125,
                        14.859511
                    ],
                    [
                        -91.521738,
                        14.859663
                    ],
                    [
                        -91.521952,
                        14.859739
                    ],
                    [
                        -91.522084,
                        14.859739
                    ],
                    [
                        -91.522593,
                        14.859857
                    ],
                    [
                        -91.523303,
                        14.860021
                    ],
                    [
                        -91.523525,
                        14.860104
                    ],
                    [
                        -91.52372,
                        14.860212
                    ],
                    [
                        -91.524029,
                        14.860434
                    ],
                    [
                        -91.524581,
                        14.860857
                    ],
                    [
                        -91.524706,
                        14.860943
                    ],
                    [
                        -91.524852,
                        14.861036
                    ],
                    [
                        -91.524933,
                        14.86108
                    ],
                    [
                        -91.525095,
                        14.861155
                    ],
                    [
                        -91.525375,
                        14.861253
                    ],
                    [
                        -91.525467,
                        14.861278
                    ],
                    [
                        -91.525582,
                        14.861308
                    ],
                    [
                        -91.526243,
                        14.861464
                    ],
                    [
                        -91.526417,
                        14.861502
                    ],
                    [
                        -91.52678,
                        14.861585
                    ],
                    [
                        -91.527545,
                        14.861756
                    ],
                    [
                        -91.528001,
                        14.86186
                    ],
                    [
                        -91.528252,
                        14.861917
                    ],
                    [
                        -91.52828,
                        14.861923
                    ],
                    [
                        -91.528348,
                        14.861939
                    ],
                    [
                        -91.529266,
                        14.862147
                    ],
                    [
                        -91.529954,
                        14.862306
                    ],
                    [
                        -91.530836,
                        14.862504
                    ],
                    [
                        -91.531842,
                        14.862734
                    ],
                    [
                        -91.53187,
                        14.862741
                    ],
                    [
                        -91.531957,
                        14.862798
                    ],
                    [
                        -91.532222,
                        14.862865
                    ],
                    [
                        -91.532269,
                        14.862876
                    ],
                    [
                        -91.53261,
                        14.862989
                    ],
                    [
                        -91.532919,
                        14.863078
                    ],
                    [
                        -91.533461,
                        14.863187
                    ],
                    [
                        -91.53381,
                        14.863226
                    ],
                    [
                        -91.534104,
                        14.863222
                    ],
                    [
                        -91.534635,
                        14.863119
                    ],
                    [
                        -91.534866,
                        14.863088
                    ],
                    [
                        -91.535003,
                        14.863068
                    ],
                    [
                        -91.535027,
                        14.863065
                    ],
                    [
                        -91.535084,
                        14.863058
                    ],
                    [
                        -91.535606,
                        14.86299
                    ],
                    [
                        -91.537387,
                        14.862751
                    ],
                    [
                        -91.537717,
                        14.862715
                    ],
                    [
                        -91.538553,
                        14.862605
                    ],
                    [
                        -91.538659,
                        14.862592
                    ],
                    [
                        -91.53916,
                        14.862531
                    ],
                    [
                        -91.539834,
                        14.862449
                    ],
                    [
                        -91.541323,
                        14.862248
                    ],
                    [
                        -91.541622,
                        14.862186
                    ],
                    [
                        -91.54185,
                        14.862108
                    ],
                    [
                        -91.542112,
                        14.861992
                    ],
                    [
                        -91.54442,
                        14.860752
                    ],
                    [
                        -91.544958,
                        14.860478
                    ],
                    [
                        -91.545531,
                        14.860151
                    ],
                    [
                        -91.54585,
                        14.859946
                    ],
                    [
                        -91.546049,
                        14.859755
                    ],
                    [
                        -91.546287,
                        14.859495
                    ],
                    [
                        -91.546424,
                        14.859394
                    ],
                    [
                        -91.546497,
                        14.85931
                    ],
                    [
                        -91.546509,
                        14.859299
                    ],
                    [
                        -91.54652,
                        14.859287
                    ],
                    [
                        -91.546694,
                        14.859313
                    ],
                    [
                        -91.546938,
                        14.859344
                    ],
                    [
                        -91.547196,
                        14.859412
                    ],
                    [
                        -91.548195,
                        14.859752
                    ],
                    [
                        -91.548404,
                        14.859823
                    ],
                    [
                        -91.548791,
                        14.859952
                    ],
                    [
                        -91.54978,
                        14.86029
                    ],
                    [
                        -91.550338,
                        14.860481
                    ],
                    [
                        -91.55046,
                        14.860523
                    ],
                    [
                        -91.551925,
                        14.861021
                    ],
                    [
                        -91.553765,
                        14.861587
                    ],
                    [
                        -91.55393,
                        14.861687
                    ],
                    [
                        -91.554074,
                        14.861832
                    ],
                    [
                        -91.554149,
                        14.862037
                    ],
                    [
                        -91.554215,
                        14.862518
                    ],
                    [
                        -91.554236,
                        14.862587
                    ],
                    [
                        -91.554303,
                        14.86269
                    ],
                    [
                        -91.554418,
                        14.862803
                    ],
                    [
                        -91.554627,
                        14.862942
                    ],
                    [
                        -91.554848,
                        14.863058
                    ],
                    [
                        -91.554893,
                        14.863082
                    ],
                    [
                        -91.555728,
                        14.863481
                    ],
                    [
                        -91.556294,
                        14.863789
                    ],
                    [
                        -91.556621,
                        14.863991
                    ],
                    [
                        -91.557085,
                        14.864269
                    ],
                    [
                        -91.557352,
                        14.8644
                    ],
                    [
                        -91.557657,
                        14.864523
                    ],
                    [
                        -91.558239,
                        14.864726
                    ],
                    [
                        -91.558439,
                        14.8648
                    ],
                    [
                        -91.558922,
                        14.864972
                    ],
                    [
                        -91.558942,
                        14.86498
                    ],
                    [
                        -91.559335,
                        14.865131
                    ],
                    [
                        -91.559521,
                        14.865194
                    ],
                    [
                        -91.560034,
                        14.865366
                    ],
                    [
                        -91.560173,
                        14.865394
                    ],
                    [
                        -91.560642,
                        14.865488
                    ],
                    [
                        -91.560735,
                        14.865496
                    ],
                    [
                        -91.561057,
                        14.865512
                    ],
                    [
                        -91.561143,
                        14.86551
                    ],
                    [
                        -91.561479,
                        14.865499
                    ],
                    [
                        -91.561949,
                        14.865463
                    ],
                    [
                        -91.562195,
                        14.865449
                    ],
                    [
                        -91.562363,
                        14.86544
                    ],
                    [
                        -91.562419,
                        14.865437
                    ],
                    [
                        -91.562517,
                        14.865431
                    ],
                    [
                        -91.562618,
                        14.865425
                    ],
                    [
                        -91.562779,
                        14.865415
                    ],
                    [
                        -91.562862,
                        14.86541
                    ],
                    [
                        -91.563047,
                        14.865385
                    ],
                    [
                        -91.563541,
                        14.86532
                    ],
                    [
                        -91.56373,
                        14.865295
                    ],
                    [
                        -91.563904,
                        14.865264
                    ],
                    [
                        -91.56403,
                        14.865242
                    ],
                    [
                        -91.564188,
                        14.865215
                    ],
                    [
                        -91.564279,
                        14.865198
                    ],
                    [
                        -91.564687,
                        14.865121
                    ],
                    [
                        -91.564877,
                        14.865085
                    ],
                    [
                        -91.56509,
                        14.865064
                    ],
                    [
                        -91.565234,
                        14.865067
                    ],
                    [
                        -91.565399,
                        14.865061
                    ],
                    [
                        -91.565452,
                        14.865066
                    ],
                    [
                        -91.565477,
                        14.865057
                    ],
                    [
                        -91.565633,
                        14.865101
                    ],
                    [
                        -91.565809,
                        14.865183
                    ],
                    [
                        -91.566437,
                        14.865612
                    ],
                    [
                        -91.566886,
                        14.865922
                    ],
                    [
                        -91.566991,
                        14.865979
                    ],
                    [
                        -91.567307,
                        14.866151
                    ],
                    [
                        -91.567609,
                        14.866316
                    ],
                    [
                        -91.567941,
                        14.866472
                    ],
                    [
                        -91.568025,
                        14.866501
                    ],
                    [
                        -91.56845,
                        14.866644
                    ],
                    [
                        -91.568824,
                        14.866732
                    ],
                    [
                        -91.568955,
                        14.866757
                    ],
                    [
                        -91.569408,
                        14.86684
                    ],
                    [
                        -91.570027,
                        14.866959
                    ],
                    [
                        -91.570061,
                        14.86697
                    ],
                    [
                        -91.570313,
                        14.867063
                    ],
                    [
                        -91.570408,
                        14.867101
                    ],
                    [
                        -91.570565,
                        14.867171
                    ],
                    [
                        -91.570842,
                        14.867295
                    ],
                    [
                        -91.570962,
                        14.867349
                    ],
                    [
                        -91.571351,
                        14.86753
                    ],
                    [
                        -91.572587,
                        14.868116
                    ],
                    [
                        -91.57287,
                        14.868211
                    ],
                    [
                        -91.573166,
                        14.868246
                    ],
                    [
                        -91.573516,
                        14.868199
                    ],
                    [
                        -91.573919,
                        14.868091
                    ],
                    [
                        -91.574498,
                        14.8679
                    ],
                    [
                        -91.57507,
                        14.867717
                    ],
                    [
                        -91.575844,
                        14.867454
                    ],
                    [
                        -91.576593,
                        14.867172
                    ],
                    [
                        -91.578008,
                        14.866563
                    ],
                    [
                        -91.578601,
                        14.866304
                    ],
                    [
                        -91.578867,
                        14.866182
                    ],
                    [
                        -91.579029,
                        14.866118
                    ],
                    [
                        -91.579479,
                        14.865888
                    ],
                    [
                        -91.579882,
                        14.865712
                    ],
                    [
                        -91.579957,
                        14.865679
                    ],
                    [
                        -91.580529,
                        14.865411
                    ],
                    [
                        -91.581629,
                        14.864891
                    ],
                    [
                        -91.581939,
                        14.8647
                    ],
                    [
                        -91.582071,
                        14.864621
                    ],
                    [
                        -91.582343,
                        14.864426
                    ],
                    [
                        -91.582603,
                        14.864237
                    ],
                    [
                        -91.582942,
                        14.863965
                    ],
                    [
                        -91.583056,
                        14.863876
                    ],
                    [
                        -91.583207,
                        14.863736
                    ],
                    [
                        -91.583338,
                        14.863612
                    ],
                    [
                        -91.583401,
                        14.863563
                    ],
                    [
                        -91.58343,
                        14.863515
                    ],
                    [
                        -91.583552,
                        14.86305
                    ],
                    [
                        -91.583624,
                        14.86268
                    ],
                    [
                        -91.583724,
                        14.862339
                    ],
                    [
                        -91.58378,
                        14.862201
                    ],
                    [
                        -91.583848,
                        14.862027
                    ],
                    [
                        -91.583956,
                        14.861837
                    ],
                    [
                        -91.584131,
                        14.861547
                    ],
                    [
                        -91.585073,
                        14.859977
                    ],
                    [
                        -91.585271,
                        14.859653
                    ],
                    [
                        -91.585336,
                        14.859563
                    ],
                    [
                        -91.585651,
                        14.859018
                    ],
                    [
                        -91.585902,
                        14.858585
                    ],
                    [
                        -91.586078,
                        14.858296
                    ],
                    [
                        -91.58633,
                        14.857866
                    ],
                    [
                        -91.586784,
                        14.857162
                    ],
                    [
                        -91.586874,
                        14.857036
                    ],
                    [
                        -91.586982,
                        14.856932
                    ],
                    [
                        -91.587271,
                        14.856728
                    ],
                    [
                        -91.587474,
                        14.856611
                    ],
                    [
                        -91.587567,
                        14.856575
                    ],
                    [
                        -91.58763,
                        14.85655
                    ],
                    [
                        -91.587818,
                        14.856492
                    ],
                    [
                        -91.588103,
                        14.856456
                    ],
                    [
                        -91.588769,
                        14.856406
                    ],
                    [
                        -91.589883,
                        14.856342
                    ],
                    [
                        -91.590077,
                        14.856326
                    ],
                    [
                        -91.590495,
                        14.856306
                    ],
                    [
                        -91.591322,
                        14.856257
                    ],
                    [
                        -91.591688,
                        14.856236
                    ],
                    [
                        -91.592488,
                        14.856186
                    ],
                    [
                        -91.592771,
                        14.856166
                    ],
                    [
                        -91.593451,
                        14.856121
                    ],
                    [
                        -91.593765,
                        14.856121
                    ],
                    [
                        -91.593978,
                        14.856142
                    ],
                    [
                        -91.594284,
                        14.856214
                    ],
                    [
                        -91.594565,
                        14.856313
                    ],
                    [
                        -91.594845,
                        14.85644
                    ],
                    [
                        -91.594992,
                        14.856519
                    ],
                    [
                        -91.595244,
                        14.856651
                    ],
                    [
                        -91.595565,
                        14.856816
                    ],
                    [
                        -91.59631,
                        14.857206
                    ],
                    [
                        -91.59726,
                        14.857707
                    ],
                    [
                        -91.598001,
                        14.858125
                    ],
                    [
                        -91.598583,
                        14.85842
                    ],
                    [
                        -91.59885,
                        14.858555
                    ],
                    [
                        -91.599451,
                        14.858895
                    ],
                    [
                        -91.599575,
                        14.85896
                    ],
                    [
                        -91.600205,
                        14.859305
                    ],
                    [
                        -91.600365,
                        14.859423
                    ],
                    [
                        -91.600513,
                        14.859601
                    ],
                    [
                        -91.600565,
                        14.859713
                    ],
                    [
                        -91.600596,
                        14.859841
                    ],
                    [
                        -91.600604,
                        14.859972
                    ],
                    [
                        -91.60059,
                        14.860253
                    ],
                    [
                        -91.600587,
                        14.860352
                    ],
                    [
                        -91.600539,
                        14.861637
                    ],
                    [
                        -91.600572,
                        14.861798
                    ],
                    [
                        -91.600597,
                        14.861867
                    ],
                    [
                        -91.60077,
                        14.862095
                    ],
                    [
                        -91.6008,
                        14.862123
                    ],
                    [
                        -91.60099,
                        14.862266
                    ],
                    [
                        -91.60185,
                        14.862912
                    ],
                    [
                        -91.601895,
                        14.862973
                    ],
                    [
                        -91.601918,
                        14.863033
                    ],
                    [
                        -91.601957,
                        14.86316
                    ],
                    [
                        -91.60196,
                        14.863229
                    ],
                    [
                        -91.601956,
                        14.863379
                    ],
                    [
                        -91.601716,
                        14.864191
                    ],
                    [
                        -91.601704,
                        14.864399
                    ],
                    [
                        -91.601754,
                        14.864548
                    ],
                    [
                        -91.602506,
                        14.866357
                    ],
                    [
                        -91.602595,
                        14.866571
                    ],
                    [
                        -91.602685,
                        14.866743
                    ],
                    [
                        -91.60281,
                        14.866925
                    ],
                    [
                        -91.602882,
                        14.866993
                    ],
                    [
                        -91.603298,
                        14.867357
                    ],
                    [
                        -91.603735,
                        14.867753
                    ],
                    [
                        -91.603837,
                        14.867889
                    ],
                    [
                        -91.603874,
                        14.868057
                    ],
                    [
                        -91.603787,
                        14.868678
                    ],
                    [
                        -91.603784,
                        14.868836
                    ],
                    [
                        -91.603828,
                        14.868968
                    ],
                    [
                        -91.603906,
                        14.869055
                    ],
                    [
                        -91.604,
                        14.869104
                    ],
                    [
                        -91.604088,
                        14.869121
                    ],
                    [
                        -91.605057,
                        14.869083
                    ],
                    [
                        -91.605234,
                        14.869091
                    ],
                    [
                        -91.605412,
                        14.86912
                    ],
                    [
                        -91.605622,
                        14.869215
                    ],
                    [
                        -91.606253,
                        14.869613
                    ],
                    [
                        -91.606385,
                        14.86966
                    ],
                    [
                        -91.60658,
                        14.86966
                    ],
                    [
                        -91.606693,
                        14.869628
                    ],
                    [
                        -91.606811,
                        14.86957
                    ],
                    [
                        -91.607415,
                        14.869111
                    ],
                    [
                        -91.607534,
                        14.869034
                    ],
                    [
                        -91.607645,
                        14.868985
                    ],
                    [
                        -91.60922,
                        14.868426
                    ],
                    [
                        -91.609884,
                        14.868107
                    ],
                    [
                        -91.610185,
                        14.868002
                    ],
                    [
                        -91.610398,
                        14.867986
                    ],
                    [
                        -91.610961,
                        14.867998
                    ],
                    [
                        -91.611166,
                        14.867989
                    ],
                    [
                        -91.611356,
                        14.867961
                    ],
                    [
                        -91.611891,
                        14.867845
                    ],
                    [
                        -91.612189,
                        14.867804
                    ],
                    [
                        -91.61253,
                        14.86782
                    ],
                    [
                        -91.612843,
                        14.8679
                    ],
                    [
                        -91.613018,
                        14.867971
                    ],
                    [
                        -91.61336,
                        14.868183
                    ],
                    [
                        -91.613663,
                        14.868396
                    ],
                    [
                        -91.613793,
                        14.868466
                    ],
                    [
                        -91.613974,
                        14.868501
                    ],
                    [
                        -91.614081,
                        14.868498
                    ],
                    [
                        -91.614299,
                        14.868455
                    ],
                    [
                        -91.614606,
                        14.868317
                    ],
                    [
                        -91.614802,
                        14.868246
                    ],
                    [
                        -91.615115,
                        14.868155
                    ],
                    [
                        -91.616314,
                        14.867736
                    ],
                    [
                        -91.616722,
                        14.867635
                    ],
                    [
                        -91.617322,
                        14.867556
                    ],
                    [
                        -91.617792,
                        14.86752
                    ],
                    [
                        -91.617989,
                        14.867525
                    ],
                    [
                        -91.61811,
                        14.867559
                    ],
                    [
                        -91.618273,
                        14.867665
                    ],
                    [
                        -91.618575,
                        14.867998
                    ],
                    [
                        -91.618739,
                        14.868097
                    ],
                    [
                        -91.618942,
                        14.868163
                    ],
                    [
                        -91.61931,
                        14.8682
                    ],
                    [
                        -91.619325,
                        14.868675
                    ],
                    [
                        -91.619315,
                        14.869183
                    ],
                    [
                        -91.619311,
                        14.869676
                    ],
                    [
                        -91.619309,
                        14.870221
                    ],
                    [
                        -91.619314,
                        14.870712
                    ],
                    [
                        -91.619337,
                        14.871278
                    ],
                    [
                        -91.619934,
                        14.871241
                    ],
                    [
                        -91.620918,
                        14.871191
                    ],
                    [
                        -91.621528,
                        14.871131
                    ],
                    [
                        -91.621572,
                        14.871161
                    ],
                    [
                        -91.621743,
                        14.871502
                    ],
                    [
                        -91.621823,
                        14.871616
                    ],
                    [
                        -91.621965,
                        14.871744
                    ],
                    [
                        -91.622151,
                        14.871845
                    ],
                    [
                        -91.622275,
                        14.871925
                    ],
                    [
                        -91.622361,
                        14.872041
                    ],
                    [
                        -91.62258,
                        14.872369
                    ],
                    [
                        -91.622642,
                        14.872467
                    ],
                    [
                        -91.622833,
                        14.87272
                    ],
                    [
                        -91.623291,
                        14.873415
                    ],
                    [
                        -91.623505,
                        14.873736
                    ],
                    [
                        -91.623529,
                        14.873771
                    ],
                    [
                        -91.624234,
                        14.874838
                    ],
                    [
                        -91.624426,
                        14.87513
                    ],
                    [
                        -91.624768,
                        14.875651
                    ],
                    [
                        -91.62702,
                        14.879091
                    ],
                    [
                        -91.627177,
                        14.879331
                    ],
                    [
                        -91.627594,
                        14.879971
                    ],
                    [
                        -91.627738,
                        14.880192
                    ],
                    [
                        -91.628187,
                        14.880881
                    ],
                    [
                        -91.62892,
                        14.882008
                    ],
                    [
                        -91.629804,
                        14.883371
                    ],
                    [
                        -91.630028,
                        14.883716
                    ],
                    [
                        -91.630057,
                        14.88376
                    ],
                    [
                        -91.630647,
                        14.884713
                    ],
                    [
                        -91.631256,
                        14.885633
                    ],
                    [
                        -91.631696,
                        14.886277
                    ],
                    [
                        -91.632299,
                        14.887211
                    ],
                    [
                        -91.632934,
                        14.888219
                    ],
                    [
                        -91.633137,
                        14.888386
                    ],
                    [
                        -91.633342,
                        14.888504
                    ],
                    [
                        -91.63384,
                        14.888655
                    ],
                    [
                        -91.634473,
                        14.888814
                    ],
                    [
                        -91.635125,
                        14.888943
                    ],
                    [
                        -91.63616,
                        14.889047
                    ],
                    [
                        -91.636611,
                        14.889085
                    ],
                    [
                        -91.637271,
                        14.889152
                    ],
                    [
                        -91.638666,
                        14.889358
                    ],
                    [
                        -91.639232,
                        14.889332
                    ],
                    [
                        -91.639389,
                        14.889292
                    ],
                    [
                        -91.639577,
                        14.889193
                    ],
                    [
                        -91.640038,
                        14.888993
                    ],
                    [
                        -91.640662,
                        14.888909
                    ],
                    [
                        -91.640883,
                        14.888837
                    ],
                    [
                        -91.641047,
                        14.88875
                    ],
                    [
                        -91.641507,
                        14.888371
                    ],
                    [
                        -91.641785,
                        14.888183
                    ],
                    [
                        -91.642111,
                        14.887935
                    ],
                    [
                        -91.64242,
                        14.887748
                    ],
                    [
                        -91.643093,
                        14.887457
                    ],
                    [
                        -91.643483,
                        14.887132
                    ],
                    [
                        -91.643686,
                        14.886862
                    ],
                    [
                        -91.643876,
                        14.88647
                    ],
                    [
                        -91.644027,
                        14.886055
                    ],
                    [
                        -91.644121,
                        14.885891
                    ],
                    [
                        -91.64427,
                        14.885714
                    ],
                    [
                        -91.644882,
                        14.885181
                    ],
                    [
                        -91.644899,
                        14.885167
                    ],
                    [
                        -91.64508,
                        14.88501
                    ],
                    [
                        -91.645722,
                        14.884457
                    ],
                    [
                        -91.645898,
                        14.884282
                    ],
                    [
                        -91.646168,
                        14.883785
                    ],
                    [
                        -91.646928,
                        14.882823
                    ],
                    [
                        -91.647037,
                        14.882745
                    ],
                    [
                        -91.647192,
                        14.882717
                    ],
                    [
                        -91.64737,
                        14.882751
                    ],
                    [
                        -91.647664,
                        14.882886
                    ],
                    [
                        -91.647883,
                        14.882904
                    ],
                    [
                        -91.647999,
                        14.882858
                    ],
                    [
                        -91.648094,
                        14.882777
                    ],
                    [
                        -91.648172,
                        14.882678
                    ],
                    [
                        -91.648231,
                        14.882541
                    ],
                    [
                        -91.648367,
                        14.88195
                    ],
                    [
                        -91.648405,
                        14.881851
                    ],
                    [
                        -91.648498,
                        14.881733
                    ],
                    [
                        -91.648598,
                        14.881679
                    ],
                    [
                        -91.649,
                        14.881751
                    ],
                    [
                        -91.649137,
                        14.881718
                    ],
                    [
                        -91.649176,
                        14.881652
                    ],
                    [
                        -91.649219,
                        14.881483
                    ],
                    [
                        -91.649223,
                        14.881155
                    ],
                    [
                        -91.64919,
                        14.880358
                    ],
                    [
                        -91.649193,
                        14.879746
                    ],
                    [
                        -91.649247,
                        14.878513
                    ],
                    [
                        -91.64952,
                        14.877538
                    ],
                    [
                        -91.649603,
                        14.877327
                    ],
                    [
                        -91.649743,
                        14.877169
                    ],
                    [
                        -91.650362,
                        14.87656
                    ],
                    [
                        -91.650424,
                        14.876464
                    ],
                    [
                        -91.650462,
                        14.876306
                    ],
                    [
                        -91.65044,
                        14.876192
                    ],
                    [
                        -91.649868,
                        14.875343
                    ],
                    [
                        -91.649409,
                        14.874624
                    ],
                    [
                        -91.649229,
                        14.874317
                    ],
                    [
                        -91.649306,
                        14.874079
                    ],
                    [
                        -91.64951,
                        14.874096
                    ],
                    [
                        -91.649688,
                        14.874194
                    ],
                    [
                        -91.650104,
                        14.874566
                    ],
                    [
                        -91.650256,
                        14.87467
                    ],
                    [
                        -91.650447,
                        14.87474
                    ],
                    [
                        -91.650746,
                        14.874807
                    ],
                    [
                        -91.650915,
                        14.874823
                    ],
                    [
                        -91.651097,
                        14.874798
                    ],
                    [
                        -91.651307,
                        14.87475
                    ],
                    [
                        -91.651607,
                        14.874771
                    ],
                    [
                        -91.651938,
                        14.874902
                    ],
                    [
                        -91.6522,
                        14.875091
                    ],
                    [
                        -91.652331,
                        14.875233
                    ],
                    [
                        -91.652425,
                        14.875474
                    ],
                    [
                        -91.652484,
                        14.875834
                    ],
                    [
                        -91.652557,
                        14.876938
                    ],
                    [
                        -91.652648,
                        14.877175
                    ],
                    [
                        -91.652799,
                        14.877309
                    ],
                    [
                        -91.652954,
                        14.877374
                    ],
                    [
                        -91.653144,
                        14.877367
                    ],
                    [
                        -91.653308,
                        14.877276
                    ],
                    [
                        -91.653442,
                        14.877154
                    ],
                    [
                        -91.653601,
                        14.876696
                    ],
                    [
                        -91.653662,
                        14.876505
                    ],
                    [
                        -91.653766,
                        14.876278
                    ],
                    [
                        -91.653967,
                        14.87614
                    ],
                    [
                        -91.654201,
                        14.876034
                    ],
                    [
                        -91.654464,
                        14.875982
                    ],
                    [
                        -91.65471,
                        14.875984
                    ],
                    [
                        -91.654887,
                        14.876044
                    ],
                    [
                        -91.655082,
                        14.876157
                    ],
                    [
                        -91.655451,
                        14.876434
                    ],
                    [
                        -91.655823,
                        14.876776
                    ],
                    [
                        -91.656026,
                        14.876888
                    ],
                    [
                        -91.656113,
                        14.8769
                    ],
                    [
                        -91.656304,
                        14.876892
                    ],
                    [
                        -91.656478,
                        14.876827
                    ],
                    [
                        -91.656615,
                        14.876726
                    ],
                    [
                        -91.656684,
                        14.876531
                    ],
                    [
                        -91.656698,
                        14.876262
                    ],
                    [
                        -91.656626,
                        14.875999
                    ],
                    [
                        -91.656443,
                        14.875572
                    ],
                    [
                        -91.656376,
                        14.875369
                    ],
                    [
                        -91.656355,
                        14.875107
                    ],
                    [
                        -91.656357,
                        14.874815
                    ],
                    [
                        -91.656413,
                        14.874531
                    ],
                    [
                        -91.656787,
                        14.873213
                    ],
                    [
                        -91.657004,
                        14.872901
                    ],
                    [
                        -91.657735,
                        14.872265
                    ],
                    [
                        -91.658031,
                        14.872154
                    ],
                    [
                        -91.658318,
                        14.872066
                    ],
                    [
                        -91.658477,
                        14.87216
                    ],
                    [
                        -91.658583,
                        14.872312
                    ],
                    [
                        -91.658423,
                        14.872732
                    ],
                    [
                        -91.658377,
                        14.872922
                    ],
                    [
                        -91.658384,
                        14.8731
                    ],
                    [
                        -91.658646,
                        14.874204
                    ],
                    [
                        -91.658813,
                        14.87475
                    ],
                    [
                        -91.659155,
                        14.875658
                    ],
                    [
                        -91.659254,
                        14.875829
                    ],
                    [
                        -91.659356,
                        14.875965
                    ],
                    [
                        -91.659481,
                        14.876054
                    ],
                    [
                        -91.659674,
                        14.876124
                    ],
                    [
                        -91.659844,
                        14.876141
                    ],
                    [
                        -91.660824,
                        14.876028
                    ],
                    [
                        -91.661683,
                        14.876002
                    ],
                    [
                        -91.662164,
                        14.876098
                    ],
                    [
                        -91.663315,
                        14.876381
                    ],
                    [
                        -91.663449,
                        14.876448
                    ],
                    [
                        -91.663559,
                        14.876537
                    ],
                    [
                        -91.663578,
                        14.876612
                    ],
                    [
                        -91.66357,
                        14.876746
                    ],
                    [
                        -91.663415,
                        14.877103
                    ],
                    [
                        -91.663336,
                        14.877218
                    ],
                    [
                        -91.662898,
                        14.877524
                    ],
                    [
                        -91.662803,
                        14.87763
                    ],
                    [
                        -91.662765,
                        14.877713
                    ],
                    [
                        -91.662745,
                        14.87791
                    ],
                    [
                        -91.662848,
                        14.878391
                    ],
                    [
                        -91.66293,
                        14.878674
                    ],
                    [
                        -91.662965,
                        14.878765
                    ],
                    [
                        -91.663075,
                        14.878873
                    ],
                    [
                        -91.663372,
                        14.879059
                    ],
                    [
                        -91.663617,
                        14.879175
                    ],
                    [
                        -91.664396,
                        14.879468
                    ],
                    [
                        -91.665144,
                        14.879831
                    ],
                    [
                        -91.66525,
                        14.879984
                    ],
                    [
                        -91.66528,
                        14.880062
                    ],
                    [
                        -91.665281,
                        14.880205
                    ],
                    [
                        -91.665247,
                        14.880315
                    ],
                    [
                        -91.665152,
                        14.880439
                    ],
                    [
                        -91.664833,
                        14.8807
                    ],
                    [
                        -91.664718,
                        14.880846
                    ],
                    [
                        -91.66461,
                        14.881032
                    ],
                    [
                        -91.664558,
                        14.881183
                    ],
                    [
                        -91.664586,
                        14.881372
                    ],
                    [
                        -91.664956,
                        14.882919
                    ],
                    [
                        -91.66497,
                        14.88307
                    ],
                    [
                        -91.664959,
                        14.883243
                    ],
                    [
                        -91.664592,
                        14.884674
                    ],
                    [
                        -91.664499,
                        14.884832
                    ],
                    [
                        -91.664415,
                        14.884943
                    ],
                    [
                        -91.664232,
                        14.885123
                    ],
                    [
                        -91.66382,
                        14.885405
                    ],
                    [
                        -91.663646,
                        14.88555
                    ],
                    [
                        -91.663552,
                        14.885696
                    ],
                    [
                        -91.663465,
                        14.885906
                    ],
                    [
                        -91.663385,
                        14.886213
                    ],
                    [
                        -91.663361,
                        14.886459
                    ],
                    [
                        -91.663385,
                        14.886828
                    ],
                    [
                        -91.663454,
                        14.887266
                    ],
                    [
                        -91.663523,
                        14.887394
                    ],
                    [
                        -91.663617,
                        14.887491
                    ],
                    [
                        -91.663781,
                        14.887562
                    ],
                    [
                        -91.663956,
                        14.88765
                    ],
                    [
                        -91.664552,
                        14.887766
                    ],
                    [
                        -91.664699,
                        14.887831
                    ],
                    [
                        -91.664822,
                        14.887928
                    ],
                    [
                        -91.664933,
                        14.888058
                    ],
                    [
                        -91.665061,
                        14.88829
                    ],
                    [
                        -91.665203,
                        14.88869
                    ],
                    [
                        -91.6653,
                        14.888887
                    ],
                    [
                        -91.665414,
                        14.889052
                    ],
                    [
                        -91.665558,
                        14.889221
                    ],
                    [
                        -91.666066,
                        14.88967
                    ],
                    [
                        -91.666173,
                        14.889811
                    ],
                    [
                        -91.666209,
                        14.889905
                    ],
                    [
                        -91.666233,
                        14.890029
                    ],
                    [
                        -91.666236,
                        14.890153
                    ],
                    [
                        -91.666059,
                        14.89126
                    ],
                    [
                        -91.666049,
                        14.891399
                    ],
                    [
                        -91.66608,
                        14.891542
                    ],
                    [
                        -91.666137,
                        14.891675
                    ],
                    [
                        -91.666251,
                        14.891838
                    ],
                    [
                        -91.666374,
                        14.891936
                    ],
                    [
                        -91.666821,
                        14.892133
                    ],
                    [
                        -91.667613,
                        14.892432
                    ],
                    [
                        -91.668133,
                        14.892639
                    ],
                    [
                        -91.668399,
                        14.89283
                    ],
                    [
                        -91.668525,
                        14.892971
                    ],
                    [
                        -91.668644,
                        14.893191
                    ],
                    [
                        -91.668878,
                        14.893736
                    ],
                    [
                        -91.669,
                        14.893918
                    ],
                    [
                        -91.669138,
                        14.894057
                    ],
                    [
                        -91.669363,
                        14.894189
                    ],
                    [
                        -91.669501,
                        14.894266
                    ],
                    [
                        -91.669736,
                        14.894371
                    ],
                    [
                        -91.66998,
                        14.894557
                    ],
                    [
                        -91.670071,
                        14.894683
                    ],
                    [
                        -91.670289,
                        14.895161
                    ],
                    [
                        -91.670427,
                        14.89538
                    ],
                    [
                        -91.670611,
                        14.89561
                    ],
                    [
                        -91.670737,
                        14.895715
                    ],
                    [
                        -91.670887,
                        14.895782
                    ],
                    [
                        -91.671024,
                        14.8958
                    ],
                    [
                        -91.671147,
                        14.895781
                    ],
                    [
                        -91.671415,
                        14.895695
                    ],
                    [
                        -91.671563,
                        14.895672
                    ],
                    [
                        -91.671675,
                        14.895684
                    ],
                    [
                        -91.671793,
                        14.895719
                    ],
                    [
                        -91.67191,
                        14.895809
                    ],
                    [
                        -91.671996,
                        14.895952
                    ],
                    [
                        -91.672759,
                        14.898285
                    ],
                    [
                        -91.67304,
                        14.898604
                    ],
                    [
                        -91.673239,
                        14.898858
                    ],
                    [
                        -91.673279,
                        14.898941
                    ],
                    [
                        -91.673274,
                        14.899116
                    ],
                    [
                        -91.673172,
                        14.899325
                    ],
                    [
                        -91.672922,
                        14.899677
                    ],
                    [
                        -91.672868,
                        14.89986
                    ],
                    [
                        -91.672853,
                        14.899979
                    ],
                    [
                        -91.672956,
                        14.900746
                    ],
                    [
                        -91.672955,
                        14.900819
                    ],
                    [
                        -91.672935,
                        14.900955
                    ],
                    [
                        -91.67287,
                        14.901091
                    ],
                    [
                        -91.672298,
                        14.90166
                    ],
                    [
                        -91.672173,
                        14.90187
                    ],
                    [
                        -91.672141,
                        14.902015
                    ],
                    [
                        -91.672134,
                        14.902201
                    ],
                    [
                        -91.672161,
                        14.90238
                    ],
                    [
                        -91.672272,
                        14.90276
                    ],
                    [
                        -91.672292,
                        14.902943
                    ],
                    [
                        -91.672282,
                        14.903063
                    ],
                    [
                        -91.672206,
                        14.903195
                    ],
                    [
                        -91.672091,
                        14.903326
                    ],
                    [
                        -91.671925,
                        14.903414
                    ],
                    [
                        -91.671724,
                        14.903465
                    ],
                    [
                        -91.671478,
                        14.903479
                    ],
                    [
                        -91.671003,
                        14.903469
                    ],
                    [
                        -91.670834,
                        14.903506
                    ],
                    [
                        -91.670566,
                        14.903624
                    ],
                    [
                        -91.67042,
                        14.903755
                    ],
                    [
                        -91.670324,
                        14.903889
                    ],
                    [
                        -91.670244,
                        14.904079
                    ],
                    [
                        -91.670192,
                        14.904325
                    ],
                    [
                        -91.670177,
                        14.904561
                    ],
                    [
                        -91.670197,
                        14.904812
                    ],
                    [
                        -91.67016,
                        14.905255
                    ],
                    [
                        -91.670042,
                        14.905631
                    ],
                    [
                        -91.669747,
                        14.906463
                    ],
                    [
                        -91.669363,
                        14.907359
                    ],
                    [
                        -91.669118,
                        14.907777
                    ],
                    [
                        -91.669053,
                        14.907931
                    ],
                    [
                        -91.668875,
                        14.908269
                    ],
                    [
                        -91.668794,
                        14.908423
                    ],
                    [
                        -91.668728,
                        14.908749
                    ],
                    [
                        -91.668735,
                        14.909039
                    ],
                    [
                        -91.668813,
                        14.90939
                    ],
                    [
                        -91.668915,
                        14.909733
                    ],
                    [
                        -91.668963,
                        14.910094
                    ],
                    [
                        -91.668952,
                        14.910337
                    ],
                    [
                        -91.668915,
                        14.91056
                    ],
                    [
                        -91.668619,
                        14.911224
                    ],
                    [
                        -91.668565,
                        14.9115
                    ],
                    [
                        -91.668629,
                        14.911755
                    ],
                    [
                        -91.668949,
                        14.912436
                    ],
                    [
                        -91.669358,
                        14.913384
                    ],
                    [
                        -91.669717,
                        14.913983
                    ],
                    [
                        -91.670092,
                        14.914526
                    ],
                    [
                        -91.670146,
                        14.914602
                    ],
                    [
                        -91.670303,
                        14.914764
                    ],
                    [
                        -91.670522,
                        14.914914
                    ],
                    [
                        -91.671156,
                        14.915257
                    ],
                    [
                        -91.671277,
                        14.915346
                    ],
                    [
                        -91.671351,
                        14.915447
                    ],
                    [
                        -91.671373,
                        14.915512
                    ],
                    [
                        -91.671377,
                        14.915592
                    ],
                    [
                        -91.671368,
                        14.915655
                    ],
                    [
                        -91.671217,
                        14.916119
                    ],
                    [
                        -91.6712,
                        14.916312
                    ],
                    [
                        -91.671238,
                        14.916498
                    ],
                    [
                        -91.671322,
                        14.916667
                    ],
                    [
                        -91.671434,
                        14.91682
                    ],
                    [
                        -91.671938,
                        14.917439
                    ],
                    [
                        -91.672225,
                        14.917662
                    ],
                    [
                        -91.673482,
                        14.918352
                    ],
                    [
                        -91.673672,
                        14.918401
                    ],
                    [
                        -91.674236,
                        14.918357
                    ],
                    [
                        -91.674437,
                        14.918402
                    ],
                    [
                        -91.674644,
                        14.918489
                    ],
                    [
                        -91.676375,
                        14.919528
                    ],
                    [
                        -91.677523,
                        14.920415
                    ],
                    [
                        -91.6776,
                        14.920521
                    ],
                    [
                        -91.67763,
                        14.920636
                    ],
                    [
                        -91.677629,
                        14.921105
                    ],
                    [
                        -91.677643,
                        14.921267
                    ],
                    [
                        -91.677734,
                        14.921534
                    ],
                    [
                        -91.678541,
                        14.922884
                    ],
                    [
                        -91.67864,
                        14.923031
                    ],
                    [
                        -91.678806,
                        14.923192
                    ],
                    [
                        -91.679191,
                        14.923462
                    ],
                    [
                        -91.679324,
                        14.923617
                    ],
                    [
                        -91.679345,
                        14.923724
                    ],
                    [
                        -91.679278,
                        14.924219
                    ],
                    [
                        -91.679309,
                        14.924353
                    ],
                    [
                        -91.67946,
                        14.924544
                    ],
                    [
                        -91.680599,
                        14.925466
                    ],
                    [
                        -91.680867,
                        14.925642
                    ],
                    [
                        -91.68105,
                        14.925704
                    ],
                    [
                        -91.681511,
                        14.925808
                    ],
                    [
                        -91.681683,
                        14.925919
                    ],
                    [
                        -91.682494,
                        14.926733
                    ],
                    [
                        -91.682759,
                        14.927094
                    ],
                    [
                        -91.683923,
                        14.92893
                    ],
                    [
                        -91.685567,
                        14.931568
                    ],
                    [
                        -91.685683,
                        14.931706
                    ],
                    [
                        -91.685838,
                        14.931849
                    ],
                    [
                        -91.686056,
                        14.931858
                    ],
                    [
                        -91.686484,
                        14.931748
                    ],
                    [
                        -91.686657,
                        14.931757
                    ],
                    [
                        -91.68674,
                        14.931792
                    ],
                    [
                        -91.686846,
                        14.931873
                    ],
                    [
                        -91.687642,
                        14.932633
                    ],
                    [
                        -91.687832,
                        14.932704
                    ],
                    [
                        -91.688646,
                        14.932685
                    ],
                    [
                        -91.68926,
                        14.932634
                    ],
                    [
                        -91.689479,
                        14.932588
                    ],
                    [
                        -91.689633,
                        14.932634
                    ],
                    [
                        -91.690118,
                        14.933116
                    ],
                    [
                        -91.690426,
                        14.933299
                    ],
                    [
                        -91.690581,
                        14.933373
                    ],
                    [
                        -91.690733,
                        14.933417
                    ],
                    [
                        -91.690848,
                        14.933417
                    ],
                    [
                        -91.691022,
                        14.933376
                    ],
                    [
                        -91.691142,
                        14.933324
                    ],
                    [
                        -91.691894,
                        14.932856
                    ],
                    [
                        -91.692151,
                        14.93272
                    ],
                    [
                        -91.692521,
                        14.932568
                    ],
                    [
                        -91.692737,
                        14.932578
                    ],
                    [
                        -91.692852,
                        14.932607
                    ],
                    [
                        -91.693057,
                        14.932692
                    ],
                    [
                        -91.693327,
                        14.932882
                    ],
                    [
                        -91.693675,
                        14.933124
                    ],
                    [
                        -91.694033,
                        14.933372
                    ],
                    [
                        -91.694335,
                        14.933582
                    ],
                    [
                        -91.694427,
                        14.933591
                    ],
                    [
                        -91.694982,
                        14.933652
                    ],
                    [
                        -91.695093,
                        14.933675
                    ],
                    [
                        -91.695153,
                        14.933718
                    ],
                    [
                        -91.69513,
                        14.934005
                    ],
                    [
                        -91.694825,
                        14.935035
                    ],
                    [
                        -91.694815,
                        14.935142
                    ],
                    [
                        -91.694833,
                        14.935214
                    ],
                    [
                        -91.694882,
                        14.93529
                    ],
                    [
                        -91.694912,
                        14.935312
                    ],
                    [
                        -91.695885,
                        14.935395
                    ],
                    [
                        -91.69673,
                        14.935459
                    ],
                    [
                        -91.696911,
                        14.935486
                    ],
                    [
                        -91.69711,
                        14.935542
                    ],
                    [
                        -91.697344,
                        14.935701
                    ],
                    [
                        -91.69777,
                        14.936176
                    ],
                    [
                        -91.697933,
                        14.936483
                    ],
                    [
                        -91.698031,
                        14.936804
                    ],
                    [
                        -91.69806,
                        14.937125
                    ],
                    [
                        -91.69805,
                        14.937454
                    ],
                    [
                        -91.697839,
                        14.938112
                    ],
                    [
                        -91.697816,
                        14.938417
                    ],
                    [
                        -91.697834,
                        14.938592
                    ],
                    [
                        -91.697916,
                        14.939012
                    ],
                    [
                        -91.698002,
                        14.939336
                    ],
                    [
                        -91.698113,
                        14.939592
                    ],
                    [
                        -91.698269,
                        14.939846
                    ],
                    [
                        -91.698803,
                        14.940438
                    ],
                    [
                        -91.698939,
                        14.940663
                    ],
                    [
                        -91.69897,
                        14.940808
                    ],
                    [
                        -91.698953,
                        14.941098
                    ],
                    [
                        -91.698745,
                        14.942204
                    ],
                    [
                        -91.698748,
                        14.942433
                    ],
                    [
                        -91.698793,
                        14.942568
                    ],
                    [
                        -91.698858,
                        14.942692
                    ],
                    [
                        -91.699371,
                        14.943346
                    ],
                    [
                        -91.699458,
                        14.943503
                    ],
                    [
                        -91.700723,
                        14.946585
                    ],
                    [
                        -91.700761,
                        14.946744
                    ],
                    [
                        -91.700768,
                        14.946872
                    ],
                    [
                        -91.700741,
                        14.947032
                    ],
                    [
                        -91.70049,
                        14.947749
                    ],
                    [
                        -91.700472,
                        14.947914
                    ],
                    [
                        -91.700502,
                        14.94805
                    ],
                    [
                        -91.700575,
                        14.94819
                    ],
                    [
                        -91.701578,
                        14.949319
                    ],
                    [
                        -91.701754,
                        14.949472
                    ],
                    [
                        -91.701991,
                        14.949582
                    ],
                    [
                        -91.703271,
                        14.949914
                    ],
                    [
                        -91.703415,
                        14.949949
                    ],
                    [
                        -91.705387,
                        14.950433
                    ],
                    [
                        -91.707379,
                        14.950921
                    ],
                    [
                        -91.708784,
                        14.951273
                    ],
                    [
                        -91.710967,
                        14.951817
                    ],
                    [
                        -91.711208,
                        14.951905
                    ],
                    [
                        -91.711396,
                        14.952048
                    ],
                    [
                        -91.711558,
                        14.952243
                    ],
                    [
                        -91.71163,
                        14.952426
                    ],
                    [
                        -91.711643,
                        14.952557
                    ],
                    [
                        -91.711617,
                        14.952685
                    ],
                    [
                        -91.711334,
                        14.953426
                    ],
                    [
                        -91.711302,
                        14.953546
                    ],
                    [
                        -91.7113,
                        14.953659
                    ],
                    [
                        -91.711329,
                        14.953768
                    ],
                    [
                        -91.711413,
                        14.953896
                    ],
                    [
                        -91.711514,
                        14.953952
                    ],
                    [
                        -91.711596,
                        14.953971
                    ],
                    [
                        -91.711657,
                        14.953963
                    ],
                    [
                        -91.711773,
                        14.953905
                    ],
                    [
                        -91.712496,
                        14.953223
                    ],
                    [
                        -91.712785,
                        14.952914
                    ],
                    [
                        -91.712983,
                        14.952586
                    ],
                    [
                        -91.713204,
                        14.951996
                    ],
                    [
                        -91.713287,
                        14.951852
                    ],
                    [
                        -91.713403,
                        14.951744
                    ],
                    [
                        -91.713551,
                        14.951679
                    ],
                    [
                        -91.713693,
                        14.95165
                    ],
                    [
                        -91.714779,
                        14.951632
                    ],
                    [
                        -91.715232,
                        14.951617
                    ],
                    [
                        -91.715423,
                        14.951656
                    ],
                    [
                        -91.715592,
                        14.951768
                    ],
                    [
                        -91.715706,
                        14.951903
                    ],
                    [
                        -91.715775,
                        14.952033
                    ],
                    [
                        -91.715805,
                        14.952183
                    ],
                    [
                        -91.71578,
                        14.952295
                    ],
                    [
                        -91.71568,
                        14.952447
                    ],
                    [
                        -91.715141,
                        14.952889
                    ],
                    [
                        -91.714999,
                        14.953048
                    ],
                    [
                        -91.714933,
                        14.953297
                    ],
                    [
                        -91.714936,
                        14.953494
                    ],
                    [
                        -91.714968,
                        14.953612
                    ],
                    [
                        -91.715247,
                        14.954041
                    ],
                    [
                        -91.715293,
                        14.954189
                    ],
                    [
                        -91.715295,
                        14.954308
                    ],
                    [
                        -91.715276,
                        14.954443
                    ],
                    [
                        -91.714985,
                        14.955057
                    ],
                    [
                        -91.714952,
                        14.955208
                    ],
                    [
                        -91.714956,
                        14.955381
                    ],
                    [
                        -91.715043,
                        14.955524
                    ],
                    [
                        -91.715399,
                        14.955899
                    ],
                    [
                        -91.715538,
                        14.956018
                    ],
                    [
                        -91.715683,
                        14.956105
                    ],
                    [
                        -91.715802,
                        14.956152
                    ],
                    [
                        -91.716752,
                        14.95636
                    ],
                    [
                        -91.716878,
                        14.956377
                    ],
                    [
                        -91.717027,
                        14.956364
                    ],
                    [
                        -91.717318,
                        14.956279
                    ],
                    [
                        -91.717627,
                        14.956135
                    ],
                    [
                        -91.718225,
                        14.955695
                    ],
                    [
                        -91.718474,
                        14.955562
                    ],
                    [
                        -91.718644,
                        14.955545
                    ],
                    [
                        -91.718797,
                        14.955577
                    ],
                    [
                        -91.718983,
                        14.955634
                    ],
                    [
                        -91.720396,
                        14.95644
                    ],
                    [
                        -91.722191,
                        14.957581
                    ],
                    [
                        -91.722414,
                        14.957759
                    ],
                    [
                        -91.722636,
                        14.958107
                    ],
                    [
                        -91.722773,
                        14.958221
                    ],
                    [
                        -91.722934,
                        14.95826
                    ],
                    [
                        -91.723087,
                        14.958221
                    ],
                    [
                        -91.723192,
                        14.95812
                    ],
                    [
                        -91.72342,
                        14.957535
                    ],
                    [
                        -91.723483,
                        14.957448
                    ],
                    [
                        -91.723558,
                        14.957403
                    ],
                    [
                        -91.723673,
                        14.957388
                    ],
                    [
                        -91.723768,
                        14.957405
                    ],
                    [
                        -91.723868,
                        14.95746
                    ],
                    [
                        -91.724322,
                        14.957968
                    ],
                    [
                        -91.724599,
                        14.958315
                    ],
                    [
                        -91.724647,
                        14.958443
                    ],
                    [
                        -91.724668,
                        14.958554
                    ],
                    [
                        -91.724656,
                        14.958666
                    ],
                    [
                        -91.724604,
                        14.958752
                    ],
                    [
                        -91.724356,
                        14.958993
                    ],
                    [
                        -91.723927,
                        14.959294
                    ],
                    [
                        -91.723082,
                        14.960457
                    ],
                    [
                        -91.722945,
                        14.960701
                    ],
                    [
                        -91.722739,
                        14.961248
                    ],
                    [
                        -91.722722,
                        14.961384
                    ],
                    [
                        -91.722771,
                        14.961466
                    ],
                    [
                        -91.722851,
                        14.96152
                    ],
                    [
                        -91.722966,
                        14.961529
                    ],
                    [
                        -91.72308,
                        14.961502
                    ],
                    [
                        -91.72319,
                        14.96144
                    ],
                    [
                        -91.723282,
                        14.961332
                    ],
                    [
                        -91.723337,
                        14.961197
                    ],
                    [
                        -91.723374,
                        14.960922
                    ],
                    [
                        -91.723495,
                        14.960651
                    ],
                    [
                        -91.723642,
                        14.960514
                    ],
                    [
                        -91.723919,
                        14.960377
                    ],
                    [
                        -91.725061,
                        14.959928
                    ],
                    [
                        -91.725407,
                        14.959835
                    ],
                    [
                        -91.725646,
                        14.959827
                    ],
                    [
                        -91.725906,
                        14.959877
                    ],
                    [
                        -91.72615,
                        14.959993
                    ],
                    [
                        -91.727172,
                        14.960575
                    ],
                    [
                        -91.727292,
                        14.96062
                    ],
                    [
                        -91.727403,
                        14.960618
                    ],
                    [
                        -91.727506,
                        14.960566
                    ],
                    [
                        -91.727546,
                        14.960492
                    ],
                    [
                        -91.727556,
                        14.960388
                    ],
                    [
                        -91.727068,
                        14.959463
                    ],
                    [
                        -91.72697,
                        14.959224
                    ],
                    [
                        -91.726916,
                        14.958951
                    ],
                    [
                        -91.726791,
                        14.95768
                    ],
                    [
                        -91.726726,
                        14.95749
                    ],
                    [
                        -91.726205,
                        14.956696
                    ],
                    [
                        -91.726083,
                        14.956415
                    ],
                    [
                        -91.726006,
                        14.956139
                    ],
                    [
                        -91.72592,
                        14.955382
                    ],
                    [
                        -91.725965,
                        14.955294
                    ],
                    [
                        -91.726034,
                        14.955254
                    ],
                    [
                        -91.726131,
                        14.955263
                    ],
                    [
                        -91.726213,
                        14.955315
                    ],
                    [
                        -91.727305,
                        14.956446
                    ],
                    [
                        -91.727421,
                        14.956652
                    ],
                    [
                        -91.72758,
                        14.957123
                    ],
                    [
                        -91.728307,
                        14.958919
                    ],
                    [
                        -91.728432,
                        14.959192
                    ],
                    [
                        -91.729015,
                        14.959996
                    ],
                    [
                        -91.729871,
                        14.961134
                    ],
                    [
                        -91.730086,
                        14.961425
                    ],
                    [
                        -91.73113,
                        14.962464
                    ],
                    [
                        -91.731197,
                        14.962546
                    ],
                    [
                        -91.731287,
                        14.962628
                    ],
                    [
                        -91.73207,
                        14.96342
                    ],
                    [
                        -91.732245,
                        14.963544
                    ],
                    [
                        -91.732429,
                        14.963654
                    ],
                    [
                        -91.732589,
                        14.963727
                    ],
                    [
                        -91.734233,
                        14.964287
                    ],
                    [
                        -91.734375,
                        14.964363
                    ],
                    [
                        -91.734434,
                        14.96446
                    ],
                    [
                        -91.73445,
                        14.964563
                    ],
                    [
                        -91.734437,
                        14.964647
                    ],
                    [
                        -91.734394,
                        14.964738
                    ],
                    [
                        -91.73388,
                        14.965201
                    ],
                    [
                        -91.733817,
                        14.965277
                    ],
                    [
                        -91.733781,
                        14.965337
                    ],
                    [
                        -91.733773,
                        14.96544
                    ],
                    [
                        -91.733798,
                        14.965512
                    ],
                    [
                        -91.733865,
                        14.965577
                    ],
                    [
                        -91.73397,
                        14.965621
                    ],
                    [
                        -91.735028,
                        14.965832
                    ],
                    [
                        -91.735307,
                        14.965918
                    ],
                    [
                        -91.735382,
                        14.965967
                    ],
                    [
                        -91.735444,
                        14.966031
                    ],
                    [
                        -91.735484,
                        14.966098
                    ],
                    [
                        -91.735617,
                        14.966517
                    ],
                    [
                        -91.735683,
                        14.966608
                    ],
                    [
                        -91.735763,
                        14.966668
                    ],
                    [
                        -91.735886,
                        14.966685
                    ],
                    [
                        -91.735987,
                        14.966667
                    ],
                    [
                        -91.736113,
                        14.966586
                    ],
                    [
                        -91.73621,
                        14.966448
                    ],
                    [
                        -91.736336,
                        14.966101
                    ],
                    [
                        -91.736403,
                        14.965989
                    ],
                    [
                        -91.73649,
                        14.965911
                    ],
                    [
                        -91.7367,
                        14.965805
                    ],
                    [
                        -91.737736,
                        14.965437
                    ],
                    [
                        -91.738145,
                        14.965318
                    ],
                    [
                        -91.738957,
                        14.965179
                    ],
                    [
                        -91.739277,
                        14.965144
                    ],
                    [
                        -91.739381,
                        14.965146
                    ],
                    [
                        -91.739522,
                        14.96517
                    ],
                    [
                        -91.739703,
                        14.965246
                    ],
                    [
                        -91.739974,
                        14.965428
                    ],
                    [
                        -91.740292,
                        14.965694
                    ],
                    [
                        -91.74039,
                        14.965835
                    ],
                    [
                        -91.740426,
                        14.965935
                    ],
                    [
                        -91.740441,
                        14.966018
                    ],
                    [
                        -91.740424,
                        14.966252
                    ],
                    [
                        -91.740364,
                        14.966694
                    ],
                    [
                        -91.740376,
                        14.966791
                    ],
                    [
                        -91.740422,
                        14.966905
                    ],
                    [
                        -91.74048,
                        14.966964
                    ],
                    [
                        -91.74057,
                        14.967023
                    ],
                    [
                        -91.741502,
                        14.967378
                    ],
                    [
                        -91.741769,
                        14.967452
                    ],
                    [
                        -91.742318,
                        14.96755
                    ],
                    [
                        -91.742524,
                        14.967574
                    ],
                    [
                        -91.742726,
                        14.96757
                    ],
                    [
                        -91.742979,
                        14.96753
                    ],
                    [
                        -91.743541,
                        14.967308
                    ],
                    [
                        -91.743696,
                        14.967277
                    ],
                    [
                        -91.743795,
                        14.967271
                    ],
                    [
                        -91.74398,
                        14.967306
                    ],
                    [
                        -91.744212,
                        14.967376
                    ],
                    [
                        -91.74507,
                        14.967653
                    ],
                    [
                        -91.745181,
                        14.967692
                    ],
                    [
                        -91.745354,
                        14.96779
                    ],
                    [
                        -91.745641,
                        14.968037
                    ],
                    [
                        -91.746019,
                        14.968356
                    ],
                    [
                        -91.746195,
                        14.968469
                    ],
                    [
                        -91.746287,
                        14.968489
                    ],
                    [
                        -91.746506,
                        14.968497
                    ],
                    [
                        -91.746923,
                        14.968494
                    ],
                    [
                        -91.747276,
                        14.968491
                    ],
                    [
                        -91.747438,
                        14.968526
                    ],
                    [
                        -91.747528,
                        14.968546
                    ],
                    [
                        -91.747624,
                        14.968624
                    ],
                    [
                        -91.74765,
                        14.968717
                    ],
                    [
                        -91.74765,
                        14.968849
                    ],
                    [
                        -91.747542,
                        14.969215
                    ],
                    [
                        -91.747567,
                        14.969293
                    ],
                    [
                        -91.747601,
                        14.969343
                    ],
                    [
                        -91.747655,
                        14.96938
                    ],
                    [
                        -91.747752,
                        14.969386
                    ],
                    [
                        -91.747938,
                        14.969307
                    ],
                    [
                        -91.748662,
                        14.968763
                    ],
                    [
                        -91.748707,
                        14.968725
                    ],
                    [
                        -91.748939,
                        14.968564
                    ],
                    [
                        -91.749084,
                        14.968509
                    ],
                    [
                        -91.749226,
                        14.968482
                    ],
                    [
                        -91.75002,
                        14.96842
                    ],
                    [
                        -91.750169,
                        14.968408
                    ],
                    [
                        -91.750336,
                        14.968391
                    ],
                    [
                        -91.751178,
                        14.968327
                    ],
                    [
                        -91.751869,
                        14.968274
                    ],
                    [
                        -91.7526,
                        14.968218
                    ],
                    [
                        -91.752947,
                        14.968177
                    ],
                    [
                        -91.75384,
                        14.968093
                    ],
                    [
                        -91.754078,
                        14.968071
                    ],
                    [
                        -91.754434,
                        14.968037
                    ],
                    [
                        -91.754506,
                        14.968031
                    ],
                    [
                        -91.754752,
                        14.968008
                    ],
                    [
                        -91.754841,
                        14.967999
                    ],
                    [
                        -91.756087,
                        14.967882
                    ],
                    [
                        -91.756409,
                        14.967852
                    ],
                    [
                        -91.757054,
                        14.967791
                    ],
                    [
                        -91.757169,
                        14.967781
                    ],
                    [
                        -91.757558,
                        14.967746
                    ],
                    [
                        -91.757606,
                        14.967742
                    ],
                    [
                        -91.758641,
                        14.967645
                    ],
                    [
                        -91.759427,
                        14.967576
                    ],
                    [
                        -91.760251,
                        14.967672
                    ],
                    [
                        -91.760825,
                        14.967735
                    ],
                    [
                        -91.760974,
                        14.967747
                    ],
                    [
                        -91.761285,
                        14.967771
                    ],
                    [
                        -91.761499,
                        14.967721
                    ],
                    [
                        -91.761852,
                        14.967446
                    ],
                    [
                        -91.761937,
                        14.967399
                    ],
                    [
                        -91.762056,
                        14.967373
                    ],
                    [
                        -91.762471,
                        14.967384
                    ],
                    [
                        -91.76256,
                        14.967366
                    ],
                    [
                        -91.762683,
                        14.967277
                    ],
                    [
                        -91.762883,
                        14.966868
                    ],
                    [
                        -91.762959,
                        14.9668
                    ],
                    [
                        -91.763106,
                        14.966737
                    ],
                    [
                        -91.763377,
                        14.966663
                    ],
                    [
                        -91.76351,
                        14.966673
                    ],
                    [
                        -91.763653,
                        14.966725
                    ],
                    [
                        -91.764392,
                        14.967232
                    ],
                    [
                        -91.764518,
                        14.96728
                    ],
                    [
                        -91.764586,
                        14.967279
                    ],
                    [
                        -91.764812,
                        14.967248
                    ],
                    [
                        -91.764888,
                        14.967256
                    ],
                    [
                        -91.765007,
                        14.96735
                    ],
                    [
                        -91.765045,
                        14.967495
                    ],
                    [
                        -91.764907,
                        14.968448
                    ],
                    [
                        -91.764906,
                        14.968625
                    ],
                    [
                        -91.764922,
                        14.968707
                    ],
                    [
                        -91.764985,
                        14.968803
                    ],
                    [
                        -91.765131,
                        14.96888
                    ],
                    [
                        -91.765285,
                        14.968903
                    ],
                    [
                        -91.765359,
                        14.968882
                    ],
                    [
                        -91.765459,
                        14.968814
                    ],
                    [
                        -91.765568,
                        14.968686
                    ],
                    [
                        -91.765965,
                        14.968053
                    ],
                    [
                        -91.766252,
                        14.967654
                    ],
                    [
                        -91.766378,
                        14.967559
                    ],
                    [
                        -91.766492,
                        14.96751
                    ],
                    [
                        -91.766621,
                        14.967518
                    ],
                    [
                        -91.767155,
                        14.967714
                    ],
                    [
                        -91.767349,
                        14.967738
                    ],
                    [
                        -91.767549,
                        14.967713
                    ],
                    [
                        -91.768021,
                        14.967541
                    ],
                    [
                        -91.768225,
                        14.967516
                    ],
                    [
                        -91.768263,
                        14.967526
                    ],
                    [
                        -91.768627,
                        14.967748
                    ],
                    [
                        -91.768905,
                        14.967797
                    ],
                    [
                        -91.768999,
                        14.967814
                    ],
                    [
                        -91.769157,
                        14.967825
                    ],
                    [
                        -91.76956,
                        14.967853
                    ],
                    [
                        -91.769718,
                        14.967929
                    ],
                    [
                        -91.769839,
                        14.968035
                    ],
                    [
                        -91.770217,
                        14.968706
                    ],
                    [
                        -91.770326,
                        14.96886
                    ],
                    [
                        -91.770401,
                        14.968936
                    ],
                    [
                        -91.770534,
                        14.969037
                    ],
                    [
                        -91.771197,
                        14.969377
                    ],
                    [
                        -91.771963,
                        14.969877
                    ],
                    [
                        -91.772091,
                        14.969986
                    ],
                    [
                        -91.772117,
                        14.970058
                    ],
                    [
                        -91.772117,
                        14.970255
                    ],
                    [
                        -91.772047,
                        14.970687
                    ],
                    [
                        -91.772042,
                        14.970871
                    ],
                    [
                        -91.772075,
                        14.970981
                    ],
                    [
                        -91.772143,
                        14.971091
                    ],
                    [
                        -91.772437,
                        14.971455
                    ],
                    [
                        -91.772473,
                        14.971565
                    ],
                    [
                        -91.772538,
                        14.971955
                    ],
                    [
                        -91.772579,
                        14.972049
                    ],
                    [
                        -91.77265,
                        14.972138
                    ],
                    [
                        -91.773248,
                        14.972572
                    ],
                    [
                        -91.77358,
                        14.972947
                    ],
                    [
                        -91.773739,
                        14.973129
                    ],
                    [
                        -91.774525,
                        14.973942
                    ],
                    [
                        -91.774593,
                        14.974003
                    ],
                    [
                        -91.774823,
                        14.974158
                    ],
                    [
                        -91.775158,
                        14.974348
                    ],
                    [
                        -91.775448,
                        14.974494
                    ],
                    [
                        -91.775574,
                        14.97452
                    ],
                    [
                        -91.775663,
                        14.974511
                    ],
                    [
                        -91.775765,
                        14.974457
                    ],
                    [
                        -91.775944,
                        14.974309
                    ],
                    [
                        -91.776203,
                        14.973967
                    ],
                    [
                        -91.776432,
                        14.973622
                    ],
                    [
                        -91.77657,
                        14.97338
                    ],
                    [
                        -91.776698,
                        14.973133
                    ],
                    [
                        -91.776812,
                        14.972824
                    ],
                    [
                        -91.776856,
                        14.972712
                    ],
                    [
                        -91.776969,
                        14.972426
                    ],
                    [
                        -91.777088,
                        14.972071
                    ],
                    [
                        -91.777263,
                        14.971653
                    ],
                    [
                        -91.777286,
                        14.971602
                    ],
                    [
                        -91.777436,
                        14.971213
                    ],
                    [
                        -91.777579,
                        14.970859
                    ],
                    [
                        -91.77764,
                        14.970707
                    ],
                    [
                        -91.777716,
                        14.970518
                    ],
                    [
                        -91.777804,
                        14.970289
                    ],
                    [
                        -91.777841,
                        14.970263
                    ],
                    [
                        -91.777926,
                        14.97024
                    ],
                    [
                        -91.778738,
                        14.970169
                    ],
                    [
                        -91.779174,
                        14.970078
                    ],
                    [
                        -91.779609,
                        14.969969
                    ],
                    [
                        -91.780303,
                        14.969744
                    ],
                    [
                        -91.780448,
                        14.970154
                    ],
                    [
                        -91.780584,
                        14.970429
                    ],
                    [
                        -91.78091,
                        14.970862
                    ],
                    [
                        -91.781016,
                        14.971073
                    ],
                    [
                        -91.78143,
                        14.971599
                    ],
                    [
                        -91.782187,
                        14.972459
                    ],
                    [
                        -91.782124,
                        14.972535
                    ],
                    [
                        -91.782097,
                        14.972618
                    ],
                    [
                        -91.782164,
                        14.972722
                    ],
                    [
                        -91.782547,
                        14.973098
                    ],
                    [
                        -91.783023,
                        14.973537
                    ],
                    [
                        -91.783151,
                        14.973732
                    ],
                    [
                        -91.783474,
                        14.974527
                    ],
                    [
                        -91.783458,
                        14.974601
                    ],
                    [
                        -91.783346,
                        14.974692
                    ],
                    [
                        -91.783278,
                        14.975407
                    ],
                    [
                        -91.783373,
                        14.975771
                    ],
                    [
                        -91.783548,
                        14.976746
                    ],
                    [
                        -91.7837,
                        14.977075
                    ],
                    [
                        -91.783963,
                        14.977421
                    ],
                    [
                        -91.784054,
                        14.977543
                    ],
                    [
                        -91.784189,
                        14.977753
                    ],
                    [
                        -91.784235,
                        14.977876
                    ],
                    [
                        -91.784247,
                        14.977976
                    ],
                    [
                        -91.784253,
                        14.978026
                    ],
                    [
                        -91.784257,
                        14.97829
                    ],
                    [
                        -91.784079,
                        14.979104
                    ],
                    [
                        -91.783873,
                        14.979707
                    ],
                    [
                        -91.783778,
                        14.980034
                    ],
                    [
                        -91.783649,
                        14.980347
                    ],
                    [
                        -91.783585,
                        14.980459
                    ],
                    [
                        -91.783504,
                        14.980537
                    ],
                    [
                        -91.782948,
                        14.980815
                    ],
                    [
                        -91.782744,
                        14.98098
                    ],
                    [
                        -91.782516,
                        14.981276
                    ],
                    [
                        -91.782355,
                        14.98164
                    ],
                    [
                        -91.781901,
                        14.982187
                    ],
                    [
                        -91.781825,
                        14.982244
                    ],
                    [
                        -91.781382,
                        14.982446
                    ],
                    [
                        -91.781294,
                        14.982507
                    ],
                    [
                        -91.781181,
                        14.98264
                    ],
                    [
                        -91.781102,
                        14.982904
                    ],
                    [
                        -91.780934,
                        14.983624
                    ],
                    [
                        -91.780949,
                        14.983985
                    ],
                    [
                        -91.78098,
                        14.98421
                    ],
                    [
                        -91.781051,
                        14.984441
                    ],
                    [
                        -91.781113,
                        14.984561
                    ],
                    [
                        -91.781189,
                        14.984657
                    ],
                    [
                        -91.78152,
                        14.985369
                    ],
                    [
                        -91.781606,
                        14.985639
                    ],
                    [
                        -91.781726,
                        14.986204
                    ],
                    [
                        -91.781794,
                        14.986796
                    ],
                    [
                        -91.781796,
                        14.987329
                    ],
                    [
                        -91.781734,
                        14.987616
                    ],
                    [
                        -91.781715,
                        14.987833
                    ],
                    [
                        -91.781652,
                        14.987885
                    ],
                    [
                        -91.781513,
                        14.987928
                    ],
                    [
                        -91.781423,
                        14.987906
                    ],
                    [
                        -91.781136,
                        14.987739
                    ],
                    [
                        -91.781005,
                        14.987714
                    ],
                    [
                        -91.780901,
                        14.987725
                    ],
                    [
                        -91.780802,
                        14.987786
                    ],
                    [
                        -91.780685,
                        14.98791
                    ],
                    [
                        -91.780485,
                        14.988287
                    ],
                    [
                        -91.780391,
                        14.988553
                    ],
                    [
                        -91.780344,
                        14.988943
                    ],
                    [
                        -91.780357,
                        14.989345
                    ],
                    [
                        -91.780343,
                        14.989693
                    ],
                    [
                        -91.780378,
                        14.989919
                    ],
                    [
                        -91.780521,
                        14.990319
                    ],
                    [
                        -91.780724,
                        14.990691
                    ],
                    [
                        -91.780992,
                        14.990942
                    ],
                    [
                        -91.781365,
                        14.991256
                    ],
                    [
                        -91.781443,
                        14.991361
                    ],
                    [
                        -91.78147,
                        14.991534
                    ],
                    [
                        -91.781471,
                        14.991554
                    ],
                    [
                        -91.781493,
                        14.99205
                    ],
                    [
                        -91.781542,
                        14.992232
                    ],
                    [
                        -91.781526,
                        14.992724
                    ],
                    [
                        -91.781439,
                        14.993226
                    ],
                    [
                        -91.781329,
                        14.993862
                    ],
                    [
                        -91.781336,
                        14.994066
                    ],
                    [
                        -91.781438,
                        14.994415
                    ],
                    [
                        -91.781446,
                        14.994542
                    ],
                    [
                        -91.781423,
                        14.994659
                    ],
                    [
                        -91.781365,
                        14.994749
                    ],
                    [
                        -91.781215,
                        14.994976
                    ],
                    [
                        -91.781044,
                        14.995419
                    ],
                    [
                        -91.780995,
                        14.995539
                    ],
                    [
                        -91.780941,
                        14.995678
                    ],
                    [
                        -91.780849,
                        14.995785
                    ],
                    [
                        -91.78069,
                        14.995902
                    ],
                    [
                        -91.780541,
                        14.99598
                    ],
                    [
                        -91.780465,
                        14.99601
                    ],
                    [
                        -91.780362,
                        14.996026
                    ],
                    [
                        -91.780243,
                        14.996008
                    ],
                    [
                        -91.779985,
                        14.995878
                    ],
                    [
                        -91.779868,
                        14.995841
                    ],
                    [
                        -91.779727,
                        14.995843
                    ],
                    [
                        -91.779613,
                        14.99588
                    ],
                    [
                        -91.779516,
                        14.995947
                    ],
                    [
                        -91.779481,
                        14.995991
                    ],
                    [
                        -91.778784,
                        14.996923
                    ],
                    [
                        -91.778482,
                        14.997306
                    ],
                    [
                        -91.778252,
                        14.997598
                    ],
                    [
                        -91.77815,
                        14.997776
                    ],
                    [
                        -91.778126,
                        14.997894
                    ],
                    [
                        -91.77818,
                        14.998205
                    ],
                    [
                        -91.778227,
                        14.998489
                    ],
                    [
                        -91.778222,
                        14.998589
                    ],
                    [
                        -91.777846,
                        14.999101
                    ],
                    [
                        -91.777753,
                        14.999195
                    ],
                    [
                        -91.777559,
                        14.999403
                    ],
                    [
                        -91.777455,
                        14.999489
                    ],
                    [
                        -91.77733,
                        14.999563
                    ],
                    [
                        -91.777174,
                        14.999607
                    ],
                    [
                        -91.776931,
                        14.999624
                    ],
                    [
                        -91.77658,
                        14.999549
                    ],
                    [
                        -91.776261,
                        14.999501
                    ],
                    [
                        -91.776064,
                        14.999518
                    ],
                    [
                        -91.775955,
                        14.999569
                    ],
                    [
                        -91.775885,
                        14.999643
                    ],
                    [
                        -91.77584,
                        14.999721
                    ],
                    [
                        -91.775831,
                        14.999824
                    ],
                    [
                        -91.775887,
                        15.000027
                    ],
                    [
                        -91.775963,
                        15.000183
                    ],
                    [
                        -91.776042,
                        15.000287
                    ],
                    [
                        -91.776202,
                        15.000452
                    ],
                    [
                        -91.776502,
                        15.000634
                    ],
                    [
                        -91.776904,
                        15.000839
                    ],
                    [
                        -91.777022,
                        15.00101
                    ],
                    [
                        -91.777126,
                        15.001132
                    ],
                    [
                        -91.777652,
                        15.001913
                    ],
                    [
                        -91.778028,
                        15.002556
                    ],
                    [
                        -91.778111,
                        15.002767
                    ],
                    [
                        -91.77821,
                        15.002914
                    ],
                    [
                        -91.778395,
                        15.003147
                    ],
                    [
                        -91.778654,
                        15.003608
                    ],
                    [
                        -91.778778,
                        15.003749
                    ],
                    [
                        -91.778956,
                        15.003909
                    ],
                    [
                        -91.779134,
                        15.003944
                    ],
                    [
                        -91.779193,
                        15.003894
                    ],
                    [
                        -91.779199,
                        15.003855
                    ],
                    [
                        -91.779184,
                        15.003812
                    ],
                    [
                        -91.779125,
                        15.003752
                    ],
                    [
                        -91.778933,
                        15.003613
                    ],
                    [
                        -91.778858,
                        15.003534
                    ],
                    [
                        -91.778712,
                        15.003163
                    ],
                    [
                        -91.778667,
                        15.00298
                    ],
                    [
                        -91.778675,
                        15.002883
                    ],
                    [
                        -91.778709,
                        15.002818
                    ],
                    [
                        -91.77883,
                        15.002729
                    ],
                    [
                        -91.778992,
                        15.002697
                    ],
                    [
                        -91.77909,
                        15.002714
                    ],
                    [
                        -91.779273,
                        15.002842
                    ],
                    [
                        -91.779558,
                        15.003255
                    ],
                    [
                        -91.779953,
                        15.004105
                    ],
                    [
                        -91.780035,
                        15.004206
                    ],
                    [
                        -91.780191,
                        15.004294
                    ],
                    [
                        -91.780375,
                        15.004311
                    ],
                    [
                        -91.780535,
                        15.00428
                    ],
                    [
                        -91.78071,
                        15.004137
                    ],
                    [
                        -91.780917,
                        15.00392
                    ],
                    [
                        -91.780979,
                        15.003877
                    ],
                    [
                        -91.781047,
                        15.003866
                    ],
                    [
                        -91.781102,
                        15.003883
                    ],
                    [
                        -91.781128,
                        15.003929
                    ],
                    [
                        -91.781122,
                        15.003978
                    ],
                    [
                        -91.781086,
                        15.004032
                    ],
                    [
                        -91.780933,
                        15.004149
                    ],
                    [
                        -91.780867,
                        15.004221
                    ],
                    [
                        -91.78082,
                        15.004315
                    ],
                    [
                        -91.780778,
                        15.004409
                    ],
                    [
                        -91.780748,
                        15.004528
                    ],
                    [
                        -91.78074,
                        15.004643
                    ],
                    [
                        -91.780769,
                        15.004795
                    ],
                    [
                        -91.78101,
                        15.005191
                    ],
                    [
                        -91.781343,
                        15.005664
                    ],
                    [
                        -91.781464,
                        15.005881
                    ],
                    [
                        -91.781539,
                        15.006091
                    ],
                    [
                        -91.781537,
                        15.006818
                    ],
                    [
                        -91.781563,
                        15.007
                    ],
                    [
                        -91.781639,
                        15.007199
                    ],
                    [
                        -91.781731,
                        15.007307
                    ],
                    [
                        -91.781787,
                        15.007329
                    ],
                    [
                        -91.781841,
                        15.007323
                    ],
                    [
                        -91.781877,
                        15.007281
                    ],
                    [
                        -91.781829,
                        15.007065
                    ],
                    [
                        -91.781826,
                        15.006965
                    ],
                    [
                        -91.78185,
                        15.006861
                    ],
                    [
                        -91.781904,
                        15.00675
                    ],
                    [
                        -91.781979,
                        15.00651
                    ],
                    [
                        -91.782057,
                        15.006462
                    ],
                    [
                        -91.782147,
                        15.006481
                    ],
                    [
                        -91.78218,
                        15.006517
                    ],
                    [
                        -91.782188,
                        15.006557
                    ],
                    [
                        -91.782137,
                        15.006771
                    ],
                    [
                        -91.78217,
                        15.006875
                    ],
                    [
                        -91.782245,
                        15.007013
                    ],
                    [
                        -91.782549,
                        15.007358
                    ],
                    [
                        -91.782679,
                        15.007573
                    ],
                    [
                        -91.78277,
                        15.007767
                    ],
                    [
                        -91.783036,
                        15.008838
                    ],
                    [
                        -91.783145,
                        15.009035
                    ],
                    [
                        -91.783289,
                        15.009211
                    ],
                    [
                        -91.783382,
                        15.009273
                    ],
                    [
                        -91.783562,
                        15.009345
                    ],
                    [
                        -91.783733,
                        15.009389
                    ],
                    [
                        -91.783814,
                        15.009451
                    ],
                    [
                        -91.783851,
                        15.009534
                    ],
                    [
                        -91.783964,
                        15.010067
                    ],
                    [
                        -91.784064,
                        15.010205
                    ],
                    [
                        -91.784368,
                        15.010374
                    ],
                    [
                        -91.784431,
                        15.010456
                    ],
                    [
                        -91.784455,
                        15.010573
                    ],
                    [
                        -91.784443,
                        15.010769
                    ],
                    [
                        -91.784483,
                        15.010951
                    ],
                    [
                        -91.784557,
                        15.011132
                    ],
                    [
                        -91.784838,
                        15.01163
                    ],
                    [
                        -91.784952,
                        15.011795
                    ],
                    [
                        -91.785077,
                        15.011896
                    ],
                    [
                        -91.785275,
                        15.01201
                    ],
                    [
                        -91.785453,
                        15.01207
                    ],
                    [
                        -91.785501,
                        15.012111
                    ],
                    [
                        -91.785522,
                        15.012173
                    ],
                    [
                        -91.785518,
                        15.012278
                    ],
                    [
                        -91.78542,
                        15.012532
                    ],
                    [
                        -91.78533,
                        15.012673
                    ],
                    [
                        -91.785344,
                        15.012757
                    ],
                    [
                        -91.785443,
                        15.012829
                    ],
                    [
                        -91.785506,
                        15.012841
                    ],
                    [
                        -91.78561,
                        15.01282
                    ],
                    [
                        -91.785844,
                        15.012622
                    ],
                    [
                        -91.785941,
                        15.01261
                    ],
                    [
                        -91.786049,
                        15.012623
                    ],
                    [
                        -91.78634,
                        15.012698
                    ],
                    [
                        -91.786425,
                        15.012689
                    ],
                    [
                        -91.786458,
                        15.012627
                    ],
                    [
                        -91.786442,
                        15.012575
                    ],
                    [
                        -91.7864,
                        15.012537
                    ],
                    [
                        -91.786154,
                        15.012462
                    ],
                    [
                        -91.786072,
                        15.012404
                    ],
                    [
                        -91.785952,
                        15.0122
                    ],
                    [
                        -91.785799,
                        15.011834
                    ],
                    [
                        -91.785729,
                        15.011721
                    ],
                    [
                        -91.785595,
                        15.01163
                    ],
                    [
                        -91.785374,
                        15.011542
                    ],
                    [
                        -91.785308,
                        15.011495
                    ],
                    [
                        -91.785241,
                        15.011409
                    ],
                    [
                        -91.785109,
                        15.011003
                    ],
                    [
                        -91.785101,
                        15.010915
                    ],
                    [
                        -91.785125,
                        15.010819
                    ],
                    [
                        -91.78541,
                        15.010485
                    ],
                    [
                        -91.785514,
                        15.010329
                    ],
                    [
                        -91.785546,
                        15.010073
                    ],
                    [
                        -91.785549,
                        15.008889
                    ],
                    [
                        -91.785509,
                        15.008654
                    ],
                    [
                        -91.785424,
                        15.008501
                    ],
                    [
                        -91.785295,
                        15.008356
                    ],
                    [
                        -91.785035,
                        15.008176
                    ],
                    [
                        -91.784962,
                        15.008097
                    ],
                    [
                        -91.784879,
                        15.007972
                    ],
                    [
                        -91.784785,
                        15.007635
                    ],
                    [
                        -91.784748,
                        15.007302
                    ],
                    [
                        -91.784779,
                        15.007166
                    ],
                    [
                        -91.784895,
                        15.006907
                    ],
                    [
                        -91.784946,
                        15.006673
                    ],
                    [
                        -91.784935,
                        15.00642
                    ],
                    [
                        -91.784793,
                        15.005719
                    ],
                    [
                        -91.784816,
                        15.005621
                    ],
                    [
                        -91.784871,
                        15.005592
                    ],
                    [
                        -91.784943,
                        15.005591
                    ],
                    [
                        -91.785005,
                        15.005615
                    ],
                    [
                        -91.785059,
                        15.005663
                    ],
                    [
                        -91.785297,
                        15.006459
                    ],
                    [
                        -91.78539,
                        15.007398
                    ],
                    [
                        -91.785445,
                        15.007536
                    ],
                    [
                        -91.785538,
                        15.007632
                    ],
                    [
                        -91.786255,
                        15.007982
                    ],
                    [
                        -91.786524,
                        15.008148
                    ],
                    [
                        -91.786711,
                        15.008306
                    ],
                    [
                        -91.786867,
                        15.008411
                    ],
                    [
                        -91.786972,
                        15.008448
                    ],
                    [
                        -91.787091,
                        15.008444
                    ],
                    [
                        -91.787328,
                        15.008379
                    ],
                    [
                        -91.787419,
                        15.00837
                    ],
                    [
                        -91.787531,
                        15.008389
                    ],
                    [
                        -91.787641,
                        15.008464
                    ],
                    [
                        -91.787694,
                        15.00854
                    ],
                    [
                        -91.787789,
                        15.008819
                    ],
                    [
                        -91.787775,
                        15.009889
                    ],
                    [
                        -91.787714,
                        15.010153
                    ],
                    [
                        -91.787623,
                        15.010396
                    ],
                    [
                        -91.787636,
                        15.01058
                    ],
                    [
                        -91.787724,
                        15.010718
                    ],
                    [
                        -91.787851,
                        15.010812
                    ],
                    [
                        -91.788014,
                        15.010877
                    ],
                    [
                        -91.788111,
                        15.010902
                    ],
                    [
                        -91.788194,
                        15.010894
                    ],
                    [
                        -91.788913,
                        15.010425
                    ],
                    [
                        -91.789067,
                        15.010317
                    ],
                    [
                        -91.789134,
                        15.01022
                    ],
                    [
                        -91.789352,
                        15.00973
                    ],
                    [
                        -91.789444,
                        15.009589
                    ],
                    [
                        -91.789691,
                        15.009282
                    ],
                    [
                        -91.79044,
                        15.008557
                    ],
                    [
                        -91.790684,
                        15.008291
                    ],
                    [
                        -91.790841,
                        15.008172
                    ],
                    [
                        -91.790935,
                        15.008141
                    ],
                    [
                        -91.791033,
                        15.008139
                    ],
                    [
                        -91.791251,
                        15.008225
                    ],
                    [
                        -91.79172,
                        15.00853
                    ],
                    [
                        -91.793573,
                        15.009856
                    ],
                    [
                        -91.79384,
                        15.010223
                    ],
                    [
                        -91.794805,
                        15.012036
                    ],
                    [
                        -91.794897,
                        15.012132
                    ],
                    [
                        -91.795009,
                        15.012194
                    ],
                    [
                        -91.79507,
                        15.012207
                    ],
                    [
                        -91.795172,
                        15.0122
                    ],
                    [
                        -91.796152,
                        15.011858
                    ],
                    [
                        -91.796479,
                        15.011816
                    ],
                    [
                        -91.796828,
                        15.011832
                    ],
                    [
                        -91.797195,
                        15.011909
                    ],
                    [
                        -91.797745,
                        15.011899
                    ],
                    [
                        -91.798147,
                        15.012179
                    ],
                    [
                        -91.799746,
                        15.01243
                    ],
                    [
                        -91.799973,
                        15.012477
                    ],
                    [
                        -91.800025,
                        15.012567
                    ],
                    [
                        -91.799947,
                        15.012736
                    ],
                    [
                        -91.799199,
                        15.012964
                    ],
                    [
                        -91.798947,
                        15.013135
                    ],
                    [
                        -91.798759,
                        15.013316
                    ],
                    [
                        -91.798314,
                        15.013839
                    ],
                    [
                        -91.798066,
                        15.014206
                    ],
                    [
                        -91.797962,
                        15.01449
                    ],
                    [
                        -91.797918,
                        15.014745
                    ],
                    [
                        -91.797784,
                        15.015906
                    ],
                    [
                        -91.797819,
                        15.016237
                    ],
                    [
                        -91.797933,
                        15.016565
                    ],
                    [
                        -91.798412,
                        15.017531
                    ],
                    [
                        -91.798488,
                        15.017723
                    ],
                    [
                        -91.798488,
                        15.017902
                    ],
                    [
                        -91.798432,
                        15.018054
                    ],
                    [
                        -91.797659,
                        15.019022
                    ],
                    [
                        -91.797563,
                        15.019344
                    ],
                    [
                        -91.797521,
                        15.019653
                    ],
                    [
                        -91.797501,
                        15.020116
                    ],
                    [
                        -91.797651,
                        15.020713
                    ],
                    [
                        -91.79781,
                        15.021167
                    ],
                    [
                        -91.797909,
                        15.021322
                    ],
                    [
                        -91.798367,
                        15.021793
                    ],
                    [
                        -91.798766,
                        15.022313
                    ],
                    [
                        -91.799092,
                        15.022902
                    ],
                    [
                        -91.799389,
                        15.023487
                    ],
                    [
                        -91.799692,
                        15.024355
                    ],
                    [
                        -91.799955,
                        15.025241
                    ],
                    [
                        -91.799979,
                        15.02538
                    ],
                    [
                        -91.799955,
                        15.02559
                    ],
                    [
                        -91.799751,
                        15.026512
                    ],
                    [
                        -91.799766,
                        15.02673
                    ],
                    [
                        -91.799898,
                        15.026784
                    ],
                    [
                        -91.800131,
                        15.026794
                    ],
                    [
                        -91.800561,
                        15.026748
                    ],
                    [
                        -91.800656,
                        15.026761
                    ],
                    [
                        -91.800756,
                        15.026804
                    ],
                    [
                        -91.801168,
                        15.027202
                    ],
                    [
                        -91.801876,
                        15.027797
                    ],
                    [
                        -91.80198,
                        15.02794
                    ],
                    [
                        -91.80227,
                        15.028726
                    ],
                    [
                        -91.802301,
                        15.028894
                    ],
                    [
                        -91.80246,
                        15.029513
                    ],
                    [
                        -91.802573,
                        15.029927
                    ],
                    [
                        -91.802699,
                        15.030181
                    ],
                    [
                        -91.802837,
                        15.030398
                    ],
                    [
                        -91.803217,
                        15.03087
                    ],
                    [
                        -91.803286,
                        15.031008
                    ],
                    [
                        -91.803546,
                        15.031813
                    ],
                    [
                        -91.803866,
                        15.032759
                    ],
                    [
                        -91.803966,
                        15.033053
                    ],
                    [
                        -91.804002,
                        15.033212
                    ],
                    [
                        -91.80399,
                        15.033463
                    ],
                    [
                        -91.803718,
                        15.034999
                    ],
                    [
                        -91.803699,
                        15.035197
                    ],
                    [
                        -91.803588,
                        15.036559
                    ],
                    [
                        -91.803604,
                        15.036739
                    ],
                    [
                        -91.803646,
                        15.036859
                    ],
                    [
                        -91.804036,
                        15.037493
                    ],
                    [
                        -91.80448,
                        15.038141
                    ],
                    [
                        -91.805039,
                        15.038918
                    ],
                    [
                        -91.805282,
                        15.039202
                    ],
                    [
                        -91.805376,
                        15.039269
                    ],
                    [
                        -91.805485,
                        15.039303
                    ],
                    [
                        -91.805867,
                        15.039356
                    ],
                    [
                        -91.806191,
                        15.039376
                    ],
                    [
                        -91.806338,
                        15.039303
                    ],
                    [
                        -91.806575,
                        15.039118
                    ],
                    [
                        -91.80672,
                        15.03909
                    ],
                    [
                        -91.807287,
                        15.039076
                    ],
                    [
                        -91.807342,
                        15.039096
                    ],
                    [
                        -91.807384,
                        15.039179
                    ],
                    [
                        -91.80738,
                        15.039619
                    ],
                    [
                        -91.80744,
                        15.039838
                    ],
                    [
                        -91.807579,
                        15.039945
                    ],
                    [
                        -91.807766,
                        15.040057
                    ],
                    [
                        -91.808035,
                        15.040176
                    ],
                    [
                        -91.808208,
                        15.040207
                    ],
                    [
                        -91.808516,
                        15.040195
                    ],
                    [
                        -91.808638,
                        15.040221
                    ],
                    [
                        -91.808709,
                        15.040277
                    ],
                    [
                        -91.808724,
                        15.040376
                    ],
                    [
                        -91.808713,
                        15.040455
                    ],
                    [
                        -91.808677,
                        15.040519
                    ],
                    [
                        -91.808306,
                        15.040897
                    ],
                    [
                        -91.80822,
                        15.041029
                    ],
                    [
                        -91.808198,
                        15.041122
                    ],
                    [
                        -91.808294,
                        15.041793
                    ],
                    [
                        -91.808332,
                        15.04191
                    ],
                    [
                        -91.808388,
                        15.041964
                    ],
                    [
                        -91.808471,
                        15.042003
                    ],
                    [
                        -91.808576,
                        15.042
                    ],
                    [
                        -91.808756,
                        15.041946
                    ],
                    [
                        -91.809279,
                        15.041646
                    ],
                    [
                        -91.809359,
                        15.041625
                    ],
                    [
                        -91.809432,
                        15.04164
                    ],
                    [
                        -91.809515,
                        15.041703
                    ],
                    [
                        -91.809582,
                        15.04183
                    ],
                    [
                        -91.80966,
                        15.04207
                    ],
                    [
                        -91.809778,
                        15.042208
                    ],
                    [
                        -91.810054,
                        15.042346
                    ],
                    [
                        -91.810519,
                        15.042475
                    ],
                    [
                        -91.810703,
                        15.042586
                    ],
                    [
                        -91.810811,
                        15.042728
                    ],
                    [
                        -91.810896,
                        15.042893
                    ],
                    [
                        -91.810951,
                        15.043073
                    ],
                    [
                        -91.811074,
                        15.043308
                    ],
                    [
                        -91.811136,
                        15.043492
                    ],
                    [
                        -91.811186,
                        15.043748
                    ],
                    [
                        -91.811254,
                        15.04426
                    ],
                    [
                        -91.811529,
                        15.046738
                    ],
                    [
                        -91.811602,
                        15.047615
                    ],
                    [
                        -91.81162,
                        15.047684
                    ],
                    [
                        -91.811671,
                        15.047755
                    ],
                    [
                        -91.811809,
                        15.047891
                    ],
                    [
                        -91.812018,
                        15.048061
                    ],
                    [
                        -91.812247,
                        15.048247
                    ],
                    [
                        -91.812479,
                        15.048397
                    ],
                    [
                        -91.812806,
                        15.048529
                    ],
                    [
                        -91.813305,
                        15.048594
                    ],
                    [
                        -91.813825,
                        15.048614
                    ],
                    [
                        -91.814153,
                        15.048583
                    ],
                    [
                        -91.814396,
                        15.048533
                    ],
                    [
                        -91.814962,
                        15.04831
                    ],
                    [
                        -91.815124,
                        15.048277
                    ],
                    [
                        -91.815375,
                        15.048237
                    ],
                    [
                        -91.81549,
                        15.048249
                    ],
                    [
                        -91.815646,
                        15.048309
                    ],
                    [
                        -91.816214,
                        15.048833
                    ],
                    [
                        -91.816694,
                        15.04915
                    ],
                    [
                        -91.81682,
                        15.04925
                    ],
                    [
                        -91.817025,
                        15.049556
                    ],
                    [
                        -91.81724,
                        15.049818
                    ],
                    [
                        -91.81755,
                        15.050276
                    ],
                    [
                        -91.817705,
                        15.050464
                    ],
                    [
                        -91.818912,
                        15.051068
                    ],
                    [
                        -91.819114,
                        15.051275
                    ],
                    [
                        -91.819327,
                        15.051522
                    ],
                    [
                        -91.819402,
                        15.051578
                    ],
                    [
                        -91.819478,
                        15.051606
                    ],
                    [
                        -91.819864,
                        15.05163
                    ],
                    [
                        -91.820001,
                        15.051657
                    ],
                    [
                        -91.820198,
                        15.051727
                    ],
                    [
                        -91.820309,
                        15.051807
                    ],
                    [
                        -91.820545,
                        15.052031
                    ],
                    [
                        -91.820766,
                        15.052179
                    ],
                    [
                        -91.82115,
                        15.052301
                    ],
                    [
                        -91.821509,
                        15.052437
                    ],
                    [
                        -91.822057,
                        15.052507
                    ],
                    [
                        -91.822327,
                        15.052617
                    ],
                    [
                        -91.822908,
                        15.05295
                    ],
                    [
                        -91.823497,
                        15.053244
                    ],
                    [
                        -91.824402,
                        15.053415
                    ],
                    [
                        -91.824614,
                        15.053423
                    ],
                    [
                        -91.82475,
                        15.053357
                    ],
                    [
                        -91.824874,
                        15.053208
                    ],
                    [
                        -91.824948,
                        15.05312
                    ],
                    [
                        -91.825016,
                        15.053068
                    ],
                    [
                        -91.825096,
                        15.053054
                    ],
                    [
                        -91.825169,
                        15.053078
                    ],
                    [
                        -91.825214,
                        15.053139
                    ],
                    [
                        -91.825255,
                        15.053264
                    ],
                    [
                        -91.825444,
                        15.053749
                    ],
                    [
                        -91.825635,
                        15.054111
                    ],
                    [
                        -91.825874,
                        15.054374
                    ],
                    [
                        -91.826089,
                        15.05451
                    ],
                    [
                        -91.826205,
                        15.054564
                    ],
                    [
                        -91.82631,
                        15.05458
                    ],
                    [
                        -91.826421,
                        15.054581
                    ],
                    [
                        -91.826505,
                        15.05456
                    ],
                    [
                        -91.8269,
                        15.054079
                    ],
                    [
                        -91.82696,
                        15.054025
                    ],
                    [
                        -91.827039,
                        15.053996
                    ],
                    [
                        -91.827108,
                        15.054013
                    ],
                    [
                        -91.827167,
                        15.054047
                    ],
                    [
                        -91.82746,
                        15.054469
                    ],
                    [
                        -91.827788,
                        15.055188
                    ],
                    [
                        -91.827915,
                        15.0555
                    ],
                    [
                        -91.828247,
                        15.055844
                    ],
                    [
                        -91.828529,
                        15.056067
                    ],
                    [
                        -91.828552,
                        15.0561
                    ],
                    [
                        -91.828583,
                        15.056237
                    ],
                    [
                        -91.828598,
                        15.056831
                    ],
                    [
                        -91.828618,
                        15.057018
                    ],
                    [
                        -91.828754,
                        15.057528
                    ],
                    [
                        -91.828882,
                        15.057879
                    ],
                    [
                        -91.828936,
                        15.057982
                    ],
                    [
                        -91.829177,
                        15.058308
                    ],
                    [
                        -91.829232,
                        15.058404
                    ],
                    [
                        -91.829363,
                        15.058943
                    ],
                    [
                        -91.829459,
                        15.059113
                    ],
                    [
                        -91.829549,
                        15.059215
                    ],
                    [
                        -91.829674,
                        15.059308
                    ],
                    [
                        -91.829756,
                        15.059313
                    ],
                    [
                        -91.829878,
                        15.059254
                    ],
                    [
                        -91.83006,
                        15.059042
                    ],
                    [
                        -91.830528,
                        15.058752
                    ],
                    [
                        -91.830794,
                        15.05872
                    ],
                    [
                        -91.830872,
                        15.058809
                    ],
                    [
                        -91.830891,
                        15.059188
                    ],
                    [
                        -91.830939,
                        15.05936
                    ],
                    [
                        -91.83103,
                        15.059498
                    ],
                    [
                        -91.831191,
                        15.059615
                    ],
                    [
                        -91.831422,
                        15.059743
                    ],
                    [
                        -91.831487,
                        15.059806
                    ],
                    [
                        -91.831503,
                        15.059883
                    ],
                    [
                        -91.831496,
                        15.059947
                    ],
                    [
                        -91.831448,
                        15.06003
                    ],
                    [
                        -91.831111,
                        15.060363
                    ],
                    [
                        -91.831092,
                        15.060414
                    ],
                    [
                        -91.831109,
                        15.060501
                    ],
                    [
                        -91.83121,
                        15.060607
                    ],
                    [
                        -91.83147,
                        15.060849
                    ],
                    [
                        -91.831915,
                        15.061432
                    ],
                    [
                        -91.832281,
                        15.061831
                    ],
                    [
                        -91.832391,
                        15.061975
                    ],
                    [
                        -91.832468,
                        15.062099
                    ],
                    [
                        -91.832502,
                        15.062277
                    ],
                    [
                        -91.832494,
                        15.062502
                    ],
                    [
                        -91.832536,
                        15.062679
                    ],
                    [
                        -91.832635,
                        15.062972
                    ],
                    [
                        -91.832788,
                        15.063239
                    ],
                    [
                        -91.832877,
                        15.063338
                    ],
                    [
                        -91.833,
                        15.063391
                    ],
                    [
                        -91.833112,
                        15.063407
                    ],
                    [
                        -91.833188,
                        15.063403
                    ],
                    [
                        -91.833282,
                        15.063362
                    ],
                    [
                        -91.833531,
                        15.063128
                    ],
                    [
                        -91.833702,
                        15.062964
                    ],
                    [
                        -91.833877,
                        15.06284
                    ],
                    [
                        -91.833969,
                        15.062804
                    ],
                    [
                        -91.834375,
                        15.062718
                    ],
                    [
                        -91.834538,
                        15.062654
                    ],
                    [
                        -91.834871,
                        15.062437
                    ],
                    [
                        -91.835142,
                        15.062283
                    ],
                    [
                        -91.835397,
                        15.062222
                    ],
                    [
                        -91.835598,
                        15.062287
                    ],
                    [
                        -91.835681,
                        15.062335
                    ],
                    [
                        -91.835786,
                        15.062453
                    ],
                    [
                        -91.83593,
                        15.062863
                    ],
                    [
                        -91.835941,
                        15.063004
                    ],
                    [
                        -91.835911,
                        15.063241
                    ],
                    [
                        -91.835829,
                        15.063498
                    ],
                    [
                        -91.835346,
                        15.064756
                    ],
                    [
                        -91.835181,
                        15.065283
                    ],
                    [
                        -91.835194,
                        15.065538
                    ],
                    [
                        -91.835243,
                        15.06573
                    ],
                    [
                        -91.835352,
                        15.066089
                    ],
                    [
                        -91.835486,
                        15.066222
                    ],
                    [
                        -91.835558,
                        15.066244
                    ],
                    [
                        -91.835648,
                        15.066235
                    ],
                    [
                        -91.835813,
                        15.066136
                    ],
                    [
                        -91.836505,
                        15.065862
                    ],
                    [
                        -91.836652,
                        15.065818
                    ],
                    [
                        -91.836729,
                        15.065821
                    ],
                    [
                        -91.836792,
                        15.06585
                    ],
                    [
                        -91.836835,
                        15.065896
                    ],
                    [
                        -91.836979,
                        15.066252
                    ],
                    [
                        -91.837038,
                        15.066631
                    ],
                    [
                        -91.83709,
                        15.067132
                    ],
                    [
                        -91.83716,
                        15.067377
                    ],
                    [
                        -91.837324,
                        15.067687
                    ],
                    [
                        -91.837408,
                        15.067771
                    ],
                    [
                        -91.837496,
                        15.067829
                    ],
                    [
                        -91.837602,
                        15.067844
                    ],
                    [
                        -91.837712,
                        15.067835
                    ],
                    [
                        -91.837851,
                        15.067787
                    ],
                    [
                        -91.838166,
                        15.067717
                    ],
                    [
                        -91.838421,
                        15.067691
                    ],
                    [
                        -91.838524,
                        15.067704
                    ],
                    [
                        -91.838609,
                        15.067742
                    ],
                    [
                        -91.838667,
                        15.067808
                    ],
                    [
                        -91.838696,
                        15.067911
                    ],
                    [
                        -91.838684,
                        15.068081
                    ],
                    [
                        -91.838337,
                        15.069109
                    ],
                    [
                        -91.838304,
                        15.069247
                    ],
                    [
                        -91.838298,
                        15.069399
                    ],
                    [
                        -91.838324,
                        15.069524
                    ],
                    [
                        -91.838378,
                        15.06963
                    ],
                    [
                        -91.838471,
                        15.069719
                    ],
                    [
                        -91.838592,
                        15.069798
                    ],
                    [
                        -91.838996,
                        15.069964
                    ],
                    [
                        -91.839088,
                        15.069986
                    ],
                    [
                        -91.839192,
                        15.069989
                    ],
                    [
                        -91.839285,
                        15.069971
                    ],
                    [
                        -91.839368,
                        15.069932
                    ],
                    [
                        -91.839512,
                        15.069815
                    ],
                    [
                        -91.839605,
                        15.069716
                    ],
                    [
                        -91.841178,
                        15.068034
                    ],
                    [
                        -91.841454,
                        15.067767
                    ],
                    [
                        -91.841648,
                        15.06764
                    ],
                    [
                        -91.841822,
                        15.067573
                    ],
                    [
                        -91.841991,
                        15.067552
                    ],
                    [
                        -91.842263,
                        15.067575
                    ],
                    [
                        -91.842674,
                        15.067671
                    ],
                    [
                        -91.84294,
                        15.067723
                    ],
                    [
                        -91.843218,
                        15.067828
                    ],
                    [
                        -91.84327,
                        15.067897
                    ],
                    [
                        -91.843284,
                        15.067986
                    ],
                    [
                        -91.843272,
                        15.068056
                    ],
                    [
                        -91.843223,
                        15.068132
                    ],
                    [
                        -91.842625,
                        15.068405
                    ],
                    [
                        -91.842543,
                        15.068494
                    ],
                    [
                        -91.842443,
                        15.068679
                    ],
                    [
                        -91.842403,
                        15.068815
                    ],
                    [
                        -91.84237,
                        15.069109
                    ],
                    [
                        -91.842407,
                        15.069218
                    ],
                    [
                        -91.842481,
                        15.069308
                    ],
                    [
                        -91.842608,
                        15.069407
                    ],
                    [
                        -91.842712,
                        15.069488
                    ],
                    [
                        -91.843348,
                        15.069864
                    ],
                    [
                        -91.84342,
                        15.069892
                    ],
                    [
                        -91.843478,
                        15.069896
                    ],
                    [
                        -91.843534,
                        15.069883
                    ],
                    [
                        -91.843603,
                        15.069835
                    ],
                    [
                        -91.843674,
                        15.069731
                    ],
                    [
                        -91.843815,
                        15.069391
                    ],
                    [
                        -91.843887,
                        15.06928
                    ],
                    [
                        -91.843997,
                        15.06922
                    ],
                    [
                        -91.844228,
                        15.069146
                    ],
                    [
                        -91.844692,
                        15.069049
                    ],
                    [
                        -91.844965,
                        15.068999
                    ],
                    [
                        -91.845157,
                        15.068981
                    ],
                    [
                        -91.845274,
                        15.068996
                    ],
                    [
                        -91.845456,
                        15.069037
                    ],
                    [
                        -91.846517,
                        15.069455
                    ],
                    [
                        -91.846657,
                        15.069515
                    ],
                    [
                        -91.847057,
                        15.069687
                    ],
                    [
                        -91.847149,
                        15.069746
                    ],
                    [
                        -91.847233,
                        15.06997
                    ],
                    [
                        -91.847276,
                        15.070238
                    ],
                    [
                        -91.847323,
                        15.070346
                    ],
                    [
                        -91.847404,
                        15.070425
                    ],
                    [
                        -91.84751,
                        15.070463
                    ],
                    [
                        -91.847632,
                        15.070463
                    ],
                    [
                        -91.847838,
                        15.07043
                    ],
                    [
                        -91.848244,
                        15.070309
                    ],
                    [
                        -91.848377,
                        15.070256
                    ],
                    [
                        -91.848679,
                        15.070038
                    ],
                    [
                        -91.849113,
                        15.069758
                    ],
                    [
                        -91.849376,
                        15.069601
                    ],
                    [
                        -91.849557,
                        15.069527
                    ],
                    [
                        -91.849767,
                        15.069475
                    ],
                    [
                        -91.851802,
                        15.069139
                    ],
                    [
                        -91.852868,
                        15.068987
                    ],
                    [
                        -91.853091,
                        15.068937
                    ],
                    [
                        -91.853255,
                        15.068871
                    ],
                    [
                        -91.853585,
                        15.068702
                    ],
                    [
                        -91.853705,
                        15.068676
                    ],
                    [
                        -91.853858,
                        15.068667
                    ],
                    [
                        -91.853996,
                        15.06868
                    ],
                    [
                        -91.854124,
                        15.068667
                    ],
                    [
                        -91.854245,
                        15.068601
                    ],
                    [
                        -91.85438,
                        15.068458
                    ],
                    [
                        -91.854717,
                        15.06801
                    ],
                    [
                        -91.854918,
                        15.067846
                    ],
                    [
                        -91.855061,
                        15.067804
                    ],
                    [
                        -91.855191,
                        15.067792
                    ],
                    [
                        -91.855382,
                        15.067801
                    ],
                    [
                        -91.855479,
                        15.067835
                    ],
                    [
                        -91.855551,
                        15.067912
                    ],
                    [
                        -91.855585,
                        15.067974
                    ],
                    [
                        -91.855603,
                        15.068055
                    ],
                    [
                        -91.855627,
                        15.068417
                    ],
                    [
                        -91.855661,
                        15.068575
                    ],
                    [
                        -91.855708,
                        15.068672
                    ],
                    [
                        -91.855792,
                        15.068748
                    ],
                    [
                        -91.855922,
                        15.068816
                    ],
                    [
                        -91.856035,
                        15.068842
                    ],
                    [
                        -91.857298,
                        15.069023
                    ],
                    [
                        -91.857675,
                        15.069099
                    ],
                    [
                        -91.857875,
                        15.069174
                    ],
                    [
                        -91.858178,
                        15.069345
                    ],
                    [
                        -91.858355,
                        15.069424
                    ],
                    [
                        -91.858503,
                        15.069438
                    ],
                    [
                        -91.858696,
                        15.069399
                    ],
                    [
                        -91.859597,
                        15.069067
                    ],
                    [
                        -91.860174,
                        15.068899
                    ],
                    [
                        -91.860671,
                        15.068772
                    ],
                    [
                        -91.860957,
                        15.068684
                    ],
                    [
                        -91.86113,
                        15.068602
                    ],
                    [
                        -91.861276,
                        15.068503
                    ],
                    [
                        -91.861924,
                        15.067936
                    ],
                    [
                        -91.862181,
                        15.067776
                    ],
                    [
                        -91.862275,
                        15.067757
                    ],
                    [
                        -91.862356,
                        15.06777
                    ],
                    [
                        -91.862401,
                        15.06782
                    ],
                    [
                        -91.862409,
                        15.067876
                    ],
                    [
                        -91.86238,
                        15.067991
                    ],
                    [
                        -91.86226,
                        15.068268
                    ],
                    [
                        -91.862021,
                        15.068704
                    ],
                    [
                        -91.86197,
                        15.068829
                    ],
                    [
                        -91.861956,
                        15.068908
                    ],
                    [
                        -91.861961,
                        15.068974
                    ],
                    [
                        -91.861988,
                        15.069022
                    ],
                    [
                        -91.862044,
                        15.06906
                    ],
                    [
                        -91.862122,
                        15.069067
                    ],
                    [
                        -91.862309,
                        15.069029
                    ],
                    [
                        -91.863108,
                        15.068825
                    ],
                    [
                        -91.863697,
                        15.068814
                    ],
                    [
                        -91.863829,
                        15.068767
                    ],
                    [
                        -91.864312,
                        15.068297
                    ],
                    [
                        -91.864466,
                        15.068192
                    ],
                    [
                        -91.864531,
                        15.068195
                    ],
                    [
                        -91.864602,
                        15.068246
                    ],
                    [
                        -91.864654,
                        15.068359
                    ],
                    [
                        -91.864641,
                        15.068809
                    ],
                    [
                        -91.864665,
                        15.069056
                    ],
                    [
                        -91.864733,
                        15.069747
                    ],
                    [
                        -91.86478,
                        15.06987
                    ],
                    [
                        -91.864838,
                        15.069945
                    ],
                    [
                        -91.864935,
                        15.070006
                    ],
                    [
                        -91.865085,
                        15.070057
                    ],
                    [
                        -91.86547,
                        15.070115
                    ],
                    [
                        -91.865637,
                        15.070157
                    ],
                    [
                        -91.865815,
                        15.070254
                    ],
                    [
                        -91.866284,
                        15.070895
                    ],
                    [
                        -91.866316,
                        15.071057
                    ],
                    [
                        -91.866302,
                        15.071145
                    ],
                    [
                        -91.866266,
                        15.071236
                    ],
                    [
                        -91.866148,
                        15.071455
                    ],
                    [
                        -91.866123,
                        15.071569
                    ],
                    [
                        -91.866128,
                        15.071666
                    ],
                    [
                        -91.866178,
                        15.071756
                    ],
                    [
                        -91.86626,
                        15.071837
                    ],
                    [
                        -91.866386,
                        15.071898
                    ],
                    [
                        -91.866805,
                        15.071968
                    ],
                    [
                        -91.867091,
                        15.07199
                    ],
                    [
                        -91.867535,
                        15.071995
                    ],
                    [
                        -91.867697,
                        15.071955
                    ],
                    [
                        -91.867827,
                        15.071901
                    ],
                    [
                        -91.868128,
                        15.071717
                    ],
                    [
                        -91.86824,
                        15.07167
                    ],
                    [
                        -91.86835,
                        15.071665
                    ],
                    [
                        -91.868451,
                        15.071705
                    ],
                    [
                        -91.868792,
                        15.071975
                    ],
                    [
                        -91.868904,
                        15.072042
                    ],
                    [
                        -91.869045,
                        15.072087
                    ],
                    [
                        -91.869396,
                        15.072149
                    ],
                    [
                        -91.869457,
                        15.072187
                    ],
                    [
                        -91.869517,
                        15.072332
                    ],
                    [
                        -91.869548,
                        15.07263
                    ],
                    [
                        -91.869596,
                        15.072813
                    ],
                    [
                        -91.869725,
                        15.073061
                    ],
                    [
                        -91.869954,
                        15.073429
                    ],
                    [
                        -91.870138,
                        15.073819
                    ]
                ],
                "type": "LineString"
            }
        }
    ],
    "metadata": {
        "attribution": "openrouteservice.org | OpenStreetMap contributors",
        "service": "routing",
        "timestamp": 1756874148391,
        "query": {
            "coordinates": [
                [
                    -91.163139,
                    14.741297
                ],
                [
                    -91.870116,
                    15.073828
                ]
            ],
            "profile": "driving-car",
            "profileName": "driving-car",
            "format": "geojson"
        },
        "engine": {
            "version": "9.3.0",
            "build_date": "2025-06-06T15:39:25Z",
            "graph_date": "2025-08-31T11:45:10Z",
            "osm_date": "2025-08-24T23:59:58Z"
        }
    }
}