{
    "type": "FeatureCollection",
    "bbox": [
        75.820402,
        26.915888,
        77.12989,
        28.553447
    ],
    "features": [
        {
            "bbox": [
                75.820402,
                26.915888,
                77.12989,
                28.553447
            ],
            "type": "Feature",
            "properties": {
                "segments": [
                    {
                        "distance": 252049.4,
                        "duration": 11581.5,
                        "steps": [
                            {
                                "distance": 7.0,
                                "duration": 2.5,
                                "type": 11,
                                "instruction": "Head south",
                                "name": "-",
                                "way_points": [
                                    0,
                                    1
                                ]
                            },
                            {
                                "distance": 14.0,
                                "duration": 0.6,
                                "type": 1,
                                "instruction": "Turn right onto Mirza Ismail Road",
                                "name": "Mirza Ismail Road",
                                "way_points": [
                                    1,
                                    2
                                ]
                            },
                            {
                                "distance": 912.6,
                                "duration": 72.3,
                                "type": 1,
                                "instruction": "Turn right",
                                "name": "-",
                                "way_points": [
                                    2,
                                    14
                                ]
                            },
                            {
                                "distance": 409.3,
                                "duration": 24.6,
                                "type": 1,
                                "instruction": "Turn right onto Tripolia Bazaar",
                                "name": "Tripolia Bazaar",
                                "way_points": [
                                    14,
                                    19
                                ]
                            },
                            {
                                "distance": 34.6,
                                "duration": 8.3,
                                "type": 0,
                                "instruction": "Turn left",
                                "name": "-",
                                "way_points": [
                                    19,
                                    23
                                ]
                            },
                            {
                                "distance": 959.7,
                                "duration": 62.8,
                                "type": 0,
                                "instruction": "Turn left onto Amer Road",
                                "name": "Amer Road",
                                "way_points": [
                                    23,
                                    36
                                ]
                            },
                            {
                                "distance": 538.2,
                                "duration": 35.2,
                                "type": 0,
                                "instruction": "Turn left",
                                "name": "-",
                                "way_points": [
                                    36,
                                    49
                                ]
                            },
                            {
                                "distance": 1574.0,
                                "duration": 106.1,
                                "type": 4,
                                "instruction": "Turn slight left onto Amer Road",
                                "name": "Amer Road",
                                "way_points": [
                                    49,
                                    84
                                ]
                            },
                            {
                                "distance": 1021.9,
                                "duration": 82.7,
                                "type": 1,
                                "instruction": "Turn right onto New Ramgarh Road",
                                "name": "New Ramgarh Road",
                                "way_points": [
                                    84,
                                    96
                                ]
                            },
                            {
                                "distance": 43084.0,
                                "duration": 1830.8,
                                "type": 7,
                                "instruction": "Enter the roundabout and take the 1st exit onto New Rambah Road, NH248",
                                "name": "New Rambah Road, NH248",
                                "exit_number": 1,
                                "way_points": [
                                    96,
                                    437
                                ]
                            },
                            {
                                "distance": 137857.3,
                                "duration": 5855.6,
                                "type": 6,
                                "instruction": "Continue straight onto Amer Road, NH48",
                                "name": "Amer Road, NH48",
                                "way_points": [
                                    437,
                                    1240
                                ]
                            },
                            {
                                "distance": 16.5,
                                "duration": 6.0,
                                "type": 0,
                                "instruction": "Turn left",
                                "name": "-",
                                "way_points": [
                                    1240,
                                    1241
                                ]
                            },
                            {
                                "distance": 4764.9,
                                "duration": 350.1,
                                "type": 1,
                                "instruction": "Turn right",
                                "name": "-",
                                "way_points": [
                                    1241,
                                    1280
                                ]
                            },
                            {
                                "distance": 13.2,
                                "duration": 4.8,
                                "type": 1,
                                "instruction": "Turn right",
                                "name": "-",
                                "way_points": [
                                    1280,
                                    1281
                                ]
                            },
                            {
                                "distance": 13589.2,
                                "duration": 714.9,
                                "type": 0,
                                "instruction": "Turn left onto Amer Road, NH48",
                                "name": "Amer Road, NH48",
                                "way_points": [
                                    1281,
                                    1353
                                ]
                            },
                            {
                                "distance": 11.4,
                                "duration": 4.1,
                                "type": 0,
                                "instruction": "Turn left",
                                "name": "-",
                                "way_points": [
                                    1353,
                                    1354
                                ]
                            },
                            {
                                "distance": 665.8,
                                "duration": 47.9,
                                "type": 1,
                                "instruction": "Turn right",
                                "name": "-",
                                "way_points": [
                                    1354,
                                    1356
                                ]
                            },
                            {
                                "distance": 8132.2,
                                "duration": 330.6,
                                "type": 12,
                                "instruction": "Keep left",
                                "name": "-",
                                "way_points": [
                                    1356,
                                    1417
                                ]
                            },
                            {
                                "distance": 440.1,
                                "duration": 32.2,
                                "type": 12,
                                "instruction": "Keep left",
                                "name": "-",
                                "way_points": [
                                    1417,
                                    1427
                                ]
                            },
                            {
                                "distance": 1345.6,
                                "duration": 92.3,
                                "type": 13,
                                "instruction": "Keep right",
                                "name": "-",
                                "way_points": [
                                    1427,
                                    1455
                                ]
                            },
                            {
                                "distance": 10214.4,
                                "duration": 432.6,
                                "type": 1,
                                "instruction": "Turn right onto Gurgaon Rewari Narnaul Singhana Road, NH352W",
                                "name": "Gurgaon Rewari Narnaul Singhana Road, NH352W",
                                "way_points": [
                                    1455,
                                    1603
                                ]
                            },
                            {
                                "distance": 933.8,
                                "duration": 58.3,
                                "type": 0,
                                "instruction": "Turn left onto Northern Peripheral Road",
                                "name": "Northern Peripheral Road",
                                "way_points": [
                                    1603,
                                    1611
                                ]
                            },
                            {
                                "distance": 936.2,
                                "duration": 45.6,
                                "type": 13,
                                "instruction": "Keep right",
                                "name": "-",
                                "way_points": [
                                    1611,
                                    1618
                                ]
                            },
                            {
                                "distance": 14564.0,
                                "duration": 579.8,
                                "type": 12,
                                "instruction": "Keep left",
                                "name": "-",
                                "way_points": [
                                    1618,
                                    1680
                                ]
                            },
                            {
                                "distance": 6941.8,
                                "duration": 415.6,
                                "type": 13,
                                "instruction": "Keep right onto Dwarka Expressway, NH248BB",
                                "name": "Dwarka Expressway, NH248BB",
                                "way_points": [
                                    1680,
                                    1761
                                ]
                            },
                            {
                                "distance": 695.3,
                                "duration": 32.4,
                                "type": 13,
                                "instruction": "Keep right",
                                "name": "-",
                                "way_points": [
                                    1761,
                                    1769
                                ]
                            },
                            {
                                "distance": 239.0,
                                "duration": 32.1,
                                "type": 12,
                                "instruction": "Keep left",
                                "name": "-",
                                "way_points": [
                                    1769,
                                    1774
                                ]
                            },
                            {
                                "distance": 33.8,
                                "duration": 8.1,
                                "type": 13,
                                "instruction": "Keep right",
                                "name": "-",
                                "way_points": [
                                    1774,
                                    1775
                                ]
                            },
                            {
                                "distance": 146.0,
                                "duration": 23.2,
                                "type": 12,
                                "instruction": "Keep left",
                                "name": "-",
                                "way_points": [
                                    1775,
                                    1780
                                ]
                            },
                            {
                                "distance": 300.3,
                                "duration": 36.0,
                                "type": 7,
                                "instruction": "Enter the roundabout and take the 2nd exit",
                                "name": "-",
                                "exit_number": 2,
                                "way_points": [
                                    1780,
                                    1795
                                ]
                            },
                            {
                                "distance": 630.2,
                                "duration": 44.5,
                                "type": 13,
                                "instruction": "Keep right",
                                "name": "-",
                                "way_points": [
                                    1795,
                                    1803
                                ]
                            },
                            {
                                "distance": 286.2,
                                "duration": 32.0,
                                "type": 1,
                                "instruction": "Turn right onto Abdul Gaffar Khan Marg",
                                "name": "Abdul Gaffar Khan Marg",
                                "way_points": [
                                    1803,
                                    1809
                                ]
                            },
                            {
                                "distance": 304.9,
                                "duration": 73.2,
                                "type": 0,
                                "instruction": "Turn left",
                                "name": "-",
                                "way_points": [
                                    1809,
                                    1818
                                ]
                            },
                            {
                                "distance": 242.4,
                                "duration": 58.2,
                                "type": 0,
                                "instruction": "Turn left",
                                "name": "-",
                                "way_points": [
                                    1818,
                                    1821
                                ]
                            },
                            {
                                "distance": 44.1,
                                "duration": 10.6,
                                "type": 1,
                                "instruction": "Turn right",
                                "name": "-",
                                "way_points": [
                                    1821,
                                    1822
                                ]
                            },
                            {
                                "distance": 100.0,
                                "duration": 24.0,
                                "type": 0,
                                "instruction": "Turn left",
                                "name": "-",
                                "way_points": [
                                    1822,
                                    1823
                                ]
                            },
                            {
                                "distance": 45.4,
                                "duration": 10.9,
                                "type": 0,
                                "instruction": "Turn left onto Road No.5",
                                "name": "Road No.5",
                                "way_points": [
                                    1823,
                                    1825
                                ]
                            },
                            {
                                "distance": 0.0,
                                "duration": 0.0,
                                "type": 10,
                                "instruction": "Arrive at Road No.5, on the left",
                                "name": "-",
                                "way_points": [
                                    1825,
                                    1825
                                ]
                            }
                        ]
                    }
                ],
                "way_points": [
                    0,
                    1825
                ],
                "summary": {
                    "distance": 252049.4,
                    "duration": 11581.5
                }
            },
            "geometry": {
                "coordinates": [
                    [
                        75.82055,
                        26.91595
                    ],
                    [
                        75.82054,
                        26.915888
                    ],
                    [
                        75.820402,
                        26.915917
                    ],
                    [
                        75.820431,
                        26.916031
                    ],
                    [
                        75.82048,
                        26.916216
                    ],
                    [
                        75.820641,
                        26.916895
                    ],
                    [
                        75.820779,
                        26.917436
                    ],
                    [
                        75.820913,
                        26.917914
                    ],
                    [
                        75.821183,
                        26.918828
                    ],
                    [
                        75.82148,
                        26.919849
                    ],
                    [
                        75.821734,
                        26.920821
                    ],
                    [
                        75.822042,
                        26.921984
                    ],
                    [
                        75.822314,
                        26.922957
                    ],
                    [
                        75.822522,
                        26.923809
                    ],
                    [
                        75.822544,
                        26.923897
                    ],
                    [
                        75.822661,
                        26.923874
                    ],
                    [
                        75.823958,
                        26.923617
                    ],
                    [
                        75.825967,
                        26.92319
                    ],
                    [
                        75.826371,
                        26.923113
                    ],
                    [
                        75.826572,
                        26.92311
                    ],
                    [
                        75.82662,
                        26.923176
                    ],
                    [
                        75.826684,
                        26.923223
                    ],
                    [
                        75.826761,
                        26.923252
                    ],
                    [
                        75.826854,
                        26.923259
                    ],
                    [
                        75.827639,
                        26.926055
                    ],
                    [
                        75.82784,
                        26.926762
                    ],
                    [
                        75.828227,
                        26.92818
                    ],
                    [
                        75.828488,
                        26.929154
                    ],
                    [
                        75.828629,
                        26.929651
                    ],
                    [
                        75.828704,
                        26.929732
                    ],
                    [
                        75.828757,
                        26.929758
                    ],
                    [
                        75.828782,
                        26.92977
                    ],
                    [
                        75.82886,
                        26.92978
                    ],
                    [
                        75.828978,
                        26.929766
                    ],
                    [
                        75.829737,
                        26.929598
                    ],
                    [
                        75.830078,
                        26.929548
                    ],
                    [
                        75.830824,
                        26.929406
                    ],
                    [
                        75.830998,
                        26.929759
                    ],
                    [
                        75.831496,
                        26.930535
                    ],
                    [
                        75.831566,
                        26.930605
                    ],
                    [
                        75.831774,
                        26.930897
                    ],
                    [
                        75.83185,
                        26.93104
                    ],
                    [
                        75.831963,
                        26.931223
                    ],
                    [
                        75.832168,
                        26.931752
                    ],
                    [
                        75.832416,
                        26.932389
                    ],
                    [
                        75.832552,
                        26.932751
                    ],
                    [
                        75.832589,
                        26.932863
                    ],
                    [
                        75.832758,
                        26.933374
                    ],
                    [
                        75.83291,
                        26.933648
                    ],
                    [
                        75.83302,
                        26.933803
                    ],
                    [
                        75.833089,
                        26.934078
                    ],
                    [
                        75.833134,
                        26.934215
                    ],
                    [
                        75.833252,
                        26.934585
                    ],
                    [
                        75.833459,
                        26.935263
                    ],
                    [
                        75.833588,
                        26.935673
                    ],
                    [
                        75.833586,
                        26.935747
                    ],
                    [
                        75.833623,
                        26.935868
                    ],
                    [
                        75.83372,
                        26.936034
                    ],
                    [
                        75.834079,
                        26.936483
                    ],
                    [
                        75.834528,
                        26.936997
                    ],
                    [
                        75.835138,
                        26.937623
                    ],
                    [
                        75.835252,
                        26.937742
                    ],
                    [
                        75.835809,
                        26.938272
                    ],
                    [
                        75.836046,
                        26.938493
                    ],
                    [
                        75.836498,
                        26.938913
                    ],
                    [
                        75.836616,
                        26.939049
                    ],
                    [
                        75.836835,
                        26.939301
                    ],
                    [
                        75.837243,
                        26.939784
                    ],
                    [
                        75.837536,
                        26.940163
                    ],
                    [
                        75.837783,
                        26.940507
                    ],
                    [
                        75.837845,
                        26.940601
                    ],
                    [
                        75.838021,
                        26.94087
                    ],
                    [
                        75.838335,
                        26.941331
                    ],
                    [
                        75.838578,
                        26.941683
                    ],
                    [
                        75.838684,
                        26.941844
                    ],
                    [
                        75.838734,
                        26.941921
                    ],
                    [
                        75.839051,
                        26.942415
                    ],
                    [
                        75.839198,
                        26.942679
                    ],
                    [
                        75.839284,
                        26.942919
                    ],
                    [
                        75.839377,
                        26.943494
                    ],
                    [
                        75.839423,
                        26.943739
                    ],
                    [
                        75.839474,
                        26.943963
                    ],
                    [
                        75.839669,
                        26.944711
                    ],
                    [
                        75.839983,
                        26.946079
                    ],
                    [
                        75.840001,
                        26.946154
                    ],
                    [
                        75.840093,
                        26.946148
                    ],
                    [
                        75.840612,
                        26.946125
                    ],
                    [
                        75.841958,
                        26.946118
                    ],
                    [
                        75.84252,
                        26.946119
                    ],
                    [
                        75.843224,
                        26.946122
                    ],
                    [
                        75.844556,
                        26.946126
                    ],
                    [
                        75.845483,
                        26.946126
                    ],
                    [
                        75.847144,
                        26.946136
                    ],
                    [
                        75.847799,
                        26.946136
                    ],
                    [
                        75.849762,
                        26.946129
                    ],
                    [
                        75.849984,
                        26.946126
                    ],
                    [
                        75.850309,
                        26.94611
                    ],
                    [
                        75.85033,
                        26.946123
                    ],
                    [
                        75.85054,
                        26.946256
                    ],
                    [
                        75.850978,
                        26.946571
                    ],
                    [
                        75.851418,
                        26.946886
                    ],
                    [
                        75.852649,
                        26.947715
                    ],
                    [
                        75.85497,
                        26.949327
                    ],
                    [
                        75.855428,
                        26.94964
                    ],
                    [
                        75.855754,
                        26.949811
                    ],
                    [
                        75.856078,
                        26.949917
                    ],
                    [
                        75.856666,
                        26.950017
                    ],
                    [
                        75.856798,
                        26.950032
                    ],
                    [
                        75.858801,
                        26.950245
                    ],
                    [
                        75.859771,
                        26.950328
                    ],
                    [
                        75.860263,
                        26.950392
                    ],
                    [
                        75.860714,
                        26.950464
                    ],
                    [
                        75.860896,
                        26.950512
                    ],
                    [
                        75.861058,
                        26.950567
                    ],
                    [
                        75.861382,
                        26.950717
                    ],
                    [
                        75.861547,
                        26.950821
                    ],
                    [
                        75.861681,
                        26.950927
                    ],
                    [
                        75.862024,
                        26.951184
                    ],
                    [
                        75.862303,
                        26.95139
                    ],
                    [
                        75.86277,
                        26.951752
                    ],
                    [
                        75.863629,
                        26.952432
                    ],
                    [
                        75.864096,
                        26.952848
                    ],
                    [
                        75.864274,
                        26.953043
                    ],
                    [
                        75.864418,
                        26.953234
                    ],
                    [
                        75.864651,
                        26.953549
                    ],
                    [
                        75.864988,
                        26.954113
                    ],
                    [
                        75.865133,
                        26.954423
                    ],
                    [
                        75.865319,
                        26.954926
                    ],
                    [
                        75.865646,
                        26.956209
                    ],
                    [
                        75.866342,
                        26.959103
                    ],
                    [
                        75.866514,
                        26.959725
                    ],
                    [
                        75.866687,
                        26.960103
                    ],
                    [
                        75.866821,
                        26.960334
                    ],
                    [
                        75.86702,
                        26.960622
                    ],
                    [
                        75.867788,
                        26.961739
                    ],
                    [
                        75.868217,
                        26.962352
                    ],
                    [
                        75.869106,
                        26.963573
                    ],
                    [
                        75.869978,
                        26.964816
                    ],
                    [
                        75.870146,
                        26.965103
                    ],
                    [
                        75.870329,
                        26.965463
                    ],
                    [
                        75.870543,
                        26.965921
                    ],
                    [
                        75.870694,
                        26.966316
                    ],
                    [
                        75.870865,
                        26.96697
                    ],
                    [
                        75.870936,
                        26.967373
                    ],
                    [
                        75.871208,
                        26.969913
                    ],
                    [
                        75.871341,
                        26.971329
                    ],
                    [
                        75.871625,
                        26.974072
                    ],
                    [
                        75.871736,
                        26.975088
                    ],
                    [
                        75.871781,
                        26.975474
                    ],
                    [
                        75.871905,
                        26.976145
                    ],
                    [
                        75.87197,
                        26.976371
                    ],
                    [
                        75.872182,
                        26.976843
                    ],
                    [
                        75.873092,
                        26.978665
                    ],
                    [
                        75.873651,
                        26.979765
                    ],
                    [
                        75.874042,
                        26.98051
                    ],
                    [
                        75.875077,
                        26.982697
                    ],
                    [
                        75.875239,
                        26.983095
                    ],
                    [
                        75.875381,
                        26.983594
                    ],
                    [
                        75.875491,
                        26.984245
                    ],
                    [
                        75.875546,
                        26.984752
                    ],
                    [
                        75.875623,
                        26.986249
                    ],
                    [
                        75.875586,
                        26.986696
                    ],
                    [
                        75.875407,
                        26.987952
                    ],
                    [
                        75.875072,
                        26.990282
                    ],
                    [
                        75.875061,
                        26.990565
                    ],
                    [
                        75.875078,
                        26.990851
                    ],
                    [
                        75.875192,
                        26.991528
                    ],
                    [
                        75.875771,
                        26.993924
                    ],
                    [
                        75.875865,
                        26.994389
                    ],
                    [
                        75.875893,
                        26.994515
                    ],
                    [
                        75.876242,
                        26.995773
                    ],
                    [
                        75.87631,
                        26.996065
                    ],
                    [
                        75.876342,
                        26.996486
                    ],
                    [
                        75.876283,
                        26.99822
                    ],
                    [
                        75.876276,
                        26.998391
                    ],
                    [
                        75.876253,
                        26.998946
                    ],
                    [
                        75.876228,
                        26.999555
                    ],
                    [
                        75.876191,
                        27.00045
                    ],
                    [
                        75.876189,
                        27.000874
                    ],
                    [
                        75.876201,
                        27.001222
                    ],
                    [
                        75.876227,
                        27.001376
                    ],
                    [
                        75.876305,
                        27.001828
                    ],
                    [
                        75.876888,
                        27.004737
                    ],
                    [
                        75.877132,
                        27.005424
                    ],
                    [
                        75.877713,
                        27.006545
                    ],
                    [
                        75.877821,
                        27.006789
                    ],
                    [
                        75.877877,
                        27.007025
                    ],
                    [
                        75.877954,
                        27.007597
                    ],
                    [
                        75.878093,
                        27.009508
                    ],
                    [
                        75.878108,
                        27.009745
                    ],
                    [
                        75.878143,
                        27.010314
                    ],
                    [
                        75.878207,
                        27.010737
                    ],
                    [
                        75.878289,
                        27.011078
                    ],
                    [
                        75.87854,
                        27.011837
                    ],
                    [
                        75.878745,
                        27.012381
                    ],
                    [
                        75.878928,
                        27.012988
                    ],
                    [
                        75.879181,
                        27.013719
                    ],
                    [
                        75.879541,
                        27.014882
                    ],
                    [
                        75.879807,
                        27.015929
                    ],
                    [
                        75.880143,
                        27.017182
                    ],
                    [
                        75.880555,
                        27.018618
                    ],
                    [
                        75.881647,
                        27.02268
                    ],
                    [
                        75.882924,
                        27.027215
                    ],
                    [
                        75.883166,
                        27.028025
                    ],
                    [
                        75.883325,
                        27.028396
                    ],
                    [
                        75.883619,
                        27.028911
                    ],
                    [
                        75.883773,
                        27.029142
                    ],
                    [
                        75.884102,
                        27.029581
                    ],
                    [
                        75.886127,
                        27.03203
                    ],
                    [
                        75.888064,
                        27.034423
                    ],
                    [
                        75.889178,
                        27.03579
                    ],
                    [
                        75.890644,
                        27.037546
                    ],
                    [
                        75.891318,
                        27.038301
                    ],
                    [
                        75.891811,
                        27.038721
                    ],
                    [
                        75.894464,
                        27.040704
                    ],
                    [
                        75.894863,
                        27.041001
                    ],
                    [
                        75.8954,
                        27.041404
                    ],
                    [
                        75.896354,
                        27.042121
                    ],
                    [
                        75.897476,
                        27.042963
                    ],
                    [
                        75.897512,
                        27.042989
                    ],
                    [
                        75.902274,
                        27.046551
                    ],
                    [
                        75.903242,
                        27.047207
                    ],
                    [
                        75.9043,
                        27.047915
                    ],
                    [
                        75.906275,
                        27.049227
                    ],
                    [
                        75.907219,
                        27.049961
                    ],
                    [
                        75.907558,
                        27.050193
                    ],
                    [
                        75.907973,
                        27.050445
                    ],
                    [
                        75.913167,
                        27.053505
                    ],
                    [
                        75.913729,
                        27.053866
                    ],
                    [
                        75.915181,
                        27.05494
                    ],
                    [
                        75.917439,
                        27.056769
                    ],
                    [
                        75.919772,
                        27.058602
                    ],
                    [
                        75.920846,
                        27.059466
                    ],
                    [
                        75.921848,
                        27.060341
                    ],
                    [
                        75.928818,
                        27.066539
                    ],
                    [
                        75.929309,
                        27.066987
                    ],
                    [
                        75.931514,
                        27.068972
                    ],
                    [
                        75.932687,
                        27.069974
                    ],
                    [
                        75.934898,
                        27.071696
                    ],
                    [
                        75.935426,
                        27.072048
                    ],
                    [
                        75.936232,
                        27.072571
                    ],
                    [
                        75.936558,
                        27.07285
                    ],
                    [
                        75.936782,
                        27.073087
                    ],
                    [
                        75.937002,
                        27.073359
                    ],
                    [
                        75.937146,
                        27.073631
                    ],
                    [
                        75.937467,
                        27.074422
                    ],
                    [
                        75.937865,
                        27.075287
                    ],
                    [
                        75.938295,
                        27.076201
                    ],
                    [
                        75.938758,
                        27.077269
                    ],
                    [
                        75.939819,
                        27.079563
                    ],
                    [
                        75.942446,
                        27.084986
                    ],
                    [
                        75.942822,
                        27.085699
                    ],
                    [
                        75.943065,
                        27.0861
                    ],
                    [
                        75.943296,
                        27.086409
                    ],
                    [
                        75.943519,
                        27.086674
                    ],
                    [
                        75.943795,
                        27.086926
                    ],
                    [
                        75.944072,
                        27.087126
                    ],
                    [
                        75.94437,
                        27.087299
                    ],
                    [
                        75.947203,
                        27.088739
                    ],
                    [
                        75.948119,
                        27.089186
                    ],
                    [
                        75.948295,
                        27.089272
                    ],
                    [
                        75.949211,
                        27.089749
                    ],
                    [
                        75.949823,
                        27.0901
                    ],
                    [
                        75.950118,
                        27.090312
                    ],
                    [
                        75.950387,
                        27.090527
                    ],
                    [
                        75.950588,
                        27.090737
                    ],
                    [
                        75.950791,
                        27.090985
                    ],
                    [
                        75.951016,
                        27.091338
                    ],
                    [
                        75.951543,
                        27.092561
                    ],
                    [
                        75.95239,
                        27.094635
                    ],
                    [
                        75.955071,
                        27.100099
                    ],
                    [
                        75.95722,
                        27.104432
                    ],
                    [
                        75.957451,
                        27.104966
                    ],
                    [
                        75.957557,
                        27.105244
                    ],
                    [
                        75.95767,
                        27.105696
                    ],
                    [
                        75.957825,
                        27.106438
                    ],
                    [
                        75.958531,
                        27.11014
                    ],
                    [
                        75.958728,
                        27.111091
                    ],
                    [
                        75.959013,
                        27.112362
                    ],
                    [
                        75.95916,
                        27.112803
                    ],
                    [
                        75.959524,
                        27.113769
                    ],
                    [
                        75.960009,
                        27.115063
                    ],
                    [
                        75.96022,
                        27.115668
                    ],
                    [
                        75.960431,
                        27.1166
                    ],
                    [
                        75.960618,
                        27.117872
                    ],
                    [
                        75.960646,
                        27.118344
                    ],
                    [
                        75.960644,
                        27.118779
                    ],
                    [
                        75.960584,
                        27.120158
                    ],
                    [
                        75.960604,
                        27.122811
                    ],
                    [
                        75.960644,
                        27.123666
                    ],
                    [
                        75.960694,
                        27.1247
                    ],
                    [
                        75.960853,
                        27.126998
                    ],
                    [
                        75.960839,
                        27.127479
                    ],
                    [
                        75.96078,
                        27.127946
                    ],
                    [
                        75.960585,
                        27.129129
                    ],
                    [
                        75.960549,
                        27.129468
                    ],
                    [
                        75.960552,
                        27.129596
                    ],
                    [
                        75.960557,
                        27.129835
                    ],
                    [
                        75.96062,
                        27.13032
                    ],
                    [
                        75.960712,
                        27.130743
                    ],
                    [
                        75.96099,
                        27.13168
                    ],
                    [
                        75.961174,
                        27.13223
                    ],
                    [
                        75.961324,
                        27.132658
                    ],
                    [
                        75.961544,
                        27.13331
                    ],
                    [
                        75.961645,
                        27.133639
                    ],
                    [
                        75.961708,
                        27.133909
                    ],
                    [
                        75.961763,
                        27.134144
                    ],
                    [
                        75.961847,
                        27.134881
                    ],
                    [
                        75.961983,
                        27.136715
                    ],
                    [
                        75.962042,
                        27.137385
                    ],
                    [
                        75.962112,
                        27.138114
                    ],
                    [
                        75.962159,
                        27.138729
                    ],
                    [
                        75.962311,
                        27.140671
                    ],
                    [
                        75.962288,
                        27.141233
                    ],
                    [
                        75.962223,
                        27.141731
                    ],
                    [
                        75.961659,
                        27.144437
                    ],
                    [
                        75.961466,
                        27.145689
                    ],
                    [
                        75.96141,
                        27.146063
                    ],
                    [
                        75.960751,
                        27.15042
                    ],
                    [
                        75.96069,
                        27.151262
                    ],
                    [
                        75.960278,
                        27.154205
                    ],
                    [
                        75.960098,
                        27.155945
                    ],
                    [
                        75.960057,
                        27.156602
                    ],
                    [
                        75.960037,
                        27.157471
                    ],
                    [
                        75.960135,
                        27.158521
                    ],
                    [
                        75.960334,
                        27.161131
                    ],
                    [
                        75.960401,
                        27.163044
                    ],
                    [
                        75.9604,
                        27.163321
                    ],
                    [
                        75.96039,
                        27.163894
                    ],
                    [
                        75.960428,
                        27.165716
                    ],
                    [
                        75.960345,
                        27.168111
                    ],
                    [
                        75.960279,
                        27.169197
                    ],
                    [
                        75.960288,
                        27.170292
                    ],
                    [
                        75.960392,
                        27.170801
                    ],
                    [
                        75.960536,
                        27.171336
                    ],
                    [
                        75.961142,
                        27.17381
                    ],
                    [
                        75.961256,
                        27.174312
                    ],
                    [
                        75.961293,
                        27.174634
                    ],
                    [
                        75.961275,
                        27.174928
                    ],
                    [
                        75.961167,
                        27.175297
                    ],
                    [
                        75.96091,
                        27.175766
                    ],
                    [
                        75.960668,
                        27.176097
                    ],
                    [
                        75.959828,
                        27.177073
                    ],
                    [
                        75.959734,
                        27.177185
                    ],
                    [
                        75.959487,
                        27.177732
                    ],
                    [
                        75.959321,
                        27.178239
                    ],
                    [
                        75.957627,
                        27.184478
                    ],
                    [
                        75.957193,
                        27.186378
                    ],
                    [
                        75.956185,
                        27.190952
                    ],
                    [
                        75.955603,
                        27.193544
                    ],
                    [
                        75.955587,
                        27.193613
                    ],
                    [
                        75.955563,
                        27.19372
                    ],
                    [
                        75.955253,
                        27.195098
                    ],
                    [
                        75.955017,
                        27.195989
                    ],
                    [
                        75.954805,
                        27.196639
                    ],
                    [
                        75.954332,
                        27.197725
                    ],
                    [
                        75.952353,
                        27.20106
                    ],
                    [
                        75.951914,
                        27.201871
                    ],
                    [
                        75.951587,
                        27.20258
                    ],
                    [
                        75.951338,
                        27.203325
                    ],
                    [
                        75.950652,
                        27.205752
                    ],
                    [
                        75.949819,
                        27.209284
                    ],
                    [
                        75.949646,
                        27.210217
                    ],
                    [
                        75.949253,
                        27.213242
                    ],
                    [
                        75.949147,
                        27.214166
                    ],
                    [
                        75.94894,
                        27.214857
                    ],
                    [
                        75.948649,
                        27.215448
                    ],
                    [
                        75.94803,
                        27.216509
                    ],
                    [
                        75.946905,
                        27.218541
                    ],
                    [
                        75.946758,
                        27.218835
                    ],
                    [
                        75.946612,
                        27.219188
                    ],
                    [
                        75.946514,
                        27.219784
                    ],
                    [
                        75.946517,
                        27.220435
                    ],
                    [
                        75.946561,
                        27.220817
                    ],
                    [
                        75.946583,
                        27.220916
                    ],
                    [
                        75.947635,
                        27.223852
                    ],
                    [
                        75.947742,
                        27.224294
                    ],
                    [
                        75.947846,
                        27.22479
                    ],
                    [
                        75.94791,
                        27.225711
                    ],
                    [
                        75.947953,
                        27.22675
                    ],
                    [
                        75.948033,
                        27.228039
                    ],
                    [
                        75.948059,
                        27.228655
                    ],
                    [
                        75.948034,
                        27.229419
                    ],
                    [
                        75.948183,
                        27.231062
                    ],
                    [
                        75.948338,
                        27.232521
                    ],
                    [
                        75.948775,
                        27.235607
                    ],
                    [
                        75.949405,
                        27.23946
                    ],
                    [
                        75.949568,
                        27.240753
                    ],
                    [
                        75.949653,
                        27.24129
                    ],
                    [
                        75.949993,
                        27.242303
                    ],
                    [
                        75.950349,
                        27.243089
                    ],
                    [
                        75.950542,
                        27.243853
                    ],
                    [
                        75.950704,
                        27.244633
                    ],
                    [
                        75.950812,
                        27.245151
                    ],
                    [
                        75.95093,
                        27.245936
                    ],
                    [
                        75.950977,
                        27.246533
                    ],
                    [
                        75.950945,
                        27.24791
                    ],
                    [
                        75.95083,
                        27.249864
                    ],
                    [
                        75.950796,
                        27.250872
                    ],
                    [
                        75.950818,
                        27.251873
                    ],
                    [
                        75.950849,
                        27.252268
                    ],
                    [
                        75.951056,
                        27.254944
                    ],
                    [
                        75.951083,
                        27.255632
                    ],
                    [
                        75.951038,
                        27.257296
                    ],
                    [
                        75.951056,
                        27.259236
                    ],
                    [
                        75.95106,
                        27.259706
                    ],
                    [
                        75.951154,
                        27.261921
                    ],
                    [
                        75.951155,
                        27.262852
                    ],
                    [
                        75.951039,
                        27.263641
                    ],
                    [
                        75.950815,
                        27.264375
                    ],
                    [
                        75.950126,
                        27.266579
                    ],
                    [
                        75.949687,
                        27.267887
                    ],
                    [
                        75.948648,
                        27.271027
                    ],
                    [
                        75.947693,
                        27.273889
                    ],
                    [
                        75.947393,
                        27.274796
                    ],
                    [
                        75.947347,
                        27.275039
                    ],
                    [
                        75.947301,
                        27.27574
                    ],
                    [
                        75.947329,
                        27.275971
                    ],
                    [
                        75.94736,
                        27.276226
                    ],
                    [
                        75.947446,
                        27.276626
                    ],
                    [
                        75.94773,
                        27.277208
                    ],
                    [
                        75.947943,
                        27.277575
                    ],
                    [
                        75.948111,
                        27.277733
                    ],
                    [
                        75.948629,
                        27.278213
                    ],
                    [
                        75.948933,
                        27.278449
                    ],
                    [
                        75.949401,
                        27.278704
                    ],
                    [
                        75.95108,
                        27.279336
                    ],
                    [
                        75.951614,
                        27.279573
                    ],
                    [
                        75.952233,
                        27.27997
                    ],
                    [
                        75.952834,
                        27.280438
                    ],
                    [
                        75.953659,
                        27.281244
                    ],
                    [
                        75.954054,
                        27.281815
                    ],
                    [
                        75.955212,
                        27.283514
                    ],
                    [
                        75.955702,
                        27.283971
                    ],
                    [
                        75.956334,
                        27.284438
                    ],
                    [
                        75.957628,
                        27.285126
                    ],
                    [
                        75.958434,
                        27.28551
                    ],
                    [
                        75.959948,
                        27.28628
                    ],
                    [
                        75.960209,
                        27.28643
                    ],
                    [
                        75.960549,
                        27.286667
                    ],
                    [
                        75.960834,
                        27.286901
                    ],
                    [
                        75.961136,
                        27.28721
                    ],
                    [
                        75.961408,
                        27.287554
                    ],
                    [
                        75.961645,
                        27.287901
                    ],
                    [
                        75.961808,
                        27.288257
                    ],
                    [
                        75.961943,
                        27.288672
                    ],
                    [
                        75.962057,
                        27.28913
                    ],
                    [
                        75.962132,
                        27.289545
                    ],
                    [
                        75.96217,
                        27.290034
                    ],
                    [
                        75.962155,
                        27.290437
                    ],
                    [
                        75.962095,
                        27.290879
                    ],
                    [
                        75.961976,
                        27.291294
                    ],
                    [
                        75.961822,
                        27.291705
                    ],
                    [
                        75.961604,
                        27.29211
                    ],
                    [
                        75.958234,
                        27.297516
                    ],
                    [
                        75.957045,
                        27.299376
                    ],
                    [
                        75.95687,
                        27.299651
                    ],
                    [
                        75.955749,
                        27.301411
                    ],
                    [
                        75.954567,
                        27.303316
                    ],
                    [
                        75.954164,
                        27.304045
                    ],
                    [
                        75.95334,
                        27.305777
                    ],
                    [
                        75.952344,
                        27.307756
                    ],
                    [
                        75.951868,
                        27.308762
                    ],
                    [
                        75.951721,
                        27.309271
                    ],
                    [
                        75.951603,
                        27.309837
                    ],
                    [
                        75.951554,
                        27.310272
                    ],
                    [
                        75.951611,
                        27.311045
                    ],
                    [
                        75.951876,
                        27.313224
                    ],
                    [
                        75.951896,
                        27.313375
                    ],
                    [
                        75.952166,
                        27.315464
                    ],
                    [
                        75.952074,
                        27.316581
                    ],
                    [
                        75.951924,
                        27.317987
                    ],
                    [
                        75.951565,
                        27.320133
                    ],
                    [
                        75.951488,
                        27.320661
                    ],
                    [
                        75.951422,
                        27.321117
                    ],
                    [
                        75.951384,
                        27.321375
                    ],
                    [
                        75.951349,
                        27.322114
                    ],
                    [
                        75.951352,
                        27.322699
                    ],
                    [
                        75.951414,
                        27.323585
                    ],
                    [
                        75.951439,
                        27.324025
                    ],
                    [
                        75.951543,
                        27.3253
                    ],
                    [
                        75.951633,
                        27.326496
                    ],
                    [
                        75.951791,
                        27.328212
                    ],
                    [
                        75.951963,
                        27.329506
                    ],
                    [
                        75.952063,
                        27.33024
                    ],
                    [
                        75.952104,
                        27.330541
                    ],
                    [
                        75.952164,
                        27.33098
                    ],
                    [
                        75.952239,
                        27.331532
                    ],
                    [
                        75.952426,
                        27.332878
                    ],
                    [
                        75.952523,
                        27.333498
                    ],
                    [
                        75.952708,
                        27.334688
                    ],
                    [
                        75.952785,
                        27.33518
                    ],
                    [
                        75.953201,
                        27.337842
                    ],
                    [
                        75.953384,
                        27.338451
                    ],
                    [
                        75.953472,
                        27.338653
                    ],
                    [
                        75.953749,
                        27.339293
                    ],
                    [
                        75.953891,
                        27.33957
                    ],
                    [
                        75.954021,
                        27.339825
                    ],
                    [
                        75.954375,
                        27.340518
                    ],
                    [
                        75.95593,
                        27.343563
                    ],
                    [
                        75.956147,
                        27.344128
                    ],
                    [
                        75.956266,
                        27.344658
                    ],
                    [
                        75.956275,
                        27.345358
                    ],
                    [
                        75.956189,
                        27.345895
                    ],
                    [
                        75.95599,
                        27.346542
                    ],
                    [
                        75.95592,
                        27.346771
                    ],
                    [
                        75.955633,
                        27.347729
                    ],
                    [
                        75.955114,
                        27.34953
                    ],
                    [
                        75.954912,
                        27.350332
                    ],
                    [
                        75.954897,
                        27.350502
                    ],
                    [
                        75.954869,
                        27.350835
                    ],
                    [
                        75.954872,
                        27.352708
                    ],
                    [
                        75.95485,
                        27.354085
                    ],
                    [
                        75.954742,
                        27.354562
                    ],
                    [
                        75.954581,
                        27.355024
                    ],
                    [
                        75.954536,
                        27.355195
                    ],
                    [
                        75.954393,
                        27.35555
                    ],
                    [
                        75.954122,
                        27.356641
                    ],
                    [
                        75.954092,
                        27.357227
                    ],
                    [
                        75.954126,
                        27.357843
                    ],
                    [
                        75.954241,
                        27.358613
                    ],
                    [
                        75.954263,
                        27.358756
                    ],
                    [
                        75.954526,
                        27.36051
                    ],
                    [
                        75.954846,
                        27.362243
                    ],
                    [
                        75.955017,
                        27.363086
                    ],
                    [
                        75.955463,
                        27.36503
                    ],
                    [
                        75.956307,
                        27.368957
                    ],
                    [
                        75.956646,
                        27.369812
                    ],
                    [
                        75.957112,
                        27.370754
                    ],
                    [
                        75.960099,
                        27.376496
                    ],
                    [
                        75.960961,
                        27.378081
                    ],
                    [
                        75.961437,
                        27.379109
                    ],
                    [
                        75.962988,
                        27.382175
                    ],
                    [
                        75.965255,
                        27.386561
                    ],
                    [
                        75.965696,
                        27.387424
                    ],
                    [
                        75.9663,
                        27.38852
                    ],
                    [
                        75.967046,
                        27.390001
                    ],
                    [
                        75.967781,
                        27.391385
                    ],
                    [
                        75.968351,
                        27.392315
                    ],
                    [
                        75.968582,
                        27.392656
                    ],
                    [
                        75.969457,
                        27.393953
                    ],
                    [
                        75.970566,
                        27.395525
                    ],
                    [
                        75.970904,
                        27.395901
                    ],
                    [
                        75.971061,
                        27.396048
                    ],
                    [
                        75.971264,
                        27.396205
                    ],
                    [
                        75.971485,
                        27.396348
                    ],
                    [
                        75.974544,
                        27.397853
                    ],
                    [
                        75.974683,
                        27.397912
                    ],
                    [
                        75.975227,
                        27.398073
                    ],
                    [
                        75.975915,
                        27.398237
                    ],
                    [
                        75.979986,
                        27.399202
                    ],
                    [
                        75.980773,
                        27.399388
                    ],
                    [
                        75.981503,
                        27.399608
                    ],
                    [
                        75.981986,
                        27.399765
                    ],
                    [
                        75.982601,
                        27.399971
                    ],
                    [
                        75.983408,
                        27.400256
                    ],
                    [
                        75.984087,
                        27.400511
                    ],
                    [
                        75.984431,
                        27.400651
                    ],
                    [
                        75.984889,
                        27.400909
                    ],
                    [
                        75.986437,
                        27.401993
                    ],
                    [
                        75.988514,
                        27.403523
                    ],
                    [
                        75.989044,
                        27.403898
                    ],
                    [
                        75.991034,
                        27.40539
                    ],
                    [
                        75.991561,
                        27.405846
                    ],
                    [
                        75.991889,
                        27.406157
                    ],
                    [
                        75.9922,
                        27.406489
                    ],
                    [
                        75.992522,
                        27.406888
                    ],
                    [
                        75.992729,
                        27.407144
                    ],
                    [
                        75.993046,
                        27.407619
                    ],
                    [
                        75.993979,
                        27.409124
                    ],
                    [
                        75.994441,
                        27.409733
                    ],
                    [
                        75.9946,
                        27.40997
                    ],
                    [
                        75.995551,
                        27.411477
                    ],
                    [
                        75.99572,
                        27.41174
                    ],
                    [
                        75.996273,
                        27.412536
                    ],
                    [
                        75.99693,
                        27.41361
                    ],
                    [
                        75.997337,
                        27.414123
                    ],
                    [
                        75.997969,
                        27.414815
                    ],
                    [
                        75.998255,
                        27.415066
                    ],
                    [
                        75.999926,
                        27.416377
                    ],
                    [
                        76.000379,
                        27.416752
                    ],
                    [
                        76.001507,
                        27.417629
                    ],
                    [
                        76.001939,
                        27.418015
                    ],
                    [
                        76.004009,
                        27.420386
                    ],
                    [
                        76.005487,
                        27.422145
                    ],
                    [
                        76.006021,
                        27.422811
                    ],
                    [
                        76.00665,
                        27.423549
                    ],
                    [
                        76.007172,
                        27.42424
                    ],
                    [
                        76.007651,
                        27.424816
                    ],
                    [
                        76.007896,
                        27.425119
                    ],
                    [
                        76.008142,
                        27.425422
                    ],
                    [
                        76.00893,
                        27.426323
                    ],
                    [
                        76.009182,
                        27.426601
                    ],
                    [
                        76.010513,
                        27.427965
                    ],
                    [
                        76.01298,
                        27.430825
                    ],
                    [
                        76.013495,
                        27.431395
                    ],
                    [
                        76.014353,
                        27.432437
                    ],
                    [
                        76.014937,
                        27.433081
                    ],
                    [
                        76.016985,
                        27.435505
                    ],
                    [
                        76.01712,
                        27.435665
                    ],
                    [
                        76.018975,
                        27.437827
                    ],
                    [
                        76.01933,
                        27.438384
                    ],
                    [
                        76.019506,
                        27.43876
                    ],
                    [
                        76.019662,
                        27.439205
                    ],
                    [
                        76.01978,
                        27.439621
                    ],
                    [
                        76.019847,
                        27.439996
                    ],
                    [
                        76.019883,
                        27.440446
                    ],
                    [
                        76.019876,
                        27.440875
                    ],
                    [
                        76.019826,
                        27.441388
                    ],
                    [
                        76.019565,
                        27.442967
                    ],
                    [
                        76.019416,
                        27.443875
                    ],
                    [
                        76.019113,
                        27.445476
                    ],
                    [
                        76.018851,
                        27.447179
                    ],
                    [
                        76.018805,
                        27.447584
                    ],
                    [
                        76.018653,
                        27.449215
                    ],
                    [
                        76.018633,
                        27.449624
                    ],
                    [
                        76.018657,
                        27.44992
                    ],
                    [
                        76.018709,
                        27.450245
                    ],
                    [
                        76.018796,
                        27.450603
                    ],
                    [
                        76.01895,
                        27.450975
                    ],
                    [
                        76.019102,
                        27.451216
                    ],
                    [
                        76.019324,
                        27.451495
                    ],
                    [
                        76.019598,
                        27.451763
                    ],
                    [
                        76.019829,
                        27.451948
                    ],
                    [
                        76.020274,
                        27.452223
                    ],
                    [
                        76.020948,
                        27.452512
                    ],
                    [
                        76.022521,
                        27.452969
                    ],
                    [
                        76.023964,
                        27.453368
                    ],
                    [
                        76.024844,
                        27.453586
                    ],
                    [
                        76.025195,
                        27.453672
                    ],
                    [
                        76.026952,
                        27.454048
                    ],
                    [
                        76.028182,
                        27.454296
                    ],
                    [
                        76.030079,
                        27.45468
                    ],
                    [
                        76.030678,
                        27.454851
                    ],
                    [
                        76.031145,
                        27.45503
                    ],
                    [
                        76.031744,
                        27.455314
                    ],
                    [
                        76.032162,
                        27.455557
                    ],
                    [
                        76.032863,
                        27.456067
                    ],
                    [
                        76.034163,
                        27.45697
                    ],
                    [
                        76.036111,
                        27.458377
                    ],
                    [
                        76.037151,
                        27.45915
                    ],
                    [
                        76.037476,
                        27.459394
                    ],
                    [
                        76.040202,
                        27.461312
                    ],
                    [
                        76.041094,
                        27.461986
                    ],
                    [
                        76.041279,
                        27.462149
                    ],
                    [
                        76.041634,
                        27.462518
                    ],
                    [
                        76.041875,
                        27.462819
                    ],
                    [
                        76.042119,
                        27.46316
                    ],
                    [
                        76.042387,
                        27.463621
                    ],
                    [
                        76.042588,
                        27.46404
                    ],
                    [
                        76.043028,
                        27.465165
                    ],
                    [
                        76.043481,
                        27.466407
                    ],
                    [
                        76.044035,
                        27.467781
                    ],
                    [
                        76.044372,
                        27.468676
                    ],
                    [
                        76.046801,
                        27.474756
                    ],
                    [
                        76.04801,
                        27.477762
                    ],
                    [
                        76.048645,
                        27.479435
                    ],
                    [
                        76.049243,
                        27.480944
                    ],
                    [
                        76.05003,
                        27.482847
                    ],
                    [
                        76.050529,
                        27.484112
                    ],
                    [
                        76.050728,
                        27.484761
                    ],
                    [
                        76.050774,
                        27.484979
                    ],
                    [
                        76.050987,
                        27.486031
                    ],
                    [
                        76.051105,
                        27.486428
                    ],
                    [
                        76.051334,
                        27.487051
                    ],
                    [
                        76.051535,
                        27.487516
                    ],
                    [
                        76.051746,
                        27.487901
                    ],
                    [
                        76.051992,
                        27.488299
                    ],
                    [
                        76.052348,
                        27.48894
                    ],
                    [
                        76.052386,
                        27.489018
                    ],
                    [
                        76.052463,
                        27.489187
                    ],
                    [
                        76.053002,
                        27.490133
                    ],
                    [
                        76.053223,
                        27.490562
                    ],
                    [
                        76.053388,
                        27.490916
                    ],
                    [
                        76.054206,
                        27.492843
                    ],
                    [
                        76.054987,
                        27.494732
                    ],
                    [
                        76.056432,
                        27.498137
                    ],
                    [
                        76.056532,
                        27.498379
                    ],
                    [
                        76.057697,
                        27.501141
                    ],
                    [
                        76.058664,
                        27.503569
                    ],
                    [
                        76.059922,
                        27.506558
                    ],
                    [
                        76.061091,
                        27.509386
                    ],
                    [
                        76.061198,
                        27.50964
                    ],
                    [
                        76.061401,
                        27.510122
                    ],
                    [
                        76.062148,
                        27.511899
                    ],
                    [
                        76.062751,
                        27.513429
                    ],
                    [
                        76.063326,
                        27.51478
                    ],
                    [
                        76.063585,
                        27.515489
                    ],
                    [
                        76.063702,
                        27.516302
                    ],
                    [
                        76.063746,
                        27.516904
                    ],
                    [
                        76.063679,
                        27.518943
                    ],
                    [
                        76.063662,
                        27.519648
                    ],
                    [
                        76.063635,
                        27.520737
                    ],
                    [
                        76.063592,
                        27.522393
                    ],
                    [
                        76.063528,
                        27.523936
                    ],
                    [
                        76.063574,
                        27.52464
                    ],
                    [
                        76.063651,
                        27.525087
                    ],
                    [
                        76.06388,
                        27.525818
                    ],
                    [
                        76.064292,
                        27.526789
                    ],
                    [
                        76.0653,
                        27.529178
                    ],
                    [
                        76.065515,
                        27.529656
                    ],
                    [
                        76.066581,
                        27.532122
                    ],
                    [
                        76.066621,
                        27.532214
                    ],
                    [
                        76.06781,
                        27.534988
                    ],
                    [
                        76.067991,
                        27.535371
                    ],
                    [
                        76.068111,
                        27.535613
                    ],
                    [
                        76.070018,
                        27.540149
                    ],
                    [
                        76.070198,
                        27.540571
                    ],
                    [
                        76.071542,
                        27.543648
                    ],
                    [
                        76.073375,
                        27.54781
                    ],
                    [
                        76.073912,
                        27.549001
                    ],
                    [
                        76.074099,
                        27.549444
                    ],
                    [
                        76.074167,
                        27.549669
                    ],
                    [
                        76.074224,
                        27.549917
                    ],
                    [
                        76.0745,
                        27.552349
                    ],
                    [
                        76.074607,
                        27.553432
                    ],
                    [
                        76.074686,
                        27.554043
                    ],
                    [
                        76.074829,
                        27.55514
                    ],
                    [
                        76.075026,
                        27.556862
                    ],
                    [
                        76.075074,
                        27.557292
                    ],
                    [
                        76.075198,
                        27.558288
                    ],
                    [
                        76.075236,
                        27.558958
                    ],
                    [
                        76.075213,
                        27.5594
                    ],
                    [
                        76.075041,
                        27.560275
                    ],
                    [
                        76.074894,
                        27.560814
                    ],
                    [
                        76.073953,
                        27.56465
                    ],
                    [
                        76.07372,
                        27.565653
                    ],
                    [
                        76.073275,
                        27.567571
                    ],
                    [
                        76.073123,
                        27.568297
                    ],
                    [
                        76.073062,
                        27.568774
                    ],
                    [
                        76.073056,
                        27.56906
                    ],
                    [
                        76.073068,
                        27.56934
                    ],
                    [
                        76.073156,
                        27.57014
                    ],
                    [
                        76.07326,
                        27.570849
                    ],
                    [
                        76.073512,
                        27.572574
                    ],
                    [
                        76.073859,
                        27.575258
                    ],
                    [
                        76.07411,
                        27.577057
                    ],
                    [
                        76.074203,
                        27.577986
                    ],
                    [
                        76.07432,
                        27.578663
                    ],
                    [
                        76.074507,
                        27.579364
                    ],
                    [
                        76.07507,
                        27.581587
                    ],
                    [
                        76.075194,
                        27.582077
                    ],
                    [
                        76.075576,
                        27.583797
                    ],
                    [
                        76.075634,
                        27.584053
                    ],
                    [
                        76.076323,
                        27.586981
                    ],
                    [
                        76.076772,
                        27.588788
                    ],
                    [
                        76.077287,
                        27.590809
                    ],
                    [
                        76.077452,
                        27.5913
                    ],
                    [
                        76.077545,
                        27.591588
                    ],
                    [
                        76.077835,
                        27.592492
                    ],
                    [
                        76.077939,
                        27.592716
                    ],
                    [
                        76.078044,
                        27.592908
                    ],
                    [
                        76.078408,
                        27.593394
                    ],
                    [
                        76.078637,
                        27.593624
                    ],
                    [
                        76.078967,
                        27.593897
                    ],
                    [
                        76.080603,
                        27.594974
                    ],
                    [
                        76.081096,
                        27.59528
                    ],
                    [
                        76.081599,
                        27.595592
                    ],
                    [
                        76.085658,
                        27.598124
                    ],
                    [
                        76.090965,
                        27.601413
                    ],
                    [
                        76.092277,
                        27.602222
                    ],
                    [
                        76.092627,
                        27.602451
                    ],
                    [
                        76.093037,
                        27.602758
                    ],
                    [
                        76.093579,
                        27.603256
                    ],
                    [
                        76.093833,
                        27.603577
                    ],
                    [
                        76.094082,
                        27.603949
                    ],
                    [
                        76.094205,
                        27.604161
                    ],
                    [
                        76.096265,
                        27.607631
                    ],
                    [
                        76.096784,
                        27.608537
                    ],
                    [
                        76.097742,
                        27.610154
                    ],
                    [
                        76.098423,
                        27.611325
                    ],
                    [
                        76.099016,
                        27.612306
                    ],
                    [
                        76.099496,
                        27.613064
                    ],
                    [
                        76.100162,
                        27.613857
                    ],
                    [
                        76.102979,
                        27.616649
                    ],
                    [
                        76.103747,
                        27.617432
                    ],
                    [
                        76.105471,
                        27.619079
                    ],
                    [
                        76.105816,
                        27.619355
                    ],
                    [
                        76.106792,
                        27.620081
                    ],
                    [
                        76.107537,
                        27.620635
                    ],
                    [
                        76.108173,
                        27.621099
                    ],
                    [
                        76.108771,
                        27.621581
                    ],
                    [
                        76.109241,
                        27.622042
                    ],
                    [
                        76.11173,
                        27.624688
                    ],
                    [
                        76.114313,
                        27.627441
                    ],
                    [
                        76.115892,
                        27.629085
                    ],
                    [
                        76.116038,
                        27.62924
                    ],
                    [
                        76.117837,
                        27.631146
                    ],
                    [
                        76.119,
                        27.632415
                    ],
                    [
                        76.119585,
                        27.633021
                    ],
                    [
                        76.120739,
                        27.634207
                    ],
                    [
                        76.122769,
                        27.636375
                    ],
                    [
                        76.123356,
                        27.636993
                    ],
                    [
                        76.124326,
                        27.63803
                    ],
                    [
                        76.125208,
                        27.638972
                    ],
                    [
                        76.125678,
                        27.639444
                    ],
                    [
                        76.125863,
                        27.639609
                    ],
                    [
                        76.1295,
                        27.642625
                    ],
                    [
                        76.131632,
                        27.644446
                    ],
                    [
                        76.1335,
                        27.645984
                    ],
                    [
                        76.13756,
                        27.649429
                    ],
                    [
                        76.138166,
                        27.649927
                    ],
                    [
                        76.138328,
                        27.650074
                    ],
                    [
                        76.140341,
                        27.651781
                    ],
                    [
                        76.14157,
                        27.652869
                    ],
                    [
                        76.142784,
                        27.653958
                    ],
                    [
                        76.144416,
                        27.655435
                    ],
                    [
                        76.14597,
                        27.656826
                    ],
                    [
                        76.147025,
                        27.657741
                    ],
                    [
                        76.147999,
                        27.658598
                    ],
                    [
                        76.149441,
                        27.659904
                    ],
                    [
                        76.150025,
                        27.660412
                    ],
                    [
                        76.151722,
                        27.66194
                    ],
                    [
                        76.152093,
                        27.662274
                    ],
                    [
                        76.152792,
                        27.662901
                    ],
                    [
                        76.153363,
                        27.663409
                    ],
                    [
                        76.153879,
                        27.66385
                    ],
                    [
                        76.154393,
                        27.664317
                    ],
                    [
                        76.155074,
                        27.664934
                    ],
                    [
                        76.155465,
                        27.665285
                    ],
                    [
                        76.156645,
                        27.666346
                    ],
                    [
                        76.159546,
                        27.668955
                    ],
                    [
                        76.159695,
                        27.669086
                    ],
                    [
                        76.162018,
                        27.671122
                    ],
                    [
                        76.163839,
                        27.672641
                    ],
                    [
                        76.166967,
                        27.675226
                    ],
                    [
                        76.170188,
                        27.677935
                    ],
                    [
                        76.171785,
                        27.679273
                    ],
                    [
                        76.172913,
                        27.680174
                    ],
                    [
                        76.173851,
                        27.680841
                    ],
                    [
                        76.175132,
                        27.681755
                    ],
                    [
                        76.175515,
                        27.682009
                    ],
                    [
                        76.177214,
                        27.683138
                    ],
                    [
                        76.178226,
                        27.683844
                    ],
                    [
                        76.179339,
                        27.684564
                    ],
                    [
                        76.181672,
                        27.686158
                    ],
                    [
                        76.18249,
                        27.686724
                    ],
                    [
                        76.183135,
                        27.687264
                    ],
                    [
                        76.183514,
                        27.687643
                    ],
                    [
                        76.183924,
                        27.688124
                    ],
                    [
                        76.18417,
                        27.688476
                    ],
                    [
                        76.18597,
                        27.691558
                    ],
                    [
                        76.186823,
                        27.693049
                    ],
                    [
                        76.187606,
                        27.694347
                    ],
                    [
                        76.188515,
                        27.695954
                    ],
                    [
                        76.190478,
                        27.699293
                    ],
                    [
                        76.191186,
                        27.700502
                    ],
                    [
                        76.192793,
                        27.703296
                    ],
                    [
                        76.192934,
                        27.703532
                    ],
                    [
                        76.19374,
                        27.70503
                    ],
                    [
                        76.194131,
                        27.705801
                    ],
                    [
                        76.194698,
                        27.70701
                    ],
                    [
                        76.195013,
                        27.707612
                    ],
                    [
                        76.195301,
                        27.708042
                    ],
                    [
                        76.195776,
                        27.708662
                    ],
                    [
                        76.196033,
                        27.708935
                    ],
                    [
                        76.196604,
                        27.709467
                    ],
                    [
                        76.197533,
                        27.710172
                    ],
                    [
                        76.198757,
                        27.711082
                    ],
                    [
                        76.199804,
                        27.711876
                    ],
                    [
                        76.203031,
                        27.71429
                    ],
                    [
                        76.203645,
                        27.71475
                    ],
                    [
                        76.204043,
                        27.715076
                    ],
                    [
                        76.204367,
                        27.715382
                    ],
                    [
                        76.20485,
                        27.715918
                    ],
                    [
                        76.205275,
                        27.716458
                    ],
                    [
                        76.205547,
                        27.716891
                    ],
                    [
                        76.206722,
                        27.719337
                    ],
                    [
                        76.209449,
                        27.725281
                    ],
                    [
                        76.210727,
                        27.728114
                    ],
                    [
                        76.211606,
                        27.729995
                    ],
                    [
                        76.212854,
                        27.732754
                    ],
                    [
                        76.213636,
                        27.734767
                    ],
                    [
                        76.214558,
                        27.737257
                    ],
                    [
                        76.215003,
                        27.738393
                    ],
                    [
                        76.215548,
                        27.739876
                    ],
                    [
                        76.216177,
                        27.741645
                    ],
                    [
                        76.216258,
                        27.741866
                    ],
                    [
                        76.216648,
                        27.742908
                    ],
                    [
                        76.217382,
                        27.744765
                    ],
                    [
                        76.218179,
                        27.746921
                    ],
                    [
                        76.218968,
                        27.749121
                    ],
                    [
                        76.219124,
                        27.749507
                    ],
                    [
                        76.220089,
                        27.752138
                    ],
                    [
                        76.220663,
                        27.753647
                    ],
                    [
                        76.222122,
                        27.757617
                    ],
                    [
                        76.223722,
                        27.761936
                    ],
                    [
                        76.224015,
                        27.762713
                    ],
                    [
                        76.225134,
                        27.765749
                    ],
                    [
                        76.225912,
                        27.767925
                    ],
                    [
                        76.226662,
                        27.769931
                    ],
                    [
                        76.227968,
                        27.773587
                    ],
                    [
                        76.22866,
                        27.7754
                    ],
                    [
                        76.229207,
                        27.776892
                    ],
                    [
                        76.230328,
                        27.779928
                    ],
                    [
                        76.230846,
                        27.781337
                    ],
                    [
                        76.231377,
                        27.782706
                    ],
                    [
                        76.23153,
                        27.783158
                    ],
                    [
                        76.231593,
                        27.783345
                    ],
                    [
                        76.231919,
                        27.784314
                    ],
                    [
                        76.232342,
                        27.785437
                    ],
                    [
                        76.232946,
                        27.786924
                    ],
                    [
                        76.233981,
                        27.789721
                    ],
                    [
                        76.234666,
                        27.79153
                    ],
                    [
                        76.234962,
                        27.792197
                    ],
                    [
                        76.235463,
                        27.7931
                    ],
                    [
                        76.235548,
                        27.793233
                    ],
                    [
                        76.236228,
                        27.794211
                    ],
                    [
                        76.237174,
                        27.795587
                    ],
                    [
                        76.24048,
                        27.800412
                    ],
                    [
                        76.240645,
                        27.800655
                    ],
                    [
                        76.240975,
                        27.801143
                    ],
                    [
                        76.243277,
                        27.804482
                    ],
                    [
                        76.245128,
                        27.807248
                    ],
                    [
                        76.245268,
                        27.807454
                    ],
                    [
                        76.24792,
                        27.811286
                    ],
                    [
                        76.249051,
                        27.812894
                    ],
                    [
                        76.251744,
                        27.816851
                    ],
                    [
                        76.252851,
                        27.818437
                    ],
                    [
                        76.25343,
                        27.81925
                    ],
                    [
                        76.25517,
                        27.821633
                    ],
                    [
                        76.256742,
                        27.823736
                    ],
                    [
                        76.257443,
                        27.824674
                    ],
                    [
                        76.258425,
                        27.826012
                    ],
                    [
                        76.259156,
                        27.827032
                    ],
                    [
                        76.259446,
                        27.827513
                    ],
                    [
                        76.259563,
                        27.827756
                    ],
                    [
                        76.259679,
                        27.828062
                    ],
                    [
                        76.25978,
                        27.8285
                    ],
                    [
                        76.259797,
                        27.829042
                    ],
                    [
                        76.259758,
                        27.829405
                    ],
                    [
                        76.259722,
                        27.829568
                    ],
                    [
                        76.259619,
                        27.829912
                    ],
                    [
                        76.259529,
                        27.830132
                    ],
                    [
                        76.259256,
                        27.830601
                    ],
                    [
                        76.259079,
                        27.83085
                    ],
                    [
                        76.258321,
                        27.83177
                    ],
                    [
                        76.258022,
                        27.832158
                    ],
                    [
                        76.257793,
                        27.83252
                    ],
                    [
                        76.257171,
                        27.833279
                    ],
                    [
                        76.257106,
                        27.833357
                    ],
                    [
                        76.255822,
                        27.834878
                    ],
                    [
                        76.255503,
                        27.835303
                    ],
                    [
                        76.255304,
                        27.835604
                    ],
                    [
                        76.255118,
                        27.835956
                    ],
                    [
                        76.254928,
                        27.83653
                    ],
                    [
                        76.254867,
                        27.836855
                    ],
                    [
                        76.254877,
                        27.83737
                    ],
                    [
                        76.254903,
                        27.837686
                    ],
                    [
                        76.254994,
                        27.838063
                    ],
                    [
                        76.255175,
                        27.83854
                    ],
                    [
                        76.25559,
                        27.839392
                    ],
                    [
                        76.256899,
                        27.842109
                    ],
                    [
                        76.257408,
                        27.843202
                    ],
                    [
                        76.257899,
                        27.844205
                    ],
                    [
                        76.25912,
                        27.846655
                    ],
                    [
                        76.260805,
                        27.850045
                    ],
                    [
                        76.26128,
                        27.851035
                    ],
                    [
                        76.262097,
                        27.852641
                    ],
                    [
                        76.263274,
                        27.855028
                    ],
                    [
                        76.263774,
                        27.856158
                    ],
                    [
                        76.26485,
                        27.858321
                    ],
                    [
                        76.265778,
                        27.860289
                    ],
                    [
                        76.267791,
                        27.864372
                    ],
                    [
                        76.268348,
                        27.86556
                    ],
                    [
                        76.268645,
                        27.866095
                    ],
                    [
                        76.268857,
                        27.866421
                    ],
                    [
                        76.269305,
                        27.866923
                    ],
                    [
                        76.272481,
                        27.870033
                    ],
                    [
                        76.273339,
                        27.870927
                    ],
                    [
                        76.274289,
                        27.871818
                    ],
                    [
                        76.276649,
                        27.874133
                    ],
                    [
                        76.28051,
                        27.877964
                    ],
                    [
                        76.282703,
                        27.880171
                    ],
                    [
                        76.285503,
                        27.882936
                    ],
                    [
                        76.286306,
                        27.883791
                    ],
                    [
                        76.286538,
                        27.884018
                    ],
                    [
                        76.287254,
                        27.884796
                    ],
                    [
                        76.288735,
                        27.886313
                    ],
                    [
                        76.289117,
                        27.886726
                    ],
                    [
                        76.289615,
                        27.887258
                    ],
                    [
                        76.291581,
                        27.889305
                    ],
                    [
                        76.292576,
                        27.890384
                    ],
                    [
                        76.29539,
                        27.89333
                    ],
                    [
                        76.295868,
                        27.893863
                    ],
                    [
                        76.296906,
                        27.894884
                    ],
                    [
                        76.297,
                        27.894992
                    ],
                    [
                        76.297721,
                        27.895787
                    ],
                    [
                        76.298471,
                        27.896549
                    ],
                    [
                        76.299491,
                        27.897661
                    ],
                    [
                        76.300978,
                        27.899238
                    ],
                    [
                        76.302495,
                        27.90078
                    ],
                    [
                        76.302954,
                        27.901307
                    ],
                    [
                        76.30552,
                        27.904014
                    ],
                    [
                        76.306205,
                        27.904758
                    ],
                    [
                        76.307406,
                        27.905995
                    ],
                    [
                        76.307649,
                        27.906245
                    ],
                    [
                        76.308124,
                        27.90679
                    ],
                    [
                        76.309285,
                        27.908004
                    ],
                    [
                        76.309674,
                        27.90839
                    ],
                    [
                        76.309782,
                        27.908498
                    ],
                    [
                        76.310836,
                        27.90957
                    ],
                    [
                        76.311504,
                        27.910295
                    ],
                    [
                        76.313394,
                        27.91228
                    ],
                    [
                        76.315855,
                        27.914913
                    ],
                    [
                        76.316545,
                        27.915674
                    ],
                    [
                        76.318196,
                        27.91736
                    ],
                    [
                        76.318937,
                        27.918156
                    ],
                    [
                        76.323163,
                        27.922675
                    ],
                    [
                        76.324673,
                        27.924204
                    ],
                    [
                        76.326879,
                        27.926564
                    ],
                    [
                        76.329668,
                        27.929565
                    ],
                    [
                        76.330863,
                        27.930844
                    ],
                    [
                        76.333374,
                        27.933468
                    ],
                    [
                        76.334215,
                        27.934346
                    ],
                    [
                        76.337227,
                        27.937604
                    ],
                    [
                        76.338929,
                        27.9394
                    ],
                    [
                        76.339652,
                        27.940186
                    ],
                    [
                        76.340014,
                        27.940557
                    ],
                    [
                        76.340452,
                        27.940922
                    ],
                    [
                        76.343202,
                        27.942745
                    ],
                    [
                        76.345082,
                        27.943969
                    ],
                    [
                        76.346126,
                        27.944677
                    ],
                    [
                        76.34679,
                        27.945068
                    ],
                    [
                        76.348131,
                        27.945993
                    ],
                    [
                        76.349897,
                        27.947163
                    ],
                    [
                        76.352162,
                        27.948634
                    ],
                    [
                        76.352952,
                        27.949184
                    ],
                    [
                        76.355234,
                        27.950734
                    ],
                    [
                        76.357775,
                        27.952377
                    ],
                    [
                        76.35906,
                        27.953265
                    ],
                    [
                        76.35943,
                        27.953468
                    ],
                    [
                        76.360999,
                        27.954327
                    ],
                    [
                        76.365244,
                        27.956738
                    ],
                    [
                        76.366941,
                        27.957717
                    ],
                    [
                        76.368276,
                        27.958544
                    ],
                    [
                        76.370128,
                        27.959729
                    ],
                    [
                        76.377323,
                        27.964489
                    ],
                    [
                        76.382962,
                        27.968147
                    ],
                    [
                        76.38553,
                        27.969796
                    ],
                    [
                        76.387951,
                        27.97139
                    ],
                    [
                        76.389252,
                        27.972197
                    ],
                    [
                        76.391608,
                        27.973631
                    ],
                    [
                        76.397674,
                        27.977268
                    ],
                    [
                        76.397891,
                        27.977398
                    ],
                    [
                        76.399806,
                        27.978555
                    ],
                    [
                        76.401125,
                        27.97941
                    ],
                    [
                        76.406499,
                        27.983373
                    ],
                    [
                        76.40759,
                        27.984218
                    ],
                    [
                        76.40781,
                        27.98437
                    ],
                    [
                        76.409055,
                        27.98523
                    ],
                    [
                        76.411738,
                        27.987081
                    ],
                    [
                        76.414165,
                        27.988714
                    ],
                    [
                        76.416418,
                        27.990275
                    ],
                    [
                        76.418642,
                        27.991877
                    ],
                    [
                        76.426897,
                        27.997471
                    ],
                    [
                        76.428576,
                        27.998623
                    ],
                    [
                        76.429666,
                        27.999377
                    ],
                    [
                        76.430453,
                        27.999914
                    ],
                    [
                        76.431517,
                        28.000601
                    ],
                    [
                        76.4327,
                        28.001328
                    ],
                    [
                        76.434404,
                        28.002457
                    ],
                    [
                        76.435038,
                        28.002885
                    ],
                    [
                        76.436045,
                        28.003543
                    ],
                    [
                        76.436515,
                        28.003735
                    ],
                    [
                        76.436976,
                        28.003889
                    ],
                    [
                        76.43755,
                        28.003984
                    ],
                    [
                        76.438295,
                        28.004034
                    ],
                    [
                        76.441521,
                        28.003754
                    ],
                    [
                        76.446291,
                        28.003387
                    ],
                    [
                        76.452785,
                        28.002886
                    ],
                    [
                        76.453391,
                        28.002862
                    ],
                    [
                        76.453763,
                        28.002892
                    ],
                    [
                        76.454207,
                        28.002983
                    ],
                    [
                        76.45427,
                        28.002996
                    ],
                    [
                        76.454645,
                        28.003136
                    ],
                    [
                        76.455322,
                        28.00346
                    ],
                    [
                        76.467786,
                        28.011807
                    ],
                    [
                        76.471668,
                        28.014303
                    ],
                    [
                        76.473731,
                        28.015661
                    ],
                    [
                        76.477062,
                        28.017807
                    ],
                    [
                        76.478242,
                        28.018562
                    ],
                    [
                        76.478701,
                        28.018856
                    ],
                    [
                        76.478996,
                        28.019045
                    ],
                    [
                        76.480214,
                        28.019823
                    ],
                    [
                        76.484762,
                        28.022787
                    ],
                    [
                        76.487188,
                        28.024338
                    ],
                    [
                        76.488622,
                        28.025266
                    ],
                    [
                        76.490423,
                        28.026538
                    ],
                    [
                        76.495574,
                        28.030204
                    ],
                    [
                        76.496741,
                        28.031058
                    ],
                    [
                        76.498069,
                        28.031965
                    ],
                    [
                        76.499531,
                        28.033001
                    ],
                    [
                        76.501399,
                        28.034292
                    ],
                    [
                        76.502906,
                        28.035347
                    ],
                    [
                        76.508358,
                        28.03902
                    ],
                    [
                        76.508787,
                        28.03931
                    ],
                    [
                        76.509755,
                        28.039955
                    ],
                    [
                        76.511186,
                        28.04091
                    ],
                    [
                        76.511677,
                        28.041237
                    ],
                    [
                        76.515782,
                        28.043968
                    ],
                    [
                        76.516323,
                        28.044328
                    ],
                    [
                        76.517137,
                        28.044871
                    ],
                    [
                        76.517989,
                        28.045452
                    ],
                    [
                        76.519109,
                        28.046216
                    ],
                    [
                        76.51938,
                        28.046401
                    ],
                    [
                        76.519891,
                        28.046742
                    ],
                    [
                        76.520699,
                        28.047271
                    ],
                    [
                        76.521162,
                        28.047575
                    ],
                    [
                        76.521911,
                        28.048067
                    ],
                    [
                        76.525083,
                        28.050262
                    ],
                    [
                        76.525179,
                        28.050329
                    ],
                    [
                        76.532009,
                        28.054785
                    ],
                    [
                        76.534606,
                        28.056514
                    ],
                    [
                        76.535344,
                        28.057084
                    ],
                    [
                        76.53685,
                        28.058078
                    ],
                    [
                        76.544893,
                        28.063463
                    ],
                    [
                        76.547312,
                        28.06506
                    ],
                    [
                        76.54811,
                        28.065591
                    ],
                    [
                        76.549924,
                        28.066799
                    ],
                    [
                        76.55073,
                        28.067334
                    ],
                    [
                        76.553967,
                        28.069505
                    ],
                    [
                        76.554963,
                        28.070171
                    ],
                    [
                        76.555076,
                        28.070247
                    ],
                    [
                        76.558029,
                        28.072227
                    ],
                    [
                        76.558885,
                        28.072832
                    ],
                    [
                        76.55986,
                        28.073477
                    ],
                    [
                        76.562661,
                        28.075357
                    ],
                    [
                        76.562754,
                        28.07542
                    ],
                    [
                        76.565276,
                        28.077114
                    ],
                    [
                        76.566146,
                        28.077726
                    ],
                    [
                        76.567847,
                        28.078838
                    ],
                    [
                        76.570226,
                        28.080443
                    ],
                    [
                        76.570763,
                        28.080802
                    ],
                    [
                        76.572567,
                        28.082001
                    ],
                    [
                        76.574708,
                        28.083457
                    ],
                    [
                        76.577065,
                        28.085038
                    ],
                    [
                        76.578327,
                        28.085914
                    ],
                    [
                        76.578974,
                        28.086303
                    ],
                    [
                        76.580788,
                        28.087494
                    ],
                    [
                        76.581788,
                        28.088177
                    ],
                    [
                        76.582396,
                        28.088601
                    ],
                    [
                        76.585836,
                        28.090872
                    ],
                    [
                        76.587048,
                        28.091693
                    ],
                    [
                        76.587823,
                        28.092188
                    ],
                    [
                        76.58968,
                        28.093472
                    ],
                    [
                        76.590878,
                        28.094271
                    ],
                    [
                        76.595113,
                        28.09708
                    ],
                    [
                        76.595776,
                        28.097474
                    ],
                    [
                        76.596643,
                        28.098048
                    ],
                    [
                        76.596774,
                        28.098136
                    ],
                    [
                        76.601615,
                        28.101371
                    ],
                    [
                        76.602207,
                        28.101741
                    ],
                    [
                        76.604031,
                        28.102967
                    ],
                    [
                        76.604868,
                        28.103511
                    ],
                    [
                        76.606707,
                        28.104752
                    ],
                    [
                        76.606963,
                        28.104929
                    ],
                    [
                        76.610384,
                        28.107209
                    ],
                    [
                        76.611673,
                        28.108073
                    ],
                    [
                        76.611968,
                        28.108274
                    ],
                    [
                        76.613102,
                        28.109017
                    ],
                    [
                        76.614277,
                        28.109836
                    ],
                    [
                        76.614815,
                        28.11033
                    ],
                    [
                        76.615105,
                        28.110657
                    ],
                    [
                        76.615576,
                        28.111268
                    ],
                    [
                        76.616942,
                        28.113583
                    ],
                    [
                        76.617283,
                        28.114114
                    ],
                    [
                        76.617737,
                        28.114615
                    ],
                    [
                        76.617953,
                        28.114802
                    ],
                    [
                        76.618444,
                        28.115153
                    ],
                    [
                        76.618984,
                        28.115412
                    ],
                    [
                        76.619737,
                        28.115702
                    ],
                    [
                        76.621684,
                        28.11644
                    ],
                    [
                        76.622811,
                        28.116865
                    ],
                    [
                        76.622906,
                        28.116905
                    ],
                    [
                        76.623263,
                        28.117054
                    ],
                    [
                        76.623702,
                        28.117209
                    ],
                    [
                        76.624459,
                        28.117512
                    ],
                    [
                        76.625055,
                        28.117732
                    ],
                    [
                        76.625392,
                        28.117853
                    ],
                    [
                        76.626336,
                        28.11829
                    ],
                    [
                        76.627321,
                        28.118929
                    ],
                    [
                        76.62981,
                        28.120706
                    ],
                    [
                        76.630822,
                        28.121419
                    ],
                    [
                        76.630969,
                        28.121521
                    ],
                    [
                        76.632473,
                        28.122611
                    ],
                    [
                        76.633345,
                        28.123212
                    ],
                    [
                        76.634784,
                        28.124292
                    ],
                    [
                        76.635405,
                        28.124757
                    ],
                    [
                        76.635789,
                        28.125034
                    ],
                    [
                        76.636954,
                        28.125844
                    ],
                    [
                        76.640342,
                        28.128191
                    ],
                    [
                        76.641643,
                        28.129117
                    ],
                    [
                        76.641829,
                        28.129255
                    ],
                    [
                        76.649337,
                        28.134634
                    ],
                    [
                        76.650286,
                        28.135296
                    ],
                    [
                        76.650724,
                        28.135625
                    ],
                    [
                        76.651147,
                        28.135909
                    ],
                    [
                        76.652456,
                        28.13686
                    ],
                    [
                        76.658175,
                        28.140916
                    ],
                    [
                        76.660538,
                        28.142697
                    ],
                    [
                        76.663616,
                        28.144916
                    ],
                    [
                        76.666362,
                        28.146834
                    ],
                    [
                        76.666922,
                        28.147248
                    ],
                    [
                        76.670004,
                        28.149485
                    ],
                    [
                        76.6747,
                        28.152798
                    ],
                    [
                        76.680988,
                        28.157247
                    ],
                    [
                        76.683873,
                        28.159285
                    ],
                    [
                        76.684396,
                        28.15967
                    ],
                    [
                        76.690756,
                        28.164179
                    ],
                    [
                        76.695043,
                        28.167176
                    ],
                    [
                        76.697769,
                        28.169081
                    ],
                    [
                        76.708781,
                        28.176906
                    ],
                    [
                        76.709215,
                        28.177176
                    ],
                    [
                        76.710474,
                        28.178069
                    ],
                    [
                        76.717385,
                        28.182974
                    ],
                    [
                        76.722232,
                        28.186376
                    ],
                    [
                        76.723565,
                        28.187312
                    ],
                    [
                        76.725557,
                        28.18871
                    ],
                    [
                        76.726428,
                        28.1893
                    ],
                    [
                        76.72649,
                        28.189344
                    ],
                    [
                        76.728472,
                        28.190696
                    ],
                    [
                        76.72989,
                        28.191722
                    ],
                    [
                        76.735079,
                        28.195352
                    ],
                    [
                        76.737869,
                        28.197317
                    ],
                    [
                        76.739059,
                        28.198127
                    ],
                    [
                        76.740036,
                        28.198788
                    ],
                    [
                        76.740899,
                        28.19934
                    ],
                    [
                        76.742107,
                        28.200038
                    ],
                    [
                        76.742846,
                        28.200459
                    ],
                    [
                        76.744681,
                        28.201517
                    ],
                    [
                        76.748265,
                        28.203647
                    ],
                    [
                        76.748633,
                        28.203823
                    ],
                    [
                        76.749137,
                        28.204054
                    ],
                    [
                        76.749524,
                        28.204209
                    ],
                    [
                        76.75,
                        28.20437
                    ],
                    [
                        76.752614,
                        28.20518
                    ],
                    [
                        76.753387,
                        28.205426
                    ],
                    [
                        76.753759,
                        28.205516
                    ],
                    [
                        76.75421,
                        28.205567
                    ],
                    [
                        76.755425,
                        28.205588
                    ],
                    [
                        76.755414,
                        28.205737
                    ],
                    [
                        76.758825,
                        28.205812
                    ],
                    [
                        76.760235,
                        28.20577
                    ],
                    [
                        76.761086,
                        28.205689
                    ],
                    [
                        76.762767,
                        28.205496
                    ],
                    [
                        76.764409,
                        28.20524
                    ],
                    [
                        76.766548,
                        28.204984
                    ],
                    [
                        76.767822,
                        28.204806
                    ],
                    [
                        76.770095,
                        28.204487
                    ],
                    [
                        76.770848,
                        28.204419
                    ],
                    [
                        76.771583,
                        28.204419
                    ],
                    [
                        76.774957,
                        28.20464
                    ],
                    [
                        76.776802,
                        28.204771
                    ],
                    [
                        76.778493,
                        28.204891
                    ],
                    [
                        76.780639,
                        28.20504
                    ],
                    [
                        76.782093,
                        28.205164
                    ],
                    [
                        76.782921,
                        28.205326
                    ],
                    [
                        76.783838,
                        28.205563
                    ],
                    [
                        76.784381,
                        28.20573
                    ],
                    [
                        76.784945,
                        28.205885
                    ],
                    [
                        76.78697,
                        28.206436
                    ],
                    [
                        76.788465,
                        28.206834
                    ],
                    [
                        76.788575,
                        28.206863
                    ],
                    [
                        76.789571,
                        28.207126
                    ],
                    [
                        76.790161,
                        28.207283
                    ],
                    [
                        76.790738,
                        28.207473
                    ],
                    [
                        76.791023,
                        28.207627
                    ],
                    [
                        76.791199,
                        28.207722
                    ],
                    [
                        76.791577,
                        28.207979
                    ],
                    [
                        76.791934,
                        28.208281
                    ],
                    [
                        76.792202,
                        28.208587
                    ],
                    [
                        76.792389,
                        28.208862
                    ],
                    [
                        76.792675,
                        28.209501
                    ],
                    [
                        76.792843,
                        28.209875
                    ],
                    [
                        76.793421,
                        28.211362
                    ],
                    [
                        76.793861,
                        28.212606
                    ],
                    [
                        76.794933,
                        28.216058
                    ],
                    [
                        76.794989,
                        28.216241
                    ],
                    [
                        76.795026,
                        28.216368
                    ],
                    [
                        76.795398,
                        28.217669
                    ],
                    [
                        76.795531,
                        28.217651
                    ],
                    [
                        76.795689,
                        28.218155
                    ],
                    [
                        76.795877,
                        28.218835
                    ],
                    [
                        76.796005,
                        28.219214
                    ],
                    [
                        76.796241,
                        28.219788
                    ],
                    [
                        76.796373,
                        28.220038
                    ],
                    [
                        76.796735,
                        28.22061
                    ],
                    [
                        76.799046,
                        28.223771
                    ],
                    [
                        76.799774,
                        28.224766
                    ],
                    [
                        76.80018,
                        28.225315
                    ],
                    [
                        76.803755,
                        28.230172
                    ],
                    [
                        76.804563,
                        28.231271
                    ],
                    [
                        76.808473,
                        28.236542
                    ],
                    [
                        76.811339,
                        28.240495
                    ],
                    [
                        76.811686,
                        28.240973
                    ],
                    [
                        76.811745,
                        28.241055
                    ],
                    [
                        76.812954,
                        28.242722
                    ],
                    [
                        76.814627,
                        28.245044
                    ],
                    [
                        76.815607,
                        28.246302
                    ],
                    [
                        76.816238,
                        28.247145
                    ],
                    [
                        76.82152,
                        28.254281
                    ],
                    [
                        76.822455,
                        28.255532
                    ],
                    [
                        76.823111,
                        28.25633
                    ],
                    [
                        76.823204,
                        28.256422
                    ],
                    [
                        76.823533,
                        28.256745
                    ],
                    [
                        76.825452,
                        28.258638
                    ],
                    [
                        76.82635,
                        28.259572
                    ],
                    [
                        76.826392,
                        28.259616
                    ],
                    [
                        76.828254,
                        28.26143
                    ],
                    [
                        76.829061,
                        28.262309
                    ],
                    [
                        76.829359,
                        28.262751
                    ],
                    [
                        76.829622,
                        28.263202
                    ],
                    [
                        76.829868,
                        28.26371
                    ],
                    [
                        76.83001,
                        28.263991
                    ],
                    [
                        76.830167,
                        28.264391
                    ],
                    [
                        76.831144,
                        28.266582
                    ],
                    [
                        76.83149,
                        28.267341
                    ],
                    [
                        76.831918,
                        28.268306
                    ],
                    [
                        76.832223,
                        28.26879
                    ],
                    [
                        76.832443,
                        28.269065
                    ],
                    [
                        76.832732,
                        28.269341
                    ],
                    [
                        76.83349,
                        28.269802
                    ],
                    [
                        76.836913,
                        28.271792
                    ],
                    [
                        76.843493,
                        28.275617
                    ],
                    [
                        76.847203,
                        28.277764
                    ],
                    [
                        76.850295,
                        28.279558
                    ],
                    [
                        76.850898,
                        28.279907
                    ],
                    [
                        76.85303,
                        28.281144
                    ],
                    [
                        76.853949,
                        28.281958
                    ],
                    [
                        76.854814,
                        28.282884
                    ],
                    [
                        76.85628,
                        28.284455
                    ],
                    [
                        76.856943,
                        28.285198
                    ],
                    [
                        76.858609,
                        28.28706
                    ],
                    [
                        76.858872,
                        28.287345
                    ],
                    [
                        76.859438,
                        28.28796
                    ],
                    [
                        76.860043,
                        28.288618
                    ],
                    [
                        76.860105,
                        28.288683
                    ],
                    [
                        76.861093,
                        28.289748
                    ],
                    [
                        76.862767,
                        28.291532
                    ],
                    [
                        76.865974,
                        28.294925
                    ],
                    [
                        76.866567,
                        28.295541
                    ],
                    [
                        76.867135,
                        28.296139
                    ],
                    [
                        76.868016,
                        28.297044
                    ],
                    [
                        76.868506,
                        28.297554
                    ],
                    [
                        76.869795,
                        28.298889
                    ],
                    [
                        76.870532,
                        28.299521
                    ],
                    [
                        76.872674,
                        28.30121
                    ],
                    [
                        76.873955,
                        28.302257
                    ],
                    [
                        76.874167,
                        28.302431
                    ],
                    [
                        76.875477,
                        28.3035
                    ],
                    [
                        76.876115,
                        28.304026
                    ],
                    [
                        76.880452,
                        28.307578
                    ],
                    [
                        76.883308,
                        28.309877
                    ],
                    [
                        76.883224,
                        28.309948
                    ],
                    [
                        76.884637,
                        28.311091
                    ],
                    [
                        76.888232,
                        28.313998
                    ],
                    [
                        76.888387,
                        28.314206
                    ],
                    [
                        76.889614,
                        28.31524
                    ],
                    [
                        76.88981,
                        28.315429
                    ],
                    [
                        76.889971,
                        28.315575
                    ],
                    [
                        76.890041,
                        28.315721
                    ],
                    [
                        76.890132,
                        28.315942
                    ],
                    [
                        76.890215,
                        28.31621
                    ],
                    [
                        76.890843,
                        28.318251
                    ],
                    [
                        76.891387,
                        28.320088
                    ],
                    [
                        76.89154,
                        28.320665
                    ],
                    [
                        76.891543,
                        28.320999
                    ],
                    [
                        76.891523,
                        28.321142
                    ],
                    [
                        76.891382,
                        28.32164
                    ],
                    [
                        76.891163,
                        28.322302
                    ],
                    [
                        76.891143,
                        28.3224
                    ],
                    [
                        76.891146,
                        28.322577
                    ],
                    [
                        76.890655,
                        28.323628
                    ],
                    [
                        76.890062,
                        28.324775
                    ],
                    [
                        76.889193,
                        28.326337
                    ],
                    [
                        76.889049,
                        28.326571
                    ],
                    [
                        76.888076,
                        28.327984
                    ],
                    [
                        76.888041,
                        28.328081
                    ],
                    [
                        76.888036,
                        28.32824
                    ],
                    [
                        76.887541,
                        28.328887
                    ],
                    [
                        76.886404,
                        28.330594
                    ],
                    [
                        76.885597,
                        28.331939
                    ],
                    [
                        76.885031,
                        28.333061
                    ],
                    [
                        76.884985,
                        28.333153
                    ],
                    [
                        76.884126,
                        28.335078
                    ],
                    [
                        76.883651,
                        28.336496
                    ],
                    [
                        76.883173,
                        28.338156
                    ],
                    [
                        76.883084,
                        28.338577
                    ],
                    [
                        76.882867,
                        28.33961
                    ],
                    [
                        76.882618,
                        28.341223
                    ],
                    [
                        76.882605,
                        28.341341
                    ],
                    [
                        76.882227,
                        28.344709
                    ],
                    [
                        76.881984,
                        28.34599
                    ],
                    [
                        76.881922,
                        28.346228
                    ],
                    [
                        76.881892,
                        28.346344
                    ],
                    [
                        76.88149,
                        28.347894
                    ],
                    [
                        76.880997,
                        28.349366
                    ],
                    [
                        76.88095,
                        28.349504
                    ],
                    [
                        76.880777,
                        28.35002
                    ],
                    [
                        76.878125,
                        28.35699
                    ],
                    [
                        76.878084,
                        28.3571
                    ],
                    [
                        76.876599,
                        28.360944
                    ],
                    [
                        76.876547,
                        28.361078
                    ],
                    [
                        76.875078,
                        28.364971
                    ],
                    [
                        76.875035,
                        28.365084
                    ],
                    [
                        76.874235,
                        28.367183
                    ],
                    [
                        76.873659,
                        28.369033
                    ],
                    [
                        76.873408,
                        28.370134
                    ],
                    [
                        76.873376,
                        28.370277
                    ],
                    [
                        76.873317,
                        28.370536
                    ],
                    [
                        76.872896,
                        28.373004
                    ],
                    [
                        76.872658,
                        28.374307
                    ],
                    [
                        76.872289,
                        28.375743
                    ],
                    [
                        76.871625,
                        28.377773
                    ],
                    [
                        76.870458,
                        28.38055
                    ],
                    [
                        76.870401,
                        28.380683
                    ],
                    [
                        76.869457,
                        28.382914
                    ],
                    [
                        76.868996,
                        28.383722
                    ],
                    [
                        76.868787,
                        28.38401
                    ],
                    [
                        76.868503,
                        28.384288
                    ],
                    [
                        76.867921,
                        28.384692
                    ],
                    [
                        76.867258,
                        28.385033
                    ],
                    [
                        76.867002,
                        28.385245
                    ],
                    [
                        76.866864,
                        28.385355
                    ],
                    [
                        76.86677,
                        28.385501
                    ],
                    [
                        76.866741,
                        28.385693
                    ],
                    [
                        76.866793,
                        28.385863
                    ],
                    [
                        76.866923,
                        28.386014
                    ],
                    [
                        76.867099,
                        28.386104
                    ],
                    [
                        76.867319,
                        28.38613
                    ],
                    [
                        76.86751,
                        28.386085
                    ],
                    [
                        76.867859,
                        28.385956
                    ],
                    [
                        76.868066,
                        28.38591
                    ],
                    [
                        76.868134,
                        28.385913
                    ],
                    [
                        76.869092,
                        28.386154
                    ],
                    [
                        76.86944,
                        28.386278
                    ],
                    [
                        76.869518,
                        28.386327
                    ],
                    [
                        76.869604,
                        28.386416
                    ],
                    [
                        76.869649,
                        28.386471
                    ],
                    [
                        76.869678,
                        28.386553
                    ],
                    [
                        76.869708,
                        28.386704
                    ],
                    [
                        76.869707,
                        28.386817
                    ],
                    [
                        76.86962,
                        28.387016
                    ],
                    [
                        76.869097,
                        28.387453
                    ],
                    [
                        76.868835,
                        28.387757
                    ],
                    [
                        76.868687,
                        28.388007
                    ],
                    [
                        76.86854,
                        28.388369
                    ],
                    [
                        76.868479,
                        28.388685
                    ],
                    [
                        76.868361,
                        28.389765
                    ],
                    [
                        76.868267,
                        28.390381
                    ],
                    [
                        76.86813,
                        28.390919
                    ],
                    [
                        76.868084,
                        28.391245
                    ],
                    [
                        76.867974,
                        28.393309
                    ],
                    [
                        76.867808,
                        28.394685
                    ],
                    [
                        76.867721,
                        28.395383
                    ],
                    [
                        76.86787,
                        28.395473
                    ],
                    [
                        76.868365,
                        28.395794
                    ],
                    [
                        76.868448,
                        28.395898
                    ],
                    [
                        76.868995,
                        28.396245
                    ],
                    [
                        76.870288,
                        28.397214
                    ],
                    [
                        76.870647,
                        28.397503
                    ],
                    [
                        76.871296,
                        28.398026
                    ],
                    [
                        76.872532,
                        28.399088
                    ],
                    [
                        76.873029,
                        28.399503
                    ],
                    [
                        76.873265,
                        28.399663
                    ],
                    [
                        76.873579,
                        28.399876
                    ],
                    [
                        76.874591,
                        28.400654
                    ],
                    [
                        76.875027,
                        28.40098
                    ],
                    [
                        76.876712,
                        28.401983
                    ],
                    [
                        76.876918,
                        28.402064
                    ],
                    [
                        76.877136,
                        28.402084
                    ],
                    [
                        76.879284,
                        28.403419
                    ],
                    [
                        76.880142,
                        28.40383
                    ],
                    [
                        76.881119,
                        28.40421
                    ],
                    [
                        76.881341,
                        28.404309
                    ],
                    [
                        76.881811,
                        28.404519
                    ],
                    [
                        76.882636,
                        28.404999
                    ],
                    [
                        76.882886,
                        28.405185
                    ],
                    [
                        76.883857,
                        28.405907
                    ],
                    [
                        76.88446,
                        28.406318
                    ],
                    [
                        76.885356,
                        28.406928
                    ],
                    [
                        76.885474,
                        28.407009
                    ],
                    [
                        76.886136,
                        28.407453
                    ],
                    [
                        76.886312,
                        28.407541
                    ],
                    [
                        76.886771,
                        28.407773
                    ],
                    [
                        76.887694,
                        28.408239
                    ],
                    [
                        76.889584,
                        28.409191
                    ],
                    [
                        76.893268,
                        28.411095
                    ],
                    [
                        76.893571,
                        28.411288
                    ],
                    [
                        76.893918,
                        28.41151
                    ],
                    [
                        76.894299,
                        28.411757
                    ],
                    [
                        76.894561,
                        28.411927
                    ],
                    [
                        76.894644,
                        28.41197
                    ],
                    [
                        76.894916,
                        28.412132
                    ],
                    [
                        76.895284,
                        28.412348
                    ],
                    [
                        76.896482,
                        28.413094
                    ],
                    [
                        76.896693,
                        28.413227
                    ],
                    [
                        76.8973,
                        28.413607
                    ],
                    [
                        76.898789,
                        28.41452
                    ],
                    [
                        76.899359,
                        28.414897
                    ],
                    [
                        76.900045,
                        28.415355
                    ],
                    [
                        76.900835,
                        28.415907
                    ],
                    [
                        76.902118,
                        28.416794
                    ],
                    [
                        76.902746,
                        28.417231
                    ],
                    [
                        76.902849,
                        28.417297
                    ],
                    [
                        76.902933,
                        28.417367
                    ],
                    [
                        76.904135,
                        28.418172
                    ],
                    [
                        76.905719,
                        28.419103
                    ],
                    [
                        76.906465,
                        28.419492
                    ],
                    [
                        76.906538,
                        28.419578
                    ],
                    [
                        76.906866,
                        28.419753
                    ],
                    [
                        76.907092,
                        28.41985
                    ],
                    [
                        76.907199,
                        28.419854
                    ],
                    [
                        76.907453,
                        28.419873
                    ],
                    [
                        76.907805,
                        28.419904
                    ],
                    [
                        76.908498,
                        28.419908
                    ],
                    [
                        76.908943,
                        28.41991
                    ],
                    [
                        76.910718,
                        28.419916
                    ],
                    [
                        76.911426,
                        28.419918
                    ],
                    [
                        76.91165,
                        28.419918
                    ],
                    [
                        76.912349,
                        28.419989
                    ],
                    [
                        76.912816,
                        28.420077
                    ],
                    [
                        76.913165,
                        28.420179
                    ],
                    [
                        76.913546,
                        28.4203
                    ],
                    [
                        76.914513,
                        28.420643
                    ],
                    [
                        76.914984,
                        28.420827
                    ],
                    [
                        76.915213,
                        28.420927
                    ],
                    [
                        76.916041,
                        28.421268
                    ],
                    [
                        76.916785,
                        28.421577
                    ],
                    [
                        76.917214,
                        28.421757
                    ],
                    [
                        76.917363,
                        28.42182
                    ],
                    [
                        76.917862,
                        28.421983
                    ],
                    [
                        76.918344,
                        28.42209
                    ],
                    [
                        76.919115,
                        28.422173
                    ],
                    [
                        76.919361,
                        28.422196
                    ],
                    [
                        76.920275,
                        28.422278
                    ],
                    [
                        76.920915,
                        28.422335
                    ],
                    [
                        76.922076,
                        28.422422
                    ],
                    [
                        76.92308,
                        28.422463
                    ],
                    [
                        76.92334,
                        28.422476
                    ],
                    [
                        76.923443,
                        28.422481
                    ],
                    [
                        76.923634,
                        28.422488
                    ],
                    [
                        76.924576,
                        28.422533
                    ],
                    [
                        76.925157,
                        28.422622
                    ],
                    [
                        76.925901,
                        28.422781
                    ],
                    [
                        76.928488,
                        28.423432
                    ],
                    [
                        76.929203,
                        28.423597
                    ],
                    [
                        76.929652,
                        28.423683
                    ],
                    [
                        76.930288,
                        28.423767
                    ],
                    [
                        76.930579,
                        28.423802
                    ],
                    [
                        76.9318,
                        28.423949
                    ],
                    [
                        76.933937,
                        28.424268
                    ],
                    [
                        76.934222,
                        28.424321
                    ],
                    [
                        76.934761,
                        28.424429
                    ],
                    [
                        76.934941,
                        28.424461
                    ],
                    [
                        76.935388,
                        28.424543
                    ],
                    [
                        76.935482,
                        28.424567
                    ],
                    [
                        76.935639,
                        28.424607
                    ],
                    [
                        76.936219,
                        28.424753
                    ],
                    [
                        76.937383,
                        28.425106
                    ],
                    [
                        76.937549,
                        28.425157
                    ],
                    [
                        76.938057,
                        28.425302
                    ],
                    [
                        76.938779,
                        28.425524
                    ],
                    [
                        76.939022,
                        28.425622
                    ],
                    [
                        76.940243,
                        28.426186
                    ],
                    [
                        76.940629,
                        28.426305
                    ],
                    [
                        76.941124,
                        28.426399
                    ],
                    [
                        76.941268,
                        28.426421
                    ],
                    [
                        76.941373,
                        28.426438
                    ],
                    [
                        76.941637,
                        28.42648
                    ],
                    [
                        76.943424,
                        28.42683
                    ],
                    [
                        76.944218,
                        28.426996
                    ],
                    [
                        76.946492,
                        28.427387
                    ],
                    [
                        76.946851,
                        28.427449
                    ],
                    [
                        76.947691,
                        28.427572
                    ],
                    [
                        76.949084,
                        28.427776
                    ],
                    [
                        76.949237,
                        28.427796
                    ],
                    [
                        76.949494,
                        28.42783
                    ],
                    [
                        76.95,
                        28.427904
                    ],
                    [
                        76.950273,
                        28.427947
                    ],
                    [
                        76.950932,
                        28.428044
                    ],
                    [
                        76.951039,
                        28.428063
                    ],
                    [
                        76.952319,
                        28.428246
                    ],
                    [
                        76.953424,
                        28.428381
                    ],
                    [
                        76.953764,
                        28.428402
                    ],
                    [
                        76.954013,
                        28.4284
                    ],
                    [
                        76.954268,
                        28.428377
                    ],
                    [
                        76.955122,
                        28.428211
                    ],
                    [
                        76.955239,
                        28.428188
                    ],
                    [
                        76.955788,
                        28.42806
                    ],
                    [
                        76.956567,
                        28.427912
                    ],
                    [
                        76.956855,
                        28.427885
                    ],
                    [
                        76.957084,
                        28.427883
                    ],
                    [
                        76.95752,
                        28.427916
                    ],
                    [
                        76.957716,
                        28.427949
                    ],
                    [
                        76.957862,
                        28.427989
                    ],
                    [
                        76.958148,
                        28.428144
                    ],
                    [
                        76.958392,
                        28.428337
                    ],
                    [
                        76.958688,
                        28.428625
                    ],
                    [
                        76.959002,
                        28.428904
                    ],
                    [
                        76.959219,
                        28.429034
                    ],
                    [
                        76.959431,
                        28.429135
                    ],
                    [
                        76.960982,
                        28.429887
                    ],
                    [
                        76.960909,
                        28.430341
                    ],
                    [
                        76.960438,
                        28.433191
                    ],
                    [
                        76.960403,
                        28.433621
                    ],
                    [
                        76.96036,
                        28.433993
                    ],
                    [
                        76.960018,
                        28.436183
                    ],
                    [
                        76.959954,
                        28.436692
                    ],
                    [
                        76.959905,
                        28.437541
                    ],
                    [
                        76.959885,
                        28.438222
                    ],
                    [
                        76.959944,
                        28.438442
                    ],
                    [
                        76.959987,
                        28.438937
                    ],
                    [
                        76.960062,
                        28.43912
                    ],
                    [
                        76.960013,
                        28.440774
                    ],
                    [
                        76.96008,
                        28.442104
                    ],
                    [
                        76.960527,
                        28.445852
                    ],
                    [
                        76.960629,
                        28.446595
                    ],
                    [
                        76.960571,
                        28.446928
                    ],
                    [
                        76.960574,
                        28.447107
                    ],
                    [
                        76.960857,
                        28.448429
                    ],
                    [
                        76.961151,
                        28.449576
                    ],
                    [
                        76.961693,
                        28.451312
                    ],
                    [
                        76.961885,
                        28.451872
                    ],
                    [
                        76.962078,
                        28.452355
                    ],
                    [
                        76.963954,
                        28.456496
                    ],
                    [
                        76.964655,
                        28.458013
                    ],
                    [
                        76.964973,
                        28.458591
                    ],
                    [
                        76.965232,
                        28.459003
                    ],
                    [
                        76.965293,
                        28.459076
                    ],
                    [
                        76.965513,
                        28.459259
                    ],
                    [
                        76.965846,
                        28.459836
                    ],
                    [
                        76.967013,
                        28.461684
                    ],
                    [
                        76.968787,
                        28.464282
                    ],
                    [
                        76.970572,
                        28.46644
                    ],
                    [
                        76.97094,
                        28.466829
                    ],
                    [
                        76.974413,
                        28.470232
                    ],
                    [
                        76.976165,
                        28.471842
                    ],
                    [
                        76.979679,
                        28.474887
                    ],
                    [
                        76.984024,
                        28.478615
                    ],
                    [
                        76.987577,
                        28.481793
                    ],
                    [
                        76.989659,
                        28.483752
                    ],
                    [
                        76.991924,
                        28.486018
                    ],
                    [
                        76.993401,
                        28.487383
                    ],
                    [
                        76.995252,
                        28.48919
                    ],
                    [
                        76.996553,
                        28.490484
                    ],
                    [
                        76.998943,
                        28.492837
                    ],
                    [
                        76.999803,
                        28.493619
                    ],
                    [
                        77.004767,
                        28.498047
                    ],
                    [
                        77.00641,
                        28.499618
                    ],
                    [
                        77.007998,
                        28.501299
                    ],
                    [
                        77.008564,
                        28.501935
                    ],
                    [
                        77.009507,
                        28.50304
                    ],
                    [
                        77.009965,
                        28.503642
                    ],
                    [
                        77.012031,
                        28.506113
                    ],
                    [
                        77.012835,
                        28.506995
                    ],
                    [
                        77.014396,
                        28.508555
                    ],
                    [
                        77.016234,
                        28.510528
                    ],
                    [
                        77.01961,
                        28.51461
                    ],
                    [
                        77.022898,
                        28.518328
                    ],
                    [
                        77.028302,
                        28.524249
                    ],
                    [
                        77.029512,
                        28.52555
                    ],
                    [
                        77.033994,
                        28.530715
                    ],
                    [
                        77.034176,
                        28.530996
                    ],
                    [
                        77.03433,
                        28.531245
                    ],
                    [
                        77.034503,
                        28.531763
                    ],
                    [
                        77.034706,
                        28.532636
                    ],
                    [
                        77.034925,
                        28.534746
                    ],
                    [
                        77.034982,
                        28.535017
                    ],
                    [
                        77.035661,
                        28.536732
                    ],
                    [
                        77.035827,
                        28.537106
                    ],
                    [
                        77.035951,
                        28.537338
                    ],
                    [
                        77.036821,
                        28.538641
                    ],
                    [
                        77.037374,
                        28.539437
                    ],
                    [
                        77.039144,
                        28.541501
                    ],
                    [
                        77.040238,
                        28.542795
                    ],
                    [
                        77.040436,
                        28.543
                    ],
                    [
                        77.042964,
                        28.54593
                    ],
                    [
                        77.043852,
                        28.546935
                    ],
                    [
                        77.04732,
                        28.550963
                    ],
                    [
                        77.048437,
                        28.552259
                    ],
                    [
                        77.04865,
                        28.552506
                    ],
                    [
                        77.048914,
                        28.552748
                    ],
                    [
                        77.049262,
                        28.553
                    ],
                    [
                        77.049596,
                        28.553188
                    ],
                    [
                        77.04983,
                        28.553287
                    ],
                    [
                        77.050134,
                        28.553381
                    ],
                    [
                        77.050443,
                        28.553437
                    ],
                    [
                        77.050748,
                        28.553447
                    ],
                    [
                        77.051069,
                        28.55343
                    ],
                    [
                        77.051388,
                        28.553388
                    ],
                    [
                        77.051688,
                        28.553327
                    ],
                    [
                        77.052115,
                        28.553185
                    ],
                    [
                        77.052312,
                        28.553063
                    ],
                    [
                        77.052797,
                        28.552658
                    ],
                    [
                        77.053119,
                        28.55223
                    ],
                    [
                        77.053288,
                        28.551975
                    ],
                    [
                        77.053814,
                        28.551011
                    ],
                    [
                        77.054538,
                        28.549786
                    ],
                    [
                        77.054769,
                        28.549476
                    ],
                    [
                        77.055208,
                        28.548966
                    ],
                    [
                        77.0555,
                        28.548716
                    ],
                    [
                        77.055886,
                        28.548434
                    ],
                    [
                        77.056906,
                        28.547842
                    ],
                    [
                        77.057016,
                        28.547817
                    ],
                    [
                        77.057897,
                        28.547243
                    ],
                    [
                        77.058608,
                        28.546757
                    ],
                    [
                        77.059823,
                        28.545944
                    ],
                    [
                        77.060312,
                        28.5458
                    ],
                    [
                        77.061189,
                        28.545591
                    ],
                    [
                        77.061906,
                        28.545391
                    ],
                    [
                        77.062597,
                        28.545167
                    ],
                    [
                        77.063192,
                        28.544933
                    ],
                    [
                        77.06353,
                        28.544818
                    ],
                    [
                        77.065941,
                        28.544188
                    ],
                    [
                        77.069976,
                        28.543259
                    ],
                    [
                        77.070589,
                        28.543134
                    ],
                    [
                        77.071536,
                        28.542972
                    ],
                    [
                        77.072256,
                        28.542818
                    ],
                    [
                        77.073194,
                        28.542584
                    ],
                    [
                        77.074941,
                        28.542229
                    ],
                    [
                        77.076493,
                        28.54185
                    ],
                    [
                        77.07965,
                        28.54119
                    ],
                    [
                        77.0804,
                        28.54097
                    ],
                    [
                        77.082745,
                        28.540114
                    ],
                    [
                        77.083579,
                        28.539829
                    ],
                    [
                        77.084497,
                        28.53953
                    ],
                    [
                        77.085379,
                        28.539292
                    ],
                    [
                        77.087582,
                        28.538842
                    ],
                    [
                        77.088648,
                        28.538679
                    ],
                    [
                        77.089981,
                        28.538514
                    ],
                    [
                        77.091101,
                        28.538362
                    ],
                    [
                        77.092292,
                        28.538131
                    ],
                    [
                        77.092427,
                        28.538104
                    ],
                    [
                        77.093144,
                        28.53799
                    ],
                    [
                        77.095501,
                        28.537546
                    ],
                    [
                        77.0962,
                        28.537584
                    ],
                    [
                        77.096565,
                        28.537795
                    ],
                    [
                        77.096617,
                        28.537807
                    ],
                    [
                        77.096664,
                        28.537819
                    ],
                    [
                        77.097094,
                        28.53782
                    ],
                    [
                        77.098069,
                        28.53786
                    ],
                    [
                        77.099343,
                        28.537799
                    ],
                    [
                        77.099948,
                        28.53772
                    ],
                    [
                        77.100794,
                        28.537563
                    ],
                    [
                        77.104308,
                        28.536813
                    ],
                    [
                        77.104928,
                        28.536727
                    ],
                    [
                        77.105553,
                        28.536671
                    ],
                    [
                        77.106014,
                        28.536586
                    ],
                    [
                        77.106434,
                        28.536391
                    ],
                    [
                        77.106949,
                        28.535942
                    ],
                    [
                        77.107261,
                        28.535714
                    ],
                    [
                        77.107599,
                        28.535522
                    ],
                    [
                        77.107911,
                        28.53541
                    ],
                    [
                        77.108627,
                        28.53524
                    ],
                    [
                        77.10893,
                        28.535212
                    ],
                    [
                        77.10943,
                        28.535194
                    ],
                    [
                        77.109992,
                        28.535212
                    ],
                    [
                        77.110201,
                        28.535258
                    ],
                    [
                        77.110734,
                        28.53544
                    ],
                    [
                        77.111195,
                        28.535551
                    ],
                    [
                        77.111427,
                        28.53551
                    ],
                    [
                        77.112524,
                        28.536043
                    ],
                    [
                        77.114851,
                        28.537303
                    ],
                    [
                        77.115288,
                        28.537576
                    ],
                    [
                        77.115609,
                        28.537853
                    ],
                    [
                        77.115898,
                        28.538154
                    ],
                    [
                        77.116129,
                        28.538503
                    ],
                    [
                        77.116578,
                        28.539289
                    ],
                    [
                        77.116625,
                        28.539806
                    ],
                    [
                        77.116642,
                        28.539877
                    ],
                    [
                        77.116957,
                        28.540545
                    ],
                    [
                        77.117096,
                        28.54084
                    ],
                    [
                        77.11732,
                        28.541316
                    ],
                    [
                        77.117437,
                        28.541602
                    ],
                    [
                        77.11755,
                        28.542135
                    ],
                    [
                        77.117537,
                        28.542305
                    ],
                    [
                        77.117467,
                        28.542465
                    ],
                    [
                        77.117345,
                        28.542598
                    ],
                    [
                        77.117103,
                        28.542745
                    ],
                    [
                        77.116945,
                        28.542863
                    ],
                    [
                        77.116838,
                        28.54302
                    ],
                    [
                        77.116813,
                        28.543089
                    ],
                    [
                        77.116793,
                        28.543234
                    ],
                    [
                        77.116816,
                        28.543378
                    ],
                    [
                        77.116881,
                        28.543513
                    ],
                    [
                        77.116983,
                        28.543628
                    ],
                    [
                        77.117046,
                        28.543676
                    ],
                    [
                        77.11719,
                        28.543749
                    ],
                    [
                        77.11735,
                        28.543787
                    ],
                    [
                        77.117433,
                        28.543792
                    ],
                    [
                        77.117803,
                        28.543851
                    ],
                    [
                        77.118415,
                        28.543988
                    ],
                    [
                        77.118573,
                        28.544039
                    ],
                    [
                        77.118796,
                        28.544111
                    ],
                    [
                        77.118985,
                        28.544067
                    ],
                    [
                        77.119213,
                        28.544097
                    ],
                    [
                        77.119298,
                        28.54414
                    ],
                    [
                        77.119699,
                        28.544436
                    ],
                    [
                        77.122278,
                        28.545676
                    ],
                    [
                        77.122975,
                        28.546054
                    ],
                    [
                        77.124146,
                        28.546922
                    ],
                    [
                        77.124232,
                        28.546987
                    ],
                    [
                        77.124334,
                        28.546945
                    ],
                    [
                        77.124485,
                        28.546883
                    ],
                    [
                        77.124813,
                        28.546722
                    ],
                    [
                        77.126027,
                        28.546159
                    ],
                    [
                        77.126538,
                        28.545909
                    ],
                    [
                        77.126824,
                        28.545789
                    ],
                    [
                        77.127225,
                        28.546112
                    ],
                    [
                        77.127644,
                        28.546441
                    ],
                    [
                        77.127935,
                        28.546649
                    ],
                    [
                        77.12798,
                        28.54669
                    ],
                    [
                        77.128183,
                        28.546858
                    ],
                    [
                        77.128698,
                        28.54719
                    ],
                    [
                        77.128818,
                        28.54725
                    ],
                    [
                        77.128899,
                        28.547273
                    ],
                    [
                        77.129333,
                        28.547285
                    ],
                    [
                        77.129345,
                        28.547586
                    ],
                    [
                        77.129357,
                        28.548638
                    ],
                    [
                        77.129393,
                        28.549465
                    ],
                    [
                        77.12984,
                        28.549405
                    ],
                    [
                        77.12989,
                        28.550303
                    ],
                    [
                        77.129661,
                        28.550336
                    ],
                    [
                        77.129522,
                        28.550501
                    ]
                ],
                "type": "LineString"
            }
        }
    ],
    "metadata": {
        "attribution": "openrouteservice.org | OpenStreetMap contributors",
        "service": "routing",
        "timestamp": 1756633802349,
        "query": {
            "coordinates": [
                [
                    75.820505,
                    26.915956
                ],
                [
                    77.12949,
                    28.55048
                ]
            ],
            "profile": "driving-car",
            "profileName": "driving-car",
            "format": "geojson"
        },
        "engine": {
            "version": "9.3.0",
            "build_date": "2025-06-06T15:39:25Z",
            "graph_date": "2025-08-24T11:22:16Z",
            "osm_date": "2025-08-18T00:00:00Z"
        }
    }
}