{
    "type": "FeatureCollection",
    "bbox": [
        -72.26324,
        -13.521503,
        -71.979582,
        -13.258276
    ],
    "features": [
        {
            "bbox": [
                -72.26324,
                -13.521503,
                -71.979582,
                -13.258276
            ],
            "type": "Feature",
            "properties": {
                "segments": [
                    {
                        "distance": 60340.2,
                        "duration": 4251.5,
                        "steps": [
                            {
                                "distance": 4.1,
                                "duration": 0.7,
                                "type": 11,
                                "instruction": "Head southwest on Hauqaypata",
                                "name": "Hauqaypata",
                                "way_points": [
                                    0,
                                    1
                                ]
                            },
                            {
                                "distance": 55.7,
                                "duration": 13.4,
                                "type": 5,
                                "instruction": "Turn slight right onto Espaderos",
                                "name": "Espaderos",
                                "way_points": [
                                    1,
                                    4
                                ]
                            },
                            {
                                "distance": 65.5,
                                "duration": 15.7,
                                "type": 1,
                                "instruction": "Turn right onto Plaza Kusipata",
                                "name": "Plaza Kusipata",
                                "way_points": [
                                    4,
                                    8
                                ]
                            },
                            {
                                "distance": 6.2,
                                "duration": 1.5,
                                "type": 1,
                                "instruction": "Turn right onto Santa Teresa",
                                "name": "Santa Teresa",
                                "way_points": [
                                    8,
                                    9
                                ]
                            },
                            {
                                "distance": 128.6,
                                "duration": 30.9,
                                "type": 0,
                                "instruction": "Turn left onto San Juan de Dios",
                                "name": "San Juan de Dios",
                                "way_points": [
                                    9,
                                    10
                                ]
                            },
                            {
                                "distance": 110.1,
                                "duration": 15.8,
                                "type": 1,
                                "instruction": "Turn right onto Teatro",
                                "name": "Teatro",
                                "way_points": [
                                    10,
                                    11
                                ]
                            },
                            {
                                "distance": 536.6,
                                "duration": 102.4,
                                "type": 0,
                                "instruction": "Turn left onto Siete Cuartones",
                                "name": "Siete Cuartones",
                                "way_points": [
                                    11,
                                    16
                                ]
                            },
                            {
                                "distance": 731.4,
                                "duration": 78.0,
                                "type": 6,
                                "instruction": "Continue straight onto Nueva Alta",
                                "name": "Nueva Alta",
                                "way_points": [
                                    16,
                                    38
                                ]
                            },
                            {
                                "distance": 500.6,
                                "duration": 45.1,
                                "type": 0,
                                "instruction": "Turn left onto Calle Los Incas",
                                "name": "Calle Los Incas",
                                "way_points": [
                                    38,
                                    57
                                ]
                            },
                            {
                                "distance": 10090.8,
                                "duration": 514.4,
                                "type": 3,
                                "instruction": "Turn sharp right onto Avenida Antonio Lorena, PE-3S",
                                "name": "Avenida Antonio Lorena, PE-3S",
                                "way_points": [
                                    57,
                                    284
                                ]
                            },
                            {
                                "distance": 11277.9,
                                "duration": 596.9,
                                "type": 12,
                                "instruction": "Keep left onto Carretera Longitudinal de la Sierra Sur, PE-3S",
                                "name": "Carretera Longitudinal de la Sierra Sur, PE-3S",
                                "way_points": [
                                    284,
                                    417
                                ]
                            },
                            {
                                "distance": 10528.8,
                                "duration": 723.7,
                                "type": 13,
                                "instruction": "Keep right onto Avenida Jaquijahuana, CU-110",
                                "name": "Avenida Jaquijahuana, CU-110",
                                "way_points": [
                                    417,
                                    546
                                ]
                            },
                            {
                                "distance": 18939.8,
                                "duration": 1336.9,
                                "type": 1,
                                "instruction": "Turn right",
                                "name": "-",
                                "way_points": [
                                    546,
                                    920
                                ]
                            },
                            {
                                "distance": 5941.6,
                                "duration": 434.6,
                                "type": 0,
                                "instruction": "Turn left onto PE-28B",
                                "name": "PE-28B",
                                "way_points": [
                                    920,
                                    987
                                ]
                            },
                            {
                                "distance": 1422.5,
                                "duration": 341.4,
                                "type": 1,
                                "instruction": "Turn right onto Calle del Costado",
                                "name": "Calle del Costado",
                                "way_points": [
                                    987,
                                    988
                                ]
                            },
                            {
                                "distance": 0.0,
                                "duration": 0.0,
                                "type": 10,
                                "instruction": "Arrive at Calle del Costado, on the left",
                                "name": "-",
                                "way_points": [
                                    988,
                                    988
                                ]
                            }
                        ]
                    }
                ],
                "extras": {
                    "roadaccessrestrictions": {
                        "values": [
                            [
                                0,
                                987,
                                0
                            ],
                            [
                                987,
                                988,
                                1
                            ]
                        ],
                        "summary": [
                            {
                                "value": 0.0,
                                "distance": 58917.7,
                                "amount": 97.64
                            },
                            {
                                "value": 1.0,
                                "distance": 1422.5,
                                "amount": 2.36
                            }
                        ]
                    }
                },
                "warnings": [
                    {
                        "code": 1,
                        "message": "There may be restrictions on some roads"
                    }
                ],
                "way_points": [
                    0,
                    988
                ],
                "summary": {
                    "distance": 60340.2,
                    "duration": 4251.5
                }
            },
            "geometry": {
                "coordinates": [
                    [
                        -71.979582,
                        -13.516508
                    ],
                    [
                        -71.979612,
                        -13.516528
                    ],
                    [
                        -71.979661,
                        -13.516537
                    ],
                    [
                        -71.979846,
                        -13.516681
                    ],
                    [
                        -71.980042,
                        -13.516796
                    ],
                    [
                        -71.980077,
                        -13.516754
                    ],
                    [
                        -71.98012,
                        -13.516729
                    ],
                    [
                        -71.980173,
                        -13.51673
                    ],
                    [
                        -71.980601,
                        -13.516853
                    ],
                    [
                        -71.980629,
                        -13.516804
                    ],
                    [
                        -71.981772,
                        -13.517123
                    ],
                    [
                        -71.982299,
                        -13.516277
                    ],
                    [
                        -71.982971,
                        -13.516701
                    ],
                    [
                        -71.984287,
                        -13.517482
                    ],
                    [
                        -71.985145,
                        -13.517974
                    ],
                    [
                        -71.985817,
                        -13.518387
                    ],
                    [
                        -71.986516,
                        -13.518822
                    ],
                    [
                        -71.986772,
                        -13.518962
                    ],
                    [
                        -71.987044,
                        -13.519152
                    ],
                    [
                        -71.987315,
                        -13.519345
                    ],
                    [
                        -71.987371,
                        -13.519418
                    ],
                    [
                        -71.987408,
                        -13.519518
                    ],
                    [
                        -71.98743,
                        -13.519635
                    ],
                    [
                        -71.987418,
                        -13.519877
                    ],
                    [
                        -71.987439,
                        -13.520036
                    ],
                    [
                        -71.987522,
                        -13.520208
                    ],
                    [
                        -71.98761,
                        -13.520333
                    ],
                    [
                        -71.987765,
                        -13.520484
                    ],
                    [
                        -71.988244,
                        -13.520805
                    ],
                    [
                        -71.988396,
                        -13.520883
                    ],
                    [
                        -71.988584,
                        -13.520955
                    ],
                    [
                        -71.988868,
                        -13.521034
                    ],
                    [
                        -71.989083,
                        -13.52105
                    ],
                    [
                        -71.989253,
                        -13.521037
                    ],
                    [
                        -71.989349,
                        -13.521015
                    ],
                    [
                        -71.989494,
                        -13.520955
                    ],
                    [
                        -71.989659,
                        -13.520863
                    ],
                    [
                        -71.990012,
                        -13.520584
                    ],
                    [
                        -71.991486,
                        -13.51934
                    ],
                    [
                        -71.992378,
                        -13.519615
                    ],
                    [
                        -71.992981,
                        -13.519703
                    ],
                    [
                        -71.99316,
                        -13.519697
                    ],
                    [
                        -71.993324,
                        -13.519669
                    ],
                    [
                        -71.993375,
                        -13.519682
                    ],
                    [
                        -71.993448,
                        -13.519731
                    ],
                    [
                        -71.993491,
                        -13.519804
                    ],
                    [
                        -71.993502,
                        -13.519914
                    ],
                    [
                        -71.993222,
                        -13.520475
                    ],
                    [
                        -71.99318,
                        -13.520606
                    ],
                    [
                        -71.993161,
                        -13.520691
                    ],
                    [
                        -71.993173,
                        -13.520754
                    ],
                    [
                        -71.993491,
                        -13.521219
                    ],
                    [
                        -71.993587,
                        -13.521327
                    ],
                    [
                        -71.993717,
                        -13.521408
                    ],
                    [
                        -71.994009,
                        -13.521502
                    ],
                    [
                        -71.994102,
                        -13.521503
                    ],
                    [
                        -71.994193,
                        -13.521486
                    ],
                    [
                        -71.994275,
                        -13.521444
                    ],
                    [
                        -71.994052,
                        -13.521241
                    ],
                    [
                        -71.99398,
                        -13.52116
                    ],
                    [
                        -71.993905,
                        -13.521044
                    ],
                    [
                        -71.993861,
                        -13.520931
                    ],
                    [
                        -71.993856,
                        -13.520851
                    ],
                    [
                        -71.993881,
                        -13.520659
                    ],
                    [
                        -71.993962,
                        -13.520429
                    ],
                    [
                        -71.994427,
                        -13.519392
                    ],
                    [
                        -71.994638,
                        -13.519045
                    ],
                    [
                        -71.995424,
                        -13.517924
                    ],
                    [
                        -71.995512,
                        -13.517771
                    ],
                    [
                        -71.995528,
                        -13.517678
                    ],
                    [
                        -71.995517,
                        -13.517543
                    ],
                    [
                        -71.995481,
                        -13.517488
                    ],
                    [
                        -71.995412,
                        -13.517425
                    ],
                    [
                        -71.99528,
                        -13.517386
                    ],
                    [
                        -71.995184,
                        -13.517397
                    ],
                    [
                        -71.994552,
                        -13.517653
                    ],
                    [
                        -71.994338,
                        -13.517717
                    ],
                    [
                        -71.994199,
                        -13.517715
                    ],
                    [
                        -71.994061,
                        -13.517665
                    ],
                    [
                        -71.993959,
                        -13.517583
                    ],
                    [
                        -71.993882,
                        -13.51746
                    ],
                    [
                        -71.993743,
                        -13.516849
                    ],
                    [
                        -71.993698,
                        -13.516721
                    ],
                    [
                        -71.993632,
                        -13.516605
                    ],
                    [
                        -71.993535,
                        -13.51649
                    ],
                    [
                        -71.99339,
                        -13.51638
                    ],
                    [
                        -71.993211,
                        -13.516302
                    ],
                    [
                        -71.993049,
                        -13.51626
                    ],
                    [
                        -71.992919,
                        -13.516252
                    ],
                    [
                        -71.992727,
                        -13.516263
                    ],
                    [
                        -71.992123,
                        -13.516312
                    ],
                    [
                        -71.991984,
                        -13.516291
                    ],
                    [
                        -71.991775,
                        -13.516209
                    ],
                    [
                        -71.99167,
                        -13.516137
                    ],
                    [
                        -71.991572,
                        -13.515892
                    ],
                    [
                        -71.991545,
                        -13.515711
                    ],
                    [
                        -71.991369,
                        -13.513752
                    ],
                    [
                        -71.991362,
                        -13.513539
                    ],
                    [
                        -71.9914,
                        -13.513277
                    ],
                    [
                        -71.991496,
                        -13.513025
                    ],
                    [
                        -71.991582,
                        -13.512892
                    ],
                    [
                        -71.991722,
                        -13.512754
                    ],
                    [
                        -71.992285,
                        -13.512355
                    ],
                    [
                        -71.992384,
                        -13.512227
                    ],
                    [
                        -71.992433,
                        -13.51213
                    ],
                    [
                        -71.992459,
                        -13.511997
                    ],
                    [
                        -71.992437,
                        -13.511359
                    ],
                    [
                        -71.992455,
                        -13.511046
                    ],
                    [
                        -71.992484,
                        -13.510893
                    ],
                    [
                        -71.992644,
                        -13.510499
                    ],
                    [
                        -71.993075,
                        -13.509193
                    ],
                    [
                        -71.993388,
                        -13.508294
                    ],
                    [
                        -71.993703,
                        -13.507411
                    ],
                    [
                        -71.993765,
                        -13.507283
                    ],
                    [
                        -71.993814,
                        -13.50721
                    ],
                    [
                        -71.99392,
                        -13.507126
                    ],
                    [
                        -71.994121,
                        -13.507031
                    ],
                    [
                        -71.994244,
                        -13.507014
                    ],
                    [
                        -71.994473,
                        -13.507039
                    ],
                    [
                        -71.994562,
                        -13.507065
                    ],
                    [
                        -71.996063,
                        -13.507495
                    ],
                    [
                        -71.996202,
                        -13.507521
                    ],
                    [
                        -71.996409,
                        -13.507539
                    ],
                    [
                        -71.996704,
                        -13.507523
                    ],
                    [
                        -71.997436,
                        -13.507469
                    ],
                    [
                        -71.997552,
                        -13.507471
                    ],
                    [
                        -71.997916,
                        -13.507459
                    ],
                    [
                        -71.998457,
                        -13.507397
                    ],
                    [
                        -71.999557,
                        -13.507324
                    ],
                    [
                        -71.999809,
                        -13.507316
                    ],
                    [
                        -72.000005,
                        -13.507328
                    ],
                    [
                        -72.000269,
                        -13.507378
                    ],
                    [
                        -72.001219,
                        -13.507605
                    ],
                    [
                        -72.001456,
                        -13.507648
                    ],
                    [
                        -72.001911,
                        -13.507686
                    ],
                    [
                        -72.002314,
                        -13.507641
                    ],
                    [
                        -72.002634,
                        -13.507586
                    ],
                    [
                        -72.003056,
                        -13.507541
                    ],
                    [
                        -72.003192,
                        -13.507541
                    ],
                    [
                        -72.003361,
                        -13.507565
                    ],
                    [
                        -72.003554,
                        -13.50762
                    ],
                    [
                        -72.004127,
                        -13.507914
                    ],
                    [
                        -72.004638,
                        -13.508137
                    ],
                    [
                        -72.004813,
                        -13.508157
                    ],
                    [
                        -72.004968,
                        -13.508139
                    ],
                    [
                        -72.005404,
                        -13.508016
                    ],
                    [
                        -72.006625,
                        -13.507607
                    ],
                    [
                        -72.007724,
                        -13.50724
                    ],
                    [
                        -72.007856,
                        -13.507216
                    ],
                    [
                        -72.007959,
                        -13.507224
                    ],
                    [
                        -72.008143,
                        -13.507274
                    ],
                    [
                        -72.008239,
                        -13.507326
                    ],
                    [
                        -72.008371,
                        -13.507443
                    ],
                    [
                        -72.008483,
                        -13.507669
                    ],
                    [
                        -72.008766,
                        -13.508406
                    ],
                    [
                        -72.008882,
                        -13.508494
                    ],
                    [
                        -72.009006,
                        -13.508496
                    ],
                    [
                        -72.009121,
                        -13.508458
                    ],
                    [
                        -72.009177,
                        -13.508402
                    ],
                    [
                        -72.009238,
                        -13.508252
                    ],
                    [
                        -72.009199,
                        -13.508017
                    ],
                    [
                        -72.009122,
                        -13.507638
                    ],
                    [
                        -72.009135,
                        -13.507407
                    ],
                    [
                        -72.009237,
                        -13.507248
                    ],
                    [
                        -72.009307,
                        -13.50719
                    ],
                    [
                        -72.009396,
                        -13.507144
                    ],
                    [
                        -72.009562,
                        -13.507102
                    ],
                    [
                        -72.010256,
                        -13.507168
                    ],
                    [
                        -72.010322,
                        -13.507175
                    ],
                    [
                        -72.010617,
                        -13.507162
                    ],
                    [
                        -72.011065,
                        -13.507079
                    ],
                    [
                        -72.01118,
                        -13.507028
                    ],
                    [
                        -72.011294,
                        -13.506973
                    ],
                    [
                        -72.011523,
                        -13.50685
                    ],
                    [
                        -72.013022,
                        -13.505809
                    ],
                    [
                        -72.013634,
                        -13.505388
                    ],
                    [
                        -72.014685,
                        -13.504673
                    ],
                    [
                        -72.015662,
                        -13.504021
                    ],
                    [
                        -72.016672,
                        -13.503329
                    ],
                    [
                        -72.016891,
                        -13.503219
                    ],
                    [
                        -72.017165,
                        -13.503134
                    ],
                    [
                        -72.017394,
                        -13.503091
                    ],
                    [
                        -72.017656,
                        -13.503082
                    ],
                    [
                        -72.017858,
                        -13.503098
                    ],
                    [
                        -72.018126,
                        -13.503156
                    ],
                    [
                        -72.018264,
                        -13.503203
                    ],
                    [
                        -72.019226,
                        -13.503683
                    ],
                    [
                        -72.019485,
                        -13.503785
                    ],
                    [
                        -72.019618,
                        -13.503873
                    ],
                    [
                        -72.020749,
                        -13.504965
                    ],
                    [
                        -72.021998,
                        -13.506132
                    ],
                    [
                        -72.022104,
                        -13.506193
                    ],
                    [
                        -72.022177,
                        -13.506227
                    ],
                    [
                        -72.022426,
                        -13.506258
                    ],
                    [
                        -72.022667,
                        -13.50621
                    ],
                    [
                        -72.022773,
                        -13.506153
                    ],
                    [
                        -72.023064,
                        -13.505914
                    ],
                    [
                        -72.023385,
                        -13.505641
                    ],
                    [
                        -72.023586,
                        -13.505377
                    ],
                    [
                        -72.023626,
                        -13.505285
                    ],
                    [
                        -72.023658,
                        -13.505155
                    ],
                    [
                        -72.023677,
                        -13.504967
                    ],
                    [
                        -72.023693,
                        -13.504727
                    ],
                    [
                        -72.023726,
                        -13.50401
                    ],
                    [
                        -72.023769,
                        -13.503715
                    ],
                    [
                        -72.02381,
                        -13.503536
                    ],
                    [
                        -72.023855,
                        -13.503429
                    ],
                    [
                        -72.024007,
                        -13.503233
                    ],
                    [
                        -72.024161,
                        -13.503139
                    ],
                    [
                        -72.024272,
                        -13.503094
                    ],
                    [
                        -72.024464,
                        -13.503075
                    ],
                    [
                        -72.024602,
                        -13.503103
                    ],
                    [
                        -72.024803,
                        -13.503238
                    ],
                    [
                        -72.025005,
                        -13.503406
                    ],
                    [
                        -72.025115,
                        -13.503458
                    ],
                    [
                        -72.025191,
                        -13.50346
                    ],
                    [
                        -72.025267,
                        -13.503436
                    ],
                    [
                        -72.025347,
                        -13.503394
                    ],
                    [
                        -72.025412,
                        -13.503336
                    ],
                    [
                        -72.025971,
                        -13.502524
                    ],
                    [
                        -72.026102,
                        -13.502389
                    ],
                    [
                        -72.026205,
                        -13.502312
                    ],
                    [
                        -72.026328,
                        -13.502252
                    ],
                    [
                        -72.026453,
                        -13.502227
                    ],
                    [
                        -72.027874,
                        -13.502146
                    ],
                    [
                        -72.028292,
                        -13.502116
                    ],
                    [
                        -72.02848,
                        -13.502149
                    ],
                    [
                        -72.028616,
                        -13.502218
                    ],
                    [
                        -72.02871,
                        -13.502301
                    ],
                    [
                        -72.028861,
                        -13.502491
                    ],
                    [
                        -72.029216,
                        -13.503148
                    ],
                    [
                        -72.029652,
                        -13.503833
                    ],
                    [
                        -72.029788,
                        -13.503983
                    ],
                    [
                        -72.029911,
                        -13.504038
                    ],
                    [
                        -72.029985,
                        -13.504051
                    ],
                    [
                        -72.030073,
                        -13.504057
                    ],
                    [
                        -72.030169,
                        -13.504044
                    ],
                    [
                        -72.030242,
                        -13.504012
                    ],
                    [
                        -72.030392,
                        -13.503893
                    ],
                    [
                        -72.030469,
                        -13.50372
                    ],
                    [
                        -72.030533,
                        -13.503128
                    ],
                    [
                        -72.030585,
                        -13.502897
                    ],
                    [
                        -72.030771,
                        -13.502327
                    ],
                    [
                        -72.031007,
                        -13.501498
                    ],
                    [
                        -72.031087,
                        -13.501278
                    ],
                    [
                        -72.031257,
                        -13.50096
                    ],
                    [
                        -72.032053,
                        -13.499749
                    ],
                    [
                        -72.032209,
                        -13.499528
                    ],
                    [
                        -72.032348,
                        -13.499382
                    ],
                    [
                        -72.032626,
                        -13.499158
                    ],
                    [
                        -72.032892,
                        -13.498999
                    ],
                    [
                        -72.033845,
                        -13.498552
                    ],
                    [
                        -72.034862,
                        -13.498067
                    ],
                    [
                        -72.035529,
                        -13.497751
                    ],
                    [
                        -72.035674,
                        -13.49768
                    ],
                    [
                        -72.036233,
                        -13.497417
                    ],
                    [
                        -72.037689,
                        -13.496676
                    ],
                    [
                        -72.038091,
                        -13.496486
                    ],
                    [
                        -72.038369,
                        -13.496381
                    ],
                    [
                        -72.038688,
                        -13.496289
                    ],
                    [
                        -72.039406,
                        -13.496129
                    ],
                    [
                        -72.040755,
                        -13.495841
                    ],
                    [
                        -72.041055,
                        -13.495778
                    ],
                    [
                        -72.042047,
                        -13.495571
                    ],
                    [
                        -72.04208,
                        -13.495563
                    ],
                    [
                        -72.04242,
                        -13.495434
                    ],
                    [
                        -72.042623,
                        -13.49534
                    ],
                    [
                        -72.042945,
                        -13.49518
                    ],
                    [
                        -72.043167,
                        -13.495072
                    ],
                    [
                        -72.044509,
                        -13.494408
                    ],
                    [
                        -72.045134,
                        -13.494119
                    ],
                    [
                        -72.046874,
                        -13.493378
                    ],
                    [
                        -72.047634,
                        -13.493052
                    ],
                    [
                        -72.048127,
                        -13.492847
                    ],
                    [
                        -72.048228,
                        -13.492801
                    ],
                    [
                        -72.049313,
                        -13.492333
                    ],
                    [
                        -72.049396,
                        -13.492295
                    ],
                    [
                        -72.04979,
                        -13.492092
                    ],
                    [
                        -72.050242,
                        -13.491808
                    ],
                    [
                        -72.051097,
                        -13.491101
                    ],
                    [
                        -72.051709,
                        -13.490585
                    ],
                    [
                        -72.052289,
                        -13.490098
                    ],
                    [
                        -72.052764,
                        -13.489697
                    ],
                    [
                        -72.05295,
                        -13.489526
                    ],
                    [
                        -72.053,
                        -13.489485
                    ],
                    [
                        -72.053285,
                        -13.489442
                    ],
                    [
                        -72.053511,
                        -13.489445
                    ],
                    [
                        -72.053698,
                        -13.489461
                    ],
                    [
                        -72.053907,
                        -13.489535
                    ],
                    [
                        -72.054312,
                        -13.489828
                    ],
                    [
                        -72.054368,
                        -13.489871
                    ],
                    [
                        -72.054617,
                        -13.490052
                    ],
                    [
                        -72.054792,
                        -13.490181
                    ],
                    [
                        -72.054977,
                        -13.490264
                    ],
                    [
                        -72.055221,
                        -13.490311
                    ],
                    [
                        -72.055408,
                        -13.490315
                    ],
                    [
                        -72.055556,
                        -13.4903
                    ],
                    [
                        -72.055734,
                        -13.490259
                    ],
                    [
                        -72.056195,
                        -13.490091
                    ],
                    [
                        -72.056871,
                        -13.489834
                    ],
                    [
                        -72.057306,
                        -13.489675
                    ],
                    [
                        -72.057666,
                        -13.489603
                    ],
                    [
                        -72.058054,
                        -13.489587
                    ],
                    [
                        -72.058262,
                        -13.489604
                    ],
                    [
                        -72.058765,
                        -13.489684
                    ],
                    [
                        -72.059482,
                        -13.489801
                    ],
                    [
                        -72.059805,
                        -13.489852
                    ],
                    [
                        -72.060334,
                        -13.489909
                    ],
                    [
                        -72.060717,
                        -13.489914
                    ],
                    [
                        -72.06104,
                        -13.489903
                    ],
                    [
                        -72.061438,
                        -13.489866
                    ],
                    [
                        -72.062006,
                        -13.489762
                    ],
                    [
                        -72.062353,
                        -13.489675
                    ],
                    [
                        -72.062896,
                        -13.489484
                    ],
                    [
                        -72.06347,
                        -13.489259
                    ],
                    [
                        -72.0646,
                        -13.488815
                    ],
                    [
                        -72.067922,
                        -13.487471
                    ],
                    [
                        -72.070535,
                        -13.486438
                    ],
                    [
                        -72.072553,
                        -13.485645
                    ],
                    [
                        -72.073059,
                        -13.485443
                    ],
                    [
                        -72.073576,
                        -13.485226
                    ],
                    [
                        -72.074462,
                        -13.484857
                    ],
                    [
                        -72.075379,
                        -13.484475
                    ],
                    [
                        -72.075665,
                        -13.484351
                    ],
                    [
                        -72.076346,
                        -13.484057
                    ],
                    [
                        -72.077061,
                        -13.483747
                    ],
                    [
                        -72.07797,
                        -13.48332
                    ],
                    [
                        -72.078316,
                        -13.48314
                    ],
                    [
                        -72.080331,
                        -13.482237
                    ],
                    [
                        -72.080952,
                        -13.482051
                    ],
                    [
                        -72.081334,
                        -13.481841
                    ],
                    [
                        -72.082407,
                        -13.481418
                    ],
                    [
                        -72.08299,
                        -13.481232
                    ],
                    [
                        -72.083691,
                        -13.481009
                    ],
                    [
                        -72.085604,
                        -13.480411
                    ],
                    [
                        -72.086107,
                        -13.480259
                    ],
                    [
                        -72.086587,
                        -13.48012
                    ],
                    [
                        -72.087146,
                        -13.479942
                    ],
                    [
                        -72.087306,
                        -13.479909
                    ],
                    [
                        -72.087876,
                        -13.479792
                    ],
                    [
                        -72.087992,
                        -13.479768
                    ],
                    [
                        -72.088947,
                        -13.479566
                    ],
                    [
                        -72.089198,
                        -13.479514
                    ],
                    [
                        -72.09028,
                        -13.479288
                    ],
                    [
                        -72.091933,
                        -13.478943
                    ],
                    [
                        -72.092558,
                        -13.478813
                    ],
                    [
                        -72.094067,
                        -13.478498
                    ],
                    [
                        -72.094828,
                        -13.478339
                    ],
                    [
                        -72.096262,
                        -13.478214
                    ],
                    [
                        -72.097027,
                        -13.47833
                    ],
                    [
                        -72.09724,
                        -13.478362
                    ],
                    [
                        -72.098304,
                        -13.478523
                    ],
                    [
                        -72.100605,
                        -13.479007
                    ],
                    [
                        -72.100856,
                        -13.479108
                    ],
                    [
                        -72.103008,
                        -13.479978
                    ],
                    [
                        -72.103773,
                        -13.48026
                    ],
                    [
                        -72.104571,
                        -13.480554
                    ],
                    [
                        -72.105197,
                        -13.480835
                    ],
                    [
                        -72.106388,
                        -13.480975
                    ],
                    [
                        -72.108201,
                        -13.481294
                    ],
                    [
                        -72.109754,
                        -13.481317
                    ],
                    [
                        -72.111177,
                        -13.481232
                    ],
                    [
                        -72.111238,
                        -13.481231
                    ],
                    [
                        -72.111491,
                        -13.481228
                    ],
                    [
                        -72.112251,
                        -13.481165
                    ],
                    [
                        -72.112706,
                        -13.481063
                    ],
                    [
                        -72.112991,
                        -13.480943
                    ],
                    [
                        -72.113325,
                        -13.480802
                    ],
                    [
                        -72.115639,
                        -13.479165
                    ],
                    [
                        -72.117659,
                        -13.477747
                    ],
                    [
                        -72.117786,
                        -13.477702
                    ],
                    [
                        -72.117848,
                        -13.47768
                    ],
                    [
                        -72.119161,
                        -13.477213
                    ],
                    [
                        -72.120208,
                        -13.477079
                    ],
                    [
                        -72.121822,
                        -13.477054
                    ],
                    [
                        -72.122912,
                        -13.476937
                    ],
                    [
                        -72.126863,
                        -13.476096
                    ],
                    [
                        -72.127593,
                        -13.475887
                    ],
                    [
                        -72.128414,
                        -13.475558
                    ],
                    [
                        -72.128784,
                        -13.475362
                    ],
                    [
                        -72.129357,
                        -13.474993
                    ],
                    [
                        -72.129764,
                        -13.474756
                    ],
                    [
                        -72.130515,
                        -13.474281
                    ],
                    [
                        -72.131288,
                        -13.473722
                    ],
                    [
                        -72.131841,
                        -13.473232
                    ],
                    [
                        -72.132425,
                        -13.472717
                    ],
                    [
                        -72.132564,
                        -13.472591
                    ],
                    [
                        -72.133537,
                        -13.471707
                    ],
                    [
                        -72.133635,
                        -13.471615
                    ],
                    [
                        -72.134052,
                        -13.471227
                    ],
                    [
                        -72.134245,
                        -13.471051
                    ],
                    [
                        -72.135298,
                        -13.470066
                    ],
                    [
                        -72.135827,
                        -13.469606
                    ],
                    [
                        -72.136313,
                        -13.469156
                    ],
                    [
                        -72.136926,
                        -13.468573
                    ],
                    [
                        -72.137633,
                        -13.467933
                    ],
                    [
                        -72.137746,
                        -13.467829
                    ],
                    [
                        -72.137784,
                        -13.467794
                    ],
                    [
                        -72.137876,
                        -13.467716
                    ],
                    [
                        -72.138243,
                        -13.467373
                    ],
                    [
                        -72.138626,
                        -13.467021
                    ],
                    [
                        -72.138667,
                        -13.466983
                    ],
                    [
                        -72.1391,
                        -13.466594
                    ],
                    [
                        -72.13959,
                        -13.466167
                    ],
                    [
                        -72.139937,
                        -13.465927
                    ],
                    [
                        -72.140548,
                        -13.465595
                    ],
                    [
                        -72.141641,
                        -13.465176
                    ],
                    [
                        -72.142149,
                        -13.464995
                    ],
                    [
                        -72.142702,
                        -13.464787
                    ],
                    [
                        -72.143383,
                        -13.464538
                    ],
                    [
                        -72.143767,
                        -13.464399
                    ],
                    [
                        -72.144158,
                        -13.464254
                    ],
                    [
                        -72.145291,
                        -13.463867
                    ],
                    [
                        -72.146207,
                        -13.46353
                    ],
                    [
                        -72.146707,
                        -13.463344
                    ],
                    [
                        -72.147493,
                        -13.463062
                    ],
                    [
                        -72.148163,
                        -13.462804
                    ],
                    [
                        -72.148463,
                        -13.462664
                    ],
                    [
                        -72.148493,
                        -13.46262
                    ],
                    [
                        -72.148558,
                        -13.462568
                    ],
                    [
                        -72.148891,
                        -13.462404
                    ],
                    [
                        -72.149154,
                        -13.462288
                    ],
                    [
                        -72.149292,
                        -13.462234
                    ],
                    [
                        -72.149361,
                        -13.462208
                    ],
                    [
                        -72.150961,
                        -13.461586
                    ],
                    [
                        -72.152568,
                        -13.461014
                    ],
                    [
                        -72.153125,
                        -13.460821
                    ],
                    [
                        -72.153411,
                        -13.460713
                    ],
                    [
                        -72.153687,
                        -13.460614
                    ],
                    [
                        -72.154153,
                        -13.460434
                    ],
                    [
                        -72.156749,
                        -13.45949
                    ],
                    [
                        -72.159395,
                        -13.45844
                    ],
                    [
                        -72.159635,
                        -13.458362
                    ],
                    [
                        -72.16393,
                        -13.456777
                    ],
                    [
                        -72.164188,
                        -13.456714
                    ],
                    [
                        -72.164456,
                        -13.456714
                    ],
                    [
                        -72.164735,
                        -13.456766
                    ],
                    [
                        -72.166901,
                        -13.457478
                    ],
                    [
                        -72.167105,
                        -13.457501
                    ],
                    [
                        -72.168082,
                        -13.457465
                    ],
                    [
                        -72.168275,
                        -13.457424
                    ],
                    [
                        -72.168426,
                        -13.457319
                    ],
                    [
                        -72.168544,
                        -13.457163
                    ],
                    [
                        -72.169423,
                        -13.454951
                    ],
                    [
                        -72.169606,
                        -13.4547
                    ],
                    [
                        -72.169842,
                        -13.454481
                    ],
                    [
                        -72.169954,
                        -13.454355
                    ],
                    [
                        -72.170421,
                        -13.45421
                    ],
                    [
                        -72.170491,
                        -13.454202
                    ],
                    [
                        -72.172889,
                        -13.453934
                    ],
                    [
                        -72.175503,
                        -13.453639
                    ],
                    [
                        -72.175841,
                        -13.453653
                    ],
                    [
                        -72.176593,
                        -13.453774
                    ],
                    [
                        -72.177153,
                        -13.453853
                    ],
                    [
                        -72.17771,
                        -13.453963
                    ],
                    [
                        -72.180221,
                        -13.454652
                    ],
                    [
                        -72.18296,
                        -13.455404
                    ],
                    [
                        -72.184607,
                        -13.455864
                    ],
                    [
                        -72.184878,
                        -13.455878
                    ],
                    [
                        -72.185295,
                        -13.455809
                    ],
                    [
                        -72.187842,
                        -13.455318
                    ],
                    [
                        -72.189815,
                        -13.454942
                    ],
                    [
                        -72.190899,
                        -13.454737
                    ],
                    [
                        -72.191625,
                        -13.454596
                    ],
                    [
                        -72.193343,
                        -13.454273
                    ],
                    [
                        -72.195387,
                        -13.453872
                    ],
                    [
                        -72.198121,
                        -13.453326
                    ],
                    [
                        -72.198944,
                        -13.453176
                    ],
                    [
                        -72.199086,
                        -13.453132
                    ],
                    [
                        -72.199195,
                        -13.45308
                    ],
                    [
                        -72.199342,
                        -13.452979
                    ],
                    [
                        -72.199488,
                        -13.452805
                    ],
                    [
                        -72.199585,
                        -13.452595
                    ],
                    [
                        -72.199616,
                        -13.452445
                    ],
                    [
                        -72.199681,
                        -13.451776
                    ],
                    [
                        -72.199698,
                        -13.451676
                    ],
                    [
                        -72.199763,
                        -13.451477
                    ],
                    [
                        -72.199866,
                        -13.451293
                    ],
                    [
                        -72.200013,
                        -13.451108
                    ],
                    [
                        -72.200095,
                        -13.451029
                    ],
                    [
                        -72.200782,
                        -13.450543
                    ],
                    [
                        -72.201185,
                        -13.450316
                    ],
                    [
                        -72.203123,
                        -13.449601
                    ],
                    [
                        -72.203351,
                        -13.449479
                    ],
                    [
                        -72.203667,
                        -13.449242
                    ],
                    [
                        -72.204668,
                        -13.448401
                    ],
                    [
                        -72.204936,
                        -13.448155
                    ],
                    [
                        -72.205149,
                        -13.447884
                    ],
                    [
                        -72.205307,
                        -13.447581
                    ],
                    [
                        -72.205365,
                        -13.44738
                    ],
                    [
                        -72.205399,
                        -13.447067
                    ],
                    [
                        -72.205384,
                        -13.44599
                    ],
                    [
                        -72.205342,
                        -13.445723
                    ],
                    [
                        -72.205183,
                        -13.445083
                    ],
                    [
                        -72.205156,
                        -13.444726
                    ],
                    [
                        -72.20519,
                        -13.444407
                    ],
                    [
                        -72.205859,
                        -13.442731
                    ],
                    [
                        -72.206555,
                        -13.440967
                    ],
                    [
                        -72.206631,
                        -13.440729
                    ],
                    [
                        -72.206693,
                        -13.440419
                    ],
                    [
                        -72.206705,
                        -13.440133
                    ],
                    [
                        -72.206692,
                        -13.439963
                    ],
                    [
                        -72.206637,
                        -13.43966
                    ],
                    [
                        -72.206578,
                        -13.439478
                    ],
                    [
                        -72.206406,
                        -13.439084
                    ],
                    [
                        -72.205966,
                        -13.43819
                    ],
                    [
                        -72.205758,
                        -13.437821
                    ],
                    [
                        -72.205451,
                        -13.437205
                    ],
                    [
                        -72.205157,
                        -13.436575
                    ],
                    [
                        -72.205057,
                        -13.436312
                    ],
                    [
                        -72.204864,
                        -13.435691
                    ],
                    [
                        -72.203383,
                        -13.431286
                    ],
                    [
                        -72.203321,
                        -13.4309
                    ],
                    [
                        -72.203241,
                        -13.429264
                    ],
                    [
                        -72.203249,
                        -13.428899
                    ],
                    [
                        -72.203303,
                        -13.428643
                    ],
                    [
                        -72.203863,
                        -13.426985
                    ],
                    [
                        -72.203886,
                        -13.426854
                    ],
                    [
                        -72.203906,
                        -13.426705
                    ],
                    [
                        -72.203902,
                        -13.426455
                    ],
                    [
                        -72.203878,
                        -13.426272
                    ],
                    [
                        -72.203757,
                        -13.425886
                    ],
                    [
                        -72.203739,
                        -13.425786
                    ],
                    [
                        -72.203736,
                        -13.425683
                    ],
                    [
                        -72.203759,
                        -13.425513
                    ],
                    [
                        -72.203854,
                        -13.425277
                    ],
                    [
                        -72.204188,
                        -13.424694
                    ],
                    [
                        -72.204278,
                        -13.42448
                    ],
                    [
                        -72.204346,
                        -13.424199
                    ],
                    [
                        -72.204327,
                        -13.423919
                    ],
                    [
                        -72.203961,
                        -13.421864
                    ],
                    [
                        -72.203835,
                        -13.421027
                    ],
                    [
                        -72.20371,
                        -13.420451
                    ],
                    [
                        -72.203674,
                        -13.420231
                    ],
                    [
                        -72.203626,
                        -13.41994
                    ],
                    [
                        -72.203527,
                        -13.41937
                    ],
                    [
                        -72.203384,
                        -13.418387
                    ],
                    [
                        -72.203381,
                        -13.418218
                    ],
                    [
                        -72.203415,
                        -13.418111
                    ],
                    [
                        -72.203471,
                        -13.41802
                    ],
                    [
                        -72.20415,
                        -13.417057
                    ],
                    [
                        -72.204424,
                        -13.416647
                    ],
                    [
                        -72.204534,
                        -13.416487
                    ],
                    [
                        -72.204568,
                        -13.416458
                    ],
                    [
                        -72.204607,
                        -13.416442
                    ],
                    [
                        -72.204738,
                        -13.416393
                    ],
                    [
                        -72.204824,
                        -13.41637
                    ],
                    [
                        -72.204704,
                        -13.415985
                    ],
                    [
                        -72.204568,
                        -13.415605
                    ],
                    [
                        -72.204458,
                        -13.415214
                    ],
                    [
                        -72.20434,
                        -13.414729
                    ],
                    [
                        -72.204263,
                        -13.414074
                    ],
                    [
                        -72.204345,
                        -13.413834
                    ],
                    [
                        -72.204476,
                        -13.413544
                    ],
                    [
                        -72.204549,
                        -13.413402
                    ],
                    [
                        -72.204725,
                        -13.413148
                    ],
                    [
                        -72.205036,
                        -13.412747
                    ],
                    [
                        -72.205183,
                        -13.412652
                    ],
                    [
                        -72.205305,
                        -13.412613
                    ],
                    [
                        -72.205638,
                        -13.412573
                    ],
                    [
                        -72.205898,
                        -13.412467
                    ],
                    [
                        -72.205987,
                        -13.412416
                    ],
                    [
                        -72.2064,
                        -13.412106
                    ],
                    [
                        -72.206611,
                        -13.411871
                    ],
                    [
                        -72.206733,
                        -13.411662
                    ],
                    [
                        -72.20689,
                        -13.411288
                    ],
                    [
                        -72.20733,
                        -13.409809
                    ],
                    [
                        -72.207482,
                        -13.40936
                    ],
                    [
                        -72.207649,
                        -13.409094
                    ],
                    [
                        -72.208061,
                        -13.408627
                    ],
                    [
                        -72.208452,
                        -13.407964
                    ],
                    [
                        -72.208817,
                        -13.407354
                    ],
                    [
                        -72.209293,
                        -13.406471
                    ],
                    [
                        -72.209472,
                        -13.406037
                    ],
                    [
                        -72.209491,
                        -13.40508
                    ],
                    [
                        -72.209475,
                        -13.404694
                    ],
                    [
                        -72.2095,
                        -13.404313
                    ],
                    [
                        -72.209541,
                        -13.404022
                    ],
                    [
                        -72.209625,
                        -13.403706
                    ],
                    [
                        -72.209688,
                        -13.403241
                    ],
                    [
                        -72.20971,
                        -13.402691
                    ],
                    [
                        -72.209937,
                        -13.400998
                    ],
                    [
                        -72.210143,
                        -13.400305
                    ],
                    [
                        -72.210514,
                        -13.399164
                    ],
                    [
                        -72.210896,
                        -13.398453
                    ],
                    [
                        -72.211124,
                        -13.397951
                    ],
                    [
                        -72.211261,
                        -13.397582
                    ],
                    [
                        -72.211426,
                        -13.396921
                    ],
                    [
                        -72.211485,
                        -13.396796
                    ],
                    [
                        -72.211624,
                        -13.396579
                    ],
                    [
                        -72.211689,
                        -13.396494
                    ],
                    [
                        -72.211826,
                        -13.396299
                    ],
                    [
                        -72.212078,
                        -13.396054
                    ],
                    [
                        -72.21233,
                        -13.395917
                    ],
                    [
                        -72.212549,
                        -13.395868
                    ],
                    [
                        -72.212755,
                        -13.395897
                    ],
                    [
                        -72.212896,
                        -13.39596
                    ],
                    [
                        -72.213026,
                        -13.395989
                    ],
                    [
                        -72.213138,
                        -13.396038
                    ],
                    [
                        -72.213367,
                        -13.396087
                    ],
                    [
                        -72.213567,
                        -13.396109
                    ],
                    [
                        -72.21431,
                        -13.396107
                    ],
                    [
                        -72.214585,
                        -13.39606
                    ],
                    [
                        -72.214772,
                        -13.395993
                    ],
                    [
                        -72.215605,
                        -13.395539
                    ],
                    [
                        -72.215892,
                        -13.395292
                    ],
                    [
                        -72.216475,
                        -13.39473
                    ],
                    [
                        -72.216842,
                        -13.394258
                    ],
                    [
                        -72.217331,
                        -13.393401
                    ],
                    [
                        -72.217384,
                        -13.393339
                    ],
                    [
                        -72.217581,
                        -13.393208
                    ],
                    [
                        -72.217995,
                        -13.393059
                    ],
                    [
                        -72.218076,
                        -13.393006
                    ],
                    [
                        -72.218188,
                        -13.392895
                    ],
                    [
                        -72.218735,
                        -13.392224
                    ],
                    [
                        -72.218943,
                        -13.391713
                    ],
                    [
                        -72.219065,
                        -13.391518
                    ],
                    [
                        -72.219199,
                        -13.3914
                    ],
                    [
                        -72.219414,
                        -13.391273
                    ],
                    [
                        -72.21964,
                        -13.391179
                    ],
                    [
                        -72.219841,
                        -13.391068
                    ],
                    [
                        -72.219982,
                        -13.390882
                    ],
                    [
                        -72.220268,
                        -13.390438
                    ],
                    [
                        -72.220471,
                        -13.390249
                    ],
                    [
                        -72.221276,
                        -13.389848
                    ],
                    [
                        -72.221372,
                        -13.389786
                    ],
                    [
                        -72.221491,
                        -13.389595
                    ],
                    [
                        -72.221563,
                        -13.38942
                    ],
                    [
                        -72.22173,
                        -13.388927
                    ],
                    [
                        -72.221804,
                        -13.388844
                    ],
                    [
                        -72.221891,
                        -13.388778
                    ],
                    [
                        -72.222016,
                        -13.388712
                    ],
                    [
                        -72.222209,
                        -13.388639
                    ],
                    [
                        -72.222848,
                        -13.388149
                    ],
                    [
                        -72.223,
                        -13.387989
                    ],
                    [
                        -72.223354,
                        -13.387285
                    ],
                    [
                        -72.22349,
                        -13.387158
                    ],
                    [
                        -72.224035,
                        -13.386911
                    ],
                    [
                        -72.224475,
                        -13.386859
                    ],
                    [
                        -72.224658,
                        -13.386786
                    ],
                    [
                        -72.224797,
                        -13.386681
                    ],
                    [
                        -72.224958,
                        -13.386452
                    ],
                    [
                        -72.225237,
                        -13.385878
                    ],
                    [
                        -72.225376,
                        -13.385752
                    ],
                    [
                        -72.22587,
                        -13.385429
                    ],
                    [
                        -72.226167,
                        -13.384942
                    ],
                    [
                        -72.226349,
                        -13.384747
                    ],
                    [
                        -72.226487,
                        -13.38463
                    ],
                    [
                        -72.226889,
                        -13.384458
                    ],
                    [
                        -72.227372,
                        -13.384358
                    ],
                    [
                        -72.227587,
                        -13.384234
                    ],
                    [
                        -72.227726,
                        -13.384082
                    ],
                    [
                        -72.227866,
                        -13.383842
                    ],
                    [
                        -72.22793,
                        -13.383498
                    ],
                    [
                        -72.227969,
                        -13.383043
                    ],
                    [
                        -72.22812,
                        -13.382686
                    ],
                    [
                        -72.228259,
                        -13.382481
                    ],
                    [
                        -72.229282,
                        -13.380638
                    ],
                    [
                        -72.229693,
                        -13.379629
                    ],
                    [
                        -72.22991,
                        -13.379221
                    ],
                    [
                        -72.230427,
                        -13.378418
                    ],
                    [
                        -72.230625,
                        -13.378212
                    ],
                    [
                        -72.230857,
                        -13.378115
                    ],
                    [
                        -72.231087,
                        -13.378117
                    ],
                    [
                        -72.231498,
                        -13.378198
                    ],
                    [
                        -72.231637,
                        -13.378201
                    ],
                    [
                        -72.231858,
                        -13.378163
                    ],
                    [
                        -72.232039,
                        -13.378071
                    ],
                    [
                        -72.232165,
                        -13.377956
                    ],
                    [
                        -72.232468,
                        -13.377489
                    ],
                    [
                        -72.233182,
                        -13.37662
                    ],
                    [
                        -72.23324,
                        -13.376458
                    ],
                    [
                        -72.233333,
                        -13.375448
                    ],
                    [
                        -72.233404,
                        -13.374995
                    ],
                    [
                        -72.233518,
                        -13.373984
                    ],
                    [
                        -72.233702,
                        -13.372928
                    ],
                    [
                        -72.233862,
                        -13.372306
                    ],
                    [
                        -72.234135,
                        -13.371807
                    ],
                    [
                        -72.234313,
                        -13.371629
                    ],
                    [
                        -72.234464,
                        -13.371415
                    ],
                    [
                        -72.234528,
                        -13.371286
                    ],
                    [
                        -72.23457,
                        -13.371158
                    ],
                    [
                        -72.234722,
                        -13.37081
                    ],
                    [
                        -72.234951,
                        -13.370346
                    ],
                    [
                        -72.235284,
                        -13.369849
                    ],
                    [
                        -72.235657,
                        -13.369434
                    ],
                    [
                        -72.235858,
                        -13.369108
                    ],
                    [
                        -72.236319,
                        -13.368242
                    ],
                    [
                        -72.237139,
                        -13.366543
                    ],
                    [
                        -72.237531,
                        -13.365981
                    ],
                    [
                        -72.237998,
                        -13.365375
                    ],
                    [
                        -72.238378,
                        -13.364827
                    ],
                    [
                        -72.238681,
                        -13.363967
                    ],
                    [
                        -72.238983,
                        -13.362747
                    ],
                    [
                        -72.239136,
                        -13.362375
                    ],
                    [
                        -72.239329,
                        -13.361827
                    ],
                    [
                        -72.23938,
                        -13.361512
                    ],
                    [
                        -72.239393,
                        -13.360774
                    ],
                    [
                        -72.239381,
                        -13.360592
                    ],
                    [
                        -72.239328,
                        -13.360238
                    ],
                    [
                        -72.239187,
                        -13.359722
                    ],
                    [
                        -72.239138,
                        -13.3594
                    ],
                    [
                        -72.239069,
                        -13.357924
                    ],
                    [
                        -72.239076,
                        -13.35772
                    ],
                    [
                        -72.239119,
                        -13.357362
                    ],
                    [
                        -72.239392,
                        -13.356315
                    ],
                    [
                        -72.239421,
                        -13.35606
                    ],
                    [
                        -72.239415,
                        -13.355944
                    ],
                    [
                        -72.239379,
                        -13.355821
                    ],
                    [
                        -72.239347,
                        -13.35573
                    ],
                    [
                        -72.239283,
                        -13.355632
                    ],
                    [
                        -72.239207,
                        -13.355538
                    ],
                    [
                        -72.239096,
                        -13.35544
                    ],
                    [
                        -72.238687,
                        -13.355117
                    ],
                    [
                        -72.238567,
                        -13.355007
                    ],
                    [
                        -72.238425,
                        -13.354812
                    ],
                    [
                        -72.238326,
                        -13.354548
                    ],
                    [
                        -72.238289,
                        -13.354378
                    ],
                    [
                        -72.237824,
                        -13.352819
                    ],
                    [
                        -72.237706,
                        -13.352617
                    ],
                    [
                        -72.237367,
                        -13.352206
                    ],
                    [
                        -72.237292,
                        -13.352107
                    ],
                    [
                        -72.237242,
                        -13.352009
                    ],
                    [
                        -72.237208,
                        -13.351882
                    ],
                    [
                        -72.2372,
                        -13.351757
                    ],
                    [
                        -72.237238,
                        -13.351304
                    ],
                    [
                        -72.237237,
                        -13.351152
                    ],
                    [
                        -72.237182,
                        -13.350924
                    ],
                    [
                        -72.237124,
                        -13.35082
                    ],
                    [
                        -72.237038,
                        -13.350728
                    ],
                    [
                        -72.236929,
                        -13.350643
                    ],
                    [
                        -72.236306,
                        -13.350205
                    ],
                    [
                        -72.235993,
                        -13.349955
                    ],
                    [
                        -72.235759,
                        -13.349687
                    ],
                    [
                        -72.235594,
                        -13.349395
                    ],
                    [
                        -72.234307,
                        -13.346738
                    ],
                    [
                        -72.234242,
                        -13.346529
                    ],
                    [
                        -72.234211,
                        -13.346293
                    ],
                    [
                        -72.234265,
                        -13.345494
                    ],
                    [
                        -72.234251,
                        -13.345354
                    ],
                    [
                        -72.234213,
                        -13.345243
                    ],
                    [
                        -72.23412,
                        -13.345094
                    ],
                    [
                        -72.233909,
                        -13.344893
                    ],
                    [
                        -72.233651,
                        -13.344726
                    ],
                    [
                        -72.233252,
                        -13.344505
                    ],
                    [
                        -72.233175,
                        -13.344442
                    ],
                    [
                        -72.233109,
                        -13.34436
                    ],
                    [
                        -72.233006,
                        -13.344131
                    ],
                    [
                        -72.232646,
                        -13.343072
                    ],
                    [
                        -72.232574,
                        -13.342941
                    ],
                    [
                        -72.232239,
                        -13.342479
                    ],
                    [
                        -72.232169,
                        -13.342336
                    ],
                    [
                        -72.231762,
                        -13.340891
                    ],
                    [
                        -72.231022,
                        -13.33814
                    ],
                    [
                        -72.23069,
                        -13.337241
                    ],
                    [
                        -72.230634,
                        -13.337058
                    ],
                    [
                        -72.230341,
                        -13.335862
                    ],
                    [
                        -72.230298,
                        -13.335591
                    ],
                    [
                        -72.230297,
                        -13.33531
                    ],
                    [
                        -72.230379,
                        -13.334641
                    ],
                    [
                        -72.230394,
                        -13.334385
                    ],
                    [
                        -72.230372,
                        -13.334133
                    ],
                    [
                        -72.230209,
                        -13.332984
                    ],
                    [
                        -72.230205,
                        -13.332782
                    ],
                    [
                        -72.230241,
                        -13.332582
                    ],
                    [
                        -72.230837,
                        -13.331067
                    ],
                    [
                        -72.230891,
                        -13.330895
                    ],
                    [
                        -72.230935,
                        -13.330696
                    ],
                    [
                        -72.23114,
                        -13.329363
                    ],
                    [
                        -72.231201,
                        -13.329164
                    ],
                    [
                        -72.231327,
                        -13.328965
                    ],
                    [
                        -72.231423,
                        -13.328873
                    ],
                    [
                        -72.231877,
                        -13.328514
                    ],
                    [
                        -72.231972,
                        -13.3284
                    ],
                    [
                        -72.232263,
                        -13.327676
                    ],
                    [
                        -72.232448,
                        -13.327163
                    ],
                    [
                        -72.232478,
                        -13.327015
                    ],
                    [
                        -72.232481,
                        -13.326901
                    ],
                    [
                        -72.232384,
                        -13.326077
                    ],
                    [
                        -72.232388,
                        -13.325848
                    ],
                    [
                        -72.232458,
                        -13.32562
                    ],
                    [
                        -72.23278,
                        -13.324847
                    ],
                    [
                        -72.232832,
                        -13.324669
                    ],
                    [
                        -72.232844,
                        -13.32446
                    ],
                    [
                        -72.232829,
                        -13.323459
                    ],
                    [
                        -72.232831,
                        -13.322101
                    ],
                    [
                        -72.232865,
                        -13.321871
                    ],
                    [
                        -72.232935,
                        -13.321554
                    ],
                    [
                        -72.233093,
                        -13.320921
                    ],
                    [
                        -72.2332,
                        -13.3206
                    ],
                    [
                        -72.233265,
                        -13.320454
                    ],
                    [
                        -72.23349,
                        -13.320085
                    ],
                    [
                        -72.233675,
                        -13.319854
                    ],
                    [
                        -72.233969,
                        -13.319556
                    ],
                    [
                        -72.23428,
                        -13.319283
                    ],
                    [
                        -72.234553,
                        -13.319067
                    ],
                    [
                        -72.23461,
                        -13.318998
                    ],
                    [
                        -72.234666,
                        -13.318855
                    ],
                    [
                        -72.234664,
                        -13.318678
                    ],
                    [
                        -72.234607,
                        -13.318337
                    ],
                    [
                        -72.234558,
                        -13.318114
                    ],
                    [
                        -72.234397,
                        -13.317608
                    ],
                    [
                        -72.234344,
                        -13.317373
                    ],
                    [
                        -72.234331,
                        -13.317021
                    ],
                    [
                        -72.234336,
                        -13.316618
                    ],
                    [
                        -72.234407,
                        -13.315474
                    ],
                    [
                        -72.23444,
                        -13.314177
                    ],
                    [
                        -72.234545,
                        -13.313612
                    ],
                    [
                        -72.234914,
                        -13.311974
                    ],
                    [
                        -72.234969,
                        -13.311267
                    ],
                    [
                        -72.234981,
                        -13.310666
                    ],
                    [
                        -72.234941,
                        -13.31026
                    ],
                    [
                        -72.234943,
                        -13.309974
                    ],
                    [
                        -72.234956,
                        -13.309751
                    ],
                    [
                        -72.234996,
                        -13.309473
                    ],
                    [
                        -72.235115,
                        -13.309173
                    ],
                    [
                        -72.235465,
                        -13.308495
                    ],
                    [
                        -72.235511,
                        -13.308345
                    ],
                    [
                        -72.235597,
                        -13.307812
                    ],
                    [
                        -72.23574,
                        -13.306859
                    ],
                    [
                        -72.235752,
                        -13.306611
                    ],
                    [
                        -72.235705,
                        -13.306307
                    ],
                    [
                        -72.235506,
                        -13.305586
                    ],
                    [
                        -72.235246,
                        -13.304799
                    ],
                    [
                        -72.235047,
                        -13.304138
                    ],
                    [
                        -72.234986,
                        -13.30386
                    ],
                    [
                        -72.234931,
                        -13.303714
                    ],
                    [
                        -72.234857,
                        -13.303295
                    ],
                    [
                        -72.234585,
                        -13.301189
                    ],
                    [
                        -72.234497,
                        -13.300403
                    ],
                    [
                        -72.234443,
                        -13.300218
                    ],
                    [
                        -72.234335,
                        -13.300016
                    ],
                    [
                        -72.234197,
                        -13.299858
                    ],
                    [
                        -72.233211,
                        -13.298981
                    ],
                    [
                        -72.232957,
                        -13.298663
                    ],
                    [
                        -72.232752,
                        -13.298311
                    ],
                    [
                        -72.232698,
                        -13.298147
                    ],
                    [
                        -72.232675,
                        -13.297949
                    ],
                    [
                        -72.232699,
                        -13.297732
                    ],
                    [
                        -72.232766,
                        -13.297404
                    ],
                    [
                        -72.232754,
                        -13.297277
                    ],
                    [
                        -72.232679,
                        -13.297065
                    ],
                    [
                        -72.23216,
                        -13.296104
                    ],
                    [
                        -72.231641,
                        -13.295207
                    ],
                    [
                        -72.231477,
                        -13.295017
                    ],
                    [
                        -72.231159,
                        -13.294719
                    ],
                    [
                        -72.231028,
                        -13.294544
                    ],
                    [
                        -72.230939,
                        -13.294349
                    ],
                    [
                        -72.230895,
                        -13.294182
                    ],
                    [
                        -72.230802,
                        -13.293653
                    ],
                    [
                        -72.230576,
                        -13.293111
                    ],
                    [
                        -72.230506,
                        -13.292985
                    ],
                    [
                        -72.230322,
                        -13.292759
                    ],
                    [
                        -72.230186,
                        -13.292636
                    ],
                    [
                        -72.230053,
                        -13.292531
                    ],
                    [
                        -72.229853,
                        -13.292402
                    ],
                    [
                        -72.229638,
                        -13.292223
                    ],
                    [
                        -72.229591,
                        -13.292166
                    ],
                    [
                        -72.229514,
                        -13.292032
                    ],
                    [
                        -72.22936,
                        -13.291421
                    ],
                    [
                        -72.229181,
                        -13.290916
                    ],
                    [
                        -72.229077,
                        -13.290679
                    ],
                    [
                        -72.228804,
                        -13.290165
                    ],
                    [
                        -72.228702,
                        -13.289999
                    ],
                    [
                        -72.228658,
                        -13.289882
                    ],
                    [
                        -72.228636,
                        -13.289791
                    ],
                    [
                        -72.228519,
                        -13.288724
                    ],
                    [
                        -72.228449,
                        -13.288489
                    ],
                    [
                        -72.228157,
                        -13.287833
                    ],
                    [
                        -72.228117,
                        -13.287676
                    ],
                    [
                        -72.228103,
                        -13.287356
                    ],
                    [
                        -72.228092,
                        -13.286791
                    ],
                    [
                        -72.228065,
                        -13.286588
                    ],
                    [
                        -72.228009,
                        -13.286389
                    ],
                    [
                        -72.227695,
                        -13.285533
                    ],
                    [
                        -72.22766,
                        -13.285205
                    ],
                    [
                        -72.2277,
                        -13.284987
                    ],
                    [
                        -72.227781,
                        -13.284781
                    ],
                    [
                        -72.227933,
                        -13.284487
                    ],
                    [
                        -72.228333,
                        -13.283789
                    ],
                    [
                        -72.228607,
                        -13.283108
                    ],
                    [
                        -72.228652,
                        -13.282954
                    ],
                    [
                        -72.228649,
                        -13.282852
                    ],
                    [
                        -72.228618,
                        -13.282743
                    ],
                    [
                        -72.228558,
                        -13.282628
                    ],
                    [
                        -72.22844,
                        -13.282477
                    ],
                    [
                        -72.227947,
                        -13.282027
                    ],
                    [
                        -72.227812,
                        -13.281887
                    ],
                    [
                        -72.227618,
                        -13.281628
                    ],
                    [
                        -72.227422,
                        -13.281282
                    ],
                    [
                        -72.227319,
                        -13.281153
                    ],
                    [
                        -72.226927,
                        -13.280827
                    ],
                    [
                        -72.226774,
                        -13.280716
                    ],
                    [
                        -72.226555,
                        -13.28061
                    ],
                    [
                        -72.226268,
                        -13.280507
                    ],
                    [
                        -72.226135,
                        -13.280483
                    ],
                    [
                        -72.225818,
                        -13.280464
                    ],
                    [
                        -72.225692,
                        -13.280427
                    ],
                    [
                        -72.225295,
                        -13.280172
                    ],
                    [
                        -72.225185,
                        -13.280123
                    ],
                    [
                        -72.225002,
                        -13.28011
                    ],
                    [
                        -72.224759,
                        -13.280174
                    ],
                    [
                        -72.224526,
                        -13.280242
                    ],
                    [
                        -72.224407,
                        -13.280244
                    ],
                    [
                        -72.224289,
                        -13.280211
                    ],
                    [
                        -72.223984,
                        -13.28002
                    ],
                    [
                        -72.223815,
                        -13.279919
                    ],
                    [
                        -72.222887,
                        -13.279445
                    ],
                    [
                        -72.222737,
                        -13.279358
                    ],
                    [
                        -72.22243,
                        -13.279133
                    ],
                    [
                        -72.222142,
                        -13.278855
                    ],
                    [
                        -72.221604,
                        -13.2782
                    ],
                    [
                        -72.221289,
                        -13.277869
                    ],
                    [
                        -72.220688,
                        -13.277301
                    ],
                    [
                        -72.220518,
                        -13.277075
                    ],
                    [
                        -72.220219,
                        -13.276459
                    ],
                    [
                        -72.219233,
                        -13.274529
                    ],
                    [
                        -72.219037,
                        -13.274216
                    ],
                    [
                        -72.218723,
                        -13.273653
                    ],
                    [
                        -72.218347,
                        -13.272944
                    ],
                    [
                        -72.218216,
                        -13.272688
                    ],
                    [
                        -72.219361,
                        -13.271502
                    ],
                    [
                        -72.220348,
                        -13.270511
                    ],
                    [
                        -72.221537,
                        -13.269415
                    ],
                    [
                        -72.222125,
                        -13.269047
                    ],
                    [
                        -72.222651,
                        -13.268809
                    ],
                    [
                        -72.223551,
                        -13.268505
                    ],
                    [
                        -72.224975,
                        -13.268164
                    ],
                    [
                        -72.226295,
                        -13.267804
                    ],
                    [
                        -72.227356,
                        -13.267413
                    ],
                    [
                        -72.229988,
                        -13.266311
                    ],
                    [
                        -72.233619,
                        -13.264894
                    ],
                    [
                        -72.235846,
                        -13.26401
                    ],
                    [
                        -72.23624,
                        -13.263882
                    ],
                    [
                        -72.236842,
                        -13.263726
                    ],
                    [
                        -72.237461,
                        -13.263609
                    ],
                    [
                        -72.237878,
                        -13.263555
                    ],
                    [
                        -72.239649,
                        -13.263366
                    ],
                    [
                        -72.239978,
                        -13.263304
                    ],
                    [
                        -72.240321,
                        -13.26321
                    ],
                    [
                        -72.240846,
                        -13.263001
                    ],
                    [
                        -72.242333,
                        -13.262274
                    ],
                    [
                        -72.244442,
                        -13.261328
                    ],
                    [
                        -72.247206,
                        -13.260088
                    ],
                    [
                        -72.249744,
                        -13.258924
                    ],
                    [
                        -72.250412,
                        -13.258603
                    ],
                    [
                        -72.2511,
                        -13.258323
                    ],
                    [
                        -72.251275,
                        -13.258285
                    ],
                    [
                        -72.251454,
                        -13.258276
                    ],
                    [
                        -72.251743,
                        -13.258319
                    ],
                    [
                        -72.25201,
                        -13.258433
                    ],
                    [
                        -72.252168,
                        -13.258545
                    ],
                    [
                        -72.252303,
                        -13.258682
                    ],
                    [
                        -72.252697,
                        -13.258983
                    ],
                    [
                        -72.253754,
                        -13.259591
                    ],
                    [
                        -72.255229,
                        -13.260311
                    ],
                    [
                        -72.258318,
                        -13.261768
                    ],
                    [
                        -72.25965,
                        -13.262406
                    ],
                    [
                        -72.259713,
                        -13.262415
                    ],
                    [
                        -72.259845,
                        -13.262368
                    ],
                    [
                        -72.259884,
                        -13.262318
                    ],
                    [
                        -72.259908,
                        -13.262252
                    ],
                    [
                        -72.259902,
                        -13.262186
                    ],
                    [
                        -72.259889,
                        -13.262132
                    ],
                    [
                        -72.259511,
                        -13.261001
                    ],
                    [
                        -72.259453,
                        -13.260617
                    ],
                    [
                        -72.259373,
                        -13.260279
                    ],
                    [
                        -72.259307,
                        -13.260079
                    ],
                    [
                        -72.259247,
                        -13.259967
                    ],
                    [
                        -72.259194,
                        -13.259903
                    ],
                    [
                        -72.25906,
                        -13.259817
                    ],
                    [
                        -72.258728,
                        -13.259678
                    ],
                    [
                        -72.258574,
                        -13.259587
                    ],
                    [
                        -72.258524,
                        -13.259529
                    ],
                    [
                        -72.258507,
                        -13.259469
                    ],
                    [
                        -72.25851,
                        -13.259417
                    ],
                    [
                        -72.258602,
                        -13.259386
                    ],
                    [
                        -72.259017,
                        -13.259492
                    ],
                    [
                        -72.259117,
                        -13.259537
                    ],
                    [
                        -72.259846,
                        -13.259357
                    ],
                    [
                        -72.261331,
                        -13.258982
                    ],
                    [
                        -72.261416,
                        -13.258979
                    ],
                    [
                        -72.261501,
                        -13.259003
                    ],
                    [
                        -72.262353,
                        -13.258809
                    ],
                    [
                        -72.262527,
                        -13.258785
                    ],
                    [
                        -72.262766,
                        -13.25871
                    ],
                    [
                        -72.262801,
                        -13.258688
                    ],
                    [
                        -72.26324,
                        -13.25848
                    ],
                    [
                        -72.263228,
                        -13.258453
                    ]
                ],
                "type": "LineString"
            }
        }
    ],
    "metadata": {
        "attribution": "openrouteservice.org | OpenStreetMap contributors",
        "service": "routing",
        "timestamp": 1756622165768,
        "query": {
            "coordinates": [
                [
                    -71.979577,
                    -13.516515
                ],
                [
                    -72.263261,
                    -13.25844
                ]
            ],
            "profile": "driving-car",
            "profileName": "driving-car",
            "format": "geojson"
        },
        "engine": {
            "version": "9.3.0",
            "build_date": "2025-06-06T15:39:25Z",
            "graph_date": "2025-08-24T11:22:16Z",
            "osm_date": "2025-08-18T00:00:00Z"
        }
    }
}