{
  "type": "FeatureCollection",
  "generator": "overpass-turbo",
  "copyright": "The data included in this document is from www.openstreetmap.org. The data is made available under ODbL.",
  "timestamp": "2025-04-05T09:19:59Z",
  "features": [
    {
      "type": "Feature",
      "properties": {
        "@id": "way/27837029",
        "waterway": "canal"
      },
      "geometry": {
        "type": "LineString",
        "coordinates": [
          [
            76.4740985,
            9.5020477
          ],
          [
            76.4717638,
            9.4991276
          ],
          [
            76.4681804,
            9.4941436
          ],
          [
            76.4693284,
            9.4934769
          ],
          [
            76.4711738,
            9.4925351
          ],
          [
            76.4728726,
            9.4909085
          ],
          [
            76.4722458,
            9.4897953
          ],
          [
            76.4721554,
            9.4896251
          ],
          [
            76.4717263,
            9.488551
          ],
          [
            76.4714633,
            9.4876187
          ],
          [
            76.4708834,
            9.4863665
          ],
          [
            76.4701331,
            9.4849796
          ],
          [
            76.4696909,
            9.4844815
          ],
          [
            76.4692587,
            9.4840536
          ],
          [
            76.467904,
            9.4823356
          ],
          [
            76.4667628,
            9.4808884
          ],
          [
            76.466268,
            9.4802943
          ],
          [
            76.4651863,
            9.478753
          ],
          [
            76.4643046,
            9.4775826
          ],
          [
            76.4635682,
            9.4764493
          ],
          [
            76.4624968,
            9.475054
          ],
          [
            76.4617377,
            9.4739845
          ],
          [
            76.4605437,
            9.4723481
          ],
          [
            76.4601713,
            9.4717939
          ],
          [
            76.4596115,
            9.4710072
          ],
          [
            76.4593837,
            9.4706818
          ]
        ]
      },
      "id": "way/27837029"
    },
    {
      "type": "Feature",
      "properties": {
        "@id": "way/27913361",
        "name": "Kiliroor Thodu",
        "waterway": "river"
      },
      "geometry": {
        "type": "LineString",
        "coordinates": [
          [
            76.5108651,
            9.6052139
          ],
          [
            76.5103925,
            9.6052244
          ],
          [
            76.5096384,
            9.6048338
          ],
          [
            76.5085648,
            9.6037626
          ],
          [
            76.5088332,
            9.6023764
          ],
          [
            76.5096256,
            9.6017842
          ],
          [
            76.5113894,
            9.6009903
          ],
          [
            76.5120795,
            9.5999821
          ],
          [
            76.5119887,
            9.5991172
          ],
          [
            76.5113894,
            9.5990748
          ],
          [
            76.5074495,
            9.5995529
          ],
          [
            76.5054251,
            9.5995265
          ],
          [
            76.5047041,
            9.5991684
          ],
          [
            76.5042616,
            9.5987702
          ],
          [
            76.5034729,
            9.5977033
          ],
          [
            76.502908,
            9.5965459
          ],
          [
            76.5018166,
            9.5939068
          ],
          [
            76.5017366,
            9.5937377
          ],
          [
            76.4996196,
            9.5912269
          ],
          [
            76.4984437,
            9.5905464
          ],
          [
            76.4976769,
            9.5907228
          ],
          [
            76.495538,
            9.5923451
          ],
          [
            76.4953611,
            9.5924466
          ],
          [
            76.4952221,
            9.5924869
          ],
          [
            76.4950332,
            9.5924866
          ],
          [
            76.4948499,
            9.5924863
          ],
          [
            76.494405,
            9.5923106
          ],
          [
            76.493184,
            9.5916787
          ],
          [
            76.4909798,
            9.5899667
          ],
          [
            76.4909287,
            9.589387
          ],
          [
            76.4911382,
            9.5885044
          ],
          [
            76.4912099,
            9.5882024
          ],
          [
            76.4911843,
            9.587295
          ],
          [
            76.4910221,
            9.5871721
          ],
          [
            76.4907498,
            9.587169
          ],
          [
            76.4890051,
            9.5876111
          ],
          [
            76.4886457,
            9.5876111
          ],
          [
            76.4884492,
            9.5873706
          ],
          [
            76.4883345,
            9.5870345
          ],
          [
            76.4883828,
            9.5867013
          ],
          [
            76.4888924,
            9.5843845
          ],
          [
            76.4888817,
            9.5839719
          ],
          [
            76.4887476,
            9.5835858
          ],
          [
            76.4885384,
            9.5832737
          ],
          [
            76.4876157,
            9.582512
          ],
          [
            76.4875674,
            9.5824062
          ],
          [
            76.4874816,
            9.5820783
          ],
          [
            76.4875728,
            9.581671
          ],
          [
            76.4876854,
            9.5812425
          ],
          [
            76.4879644,
            9.5806342
          ],
          [
            76.4882272,
            9.5803856
          ],
          [
            76.488577,
            9.5802629
          ],
          [
            76.4888495,
            9.5802957
          ],
          [
            76.4897561,
            9.5804861
          ],
          [
            76.4897945,
            9.5804833
          ],
          [
            76.4899707,
            9.5804702
          ],
          [
            76.4901853,
            9.5803221
          ],
          [
            76.4902528,
            9.5801779
          ],
          [
            76.4903049,
            9.5800666
          ]
        ]
      },
      "id": "way/27913361"
    },
    {
      "type": "Feature",
      "properties": {
        "@id": "way/123836588",
        "access": "yes",
        "bicycle": "yes",
        "boat": "yes",
        "foot": "yes",
        "horse": "yes",
        "maxspeed": "40 mph",
        "motor_vehicle": "yes",
        "motorboat": "yes",
        "motorcar": "yes",
        "name": "pathiramanal ferry",
        "route": "ferry"
      },
      "geometry": {
        "type": "LineString",
        "coordinates": [
          [
            76.434825,
            9.5509879
          ],
          [
            76.4351084,
            9.5523222
          ],
          [
            76.4347849,
            9.5523397
          ],
          [
            76.4306897,
            9.5535328
          ],
          [
            76.4235026,
            9.5560134
          ],
          [
            76.4192622,
            9.5579801
          ],
          [
            76.4176091,
            9.5593267
          ],
          [
            76.4164656,
            9.561401
          ],
          [
            76.4139565,
            9.5636411
          ],
          [
            76.4115525,
            9.5657873
          ],
          [
            76.4097101,
            9.5732274
          ],
          [
            76.4070781,
            9.5878043
          ],
          [
            76.4026681,
            9.5957191
          ],
          [
            76.4003862,
            9.5969239
          ],
          [
            76.3958403,
            9.5995104
          ],
          [
            76.3933541,
            9.6011857
          ],
          [
            76.3904794,
            9.6031244
          ],
          [
            76.387703,
            9.6056894
          ],
          [
            76.3852432,
            9.6083585
          ],
          [
            76.3831753,
            9.61087
          ],
          [
            76.3820569,
            9.6124125
          ],
          [
            76.3812008,
            9.6140115
          ],
          [
            76.3805617,
            9.6158305
          ],
          [
            76.3805044,
            9.6167935
          ],
          [
            76.380819,
            9.6182766
          ],
          [
            76.3809271,
            9.6185764
          ],
          [
            76.3810613,
            9.6188366
          ],
          [
            76.3811941,
            9.6189888
          ],
          [
            76.3814379,
            9.6191988
          ],
          [
            76.3819735,
            9.6195107
          ],
          [
            76.3823554,
            9.6196629
          ],
          [
            76.3828801,
            9.6198674
          ],
          [
            76.3829437,
            9.6198168
          ],
          [
            76.3830499,
            9.6197015
          ]
        ]
      },
      "id": "way/123836588"
    },
    {
      "type": "Feature",
      "properties": {
        "@id": "way/203615187",
        "name": "Manimala River",
        "name:ml": "മണിമലയാർ",
        "waterway": "river"
      },
      "geometry": {
        "type": "LineString",
        "coordinates": [
          [
            76.4881475,
            9.4227291
          ],
          [
            76.4851979,
            9.4226103
          ],
          [
            76.4847857,
            9.4225313
          ],
          [
            76.4844572,
            9.4224684
          ],
          [
            76.4828625,
            9.4234133
          ],
          [
            76.4810109,
            9.4257864
          ],
          [
            76.4797794,
            9.4270378
          ],
          [
            76.4795329,
            9.4272882
          ],
          [
            76.4757492,
            9.429621
          ],
          [
            76.4740051,
            9.430875
          ],
          [
            76.4714925,
            9.4324205
          ],
          [
            76.4678862,
            9.4336015
          ],
          [
            76.465913,
            9.434695
          ],
          [
            76.4638498,
            9.4361665
          ],
          [
            76.4623241,
            9.4373746
          ],
          [
            76.4618005,
            9.4377892
          ],
          [
            76.4601485,
            9.4394601
          ],
          [
            76.459979,
            9.4396122
          ],
          [
            76.4581345,
            9.4412677
          ],
          [
            76.457674,
            9.4416811
          ],
          [
            76.4536311,
            9.445346
          ],
          [
            76.4501877,
            9.4485639
          ],
          [
            76.4481055,
            9.4491813
          ],
          [
            76.4477759,
            9.449279
          ],
          [
            76.4473449,
            9.4493364
          ],
          [
            76.4447568,
            9.4496809
          ],
          [
            76.4434891,
            9.4498497
          ],
          [
            76.4410936,
            9.4492917
          ],
          [
            76.439663,
            9.448143
          ],
          [
            76.4387646,
            9.4464036
          ],
          [
            76.4386361,
            9.445789
          ],
          [
            76.4385032,
            9.4451532
          ],
          [
            76.4384319,
            9.4448118
          ],
          [
            76.438072,
            9.4431574
          ],
          [
            76.4376002,
            9.4409883
          ],
          [
            76.4369846,
            9.4389698
          ],
          [
            76.4351215,
            9.4356549
          ],
          [
            76.433591,
            9.4354416
          ],
          [
            76.4303471,
            9.4372467
          ],
          [
            76.4280514,
            9.4386908
          ],
          [
            76.4272535,
            9.4386471
          ],
          [
            76.4238592,
            9.4384611
          ],
          [
            76.4217465,
            9.4386252
          ],
          [
            76.4215613,
            9.4386841
          ],
          [
            76.417571,
            9.4399544
          ],
          [
            76.4158242,
            9.4413493
          ],
          [
            76.4150756,
            9.4424652
          ],
          [
            76.4144435,
            9.4455667
          ],
          [
            76.4142221,
            9.4459495
          ],
          [
            76.4127633,
            9.4484712
          ],
          [
            76.4125931,
            9.4486498
          ],
          [
            76.4104177,
            9.4509327
          ],
          [
            76.4091673,
            9.4529969
          ],
          [
            76.4090843,
            9.4533327
          ],
          [
            76.4085442,
            9.4555176
          ],
          [
            76.4086193,
            9.4573008
          ],
          [
            76.4094776,
            9.4587401
          ],
          [
            76.4107597,
            9.4600048
          ],
          [
            76.4110815,
            9.4613382
          ],
          [
            76.4107275,
            9.4627986
          ],
          [
            76.409204,
            9.4648623
          ],
          [
            76.4085139,
            9.4655032
          ],
          [
            76.4079165,
            9.4660581
          ],
          [
            76.407305,
            9.4679948
          ],
          [
            76.4071836,
            9.4709749
          ],
          [
            76.4071011,
            9.4730003
          ],
          [
            76.4072192,
            9.4782175
          ],
          [
            76.4071226,
            9.4815086
          ],
          [
            76.4078554,
            9.4834982
          ],
          [
            76.4090109,
            9.4863764
          ],
          [
            76.4095151,
            9.4904399
          ],
          [
            76.4104164,
            9.4929161
          ],
          [
            76.4109528,
            9.4940166
          ],
          [
            76.4109528,
            9.4946198
          ],
          [
            76.4079165,
            9.4958579
          ],
          [
            76.4075974,
            9.4962441
          ],
          [
            76.4075841,
            9.4971085
          ],
          [
            76.4074176,
            9.5079315
          ],
          [
            76.4020586,
            9.5127249
          ],
          [
            76.3934487,
            9.5156876
          ],
          [
            76.3908148,
            9.5165659
          ],
          [
            76.386593,
            9.5173065
          ],
          [
            76.3844733,
            9.5175678
          ],
          [
            76.380584,
            9.5178624
          ],
          [
            76.3796138,
            9.5193276
          ],
          [
            76.3764381,
            9.523433
          ],
          [
            76.3753223,
            9.5269459
          ],
          [
            76.375352,
            9.5319451
          ]
        ]
      },
      "id": "way/203615187"
    },
    {
      "type": "Feature",
      "properties": {
        "@id": "way/203630443",
        "waterway": "canal"
      },
      "geometry": {
        "type": "LineString",
        "coordinates": [
          [
            76.4029539,
            9.494425
          ],
          [
            76.4036778,
            9.4976236
          ],
          [
            76.3954933,
            9.4988152
          ],
          [
            76.3927808,
            9.4992316
          ],
          [
            76.3895176,
            9.4987166
          ]
        ]
      },
      "id": "way/203630443"
    },
    {
      "type": "Feature",
      "properties": {
        "@id": "way/253668199",
        "bicycle": "yes",
        "boat": "yes",
        "foot": "yes",
        "horse": "yes",
        "maxspeed": "40 mph",
        "motor_vehicle": "yes",
        "motorboat": "yes",
        "motorcar": "no",
        "route": "ferry"
      },
      "geometry": {
        "type": "LineString",
        "coordinates": [
          [
            76.4047013,
            9.5265587
          ],
          [
            76.4052091,
            9.5269587
          ],
          [
            76.4058191,
            9.5276336
          ],
          [
            76.4058878,
            9.5278075
          ],
          [
            76.4058759,
            9.5279921
          ],
          [
            76.4058582,
            9.5281791
          ],
          [
            76.4060603,
            9.5284367
          ],
          [
            76.4058285,
            9.5284945
          ],
          [
            76.4058516,
            9.5288514
          ],
          [
            76.4058279,
            9.529272
          ],
          [
            76.4057924,
            9.5297393
          ],
          [
            76.4057687,
            9.5300781
          ],
          [
            76.4057924,
            9.5305571
          ],
          [
            76.4057806,
            9.5310711
          ],
          [
            76.4046805,
            9.5312335
          ],
          [
            76.405745,
            9.5315501
          ],
          [
            76.4057213,
            9.5319707
          ],
          [
            76.4056858,
            9.5324263
          ],
          [
            76.4056266,
            9.5329637
          ],
          [
            76.4056147,
            9.5335478
          ],
          [
            76.4056266,
            9.5340735
          ],
          [
            76.405572,
            9.5345958
          ],
          [
            76.4055887,
            9.5348767
          ],
          [
            76.4055804,
            9.5351741
          ],
          [
            76.4055887,
            9.5354797
          ],
          [
            76.4055804,
            9.5358019
          ],
          [
            76.405572,
            9.5361406
          ],
          [
            76.4055385,
            9.5364793
          ],
          [
            76.4054798,
            9.5367271
          ],
          [
            76.405505,
            9.5372228
          ],
          [
            76.4054715,
            9.5375697
          ],
          [
            76.4054631,
            9.5379084
          ],
          [
            76.4054545,
            9.5384082
          ],
          [
            76.4054629,
            9.5388873
          ],
          [
            76.4054126,
            9.5391103
          ],
          [
            76.4043172,
            9.5392986
          ],
          [
            76.4053121,
            9.5396936
          ],
          [
            76.4053204,
            9.5402966
          ],
          [
            76.4052869,
            9.5406931
          ],
          [
            76.4052702,
            9.5413044
          ],
          [
            76.4052628,
            9.5418126
          ],
          [
            76.4052388,
            9.5424113
          ],
          [
            76.4059729,
            9.5427849
          ],
          [
            76.4060588,
            9.5430584
          ],
          [
            76.4062647,
            9.5434334
          ],
          [
            76.4062975,
            9.5434862
          ],
          [
            76.4063201,
            9.5435126
          ],
          [
            76.4064289,
            9.5436261
          ]
        ]
      },
      "id": "way/253668199"
    },
    {
      "type": "Feature",
      "properties": {
        "@id": "way/330133086",
        "name": "Mutherimada - Panikkodu Canal",
        "waterway": "canal"
      },
      "geometry": {
        "type": "LineString",
        "coordinates": [
          [
            76.4423381,
            9.5778869
          ],
          [
            76.4422051,
            9.5773575
          ],
          [
            76.4422124,
            9.5760959
          ],
          [
            76.4422258,
            9.5755337
          ],
          [
            76.4420917,
            9.5745219
          ],
          [
            76.441924,
            9.5737613
          ],
          [
            76.4418785,
            9.5726259
          ],
          [
            76.4418362,
            9.5718719
          ],
          [
            76.4417991,
            9.5710888
          ],
          [
            76.441551,
            9.5703226
          ]
        ]
      },
      "id": "way/330133086"
    },
    {
      "type": "Feature",
      "properties": {
        "@id": "way/330133093",
        "waterway": "river"
      },
      "geometry": {
        "type": "LineString",
        "coordinates": [
          [
            76.4691565,
            9.578535
          ],
          [
            76.4691186,
            9.578566
          ],
          [
            76.4690974,
            9.5785771
          ],
          [
            76.4689209,
            9.5785718
          ],
          [
            76.4683473,
            9.5784444
          ],
          [
            76.4681105,
            9.5783944
          ],
          [
            76.4680025,
            9.578368
          ],
          [
            76.4676928,
            9.5784105
          ],
          [
            76.4676528,
            9.5784124
          ],
          [
            76.4674703,
            9.5784212
          ],
          [
            76.4673885,
            9.5783993
          ],
          [
            76.4673269,
            9.5783475
          ],
          [
            76.4672678,
            9.5778445
          ],
          [
            76.4671791,
            9.5775963
          ],
          [
            76.4669804,
            9.5773997
          ],
          [
            76.4666045,
            9.5771389
          ],
          [
            76.4663026,
            9.5769777
          ],
          [
            76.4660171,
            9.5768733
          ],
          [
            76.4654387,
            9.5767881
          ],
          [
            76.4645803,
            9.5767864
          ],
          [
            76.4643601,
            9.5768002
          ],
          [
            76.4640565,
            9.5767713
          ],
          [
            76.4637209,
            9.5766883
          ],
          [
            76.4634905,
            9.5766294
          ],
          [
            76.4632174,
            9.576595
          ],
          [
            76.4631891,
            9.5765999
          ],
          [
            76.4618374,
            9.5768364
          ],
          [
            76.4613213,
            9.5769438
          ],
          [
            76.461238,
            9.5769611
          ],
          [
            76.460657,
            9.5770996
          ],
          [
            76.4604507,
            9.5771232
          ],
          [
            76.4601358,
            9.577087
          ],
          [
            76.4598702,
            9.5769582
          ],
          [
            76.4598094,
            9.5766779
          ],
          [
            76.4597342,
            9.5765344
          ],
          [
            76.4594823,
            9.5763642
          ],
          [
            76.4590249,
            9.57621
          ],
          [
            76.4582731,
            9.5759702
          ],
          [
            76.4577573,
            9.5758955
          ],
          [
            76.4573147,
            9.5757841
          ],
          [
            76.4569527,
            9.5757843
          ],
          [
            76.456708,
            9.5758008
          ],
          [
            76.4566015,
            9.5758184
          ],
          [
            76.4562676,
            9.5758738
          ],
          [
            76.4555207,
            9.5759602
          ],
          [
            76.4548742,
            9.576099
          ],
          [
            76.454432,
            9.5762018
          ],
          [
            76.454176,
            9.5762292
          ],
          [
            76.4540319,
            9.5762443
          ],
          [
            76.4534665,
            9.5762906
          ],
          [
            76.4531533,
            9.5764147
          ],
          [
            76.4529413,
            9.5764862
          ],
          [
            76.4526282,
            9.5764345
          ],
          [
            76.4521432,
            9.5761573
          ],
          [
            76.4519974,
            9.575933
          ],
          [
            76.4519375,
            9.5758408
          ],
          [
            76.451497,
            9.5757664
          ],
          [
            76.4511504,
            9.5757354
          ],
          [
            76.4506686,
            9.5757188
          ],
          [
            76.4498299,
            9.5758167
          ],
          [
            76.4493716,
            9.5758461
          ],
          [
            76.4479699,
            9.5761716
          ],
          [
            76.4468706,
            9.5765418
          ],
          [
            76.4463168,
            9.5765408
          ],
          [
            76.4462097,
            9.5765406
          ],
          [
            76.4461803,
            9.5765468
          ],
          [
            76.445497,
            9.5766916
          ],
          [
            76.4445177,
            9.5770705
          ],
          [
            76.4443924,
            9.5770962
          ],
          [
            76.4432044,
            9.5775105
          ],
          [
            76.4423381,
            9.5778869
          ],
          [
            76.4418416,
            9.5781428
          ],
          [
            76.4406193,
            9.5789208
          ],
          [
            76.4402676,
            9.5793814
          ]
        ]
      },
      "id": "way/330133093"
    },
    {
      "type": "Feature",
      "properties": {
        "@id": "way/389837881",
        "waterway": "canal"
      },
      "geometry": {
        "type": "LineString",
        "coordinates": [
          [
            76.3831933,
            9.506455
          ],
          [
            76.3834148,
            9.506262
          ],
          [
            76.384301,
            9.5062931
          ],
          [
            76.3856786,
            9.5063414
          ],
          [
            76.3875917,
            9.5061806
          ],
          [
            76.387599,
            9.5049711
          ],
          [
            76.3876849,
            9.5047171
          ],
          [
            76.3880174,
            9.5045795
          ],
          [
            76.3882588,
            9.5044208
          ],
          [
            76.3884681,
            9.5041034
          ],
          [
            76.3888007,
            9.5023839
          ],
          [
            76.389026,
            9.5005162
          ],
          [
            76.3892084,
            9.5001353
          ],
          [
            76.3894145,
            9.4994247
          ],
          [
            76.3895176,
            9.4987166
          ],
          [
            76.3899897,
            9.4962189
          ],
          [
            76.3903331,
            9.4937785
          ],
          [
            76.3908228,
            9.4924878
          ],
          [
            76.3912534,
            9.4925669
          ],
          [
            76.3919078,
            9.4907765
          ],
          [
            76.3926001,
            9.4901061
          ],
          [
            76.3928787,
            9.4895815
          ],
          [
            76.3933853,
            9.4893525
          ],
          [
            76.3938074,
            9.4890194
          ],
          [
            76.3952301,
            9.488449
          ],
          [
            76.3957831,
            9.487991
          ],
          [
            76.3957662,
            9.4871166
          ],
          [
            76.3957198,
            9.4867793
          ],
          [
            76.3967961,
            9.4861595
          ],
          [
            76.3968986,
            9.4860508
          ],
          [
            76.3969723,
            9.4859635
          ],
          [
            76.3969594,
            9.4856555
          ],
          [
            76.397,
            9.4855445
          ]
        ]
      },
      "id": "way/389837881"
    },
    {
      "type": "Feature",
      "properties": {
        "@id": "way/400309887",
        "access": "yes",
        "bicycle": "no",
        "boat": "yes",
        "foot": "yes",
        "horse": "yes",
        "maxspeed": "40 mph",
        "motor_vehicle": "yes",
        "motorboat": "yes",
        "motorcar": "no",
        "motorcycle": "no",
        "name": "vattakkayal ferry",
        "route": "ferry",
        "type": "route"
      },
      "geometry": {
        "type": "LineString",
        "coordinates": [
          [
            76.3935828,
            9.515146
          ],
          [
            76.3937421,
            9.5145935
          ],
          [
            76.3937341,
            9.5140433
          ],
          [
            76.3939573,
            9.5124163
          ],
          [
            76.3942601,
            9.5098539
          ],
          [
            76.3944354,
            9.5089186
          ],
          [
            76.3945948,
            9.5086434
          ],
          [
            76.3948419,
            9.5084784
          ],
          [
            76.3954077,
            9.5084234
          ],
          [
            76.397161,
            9.5083841
          ],
          [
            76.404238,
            9.5080304
          ],
          [
            76.4062623,
            9.5080932
          ],
          [
            76.4066608,
            9.5086749
          ],
          [
            76.4066528,
            9.5091937
          ],
          [
            76.4059276,
            9.5131315
          ],
          [
            76.4053856,
            9.5137839
          ],
          [
            76.4044373,
            9.5139175
          ],
          [
            76.4028832,
            9.5139568
          ],
          [
            76.4009386,
            9.5142555
          ],
          [
            76.3996475,
            9.5143577
          ],
          [
            76.3967865,
            9.5145227
          ],
          [
            76.3944753,
            9.5150494
          ],
          [
            76.3933595,
            9.5155288
          ],
          [
            76.3917656,
            9.5161105
          ],
          [
            76.3898768,
            9.5166213
          ],
          [
            76.3838699,
            9.5174743
          ],
          [
            76.3834773,
            9.5175567
          ],
          [
            76.3822818,
            9.5178082
          ],
          [
            76.380409,
            9.517761
          ],
          [
            76.379349,
            9.5173366
          ],
          [
            76.3789426,
            9.5167864
          ],
          [
            76.3784644,
            9.5153402
          ],
          [
            76.3779464,
            9.51479
          ],
          [
            76.3746071,
            9.5128564
          ],
          [
            76.3732841,
            9.511591
          ],
          [
            76.372009,
            9.5102155
          ],
          [
            76.3706382,
            9.5091544
          ],
          [
            76.3703912,
            9.5086277
          ],
          [
            76.3702732,
            9.5074426
          ],
          [
            76.3696826,
            9.5061411
          ],
          [
            76.3694277,
            9.5039916
          ],
          [
            76.3687076,
            9.5024709
          ],
          [
            76.3672641,
            9.5008116
          ],
          [
            76.3665178,
            9.497325
          ],
          [
            76.3660114,
            9.4953288
          ],
          [
            76.365593,
            9.4932177
          ],
          [
            76.3656037,
            9.4925246
          ],
          [
            76.3656144,
            9.4908421
          ],
          [
            76.3654696,
            9.4895722
          ],
          [
            76.3652389,
            9.4885881
          ],
          [
            76.3647561,
            9.4870114
          ],
          [
            76.3648151,
            9.4864505
          ],
          [
            76.3649175,
            9.4860242
          ],
          [
            76.3658558,
            9.4858209
          ],
          [
            76.3681035,
            9.4857733
          ],
          [
            76.3690245,
            9.4859328
          ],
          [
            76.3695196,
            9.4860185
          ],
          [
            76.3695615,
            9.4860212
          ],
          [
            76.3706315,
            9.4860896
          ],
          [
            76.3728469,
            9.4865075
          ],
          [
            76.3742619,
            9.4866357
          ],
          [
            76.3747178,
            9.4869902
          ],
          [
            76.3749378,
            9.4875246
          ],
          [
            76.3752972,
            9.4879055
          ],
          [
            76.3759355,
            9.4880484
          ],
          [
            76.3761716,
            9.4884082
          ],
          [
            76.3765149,
            9.4895669
          ],
          [
            76.3768958,
            9.4898685
          ],
          [
            76.3774376,
            9.4900167
          ],
          [
            76.3781993,
            9.4899426
          ],
          [
            76.379358,
            9.4896728
          ],
          [
            76.3807828,
            9.4890903
          ],
          [
            76.3817186,
            9.4887029
          ],
          [
            76.3826327,
            9.4886207
          ],
          [
            76.3840724,
            9.4883583
          ],
          [
            76.3843379,
            9.4883099
          ],
          [
            76.3853566,
            9.4883569
          ]
        ]
      },
      "id": "way/400309887"
    },
    {
      "type": "Feature",
      "properties": {
        "@id": "way/474159245",
        "duration": "01:30",
        "foot": "yes",
        "motor_vehicle": "no",
        "motorcar": "no",
        "motorcycle": "yes",
        "name": "Kannankara to Maniaparambu Line",
        "operator": "SWTD Muhamma",
        "route": "ferry"
      },
      "geometry": {
        "type": "LineString",
        "coordinates": [
          [
            76.4785607,
            9.6445218
          ],
          [
            76.4766445,
            9.6449478
          ],
          [
            76.4746316,
            9.6453907
          ],
          [
            76.4722378,
            9.6460914
          ],
          [
            76.471021,
            9.6462315
          ],
          [
            76.4700828,
            9.6461642
          ],
          [
            76.4683941,
            9.6462259
          ],
          [
            76.466711,
            9.6462876
          ],
          [
            76.465521,
            9.6464564
          ],
          [
            76.463976,
            9.6462708
          ],
          [
            76.462401,
            9.645912
          ],
          [
            76.4613263,
            9.6456485
          ],
          [
            76.4589183,
            9.6451183
          ],
          [
            76.4582047,
            9.6447628
          ],
          [
            76.456624,
            9.6442359
          ],
          [
            76.4549807,
            9.6436809
          ],
          [
            76.4537753,
            9.6432773
          ],
          [
            76.4518758,
            9.6427904
          ],
          [
            76.4510419,
            9.6422641
          ],
          [
            76.4490047,
            9.6416685
          ],
          [
            76.4453307,
            9.6405218
          ],
          [
            76.4428881,
            9.6395519
          ],
          [
            76.4410158,
            9.6389946
          ],
          [
            76.4391167,
            9.6383779
          ],
          [
            76.4381614,
            9.6381985
          ],
          [
            76.4365466,
            9.6379239
          ],
          [
            76.4344485,
            9.6380192
          ],
          [
            76.4334932,
            9.6378734
          ],
          [
            76.4316453,
            9.6383443
          ],
          [
            76.431071,
            9.6385909
          ],
          [
            76.4306448,
            9.6384995
          ],
          [
            76.4302067,
            9.6388768
          ],
          [
            76.4285179,
            9.6390955
          ],
          [
            76.4266017,
            9.6396056
          ],
          [
            76.4237985,
            9.6404408
          ],
          [
            76.4219051,
            9.6408388
          ],
          [
            76.4201652,
            9.641192
          ],
          [
            76.4107465,
            9.6438331
          ],
          [
            76.4102728,
            9.6448127
          ],
          [
            76.4093158,
            9.644289
          ],
          [
            76.3821104,
            9.649008
          ]
        ]
      },
      "id": "way/474159245"
    },
    {
      "type": "Feature",
      "properties": {
        "@id": "way/619731389",
        "waterway": "canal"
      },
      "geometry": {
        "type": "LineString",
        "coordinates": [
          [
            76.4588801,
            9.470241
          ],
          [
            76.4576098,
            9.4702145
          ],
          [
            76.45603,
            9.4702462
          ],
          [
            76.4543027,
            9.4702595
          ],
          [
            76.4523447,
            9.4702251
          ],
          [
            76.4505959,
            9.4702648
          ],
          [
            76.4499494,
            9.4705161
          ],
          [
            76.4496571,
            9.4706087
          ],
          [
            76.4483052,
            9.471204
          ],
          [
            76.4473879,
            9.4715691
          ],
          [
            76.446881,
            9.4717807
          ],
          [
            76.4458844,
            9.4722645
          ],
          [
            76.445851,
            9.4722807
          ],
          [
            76.4451402,
            9.47254
          ],
          [
            76.4442176,
            9.4729792
          ],
          [
            76.4433941,
            9.4734131
          ],
          [
            76.4407682,
            9.4746512
          ],
          [
            76.4398734,
            9.4748978
          ],
          [
            76.4369123,
            9.4758752
          ],
          [
            76.4270396,
            9.4792306
          ],
          [
            76.4257629,
            9.4796116
          ],
          [
            76.4253874,
            9.4833894
          ],
          [
            76.4243896,
            9.4881302
          ],
          [
            76.4232416,
            9.4941619
          ],
          [
            76.4231558,
            9.4971989
          ],
          [
            76.4231671,
            9.4980107
          ],
          [
            76.423188,
            9.4995163
          ],
          [
            76.4228339,
            9.5040453
          ],
          [
            76.4222331,
            9.5094418
          ],
          [
            76.4219434,
            9.5118967
          ],
          [
            76.4187892,
            9.5120766
          ],
          [
            76.4105923,
            9.5127644
          ],
          [
            76.4060541,
            9.5130606
          ],
          [
            76.4030822,
            9.5133887
          ],
          [
            76.4020586,
            9.5127249
          ]
        ]
      },
      "id": "way/619731389"
    },
    {
      "type": "Feature",
      "properties": {
        "@id": "way/777215877",
        "access": "yes",
        "bicycle": "yes",
        "boat": "yes",
        "foot": "yes",
        "horse": "no",
        "maxspeed": "40 mph",
        "motor_vehicle": "no",
        "motorboat": "yes",
        "motorcar": "no",
        "name": "Kottayam-Alappuzha ferry",
        "route": "ferry"
      },
      "geometry": {
        "type": "LineString",
        "coordinates": [
          [
            76.4892285,
            9.5691781
          ],
          [
            76.4880132,
            9.5688489
          ],
          [
            76.4862428,
            9.5684196
          ],
          [
            76.4861896,
            9.5684775
          ],
          [
            76.4861635,
            9.5683989
          ],
          [
            76.4848844,
            9.5680527
          ],
          [
            76.4821644,
            9.5673234
          ],
          [
            76.4804006,
            9.5668704
          ],
          [
            76.4719811,
            9.564609
          ],
          [
            76.4681418,
            9.5636099
          ],
          [
            76.467513,
            9.5635324
          ],
          [
            76.4662005,
            9.5630851
          ],
          [
            76.4659298,
            9.5615727
          ],
          [
            76.4568825,
            9.5592769
          ],
          [
            76.452277,
            9.5585606
          ],
          [
            76.440309,
            9.5543411
          ],
          [
            76.4401882,
            9.5539063
          ],
          [
            76.4397849,
            9.5541563
          ],
          [
            76.4395447,
            9.5540716
          ],
          [
            76.434825,
            9.5509879
          ],
          [
            76.4349586,
            9.5521617
          ],
          [
            76.4347849,
            9.5523397
          ],
          [
            76.4328182,
            9.5516769
          ],
          [
            76.4294575,
            9.5506582
          ],
          [
            76.4259848,
            9.5495657
          ],
          [
            76.4254913,
            9.5502291
          ],
          [
            76.4256418,
            9.5494549
          ],
          [
            76.4184858,
            9.5470894
          ],
          [
            76.4184322,
            9.5464196
          ],
          [
            76.4178452,
            9.5468962
          ],
          [
            76.414779,
            9.5458317
          ],
          [
            76.410859,
            9.5443726
          ],
          [
            76.4069255,
            9.5432338
          ],
          [
            76.4064289,
            9.5436261
          ],
          [
            76.4062308,
            9.5428468
          ],
          [
            76.4033156,
            9.5417307
          ],
          [
            76.4032071,
            9.541053
          ],
          [
            76.4027256,
            9.5415169
          ],
          [
            76.4011335,
            9.5409072
          ],
          [
            76.396176,
            9.5391234
          ],
          [
            76.3927116,
            9.5378689
          ],
          [
            76.3927529,
            9.5373378
          ],
          [
            76.3924427,
            9.5377732
          ],
          [
            76.3880518,
            9.5362095
          ],
          [
            76.3844837,
            9.5350218
          ],
          [
            76.3827868,
            9.5345035
          ],
          [
            76.3829596,
            9.5338575
          ],
          [
            76.3826017,
            9.5344469
          ],
          [
            76.3817455,
            9.5341854
          ],
          [
            76.3813674,
            9.53402
          ],
          [
            76.3804615,
            9.5339193
          ],
          [
            76.3778204,
            9.5327177
          ],
          [
            76.363489,
            9.5265547
          ],
          [
            76.3579958,
            9.5253908
          ],
          [
            76.357618,
            9.5248793
          ],
          [
            76.3552755,
            9.5148119
          ],
          [
            76.3538571,
            9.5107714
          ],
          [
            76.3535541,
            9.5071277
          ],
          [
            76.3528031,
            9.5016887
          ],
          [
            76.3525724,
            9.5013721
          ],
          [
            76.3524852,
            9.5013672
          ],
          [
            76.3525752,
            9.5012831
          ],
          [
            76.3528031,
            9.5004613
          ],
          [
            76.3524261,
            9.5000742
          ],
          [
            76.3503416,
            9.4998802
          ],
          [
            76.3493239,
            9.5000299
          ],
          [
            76.3491955,
            9.4999667
          ],
          [
            76.3491147,
            9.5000611
          ],
          [
            76.3483976,
            9.5001698
          ],
          [
            76.3483376,
            9.500068
          ]
        ]
      },
      "id": "way/777215877"
    },
    {
      "type": "Feature",
      "properties": {
        "@id": "way/777215878",
        "access": "yes",
        "bicycle": "yes",
        "boat": "yes",
        "foot": "yes",
        "horse": "yes",
        "maxspeed": "40 mph",
        "motor_vehicle": "yes",
        "motorboat": "yes",
        "motorcar": "yes",
        "name": "kottayam -Alappuzha ferry",
        "route": "ferry",
        "toll": "no"
      },
      "geometry": {
        "type": "LineString",
        "coordinates": [
          [
            76.434825,
            9.5509879
          ],
          [
            76.4348754,
            9.5521617
          ],
          [
            76.4347849,
            9.5523397
          ],
          [
            76.4335011,
            9.5519857
          ],
          [
            76.4304723,
            9.5511505
          ],
          [
            76.4259471,
            9.5496516
          ],
          [
            76.4254913,
            9.5502291
          ],
          [
            76.4255789,
            9.5495289
          ],
          [
            76.4185943,
            9.5472381
          ],
          [
            76.4184095,
            9.5471707
          ],
          [
            76.418412,
            9.5470854
          ],
          [
            76.4184322,
            9.5464196
          ],
          [
            76.417711,
            9.5469414
          ],
          [
            76.40714,
            9.5433908
          ],
          [
            76.4064289,
            9.5436261
          ]
        ]
      },
      "id": "way/777215878"
    },
    {
      "type": "Feature",
      "properties": {
        "@id": "way/787049920",
        "waterway": "canal"
      },
      "geometry": {
        "type": "LineString",
        "coordinates": [
          [
            76.4879191,
            9.6254141
          ],
          [
            76.4877701,
            9.6252846
          ],
          [
            76.487496,
            9.6252341
          ],
          [
            76.4868906,
            9.6252189
          ],
          [
            76.4863161,
            9.6252128
          ],
          [
            76.4852882,
            9.6250652
          ],
          [
            76.484499,
            9.6250004
          ],
          [
            76.4830294,
            9.6249359
          ],
          [
            76.4815642,
            9.6248338
          ],
          [
            76.4814565,
            9.6249083
          ],
          [
            76.4812979,
            9.6249478
          ],
          [
            76.4797491,
            9.6249106
          ],
          [
            76.4783832,
            9.6247622
          ],
          [
            76.4777379,
            9.6247251
          ],
          [
            76.4767753,
            9.6247357
          ],
          [
            76.4760705,
            9.6246958
          ],
          [
            76.4746709,
            9.6246165
          ],
          [
            76.4721689,
            9.6245112
          ],
          [
            76.4711213,
            9.6244192
          ],
          [
            76.4709236,
            9.6244018
          ],
          [
            76.4704985,
            9.6243991
          ],
          [
            76.4702323,
            9.6243948
          ],
          [
            76.4698705,
            9.6243274
          ],
          [
            76.4695855,
            9.6243645
          ],
          [
            76.4694457,
            9.6244335
          ],
          [
            76.4693112,
            9.6244494
          ],
          [
            76.4691822,
            9.6245077
          ],
          [
            76.4690854,
            9.6245925
          ],
          [
            76.4689105,
            9.6246205
          ],
          [
            76.468795,
            9.6246509
          ],
          [
            76.4686068,
            9.6246349
          ],
          [
            76.4682949,
            9.6246615
          ],
          [
            76.4676926,
            9.6245872
          ],
          [
            76.4675425,
            9.6246275
          ],
          [
            76.467168,
            9.6246367
          ],
          [
            76.4669152,
            9.6247014
          ],
          [
            76.4667654,
            9.6246921
          ],
          [
            76.4665781,
            9.6247277
          ],
          [
            76.4659616,
            9.62472
          ],
          [
            76.4645857,
            9.6248108
          ],
          [
            76.4635348,
            9.6250057
          ],
          [
            76.4612496,
            9.6250903
          ],
          [
            76.4610994,
            9.625175
          ],
          [
            76.4609492,
            9.6253759
          ],
          [
            76.4608754,
            9.6254293
          ],
          [
            76.4606488,
            9.6254817
          ],
          [
            76.4597261,
            9.6256298
          ],
          [
            76.4581597,
            9.6256933
          ],
          [
            76.4560938,
            9.62594
          ],
          [
            76.4536428,
            9.6262327
          ],
          [
            76.452291,
            9.6265607
          ],
          [
            76.4520265,
            9.6266036
          ],
          [
            76.4514434,
            9.6266982
          ],
          [
            76.4504242,
            9.6267342
          ],
          [
            76.4483428,
            9.6272059
          ],
          [
            76.4472377,
            9.6273963
          ],
          [
            76.4465189,
            9.6275021
          ],
          [
            76.4459181,
            9.6276925
          ],
          [
            76.445269,
            9.6277877
          ],
          [
            76.4444375,
            9.628068
          ],
          [
            76.4439493,
            9.6283324
          ],
          [
            76.4433646,
            9.6288772
          ],
          [
            76.4428818,
            9.6292686
          ],
          [
            76.4422598,
            9.6295457
          ],
          [
            76.4418599,
            9.6299191
          ],
          [
            76.4415587,
            9.6302898
          ],
          [
            76.441447,
            9.6304272
          ],
          [
            76.4398496,
            9.632393
          ],
          [
            76.4389117,
            9.6325814
          ],
          [
            76.4379774,
            9.6334084
          ],
          [
            76.4376978,
            9.6338411
          ],
          [
            76.4370784,
            9.6343784
          ],
          [
            76.4372483,
            9.6351461
          ],
          [
            76.4374959,
            9.6365195
          ]
        ]
      },
      "id": "way/787049920"
    },
    {
      "type": "Feature",
      "properties": {
        "@id": "way/787086054",
        "waterway": "canal"
      },
      "geometry": {
        "type": "LineString",
        "coordinates": [
          [
            76.4860468,
            9.6275286
          ],
          [
            76.4860547,
            9.6273699
          ],
          [
            76.4860332,
            9.6269679
          ],
          [
            76.4858508,
            9.6267828
          ],
          [
            76.4856523,
            9.6263967
          ],
          [
            76.4854538,
            9.6263703
          ],
          [
            76.4852782,
            9.6266363
          ],
          [
            76.4852534,
            9.6266921
          ],
          [
            76.4851401,
            9.6267898
          ],
          [
            76.484949,
            9.6267828
          ],
          [
            76.4848181,
            9.6267026
          ],
          [
            76.4847331,
            9.6265072
          ],
          [
            76.484719,
            9.6262978
          ],
          [
            76.4846694,
            9.6261268
          ],
          [
            76.4845703,
            9.6259593
          ],
          [
            76.4844429,
            9.6258163
          ],
          [
            76.4844146,
            9.6257918
          ],
          [
            76.484227,
            9.6257116
          ],
          [
            76.4840961,
            9.6257046
          ],
          [
            76.483905,
            9.6257604
          ],
          [
            76.4838236,
            9.6258302
          ],
          [
            76.4837599,
            9.6259489
          ],
          [
            76.4837103,
            9.6260849
          ],
          [
            76.4836395,
            9.6261931
          ],
          [
            76.4835617,
            9.6262106
          ],
          [
            76.4834519,
            9.6261687
          ],
          [
            76.4833068,
            9.626064
          ],
          [
            76.4831617,
            9.6259977
          ],
          [
            76.4828751,
            9.6259279
          ],
          [
            76.4825955,
            9.6258581
          ],
          [
            76.4823796,
            9.6258058
          ],
          [
            76.4821684,
            9.6257712
          ],
          [
            76.482008,
            9.6257012
          ],
          [
            76.4819126,
            9.6256376
          ],
          [
            76.4818147,
            9.6255277
          ],
          [
            76.4815989,
            9.6253008
          ],
          [
            76.4814809,
            9.6251464
          ],
          [
            76.4814565,
            9.6249083
          ],
          [
            76.4814728,
            9.624798
          ],
          [
            76.4814796,
            9.6247227
          ],
          [
            76.4814796,
            9.6246564
          ],
          [
            76.4814796,
            9.6244575
          ],
          [
            76.4814407,
            9.6242935
          ],
          [
            76.4814371,
            9.6241819
          ],
          [
            76.4814371,
            9.6241051
          ],
          [
            76.4814336,
            9.6240563
          ],
          [
            76.4814124,
            9.623805
          ],
          [
            76.4814478,
            9.6236131
          ],
          [
            76.4814513,
            9.6235189
          ],
          [
            76.4813593,
            9.6233305
          ],
          [
            76.481331,
            9.6232502
          ],
          [
            76.4812567,
            9.6231246
          ],
          [
            76.4811965,
            9.6230722
          ],
          [
            76.481154,
            9.6229745
          ],
          [
            76.4810868,
            9.6228315
          ],
          [
            76.4810301,
            9.6227303
          ],
          [
            76.4810018,
            9.6225488
          ],
          [
            76.481016,
            9.6224302
          ],
          [
            76.4809948,
            9.6222976
          ],
          [
            76.4809983,
            9.6222104
          ],
          [
            76.4809912,
            9.6220917
          ],
          [
            76.4809523,
            9.6219731
          ],
          [
            76.4809204,
            9.621844
          ],
          [
            76.4808673,
            9.6217323
          ],
          [
            76.4807966,
            9.6216241
          ],
          [
            76.4807364,
            9.6215334
          ],
          [
            76.4806231,
            9.6214741
          ],
          [
            76.4804709,
            9.6214148
          ],
          [
            76.4802515,
            9.6214043
          ],
          [
            76.4800852,
            9.6213834
          ],
          [
            76.4799295,
            9.6213555
          ],
          [
            76.4798657,
            9.6213904
          ],
          [
            76.4797773,
            9.6214148
          ],
          [
            76.4796994,
            9.6214671
          ],
          [
            76.4796038,
            9.6215299
          ],
          [
            76.4794304,
            9.6216486
          ],
          [
            76.479303,
            9.6217218
          ],
          [
            76.4791721,
            9.6218021
          ],
          [
            76.47908,
            9.6218475
          ],
          [
            76.4789314,
            9.6219033
          ],
          [
            76.4787863,
            9.622001
          ],
          [
            76.4786766,
            9.6220499
          ],
          [
            76.4785633,
            9.6220917
          ],
          [
            76.4784678,
            9.6221371
          ],
          [
            76.4783793,
            9.622172
          ],
          [
            76.4782554,
            9.6222139
          ],
          [
            76.4780537,
            9.6222662
          ],
          [
            76.4779652,
            9.6222697
          ],
          [
            76.4778873,
            9.6223011
          ],
          [
            76.4777812,
            9.6222941
          ],
          [
            76.4776962,
            9.6222557
          ],
          [
            76.4776113,
            9.6222104
          ],
          [
            76.4775334,
            9.6221406
          ],
          [
            76.4774768,
            9.6220568
          ],
          [
            76.4774272,
            9.6219661
          ],
          [
            76.477406,
            9.6218579
          ],
          [
            76.4773635,
            9.6217777
          ],
          [
            76.4773352,
            9.6216904
          ],
          [
            76.4771901,
            9.6214567
          ],
          [
            76.4771123,
            9.6213589
          ],
          [
            76.4769636,
            9.6212717
          ],
          [
            76.476868,
            9.6211496
          ],
          [
            76.4767548,
            9.6210589
          ],
          [
            76.4765672,
            9.6208949
          ],
          [
            76.476542,
            9.6208656
          ],
          [
            76.476408,
            9.6207099
          ],
          [
            76.4763513,
            9.6206087
          ],
          [
            76.4763124,
            9.6204971
          ],
          [
            76.476277,
            9.6203994
          ],
          [
            76.4762027,
            9.6202703
          ],
          [
            76.4761036,
            9.6201237
          ],
          [
            76.476047,
            9.6200085
          ],
          [
            76.4759549,
            9.6199213
          ],
          [
            76.4758381,
            9.6198794
          ],
          [
            76.4757037,
            9.6198376
          ],
          [
            76.475613,
            9.6198288
          ],
          [
            76.4755033,
            9.6198181
          ],
          [
            76.4754878,
            9.6198166
          ],
          [
            76.4753462,
            9.6198062
          ],
          [
            76.4752223,
            9.6198096
          ],
          [
            76.4750524,
            9.6197957
          ],
          [
            76.4748826,
            9.6198027
          ],
          [
            76.4746136,
            9.6198271
          ],
          [
            76.4744189,
            9.6198585
          ],
          [
            76.4742349,
            9.6198725
          ],
          [
            76.4740685,
            9.6198899
          ],
          [
            76.473881,
            9.6198794
          ],
          [
            76.4737394,
            9.6198899
          ],
          [
            76.4734633,
            9.6198759
          ],
          [
            76.4732935,
            9.6198759
          ],
          [
            76.4731413,
            9.619869
          ],
          [
            76.4729537,
            9.619848
          ],
          [
            76.4728121,
            9.6198096
          ],
          [
            76.4726316,
            9.6197678
          ],
          [
            76.4724724,
            9.6197259
          ],
          [
            76.4722282,
            9.6196561
          ],
          [
            76.4720264,
            9.6196177
          ],
          [
            76.4718318,
            9.6195654
          ],
          [
            76.4716265,
            9.6194956
          ],
          [
            76.4714283,
            9.6194572
          ],
          [
            76.4712018,
            9.6193909
          ],
          [
            76.4710178,
            9.6193525
          ],
          [
            76.4707771,
            9.6193176
          ],
          [
            76.4706638,
            9.6192827
          ],
          [
            76.4705293,
            9.6192548
          ],
          [
            76.4703878,
            9.6192164
          ],
          [
            76.4702533,
            9.6191606
          ],
          [
            76.4701011,
            9.6190664
          ],
          [
            76.4699029,
            9.6189547
          ],
          [
            76.4697861,
            9.6188884
          ],
          [
            76.4696693,
            9.6188291
          ],
          [
            76.4695596,
            9.6187628
          ],
          [
            76.4694393,
            9.618707
          ],
          [
            76.4693083,
            9.6186442
          ],
          [
            76.469057,
            9.6185116
          ],
          [
            76.4689544,
            9.6184627
          ],
          [
            76.468827,
            9.618386
          ],
          [
            76.4687279,
            9.6183266
          ],
          [
            76.4686359,
            9.6182638
          ],
          [
            76.4685297,
            9.6181871
          ],
          [
            76.468466,
            9.6181277
          ],
          [
            76.4683527,
            9.6180545
          ],
          [
            76.4682289,
            9.6179777
          ],
          [
            76.4680944,
            9.6179044
          ],
          [
            76.4679325,
            9.6178226
          ],
          [
            76.4678709,
            9.617774
          ],
          [
            76.4677291,
            9.6176829
          ],
          [
            76.4674827,
            9.6175067
          ],
          [
            76.4673286,
            9.6174459
          ],
          [
            76.4671992,
            9.6173973
          ],
          [
            76.466965,
            9.6174095
          ],
          [
            76.4667617,
            9.6174034
          ],
          [
            76.4666076,
            9.6174216
          ],
          [
            76.4663981,
            9.6174581
          ],
          [
            76.4662194,
            9.6174763
          ],
          [
            76.4660592,
            9.6174945
          ],
          [
            76.4657758,
            9.6174945
          ],
          [
            76.4655971,
            9.6174945
          ],
          [
            76.4654615,
            9.6174945
          ],
          [
            76.4653259,
            9.6174945
          ],
          [
            76.4652273,
            9.6174884
          ],
          [
            76.4650425,
            9.6174763
          ],
          [
            76.4648761,
            9.6174581
          ],
          [
            76.4646419,
            9.6174155
          ],
          [
            76.4644447,
            9.6173548
          ],
          [
            76.4641305,
            9.617294
          ],
          [
            76.4639579,
            9.6172576
          ],
          [
            76.4637731,
            9.6172211
          ],
          [
            76.4635697,
            9.6172211
          ],
          [
            76.4634034,
            9.617215
          ],
          [
            76.4631199,
            9.6171604
          ],
          [
            76.4628796,
            9.6171239
          ],
          [
            76.4627009,
            9.6171543
          ],
          [
            76.4624975,
            9.61713
          ],
          [
            76.4622326,
            9.6170632
          ],
          [
            76.4620415,
            9.6169781
          ],
          [
            76.4617457,
            9.6169173
          ],
          [
            76.4615424,
            9.616887
          ],
          [
            76.461185,
            9.6169295
          ],
          [
            76.4610371,
            9.616972
          ],
          [
            76.4608338,
            9.6170206
          ],
          [
            76.4606304,
            9.6170571
          ],
          [
            76.4604702,
            9.6170875
          ],
          [
            76.4603346,
            9.6171239
          ],
          [
            76.4601542,
            9.6171602
          ],
          [
            76.4598569,
            9.617244
          ],
          [
            76.4595738,
            9.6174191
          ],
          [
            76.4592809,
            9.6175083
          ],
          [
            76.4591909,
            9.617374
          ],
          [
            76.4591092,
            9.6172521
          ],
          [
            76.4590009,
            9.6165869
          ],
          [
            76.458908,
            9.6161459
          ],
          [
            76.4587138,
            9.6154976
          ],
          [
            76.458455,
            9.614489
          ],
          [
            76.4582701,
            9.6138207
          ],
          [
            76.4582303,
            9.6134444
          ]
        ]
      },
      "id": "way/787086054"
    },
    {
      "type": "Feature",
      "properties": {
        "@id": "way/856806123",
        "waterway": "canal"
      },
      "geometry": {
        "type": "LineString",
        "coordinates": [
          [
            76.441551,
            9.5703226
          ],
          [
            76.4419226,
            9.5702504
          ],
          [
            76.4425854,
            9.5701613
          ],
          [
            76.446702,
            9.5691979
          ],
          [
            76.4485705,
            9.568749
          ],
          [
            76.4504212,
            9.5682272
          ],
          [
            76.4504383,
            9.5682224
          ],
          [
            76.4505022,
            9.5682044
          ],
          [
            76.4507673,
            9.5681192
          ],
          [
            76.4530347,
            9.5673907
          ],
          [
            76.4543816,
            9.5669511
          ],
          [
            76.4545706,
            9.5668893
          ],
          [
            76.4568287,
            9.5661514
          ],
          [
            76.4588028,
            9.5655172
          ],
          [
            76.4591662,
            9.5654043
          ],
          [
            76.4608048,
            9.5648955
          ],
          [
            76.4615527,
            9.5646574
          ],
          [
            76.4637358,
            9.5639232
          ],
          [
            76.4656942,
            9.5632519
          ],
          [
            76.4662088,
            9.5632452
          ],
          [
            76.4662494,
            9.5636956
          ],
          [
            76.4666671,
            9.5649598
          ],
          [
            76.4669575,
            9.5654489
          ],
          [
            76.4670089,
            9.5658676
          ],
          [
            76.4672083,
            9.5675581
          ],
          [
            76.4673936,
            9.5679619
          ],
          [
            76.4674378,
            9.5681556
          ],
          [
            76.4676492,
            9.5690664
          ],
          [
            76.4679267,
            9.5698635
          ],
          [
            76.4681383,
            9.5702865
          ],
          [
            76.4685464,
            9.5720145
          ],
          [
            76.4685441,
            9.572846
          ],
          [
            76.468673,
            9.5734579
          ],
          [
            76.4687808,
            9.5753449
          ],
          [
            76.4687203,
            9.576764
          ],
          [
            76.4687179,
            9.5774099
          ]
        ]
      },
      "id": "way/856806123"
    },
    {
      "type": "Feature",
      "properties": {
        "@id": "way/884025529",
        "waterway": "canal"
      },
      "geometry": {
        "type": "LineString",
        "coordinates": [
          [
            76.4740985,
            9.5020477
          ],
          [
            76.4716861,
            9.5032493
          ],
          [
            76.46913,
            9.5041092
          ],
          [
            76.4668198,
            9.5046752
          ],
          [
            76.4665459,
            9.5047414
          ],
          [
            76.464845,
            9.5051529
          ],
          [
            76.4625348,
            9.5056968
          ],
          [
            76.4603737,
            9.5062113
          ],
          [
            76.4581529,
            9.5067478
          ],
          [
            76.456747,
            9.5070383
          ],
          [
            76.4562675,
            9.5071374
          ],
          [
            76.4540095,
            9.507593
          ],
          [
            76.4513714,
            9.5081075
          ],
          [
            76.4490314,
            9.5086073
          ],
          [
            76.4454097,
            9.5093276
          ],
          [
            76.4444558,
            9.509526
          ],
          [
            76.4429981,
            9.5093882
          ],
          [
            76.4391391,
            9.5090622
          ],
          [
            76.4383237,
            9.5153475
          ],
          [
            76.4379589,
            9.5228812
          ],
          [
            76.437573,
            9.5282662
          ]
        ]
      },
      "id": "way/884025529"
    },
    {
      "type": "Feature",
      "properties": {
        "@id": "way/958233200",
        "name": "Veliyanadu Kidangara Ferry",
        "waterway": "river"
      },
      "geometry": {
        "type": "LineString",
        "coordinates": [
          [
            76.4881475,
            9.4227291
          ],
          [
            76.4881886,
            9.4227788
          ],
          [
            76.4882028,
            9.4228012
          ],
          [
            76.488254,
            9.4228835
          ],
          [
            76.4882682,
            9.4229369
          ],
          [
            76.4882862,
            9.4229995
          ],
          [
            76.4883052,
            9.4230323
          ],
          [
            76.4883185,
            9.4230547
          ],
          [
            76.4883251,
            9.4230669
          ],
          [
            76.4883545,
            9.4230987
          ],
          [
            76.4883877,
            9.4231361
          ],
          [
            76.4884351,
            9.4232025
          ],
          [
            76.4884626,
            9.4232269
          ],
          [
            76.4885063,
            9.4232615
          ],
          [
            76.4885698,
            9.4233307
          ],
          [
            76.488602,
            9.4233663
          ],
          [
            76.4886191,
            9.4233859
          ],
          [
            76.4886532,
            9.423414
          ],
          [
            76.4887063,
            9.4234748
          ],
          [
            76.4887234,
            9.4234944
          ],
          [
            76.4887367,
            9.4235057
          ],
          [
            76.4887509,
            9.4235216
          ],
          [
            76.4887936,
            9.4235637
          ],
          [
            76.4888153,
            9.4235814
          ],
          [
            76.4888457,
            9.4236179
          ],
          [
            76.4889083,
            9.4236871
          ],
          [
            76.4889311,
            9.4237171
          ],
          [
            76.4889861,
            9.4237826
          ],
          [
            76.4890051,
            9.4238069
          ],
          [
            76.4890487,
            9.4238462
          ],
          [
            76.4890695,
            9.423863
          ],
          [
            76.4891226,
            9.4239491
          ],
          [
            76.4891359,
            9.423979
          ],
          [
            76.489189,
            9.4240295
          ],
          [
            76.489227,
            9.4240651
          ],
          [
            76.4893218,
            9.4241568
          ],
          [
            76.489337,
            9.4241848
          ],
          [
            76.4893635,
            9.4242204
          ],
          [
            76.4894071,
            9.4242559
          ],
          [
            76.4894792,
            9.4242915
          ],
          [
            76.4894963,
            9.4242995
          ],
          [
            76.4899742,
            9.4244438
          ],
          [
            76.4901032,
            9.424455
          ],
          [
            76.4902246,
            9.424455
          ],
          [
            76.490346,
            9.4244606
          ],
          [
            76.4903725,
            9.4244606
          ],
          [
            76.4904465,
            9.4244606
          ],
          [
            76.4905394,
            9.4244606
          ],
          [
            76.490602,
            9.4244606
          ],
          [
            76.4909097,
            9.4244992
          ],
          [
            76.4910249,
            9.4247675
          ],
          [
            76.4913272,
            9.4253259
          ],
          [
            76.4913633,
            9.4255051
          ],
          [
            76.491361,
            9.4257353
          ],
          [
            76.4912279,
            9.4261904
          ],
          [
            76.4901848,
            9.4267722
          ],
          [
            76.4884888,
            9.4275239
          ],
          [
            76.4878692,
            9.4279322
          ],
          [
            76.4877288,
            9.4282594
          ],
          [
            76.487613,
            9.4292935
          ],
          [
            76.4872837,
            9.4298521
          ],
          [
            76.4857432,
            9.4301091
          ],
          [
            76.4844565,
            9.4304239
          ],
          [
            76.4840956,
            9.4305518
          ],
          [
            76.4835092,
            9.4308989
          ],
          [
            76.4825642,
            9.4317277
          ],
          [
            76.4824356,
            9.4319625
          ],
          [
            76.4817387,
            9.4324864
          ],
          [
            76.4800516,
            9.4342219
          ],
          [
            76.4798971,
            9.4345456
          ],
          [
            76.4798238,
            9.4352409
          ],
          [
            76.4794494,
            9.4357126
          ],
          [
            76.4783064,
            9.4375484
          ],
          [
            76.4781708,
            9.4386261
          ],
          [
            76.4781362,
            9.4397668
          ],
          [
            76.4781211,
            9.4411145
          ],
          [
            76.4777849,
            9.443313
          ],
          [
            76.4769605,
            9.4438203
          ],
          [
            76.4764068,
            9.444372
          ],
          [
            76.4756478,
            9.4448804
          ],
          [
            76.4755757,
            9.4452564
          ],
          [
            76.4757099,
            9.4458316
          ],
          [
            76.4761215,
            9.4466937
          ],
          [
            76.4764801,
            9.4477483
          ],
          [
            76.4765066,
            9.4481925
          ],
          [
            76.4763471,
            9.4485512
          ],
          [
            76.4761494,
            9.4486833
          ],
          [
            76.475907,
            9.4487211
          ],
          [
            76.4739485,
            9.4483561
          ],
          [
            76.4730362,
            9.4486015
          ],
          [
            76.4726669,
            9.4489907
          ],
          [
            76.4725511,
            9.4501707
          ],
          [
            76.4725365,
            9.4511206
          ],
          [
            76.4724667,
            9.4515704
          ],
          [
            76.4721182,
            9.4528107
          ],
          [
            76.4718198,
            9.4531084
          ],
          [
            76.4714852,
            9.4537063
          ],
          [
            76.4705833,
            9.4548535
          ],
          [
            76.4692165,
            9.4576479
          ],
          [
            76.4685218,
            9.4586846
          ],
          [
            76.4675249,
            9.4596725
          ],
          [
            76.4669807,
            9.4600987
          ],
          [
            76.4665099,
            9.4608115
          ],
          [
            76.4661445,
            9.4617148
          ],
          [
            76.4657997,
            9.4631502
          ],
          [
            76.4656039,
            9.4646292
          ],
          [
            76.464671,
            9.4690289
          ],
          [
            76.4640008,
            9.4691866
          ],
          [
            76.4633973,
            9.4694194
          ],
          [
            76.4622219,
            9.4698616
          ],
          [
            76.4607483,
            9.4702014
          ],
          [
            76.4594979,
            9.4706482
          ],
          [
            76.4593837,
            9.4706818
          ],
          [
            76.4591074,
            9.4707538
          ],
          [
            76.4577391,
            9.4713286
          ],
          [
            76.4572161,
            9.4718584
          ],
          [
            76.4566218,
            9.4730428
          ],
          [
            76.4561245,
            9.4747775
          ],
          [
            76.4559147,
            9.4750367
          ],
          [
            76.453723,
            9.4777444
          ],
          [
            76.4531555,
            9.4781882
          ],
          [
            76.4523767,
            9.4787972
          ],
          [
            76.4505452,
            9.47918
          ],
          [
            76.4498985,
            9.4795085
          ],
          [
            76.4492353,
            9.4800534
          ],
          [
            76.4486432,
            9.4805879
          ],
          [
            76.4480709,
            9.481489
          ],
          [
            76.4476237,
            9.4829634
          ],
          [
            76.4473932,
            9.4862413
          ],
          [
            76.4473346,
            9.4865514
          ],
          [
            76.4469748,
            9.4884545
          ],
          [
            76.4462531,
            9.4894474
          ],
          [
            76.4445429,
            9.4895192
          ],
          [
            76.4427236,
            9.490548
          ]
        ]
      },
      "id": "way/958233200"
    },
    {
      "type": "Feature",
      "properties": {
        "@id": "way/985578130",
        "waterway": "canal"
      },
      "geometry": {
        "type": "LineString",
        "coordinates": [
          [
            76.4463168,
            9.5765408
          ],
          [
            76.4462913,
            9.5766558
          ],
          [
            76.4463048,
            9.5767986
          ],
          [
            76.4463155,
            9.5769441
          ],
          [
            76.4463128,
            9.5770605
          ],
          [
            76.4463477,
            9.5771292
          ],
          [
            76.4463396,
            9.5772112
          ],
          [
            76.446353,
            9.5773223
          ],
          [
            76.4463611,
            9.5775022
          ],
          [
            76.446404,
            9.5775947
          ],
          [
            76.4464415,
            9.5777005
          ],
          [
            76.4465059,
            9.5778989
          ],
          [
            76.4465032,
            9.5780206
          ],
          [
            76.4465301,
            9.5781713
          ],
          [
            76.4466347,
            9.578412
          ],
          [
            76.4466454,
            9.5785416
          ],
          [
            76.4466937,
            9.5786844
          ],
          [
            76.4466856,
            9.5787241
          ],
          [
            76.4466856,
            9.5787876
          ],
          [
            76.4466964,
            9.5788563
          ],
          [
            76.4467151,
            9.5789198
          ],
          [
            76.4467285,
            9.5789648
          ],
          [
            76.4467688,
            9.5790494
          ],
          [
            76.4468412,
            9.5791896
          ],
          [
            76.4469082,
            9.5792319
          ],
          [
            76.446978,
            9.5793139
          ],
          [
            76.4470477,
            9.5793959
          ],
          [
            76.4470772,
            9.5794355
          ],
          [
            76.4471389,
            9.5795069
          ],
          [
            76.4471577,
            9.5795545
          ],
          [
            76.4472113,
            9.5796392
          ],
          [
            76.4472274,
            9.5796947
          ],
          [
            76.4472999,
            9.5798984
          ],
          [
            76.4473106,
            9.5799513
          ],
          [
            76.4473347,
            9.5800438
          ],
          [
            76.4473803,
            9.58011
          ],
          [
            76.4473972,
            9.5801261
          ],
          [
            76.447576,
            9.5802771
          ],
          [
            76.4476862,
            9.5804312
          ],
          [
            76.4477502,
            9.5805355
          ],
          [
            76.4477636,
            9.5807087
          ],
          [
            76.4477904,
            9.5810198
          ],
          [
            76.4479333,
            9.5813002
          ],
          [
            76.4480553,
            9.5815497
          ],
          [
            76.4481164,
            9.5818213
          ],
          [
            76.4481595,
            9.5820928
          ],
          [
            76.448161,
            9.5823291
          ],
          [
            76.4481045,
            9.5824216
          ],
          [
            76.4480896,
            9.582448
          ],
          [
            76.448103,
            9.5826316
          ],
          [
            76.448138,
            9.5828643
          ],
          [
            76.448162,
            9.5831138
          ],
          [
            76.4481662,
            9.5832184
          ],
          [
            76.4481688,
            9.5833052
          ],
          [
            76.4481184,
            9.5833617
          ],
          [
            76.4480397,
            9.5835488
          ],
          [
            76.4479568,
            9.5837604
          ],
          [
            76.447914,
            9.5838886
          ],
          [
            76.4478909,
            9.5839821
          ],
          [
            76.4478764,
            9.5841819
          ],
          [
            76.4478832,
            9.5843682
          ],
          [
            76.4479063,
            9.5847878
          ],
          [
            76.4478999,
            9.584982
          ],
          [
            76.4479154,
            9.5852823
          ],
          [
            76.4479336,
            9.5854893
          ],
          [
            76.44794,
            9.5857244
          ],
          [
            76.447953,
            9.5859467
          ],
          [
            76.4479621,
            9.5861806
          ],
          [
            76.4479815,
            9.5865103
          ],
          [
            76.4479776,
            9.5868795
          ],
          [
            76.448023,
            9.5871019
          ],
          [
            76.4480269,
            9.5873613
          ],
          [
            76.4480269,
            9.5876258
          ],
          [
            76.448045,
            9.5877765
          ],
          [
            76.4480709,
            9.5878826
          ],
          [
            76.4480878,
            9.5880551
          ],
          [
            76.4480938,
            9.5881606
          ]
        ]
      },
      "id": "way/985578130"
    },
    {
      "type": "Feature",
      "properties": {
        "@id": "way/985580474",
        "waterway": "canal"
      },
      "geometry": {
        "type": "LineString",
        "coordinates": [
          [
            76.4483155,
            9.5889293
          ],
          [
            76.4481933,
            9.588975
          ],
          [
            76.4479398,
            9.5891414
          ],
          [
            76.4476723,
            9.5891982
          ],
          [
            76.4473207,
            9.5892227
          ],
          [
            76.4470424,
            9.5892521
          ],
          [
            76.4468369,
            9.589233
          ],
          [
            76.446639,
            9.5892315
          ],
          [
            76.4464469,
            9.5892565
          ],
          [
            76.4462207,
            9.589346
          ],
          [
            76.4460257,
            9.5894561
          ],
          [
            76.4458322,
            9.5895486
          ],
          [
            76.4456014,
            9.5896249
          ],
          [
            76.4454347,
            9.5896821
          ],
          [
            76.4450998,
            9.5897884
          ],
          [
            76.4447264,
            9.5898918
          ],
          [
            76.4445064,
            9.5899808
          ],
          [
            76.4443913,
            9.5900208
          ],
          [
            76.444054,
            9.5901021
          ],
          [
            76.4438555,
            9.5901143
          ],
          [
            76.443587,
            9.5901332
          ],
          [
            76.4432632,
            9.590141
          ],
          [
            76.4430579,
            9.590141
          ],
          [
            76.443006,
            9.5901755
          ],
          [
            76.4429745,
            9.5904345
          ],
          [
            76.4428768,
            9.590752
          ],
          [
            76.4426996,
            9.5910818
          ],
          [
            76.4424226,
            9.5912959
          ],
          [
            76.4423152,
            9.5914348
          ],
          [
            76.4422379,
            9.5915727
          ],
          [
            76.4422853,
            9.591799
          ]
        ]
      },
      "id": "way/985580474"
    },
    {
      "type": "Feature",
      "properties": {
        "@id": "way/986235075",
        "waterway": "river"
      },
      "geometry": {
        "type": "LineString",
        "coordinates": [
          [
            76.493184,
            9.5916787
          ],
          [
            76.493059,
            9.5917749
          ],
          [
            76.4913815,
            9.5923928
          ],
          [
            76.4909347,
            9.5925015
          ],
          [
            76.490652,
            9.5923822
          ],
          [
            76.4903408,
            9.5922394
          ],
          [
            76.4900291,
            9.5922398
          ],
          [
            76.4894177,
            9.592371
          ],
          [
            76.4891944,
            9.5923585
          ],
          [
            76.4886341,
            9.5921691
          ],
          [
            76.4883509,
            9.5920252
          ],
          [
            76.4880505,
            9.5919321
          ],
          [
            76.4876299,
            9.5918221
          ],
          [
            76.4871973,
            9.591959
          ],
          [
            76.4868164,
            9.59216
          ],
          [
            76.4863229,
            9.5926625
          ],
          [
            76.4857382,
            9.5932973
          ],
          [
            76.4836442,
            9.5939125
          ],
          [
            76.4831964,
            9.5940525
          ],
          [
            76.4821024,
            9.594251
          ],
          [
            76.4814501,
            9.5939971
          ],
          [
            76.4810553,
            9.594031
          ],
          [
            76.4809351,
            9.5944033
          ],
          [
            76.4809416,
            9.5945501
          ],
          [
            76.4809421,
            9.5948831
          ],
          [
            76.480976,
            9.5951738
          ],
          [
            76.4810539,
            9.5954278
          ],
          [
            76.4810743,
            9.5957252
          ],
          [
            76.4806992,
            9.5957364
          ],
          [
            76.4804856,
            9.5956695
          ],
          [
            76.4799422,
            9.5954713
          ],
          [
            76.479427,
            9.5952429
          ],
          [
            76.4790926,
            9.5952919
          ],
          [
            76.4789638,
            9.5955347
          ],
          [
            76.4789243,
            9.5958411
          ],
          [
            76.4788418,
            9.596143
          ],
          [
            76.4787684,
            9.596212
          ],
          [
            76.4785876,
            9.596212
          ],
          [
            76.4782374,
            9.5960438
          ],
          [
            76.477903,
            9.5958467
          ],
          [
            76.4775539,
            9.5957754
          ],
          [
            76.4773268,
            9.5957965
          ],
          [
            76.4770907,
            9.5959692
          ],
          [
            76.4768749,
            9.5961953
          ],
          [
            76.4766331,
            9.5963591
          ],
          [
            76.4763687,
            9.5963023
          ],
          [
            76.4760117,
            9.5961452
          ],
          [
            76.475927,
            9.5960839
          ],
          [
            76.4756705,
            9.5960271
          ],
          [
            76.4754932,
            9.5960772
          ],
          [
            76.4751825,
            9.5963981
          ],
          [
            76.4750692,
            9.596462
          ],
          [
            76.4749949,
            9.5965039
          ],
          [
            76.4748774,
            9.5965473
          ],
          [
            76.4745216,
            9.5964994
          ],
          [
            76.4741431,
            9.596446
          ],
          [
            76.4738719,
            9.5964549
          ],
          [
            76.4735123,
            9.5964724
          ],
          [
            76.4732065,
            9.5964424
          ],
          [
            76.4727283,
            9.5964965
          ],
          [
            76.4723286,
            9.5965088
          ],
          [
            76.4718428,
            9.5965624
          ],
          [
            76.4713598,
            9.5963037
          ],
          [
            76.4712553,
            9.5963403
          ],
          [
            76.4708235,
            9.5963256
          ],
          [
            76.4705524,
            9.5962564
          ],
          [
            76.4703909,
            9.5962171
          ],
          [
            76.4700447,
            9.596316
          ],
          [
            76.4698087,
            9.596378
          ],
          [
            76.4696434,
            9.5963625
          ],
          [
            76.469433,
            9.5961783
          ],
          [
            76.469252,
            9.5960406
          ],
          [
            76.4691222,
            9.5960134
          ],
          [
            76.4689432,
            9.5960619
          ],
          [
            76.4687504,
            9.5961589
          ],
          [
            76.4682055,
            9.5961569
          ],
          [
            76.4678259,
            9.596153
          ],
          [
            76.4673656,
            9.5959475
          ],
          [
            76.4672476,
            9.5958369
          ],
          [
            76.4670922,
            9.5958505
          ],
          [
            76.4668837,
            9.5959572
          ],
          [
            76.4666594,
            9.595963
          ],
          [
            76.466506,
            9.595897
          ],
          [
            76.4662621,
            9.5957089
          ],
          [
            76.4661834,
            9.5957147
          ],
          [
            76.4655797,
            9.5958854
          ],
          [
            76.4654588,
            9.5958829
          ],
          [
            76.4648138,
            9.5958873
          ],
          [
            76.4638683,
            9.5957261
          ],
          [
            76.4632586,
            9.5955388
          ],
          [
            76.4628501,
            9.5953101
          ],
          [
            76.4627343,
            9.5952588
          ],
          [
            76.4626396,
            9.5952579
          ],
          [
            76.4623919,
            9.5953129
          ],
          [
            76.4622078,
            9.595353
          ],
          [
            76.4619742,
            9.5953922
          ],
          [
            76.4617778,
            9.595442
          ],
          [
            76.4615796,
            9.5954952
          ],
          [
            76.4613717,
            9.5955458
          ],
          [
            76.4610797,
            9.5956269
          ],
          [
            76.460755,
            9.5957273
          ],
          [
            76.4604966,
            9.5957936
          ],
          [
            76.4602533,
            9.5958424
          ],
          [
            76.4600781,
            9.5958825
          ],
          [
            76.4597994,
            9.5958904
          ],
          [
            76.4595225,
            9.5958895
          ],
          [
            76.4593367,
            9.5958852
          ],
          [
            76.4588313,
            9.595855
          ],
          [
            76.4585144,
            9.5958187
          ],
          [
            76.4581627,
            9.5957866
          ],
          [
            76.4577735,
            9.5957526
          ],
          [
            76.4574035,
            9.5957075
          ],
          [
            76.4572561,
            9.5956734
          ],
          [
            76.4570122,
            9.5955942
          ],
          [
            76.4568996,
            9.5955512
          ],
          [
            76.4564106,
            9.5953645
          ],
          [
            76.4560812,
            9.5952586
          ],
          [
            76.4557847,
            9.5951667
          ],
          [
            76.4555641,
            9.5950882
          ],
          [
            76.4553049,
            9.5950096
          ],
          [
            76.4549731,
            9.5949093
          ],
          [
            76.4545953,
            9.5947758
          ],
          [
            76.4544439,
            9.5947004
          ],
          [
            76.4544254,
            9.5946912
          ],
          [
            76.4542573,
            9.5945909
          ],
          [
            76.4541856,
            9.5945551
          ],
          [
            76.4538087,
            9.5944644
          ],
          [
            76.4534574,
            9.5944024
          ],
          [
            76.4531513,
            9.5943422
          ],
          [
            76.4528142,
            9.5942681
          ],
          [
            76.4525443,
            9.5942175
          ],
          [
            76.4522426,
            9.5942044
          ],
          [
            76.4520055,
            9.5942157
          ],
          [
            76.45174,
            9.5942323
          ],
          [
            76.4517286,
            9.5942323
          ],
          [
            76.4514896,
            9.5942332
          ],
          [
            76.4513821,
            9.5942263
          ],
          [
            76.4512295,
            9.5942166
          ],
          [
            76.4510012,
            9.5941931
          ],
          [
            76.4507712,
            9.5941547
          ],
          [
            76.4506455,
            9.5941302
          ],
          [
            76.4503969,
            9.5940849
          ],
          [
            76.450035,
            9.5939976
          ],
          [
            76.449659,
            9.5938921
          ],
          [
            76.4495975,
            9.5938641
          ],
          [
            76.4495369,
            9.5938205
          ],
          [
            76.449382,
            9.5937673
          ],
          [
            76.4492095,
            9.593701
          ],
          [
            76.4490771,
            9.5936408
          ],
          [
            76.448915,
            9.5935602
          ],
          [
            76.4487463,
            9.5934554
          ],
          [
            76.4486065,
            9.5933893
          ],
          [
            76.4484861,
            9.5933387
          ],
          [
            76.4483784,
            9.5932891
          ],
          [
            76.4482889,
            9.593244
          ],
          [
            76.4481477,
            9.5932219
          ],
          [
            76.4479754,
            9.5931954
          ],
          [
            76.4477655,
            9.5931728
          ],
          [
            76.4475516,
            9.5931518
          ],
          [
            76.4473676,
            9.5931322
          ],
          [
            76.4472685,
            9.5931052
          ],
          [
            76.4471399,
            9.5930821
          ],
          [
            76.4469433,
            9.5930721
          ],
          [
            76.4467232,
            9.5930606
          ],
          [
            76.4464524,
            9.5930315
          ],
          [
            76.4462201,
            9.5930105
          ],
          [
            76.446087,
            9.5929854
          ],
          [
            76.445965,
            9.5929569
          ],
          [
            76.4457993,
            9.5929273
          ],
          [
            76.4456199,
            9.5929393
          ],
          [
            76.4454553,
            9.5929458
          ],
          [
            76.4452734,
            9.5929834
          ],
          [
            76.4450127,
            9.5930501
          ],
          [
            76.4447901,
            9.5930927
          ],
          [
            76.4445411,
            9.5931573
          ],
          [
            76.4443149,
            9.5932259
          ],
          [
            76.4441721,
            9.593243
          ],
          [
            76.4439982,
            9.5932418
          ],
          [
            76.4437327,
            9.5932427
          ],
          [
            76.4432868,
            9.5932383
          ],
          [
            76.4429399,
            9.5932383
          ],
          [
            76.4427789,
            9.5932043
          ],
          [
            76.4425473,
            9.5931662
          ],
          [
            76.441131,
            9.5929335
          ],
          [
            76.4397053,
            9.5926273
          ],
          [
            76.4393675,
            9.5925628
          ],
          [
            76.4389959,
            9.5924814
          ],
          [
            76.4385887,
            9.59247
          ],
          [
            76.4383456,
            9.5924352
          ],
          [
            76.4380434,
            9.5923981
          ],
          [
            76.43756,
            9.5923387
          ],
          [
            76.4375301,
            9.5923388
          ],
          [
            76.4371695,
            9.5923405
          ],
          [
            76.436888,
            9.5924771
          ],
          [
            76.4367462,
            9.592546
          ],
          [
            76.4365482,
            9.5926534
          ],
          [
            76.4363685,
            9.5927276
          ],
          [
            76.4361968,
            9.5927956
          ],
          [
            76.4360725,
            9.5928429
          ],
          [
            76.4355515,
            9.5929606
          ],
          [
            76.4352369,
            9.5930985
          ],
          [
            76.435191,
            9.5931186
          ],
          [
            76.4349578,
            9.5933513
          ],
          [
            76.4345951,
            9.5938093
          ],
          [
            76.4340407,
            9.5941226
          ],
          [
            76.4334056,
            9.5945227
          ],
          [
            76.4330085,
            9.5948633
          ],
          [
            76.4328589,
            9.5950007
          ],
          [
            76.4327337,
            9.5950896
          ],
          [
            76.4325588,
            9.5952265
          ],
          [
            76.4324111,
            9.5953188
          ],
          [
            76.4322091,
            9.59544
          ],
          [
            76.4320196,
            9.5955624
          ],
          [
            76.4317838,
            9.5957092
          ],
          [
            76.431653,
            9.5958205
          ],
          [
            76.4314668,
            9.5959662
          ],
          [
            76.4314273,
            9.596014
          ],
          [
            76.4313032,
            9.5960763
          ],
          [
            76.4309709,
            9.5962529
          ],
          [
            76.4306669,
            9.5963882
          ],
          [
            76.4305579,
            9.5964367
          ],
          [
            76.4305418,
            9.5964415
          ],
          [
            76.4303613,
            9.5964957
          ],
          [
            76.4302698,
            9.5965231
          ],
          [
            76.4301982,
            9.5965446
          ],
          [
            76.4301647,
            9.5965546
          ],
          [
            76.4301241,
            9.5965668
          ],
          [
            76.4300621,
            9.5965854
          ],
          [
            76.4299806,
            9.5965941
          ],
          [
            76.4295912,
            9.5966357
          ],
          [
            76.4295502,
            9.5966315
          ],
          [
            76.4293364,
            9.5966097
          ],
          [
            76.429295,
            9.5966055
          ],
          [
            76.4292499,
            9.5965935
          ],
          [
            76.428926,
            9.5965072
          ],
          [
            76.4284625,
            9.5965749
          ],
          [
            76.4282837,
            9.5966898
          ],
          [
            76.4280676,
            9.5968287
          ],
          [
            76.4280436,
            9.5968381
          ],
          [
            76.4280118,
            9.5968507
          ],
          [
            76.427572,
            9.5970238
          ],
          [
            76.4270112,
            9.5972445
          ],
          [
            76.4261048,
            9.5974966
          ],
          [
            76.4252489,
            9.5977838
          ]
        ]
      },
      "id": "way/986235075"
    },
    {
      "type": "Feature",
      "properties": {
        "@id": "way/987166967",
        "waterway": "canal"
      },
      "geometry": {
        "type": "LineString",
        "coordinates": [
          [
            76.4557847,
            9.5951667
          ],
          [
            76.4557725,
            9.5965476
          ],
          [
            76.4557484,
            9.5978673
          ],
          [
            76.4556964,
            9.5995092
          ],
          [
            76.4557994,
            9.600584
          ],
          [
            76.4556964,
            9.602412
          ],
          [
            76.4557087,
            9.6033232
          ],
          [
            76.4557098,
            9.6034044
          ],
          [
            76.4556535,
            9.6037671
          ],
          [
            76.4556735,
            9.6041809
          ],
          [
            76.4557009,
            9.6045783
          ],
          [
            76.4557019,
            9.6045927
          ],
          [
            76.4557833,
            9.605158
          ],
          [
            76.4559036,
            9.6056169
          ],
          [
            76.4559946,
            9.6060198
          ],
          [
            76.4560834,
            9.6064112
          ],
          [
            76.4562071,
            9.6068371
          ],
          [
            76.4563099,
            9.6073137
          ],
          [
            76.4563986,
            9.6076843
          ],
          [
            76.4565224,
            9.6079905
          ],
          [
            76.4566274,
            9.6083842
          ],
          [
            76.4567232,
            9.6087526
          ],
          [
            76.4568119,
            9.6091532
          ],
          [
            76.4569613,
            9.6096067
          ],
          [
            76.4571061,
            9.6100372
          ],
          [
            76.4572485,
            9.6104286
          ],
          [
            76.457468,
            9.6108499
          ],
          [
            76.4576502,
            9.6111883
          ],
          [
            76.4576941,
            9.6113659
          ],
          [
            76.4579709,
            9.6124402
          ],
          [
            76.4581938,
            9.6130993
          ],
          [
            76.4582303,
            9.6134444
          ]
        ]
      },
      "id": "way/987166967"
    },
    {
      "type": "Feature",
      "properties": {
        "@id": "way/987856387",
        "boat": "no",
        "name": "Meenachil River",
        "waterway": "river"
      },
      "geometry": {
        "type": "LineString",
        "coordinates": [
          [
            76.4909269,
            9.6160605
          ],
          [
            76.4893538,
            9.6162893
          ],
          [
            76.4880234,
            9.6164903
          ],
          [
            76.4872546,
            9.6161777
          ],
          [
            76.4867333,
            9.6159989
          ],
          [
            76.4863994,
            9.6158861
          ],
          [
            76.4861332,
            9.615741
          ],
          [
            76.4855845,
            9.6156674
          ],
          [
            76.4852693,
            9.615741
          ],
          [
            76.4851374,
            9.615845
          ],
          [
            76.4852125,
            9.6163422
          ],
          [
            76.4854485,
            9.61685
          ],
          [
            76.4857506,
            9.6170726
          ],
          [
            76.4859173,
            9.6174334
          ],
          [
            76.4859579,
            9.6179384
          ],
          [
            76.4859579,
            9.618223
          ],
          [
            76.4858522,
            9.6187481
          ],
          [
            76.4857343,
            9.6187882
          ],
          [
            76.4853643,
            9.6188563
          ],
          [
            76.4851042,
            9.6189766
          ],
          [
            76.4848277,
            9.6192812
          ],
          [
            76.4844659,
            9.6195057
          ],
          [
            76.4841488,
            9.6194897
          ],
          [
            76.4837991,
            9.6193293
          ],
          [
            76.4834422,
            9.6190925
          ],
          [
            76.4828307,
            9.6186377
          ],
          [
            76.4820475,
            9.6181934
          ],
          [
            76.4817471,
            9.6177914
          ],
          [
            76.481571,
            9.6176768
          ],
          [
            76.4812106,
            9.6174423
          ],
          [
            76.4804811,
            9.6171462
          ],
          [
            76.4800268,
            9.6172358
          ],
          [
            76.4796077,
            9.617514
          ],
          [
            76.4794721,
            9.6174897
          ],
          [
            76.479355,
            9.6173378
          ],
          [
            76.4791024,
            9.6170948
          ],
          [
            76.4788127,
            9.6169004
          ],
          [
            76.4783444,
            9.6160377
          ],
          [
            76.4776907,
            9.6148073
          ],
          [
            76.4773825,
            9.6147911
          ],
          [
            76.4772517,
            9.6147198
          ],
          [
            76.4770159,
            9.614485
          ],
          [
            76.4767567,
            9.6143583
          ],
          [
            76.476283,
            9.6142878
          ],
          [
            76.4753978,
            9.613907
          ],
          [
            76.4748936,
            9.6136531
          ],
          [
            76.4742066,
            9.6130953
          ],
          [
            76.4738529,
            9.6128492
          ],
          [
            76.4729838,
            9.612315
          ],
          [
            76.4726265,
            9.6123112
          ],
          [
            76.472324,
            9.6123344
          ],
          [
            76.4720258,
            9.6123831
          ],
          [
            76.4715408,
            9.6126814
          ],
          [
            76.4713641,
            9.6127316
          ],
          [
            76.4709534,
            9.6126805
          ],
          [
            76.4705677,
            9.6127992
          ],
          [
            76.4702421,
            9.6128062
          ],
          [
            76.4695731,
            9.612869
          ],
          [
            76.4693706,
            9.6127943
          ],
          [
            76.4692435,
            9.612757
          ],
          [
            76.4688464,
            9.6125962
          ],
          [
            76.4687417,
            9.6124443
          ],
          [
            76.4687109,
            9.6122802
          ],
          [
            76.4687447,
            9.6122013
          ],
          [
            76.4687109,
            9.6120767
          ],
          [
            76.468603,
            9.6119096
          ],
          [
            76.4685154,
            9.6119012
          ],
          [
            76.4682754,
            9.6115332
          ],
          [
            76.468161,
            9.6114618
          ],
          [
            76.4679602,
            9.6114641
          ],
          [
            76.4677828,
            9.6114825
          ],
          [
            76.467659,
            9.6115631
          ],
          [
            76.4675198,
            9.6117328
          ],
          [
            76.4672361,
            9.6119395
          ],
          [
            76.4671663,
            9.6117633
          ],
          [
            76.4670604,
            9.611384
          ],
          [
            76.4668694,
            9.6111195
          ],
          [
            76.4663909,
            9.6108747
          ],
          [
            76.4655878,
            9.6105645
          ],
          [
            76.4655591,
            9.6105626
          ],
          [
            76.4648889,
            9.6105192
          ],
          [
            76.4643138,
            9.6113824
          ],
          [
            76.4637222,
            9.6117139
          ],
          [
            76.4633923,
            9.6117807
          ],
          [
            76.4626557,
            9.6119322
          ],
          [
            76.4623574,
            9.6120837
          ],
          [
            76.4620275,
            9.6122085
          ],
          [
            76.4611553,
            9.6124624
          ],
          [
            76.4606841,
            9.6127564
          ],
          [
            76.4605553,
            9.6128304
          ],
          [
            76.4601583,
            9.6129891
          ],
          [
            76.4595468,
            9.6131954
          ],
          [
            76.4590881,
            9.6133012
          ],
          [
            76.4588336,
            9.6133838
          ],
          [
            76.4583143,
            9.6134557
          ],
          [
            76.4582303,
            9.6134444
          ],
          [
            76.4581081,
            9.613428
          ],
          [
            76.4571527,
            9.6134464
          ],
          [
            76.4564071,
            9.6134312
          ],
          [
            76.4554614,
            9.6134704
          ],
          [
            76.4549085,
            9.6135935
          ],
          [
            76.4541474,
            9.6138749
          ],
          [
            76.4538792,
            9.6139741
          ],
          [
            76.4531574,
            9.6144383
          ],
          [
            76.4526521,
            9.61456
          ],
          [
            76.4521122,
            9.61469
          ],
          [
            76.4511162,
            9.6151576
          ],
          [
            76.450797,
            9.6161229
          ],
          [
            76.4507192,
            9.6166624
          ],
          [
            76.450502,
            9.6170035
          ],
          [
            76.4503573,
            9.6170567
          ],
          [
            76.4499226,
            9.617067
          ],
          [
            76.4495525,
            9.616903
          ],
          [
            76.4490569,
            9.6165916
          ],
          [
            76.4490059,
            9.6165595
          ],
          [
            76.4485547,
            9.6163873
          ],
          [
            76.4480263,
            9.616353
          ],
          [
            76.4475623,
            9.6164023
          ],
          [
            76.4467764,
            9.6165182
          ],
          [
            76.4465172,
            9.6165622
          ],
          [
            76.4463728,
            9.6165867
          ],
          [
            76.4448611,
            9.616843
          ],
          [
            76.4447567,
            9.6168607
          ],
          [
            76.4440833,
            9.6169961
          ],
          [
            76.44339,
            9.6171354
          ],
          [
            76.4430906,
            9.6171956
          ],
          [
            76.4426646,
            9.6172812
          ],
          [
            76.4425004,
            9.6173357
          ],
          [
            76.441192,
            9.6177704
          ],
          [
            76.4404142,
            9.618257
          ],
          [
            76.4400279,
            9.6189128
          ],
          [
            76.4399636,
            9.6196692
          ],
          [
            76.4399751,
            9.6198019
          ],
          [
            76.4399904,
            9.6199786
          ],
          [
            76.440191,
            9.6201989
          ],
          [
            76.4407441,
            9.6204202
          ],
          [
            76.4413717,
            9.6205868
          ],
          [
            76.4415773,
            9.6209131
          ],
          [
            76.4417767,
            9.6212294
          ],
          [
            76.441825,
            9.6216287
          ],
          [
            76.4417198,
            9.6222271
          ],
          [
            76.441699,
            9.6223454
          ],
          [
            76.4414281,
            9.6231414
          ],
          [
            76.4407709,
            9.6251961
          ],
          [
            76.4406636,
            9.6254764
          ],
          [
            76.4404129,
            9.6257674
          ],
          [
            76.4400011,
            9.6261428
          ],
          [
            76.4396061,
            9.6263044
          ],
          [
            76.4393735,
            9.6263412
          ],
          [
            76.4390704,
            9.6262856
          ],
          [
            76.4387834,
            9.6261032
          ],
          [
            76.4385501,
            9.6257938
          ],
          [
            76.4382949,
            9.6255685
          ],
          [
            76.4381584,
            9.6255505
          ],
          [
            76.4379197,
            9.6256007
          ],
          [
            76.4369435,
            9.6261055
          ],
          [
            76.4364713,
            9.6263491
          ],
          [
            76.4353287,
            9.626714
          ],
          [
            76.4344516,
            9.6268939
          ],
          [
            76.4336765,
            9.6271213
          ],
          [
            76.4327699,
            9.6274677
          ],
          [
            76.4312169,
            9.6281447
          ],
          [
            76.4295405,
            9.6285784
          ],
          [
            76.429224,
            9.6286841
          ],
          [
            76.4291853,
            9.6287088
          ],
          [
            76.428996,
            9.62883
          ],
          [
            76.4287117,
            9.6292685
          ],
          [
            76.4283979,
            9.6300143
          ],
          [
            76.4281488,
            9.6302818
          ],
          [
            76.4279741,
            9.6304427
          ],
          [
            76.4268342,
            9.6310747
          ],
          [
            76.4235296,
            9.6328472
          ],
          [
            76.422886,
            9.6331003
          ],
          [
            76.4219767,
            9.6332828
          ],
          [
            76.4211908,
            9.6332616
          ],
          [
            76.4206249,
            9.6331256
          ],
          [
            76.420244,
            9.632939
          ],
          [
            76.4197049,
            9.6323228
          ],
          [
            76.4194125,
            9.6321483
          ],
          [
            76.4187393,
            9.6319394
          ],
          [
            76.4181989,
            9.631863
          ],
          [
            76.4178425,
            9.6319705
          ],
          [
            76.4174867,
            9.6327221
          ],
          [
            76.4173365,
            9.6350545
          ],
          [
            76.4174545,
            9.6371065
          ],
          [
            76.4183968,
            9.6418448
          ],
          [
            76.4185205,
            9.6423811
          ],
          [
            76.4188257,
            9.6440494
          ],
          [
            76.4190127,
            9.6454628
          ],
          [
            76.419438,
            9.6468476
          ],
          [
            76.419527,
            9.6471375
          ],
          [
            76.4200868,
            9.6504487
          ],
          [
            76.4203741,
            9.6521476
          ],
          [
            76.4204776,
            9.6543171
          ],
          [
            76.4203217,
            9.6558841
          ],
          [
            76.4197763,
            9.657021
          ],
          [
            76.4182987,
            9.658123
          ],
          [
            76.4167403,
            9.6591831
          ],
          [
            76.4151507,
            9.6601971
          ],
          [
            76.4124751,
            9.6618724
          ],
          [
            76.4117183,
            9.6623666
          ],
          [
            76.4108275,
            9.6629407
          ],
          [
            76.4100536,
            9.6635238
          ],
          [
            76.4094097,
            9.6638507
          ],
          [
            76.4081818,
            9.6647477
          ],
          [
            76.4058402,
            9.6659142
          ],
          [
            76.4024019,
            9.6666903
          ],
          [
            76.3990389,
            9.6676373
          ]
        ]
      },
      "id": "way/987856387"
    },
    {
      "type": "Feature",
      "properties": {
        "@id": "way/987873454",
        "name": "valiyapallom thodu",
        "waterway": "river"
      },
      "geometry": {
        "type": "LineString",
        "coordinates": [
          [
            76.4993423,
            9.5581209
          ],
          [
            76.499673,
            9.5578843
          ],
          [
            76.5014088,
            9.5563628
          ]
        ]
      },
      "id": "way/987873454"
    },
    {
      "type": "Feature",
      "properties": {
        "@id": "way/987873715",
        "name": "Kiliroor Thodu",
        "waterway": "river"
      },
      "geometry": {
        "type": "LineString",
        "coordinates": [
          [
            76.496982,
            9.5576977
          ],
          [
            76.4969968,
            9.5577001
          ],
          [
            76.4977202,
            9.5578164
          ],
          [
            76.4990924,
            9.558072
          ],
          [
            76.4993423,
            9.5581209
          ]
        ]
      },
      "id": "way/987873715"
    },
    {
      "type": "Feature",
      "properties": {
        "@id": "way/987873716",
        "name": "Kiliroor Thodu",
        "waterway": "river"
      },
      "geometry": {
        "type": "LineString",
        "coordinates": [
          [
            76.4924112,
            9.5607802
          ],
          [
            76.4927698,
            9.5605625
          ],
          [
            76.4930917,
            9.5600388
          ],
          [
            76.4932902,
            9.5591448
          ],
          [
            76.4934994,
            9.5589332
          ],
          [
            76.4936572,
            9.5589088
          ],
          [
            76.4942267,
            9.5591852
          ],
          [
            76.4943568,
            9.5591078
          ],
          [
            76.4946998,
            9.5586965
          ],
          [
            76.4950406,
            9.5583074
          ],
          [
            76.4955339,
            9.558062
          ],
          [
            76.4958724,
            9.5579313
          ],
          [
            76.4967517,
            9.5577195
          ],
          [
            76.4969968,
            9.5577001
          ]
        ]
      },
      "id": "way/987873716"
    },
    {
      "type": "Feature",
      "properties": {
        "@id": "way/987875980",
        "name": "Kiliroor Thodu",
        "waterway": "river"
      },
      "geometry": {
        "type": "LineString",
        "coordinates": [
          [
            76.4884794,
            9.5744189
          ],
          [
            76.4883936,
            9.5743392
          ],
          [
            76.4885537,
            9.5741294
          ],
          [
            76.4889597,
            9.5738311
          ],
          [
            76.4892232,
            9.5735289
          ],
          [
            76.489231,
            9.573117
          ],
          [
            76.4891237,
            9.5728148
          ],
          [
            76.4890456,
            9.5725472
          ],
          [
            76.4890397,
            9.5722238
          ],
          [
            76.4890319,
            9.5718851
          ],
          [
            76.4890905,
            9.5717927
          ],
          [
            76.4891542,
            9.5716938
          ],
          [
            76.4892974,
            9.5714712
          ],
          [
            76.4893794,
            9.571273
          ],
          [
            76.4893813,
            9.5710824
          ],
          [
            76.4892603,
            9.5707937
          ],
          [
            76.489107,
            9.5704251
          ],
          [
            76.4891124,
            9.5701342
          ],
          [
            76.4892304,
            9.5698909
          ],
          [
            76.4894128,
            9.5694783
          ],
          [
            76.4894387,
            9.5692441
          ],
          [
            76.4894526,
            9.5691178
          ],
          [
            76.489721,
            9.568019
          ],
          [
            76.4896913,
            9.5676174
          ],
          [
            76.4890956,
            9.5668826
          ],
          [
            76.4889895,
            9.5666101
          ],
          [
            76.4889919,
            9.5663807
          ],
          [
            76.4891556,
            9.5661419
          ],
          [
            76.4894986,
            9.5657331
          ],
          [
            76.4897678,
            9.5649063
          ],
          [
            76.4903785,
            9.5646198
          ],
          [
            76.4905094,
            9.5644171
          ],
          [
            76.4905602,
            9.5640269
          ],
          [
            76.4906015,
            9.5635936
          ],
          [
            76.4907579,
            9.5631124
          ],
          [
            76.4909686,
            9.5629415
          ],
          [
            76.4912847,
            9.5628879
          ],
          [
            76.4917367,
            9.5628611
          ],
          [
            76.4919916,
            9.5626432
          ],
          [
            76.4921649,
            9.5622981
          ],
          [
            76.4921853,
            9.561973
          ],
          [
            76.4920902,
            9.5614267
          ],
          [
            76.4921548,
            9.5610614
          ],
          [
            76.492331,
            9.5608682
          ],
          [
            76.4924112,
            9.5607802
          ]
        ]
      },
      "id": "way/987875980"
    },
    {
      "type": "Feature",
      "properties": {
        "@id": "way/987876286",
        "name": "Kiliroor Thodu",
        "waterway": "river"
      },
      "geometry": {
        "type": "LineString",
        "coordinates": [
          [
            76.4903049,
            9.5800666
          ],
          [
            76.4903803,
            9.5799119
          ],
          [
            76.4904421,
            9.5796579
          ],
          [
            76.4903288,
            9.5794268
          ],
          [
            76.4900557,
            9.5792389
          ],
          [
            76.4895638,
            9.579155
          ],
          [
            76.4890409,
            9.5790433
          ],
          [
            76.4887859,
            9.5788655
          ],
          [
            76.4887628,
            9.5785658
          ],
          [
            76.4887576,
            9.5784846
          ],
          [
            76.4888735,
            9.5782611
          ],
          [
            76.4890229,
            9.578096
          ],
          [
            76.4892959,
            9.5780147
          ],
          [
            76.4898523,
            9.5781087
          ],
          [
            76.4903416,
            9.5782357
          ],
          [
            76.4905297,
            9.5782128
          ],
          [
            76.4905451,
            9.5780071
          ],
          [
            76.4904756,
            9.5775982
          ],
          [
            76.4904009,
            9.5774026
          ],
          [
            76.4901691,
            9.5767524
          ],
          [
            76.4899976,
            9.5763915
          ],
          [
            76.4899599,
            9.5762808
          ],
          [
            76.4895308,
            9.5757519
          ],
          [
            76.4889741,
            9.5751596
          ],
          [
            76.4887154,
            9.5748844
          ],
          [
            76.4884794,
            9.5744189
          ]
        ]
      },
      "id": "way/987876286"
    },
    {
      "type": "Feature",
      "properties": {
        "@id": "way/1031072710",
        "name": "valiyapallom thodu",
        "waterway": "river"
      },
      "geometry": {
        "type": "LineString",
        "coordinates": [
          [
            76.4632093,
            9.5290882
          ],
          [
            76.4606287,
            9.5290055
          ],
          [
            76.4565183,
            9.5288737
          ],
          [
            76.4543444,
            9.528804
          ],
          [
            76.4541597,
            9.5287981
          ],
          [
            76.4480179,
            9.5286011
          ],
          [
            76.4431362,
            9.5284446
          ],
          [
            76.4419365,
            9.5284061
          ],
          [
            76.437573,
            9.5282662
          ],
          [
            76.4360894,
            9.5282186
          ],
          [
            76.436035,
            9.5282168
          ],
          [
            76.4360001,
            9.5282121
          ],
          [
            76.43534,
            9.5281932
          ],
          [
            76.4346742,
            9.5281732
          ],
          [
            76.4345193,
            9.5281682
          ],
          [
            76.4202496,
            9.5277119
          ],
          [
            76.4054643,
            9.5272611
          ],
          [
            76.3843377,
            9.5266975
          ],
          [
            76.3833281,
            9.5266684
          ],
          [
            76.3753223,
            9.5269459
          ]
        ]
      },
      "id": "way/1031072710"
    },
    {
      "type": "Feature",
      "properties": {
        "@id": "way/1031072714",
        "name": "valiyapallom thodu",
        "waterway": "river"
      },
      "geometry": {
        "type": "LineString",
        "coordinates": [
          [
            76.5018006,
            9.5560194
          ],
          [
            76.5021268,
            9.5551277
          ],
          [
            76.5017734,
            9.5545345
          ],
          [
            76.5018617,
            9.5536966
          ],
          [
            76.5022084,
            9.5530531
          ],
          [
            76.502827,
            9.5527816
          ],
          [
            76.504098,
            9.5525202
          ],
          [
            76.5052298,
            9.5522387
          ],
          [
            76.5059924,
            9.5517657
          ],
          [
            76.5060897,
            9.5517232
          ],
          [
            76.5061847,
            9.5516132
          ],
          [
            76.5075613,
            9.5500196
          ],
          [
            76.5076432,
            9.5499248
          ],
          [
            76.507373,
            9.5485261
          ],
          [
            76.5069884,
            9.5476705
          ],
          [
            76.5059208,
            9.5452956
          ],
          [
            76.5059177,
            9.5452744
          ],
          [
            76.5053448,
            9.541371
          ],
          [
            76.5051778,
            9.5402333
          ],
          [
            76.5049384,
            9.5354233
          ],
          [
            76.5049076,
            9.5348046
          ],
          [
            76.5038607,
            9.5331726
          ],
          [
            76.5024164,
            9.5314452
          ],
          [
            76.5022734,
            9.5312742
          ],
          [
            76.5006185,
            9.5300307
          ],
          [
            76.5001458,
            9.5296755
          ],
          [
            76.5000303,
            9.5296739
          ],
          [
            76.4845775,
            9.5294566
          ],
          [
            76.4795276,
            9.5293856
          ],
          [
            76.4790027,
            9.5293782
          ],
          [
            76.4669819,
            9.5292092
          ],
          [
            76.4650899,
            9.5291474
          ]
        ]
      },
      "id": "way/1031072714"
    },
    {
      "type": "Feature",
      "properties": {
        "@id": "way/1031559246",
        "name": "Pamba",
        "waterway": "river"
      },
      "geometry": {
        "type": "LineString",
        "coordinates": [
          [
            76.380584,
            9.5178624
          ],
          [
            76.3818213,
            9.5169879
          ],
          [
            76.3826532,
            9.5163999
          ],
          [
            76.3834663,
            9.5152933
          ],
          [
            76.3834988,
            9.5120856
          ],
          [
            76.3834337,
            9.5097119
          ],
          [
            76.3826369,
            9.5059589
          ],
          [
            76.3822466,
            9.504307
          ],
          [
            76.3823279,
            9.503088
          ],
          [
            76.3826994,
            9.5025271
          ],
          [
            76.3836452,
            9.5010992
          ],
          [
            76.3849461,
            9.497731
          ],
          [
            76.3853039,
            9.4960149
          ],
          [
            76.3850762,
            9.4941543
          ],
          [
            76.3849298,
            9.4920692
          ],
          [
            76.3850925,
            9.4895511
          ],
          [
            76.384816,
            9.4877226
          ],
          [
            76.3850112,
            9.4865357
          ],
          [
            76.3852551,
            9.4855573
          ],
          [
            76.3863446,
            9.4831994
          ],
          [
            76.3874016,
            9.4805048
          ],
          [
            76.3876456,
            9.4784677
          ],
          [
            76.3872065,
            9.4746983
          ],
          [
            76.3868975,
            9.4733189
          ],
          [
            76.3870439,
            9.4714903
          ],
          [
            76.3873691,
            9.4693088
          ],
          [
            76.3892555,
            9.4664536
          ],
          [
            76.3930608,
            9.463406
          ],
          [
            76.3959879,
            9.4597808
          ],
          [
            76.3978255,
            9.4576153
          ],
          [
            76.3978743,
            9.457118
          ],
          [
            76.3975816,
            9.4548723
          ],
          [
            76.3979231,
            9.4536852
          ],
          [
            76.3983947,
            9.4529955
          ],
          [
            76.3990736,
            9.4522897
          ],
          [
            76.3999233,
            9.4517723
          ],
          [
            76.4007648,
            9.4514876
          ],
          [
            76.401456,
            9.4514395
          ],
          [
            76.4030293,
            9.4514796
          ],
          [
            76.4043547,
            9.4514114
          ],
          [
            76.4052613,
            9.4512871
          ],
          [
            76.4056759,
            9.4513713
          ],
          [
            76.4063345,
            9.4518325
          ],
          [
            76.4073468,
            9.4525303
          ],
          [
            76.4086519,
            9.4531559
          ],
          [
            76.4090843,
            9.4533327
          ]
        ]
      },
      "id": "way/1031559246"
    },
    {
      "type": "Feature",
      "properties": {
        "@id": "way/1033126447",
        "waterway": "canal"
      },
      "geometry": {
        "type": "LineString",
        "coordinates": [
          [
            76.4025043,
            9.4842955
          ],
          [
            76.4026949,
            9.485132
          ],
          [
            76.4026928,
            9.485671
          ],
          [
            76.4025483,
            9.4858132
          ],
          [
            76.402565,
            9.4863459
          ],
          [
            76.4025994,
            9.4874432
          ],
          [
            76.4024024,
            9.4879938
          ],
          [
            76.4021218,
            9.4887828
          ],
          [
            76.4021964,
            9.4893952
          ],
          [
            76.402074,
            9.4895513
          ],
          [
            76.4018082,
            9.4896967
          ],
          [
            76.4017724,
            9.489875
          ],
          [
            76.4019737,
            9.4906214
          ],
          [
            76.4022667,
            9.4913829
          ],
          [
            76.4024229,
            9.492075
          ],
          [
            76.4026237,
            9.4928427
          ],
          [
            76.4027929,
            9.4936415
          ],
          [
            76.4029539,
            9.494425
          ]
        ]
      },
      "id": "way/1033126447"
    },
    {
      "type": "Feature",
      "properties": {
        "@id": "way/1096491416",
        "direction": "unknown",
        "waterway": "canal"
      },
      "geometry": {
        "type": "LineString",
        "coordinates": [
          [
            76.4662088,
            9.5632452
          ],
          [
            76.4663971,
            9.5632125
          ],
          [
            76.4669876,
            9.5633152
          ],
          [
            76.4700892,
            9.5641395
          ],
          [
            76.4716435,
            9.5645526
          ],
          [
            76.4744146,
            9.5653121
          ],
          [
            76.4756793,
            9.5656488
          ],
          [
            76.4767074,
            9.5659225
          ],
          [
            76.4772874,
            9.5660769
          ],
          [
            76.4796883,
            9.5666756
          ],
          [
            76.4855112,
            9.5681935
          ],
          [
            76.4862221,
            9.5683746
          ],
          [
            76.4877772,
            9.5687706
          ],
          [
            76.4882987,
            9.5689078
          ],
          [
            76.4894387,
            9.5692441
          ]
        ]
      },
      "id": "way/1096491416"
    },
    {
      "type": "Feature",
      "properties": {
        "@id": "way/1100896882",
        "waterway": "canal"
      },
      "geometry": {
        "type": "LineString",
        "coordinates": [
          [
            76.4795276,
            9.5293856
          ],
          [
            76.4798554,
            9.5238484
          ],
          [
            76.480171,
            9.5160073
          ],
          [
            76.4802559,
            9.5138644
          ],
          [
            76.4804563,
            9.5095723
          ],
          [
            76.4805371,
            9.5083131
          ],
          [
            76.480586,
            9.5075504
          ],
          [
            76.4796778,
            9.5058868
          ],
          [
            76.477978,
            9.5046327
          ],
          [
            76.4763302,
            9.5023677
          ],
          [
            76.4756814,
            9.5014463
          ],
          [
            76.4740985,
            9.5020477
          ]
        ]
      },
      "id": "way/1100896882"
    },
    {
      "type": "Feature",
      "properties": {
        "@id": "way/1100966865",
        "bicycle": "yes",
        "boat": "yes",
        "foot": "yes",
        "horse": "yes",
        "maxspeed": "40 mph",
        "motor_vehicle": "yes",
        "motorboat": "yes",
        "motorcar": "yes",
        "public_transport": "2",
        "route": "ferry",
        "type": "route"
      },
      "geometry": {
        "type": "LineString",
        "coordinates": [
          [
            76.3935828,
            9.515146
          ],
          [
            76.3935827,
            9.5152223
          ],
          [
            76.3936464,
            9.515521
          ],
          [
            76.3922199,
            9.5160869
          ],
          [
            76.3900601,
            9.5166292
          ],
          [
            76.3866651,
            9.517258
          ],
          [
            76.385111,
            9.5174781
          ],
          [
            76.3839554,
            9.5176746
          ],
          [
            76.3834454,
            9.5180518
          ],
          [
            76.3833338,
            9.5183348
          ],
          [
            76.3831585,
            9.5223748
          ],
          [
            76.3830947,
            9.5233808
          ],
          [
            76.3829831,
            9.5256916
          ],
          [
            76.3829615,
            9.5263917
          ],
          [
            76.3828875,
            9.5287883
          ],
          [
            76.3828317,
            9.5309025
          ],
          [
            76.3826883,
            9.532836
          ],
          [
            76.3826883,
            9.5334726
          ],
          [
            76.3825802,
            9.5337484
          ],
          [
            76.3829596,
            9.5338575
          ],
          [
            76.3824688,
            9.5338728
          ],
          [
            76.3822978,
            9.5339834
          ],
          [
            76.3815158,
            9.534154
          ],
          [
            76.3804329,
            9.5340227
          ],
          [
            76.3793649,
            9.5336376
          ],
          [
            76.378576,
            9.5332604
          ],
          [
            76.3772211,
            9.532608
          ],
          [
            76.375352,
            9.5319451
          ]
        ]
      },
      "id": "way/1100966865"
    },
    {
      "type": "Feature",
      "properties": {
        "@id": "way/1100966866",
        "name": "Manimalayar",
        "waterway": "river"
      },
      "geometry": {
        "type": "LineString",
        "coordinates": [
          [
            76.375352,
            9.5319451
          ],
          [
            76.3753618,
            9.5338166
          ],
          [
            76.375408,
            9.5418435
          ],
          [
            76.3778113,
            9.5565711
          ],
          [
            76.3834761,
            9.5699439
          ],
          [
            76.3877676,
            9.5850088
          ],
          [
            76.3910293,
            9.5991421
          ],
          [
            76.3925742,
            9.6135287
          ],
          [
            76.3946342,
            9.6279993
          ],
          [
            76.396766,
            9.651339
          ],
          [
            76.3990389,
            9.6676373
          ],
          [
            76.3996732,
            9.6738339
          ]
        ]
      },
      "id": "way/1100966866"
    },
    {
      "type": "Feature",
      "properties": {
        "@id": "way/1280536040",
        "waterway": "canal"
      },
      "geometry": {
        "type": "LineString",
        "coordinates": [
          [
            76.440904,
            9.4931217
          ],
          [
            76.4396861,
            9.4951652
          ],
          [
            76.4349531,
            9.5086216
          ],
          [
            76.4383237,
            9.5153475
          ]
        ]
      },
      "id": "way/1280536040"
    },
    {
      "type": "Feature",
      "properties": {
        "@id": "way/52095843",
        "boat": "yes",
        "name": "Meenachil",
        "waterway": "river",
        "wikidata": "Q3533712"
      },
      "geometry": {
        "type": "LineString",
        "coordinates": [
          [
            76.4924619,
            9.6251989
          ],
          [
            76.4922536,
            9.6255199
          ],
          [
            76.4917195,
            9.6260212
          ],
          [
            76.4914061,
            9.6263239
          ],
          [
            76.490891,
            9.6267893
          ],
          [
            76.4903489,
            9.6267153
          ],
          [
            76.4900381,
            9.6266729
          ],
          [
            76.4892388,
            9.6260647
          ],
          [
            76.4884717,
            9.6255411
          ],
          [
            76.4881682,
            9.6254553
          ],
          [
            76.4879191,
            9.6254141
          ],
          [
            76.4876885,
            9.6256997
          ],
          [
            76.4875114,
            9.6271278
          ],
          [
            76.487254,
            9.6274345
          ],
          [
            76.4872011,
            9.6274567
          ],
          [
            76.4866746,
            9.6276778
          ],
          [
            76.4860508,
            9.6278889
          ],
          [
            76.4859605,
            9.6279231
          ],
          [
            76.4857927,
            9.6282562
          ],
          [
            76.4857507,
            9.6288382
          ],
          [
            76.4857093,
            9.6291059
          ],
          [
            76.485473,
            9.6295924
          ],
          [
            76.4851467,
            9.6298403
          ],
          [
            76.4845932,
            9.6292962
          ],
          [
            76.4842468,
            9.6290649
          ],
          [
            76.4841051,
            9.6290106
          ],
          [
            76.4839679,
            9.6289962
          ],
          [
            76.4836678,
            9.6290608
          ],
          [
            76.4824015,
            9.6294246
          ],
          [
            76.4819673,
            9.6296347
          ],
          [
            76.4813635,
            9.6299799
          ],
          [
            76.4811546,
            9.6300658
          ],
          [
            76.4809638,
            9.6300989
          ],
          [
            76.4807496,
            9.6300896
          ],
          [
            76.4801913,
            9.6299217
          ],
          [
            76.4800523,
            9.6299044
          ],
          [
            76.4799392,
            9.6299323
          ],
          [
            76.4798239,
            9.6300196
          ],
          [
            76.4797773,
            9.6301219
          ],
          [
            76.479612,
            9.6305511
          ],
          [
            76.4795396,
            9.6306754
          ],
          [
            76.4794039,
            9.6308061
          ],
          [
            76.4785525,
            9.6313761
          ],
          [
            76.4780057,
            9.6316947
          ],
          [
            76.4775041,
            9.631975
          ],
          [
            76.4769271,
            9.6323599
          ],
          [
            76.47678,
            9.6324166
          ],
          [
            76.4766673,
            9.6324034
          ],
          [
            76.4759213,
            9.6321959
          ],
          [
            76.4757201,
            9.6321457
          ],
          [
            76.4754412,
            9.6321668
          ],
          [
            76.4751679,
            9.6322077
          ],
          [
            76.4748085,
            9.6323294
          ],
          [
            76.4745614,
            9.6323972
          ],
          [
            76.4742521,
            9.632482
          ],
          [
            76.4738104,
            9.6326031
          ],
          [
            76.4732207,
            9.6327233
          ],
          [
            76.4710534,
            9.633083
          ],
          [
            76.4708478,
            9.6330918
          ],
          [
            76.4704477,
            9.6331088
          ],
          [
            76.4695621,
            9.6331465
          ],
          [
            76.4681995,
            9.6332628
          ],
          [
            76.4676405,
            9.6333171
          ],
          [
            76.467185,
            9.6333068
          ],
          [
            76.46644,
            9.6333686
          ],
          [
            76.4647127,
            9.633432
          ],
          [
            76.4639402,
            9.6332703
          ],
          [
            76.4624382,
            9.6330377
          ],
          [
            76.4610434,
            9.6329984
          ],
          [
            76.4601851,
            9.6329137
          ],
          [
            76.4590264,
            9.6325858
          ],
          [
            76.4583594,
            9.6323947
          ],
          [
            76.4582576,
            9.6323656
          ],
          [
            76.4577711,
            9.6322262
          ],
          [
            76.4572299,
            9.6321581
          ],
          [
            76.4568781,
            9.6321534
          ],
          [
            76.4559186,
            9.6319731
          ],
          [
            76.4556127,
            9.6319496
          ],
          [
            76.454928,
            9.6320464
          ],
          [
            76.4542453,
            9.632199
          ],
          [
            76.4533468,
            9.6325926
          ],
          [
            76.4523209,
            9.633083
          ],
          [
            76.4516805,
            9.6333029
          ],
          [
            76.4511085,
            9.6332099
          ],
          [
            76.4505613,
            9.6332099
          ],
          [
            76.4489306,
            9.6334638
          ],
          [
            76.4486087,
            9.6343734
          ],
          [
            76.4477075,
            9.6348917
          ],
          [
            76.4470315,
            9.6351562
          ],
          [
            76.4466024,
            9.6352196
          ],
          [
            76.4460552,
            9.635135
          ],
          [
            76.4454008,
            9.6350398
          ],
          [
            76.4448318,
            9.6351127
          ],
          [
            76.4441505,
            9.6352766
          ],
          [
            76.4431447,
            9.6356442
          ],
          [
            76.4419752,
            9.636062
          ],
          [
            76.4414173,
            9.6360541
          ],
          [
            76.4405621,
            9.6359072
          ],
          [
            76.4401379,
            9.6358557
          ],
          [
            76.4394084,
            9.6359509
          ],
          [
            76.4374959,
            9.6365195
          ],
          [
            76.4329952,
            9.6374609
          ],
          [
            76.4325499,
            9.6378205
          ],
          [
            76.4311529,
            9.6384881
          ],
          [
            76.4311205,
            9.6384948
          ],
          [
            76.428063,
            9.6391227
          ],
          [
            76.4243106,
            9.640367
          ],
          [
            76.4192042,
            9.6413274
          ],
          [
            76.4183968,
            9.6418448
          ]
        ]
      },
      "id": "way/52095843"
    },
    {
      "type": "Feature",
      "properties": {
        "@id": "way/52136300",
        "boat": "yes",
        "waterway": "river"
      },
      "geometry": {
        "type": "LineString",
        "coordinates": [
          [
            76.5108651,
            9.6052139
          ],
          [
            76.5108934,
            9.6055932
          ],
          [
            76.5107207,
            9.6062687
          ],
          [
            76.5100515,
            9.6069802
          ],
          [
            76.5095285,
            9.6071874
          ],
          [
            76.5089868,
            9.6073347
          ],
          [
            76.5081602,
            9.6074821
          ],
          [
            76.5075204,
            9.6076801
          ],
          [
            76.5067685,
            9.6081451
          ],
          [
            76.5060167,
            9.6089555
          ],
          [
            76.5055123,
            9.6091397
          ],
          [
            76.5049192,
            9.6091443
          ],
          [
            76.5045269,
            9.6090338
          ],
          [
            76.504102,
            9.6087759
          ],
          [
            76.5035696,
            9.6084674
          ],
          [
            76.5028317,
            9.6082833
          ],
          [
            76.5018158,
            9.6081834
          ],
          [
            76.5012364,
            9.6078343
          ],
          [
            76.5003674,
            9.6072525
          ],
          [
            76.4989941,
            9.6065755
          ],
          [
            76.4987795,
            9.6068929
          ],
          [
            76.4987151,
            9.607517
          ],
          [
            76.4977281,
            9.607517
          ],
          [
            76.4967839,
            9.6077814
          ],
          [
            76.4960082,
            9.6078056
          ],
          [
            76.495227,
            9.607479
          ],
          [
            76.4944063,
            9.6073415
          ],
          [
            76.4942869,
            9.6076979
          ],
          [
            76.4942994,
            9.6078602
          ],
          [
            76.4943111,
            9.6084182
          ],
          [
            76.4941552,
            9.6089681
          ],
          [
            76.4940758,
            9.6091607
          ],
          [
            76.4940638,
            9.6093673
          ],
          [
            76.4937738,
            9.6101002
          ],
          [
            76.4937663,
            9.6102584
          ],
          [
            76.4937325,
            9.6106651
          ],
          [
            76.4934407,
            9.6113719
          ],
          [
            76.4930759,
            9.6123133
          ],
          [
            76.4922873,
            9.6129639
          ],
          [
            76.4914988,
            9.6135457
          ],
          [
            76.4913891,
            9.6138931
          ],
          [
            76.4912681,
            9.614265
          ],
          [
            76.4910964,
            9.614707
          ],
          [
            76.4908818,
            9.6153017
          ],
          [
            76.4909269,
            9.6160605
          ],
          [
            76.4913708,
            9.616247
          ],
          [
            76.4920468,
            9.6170721
          ],
          [
            76.4923257,
            9.6174529
          ],
          [
            76.4924974,
            9.618278
          ],
          [
            76.4928729,
            9.6189973
          ],
          [
            76.4929224,
            9.6190697
          ],
          [
            76.4932055,
            9.6194839
          ],
          [
            76.4930124,
            9.6205734
          ],
          [
            76.4927227,
            9.620859
          ],
          [
            76.4918429,
            9.6211658
          ],
          [
            76.491564,
            9.6222342
          ],
          [
            76.4918,
            9.622689
          ],
          [
            76.4922613,
            9.622964
          ],
          [
            76.4924223,
            9.6240007
          ],
          [
            76.4924812,
            9.6244134
          ],
          [
            76.492492,
            9.6247517
          ],
          [
            76.4924619,
            9.6251989
          ]
        ]
      },
      "id": "way/52136300"
    },
    {
      "type": "Feature",
      "properties": {
        "@id": "way/884091188",
        "boat": "no",
        "waterway": "canal"
      },
      "geometry": {
        "type": "LineString",
        "coordinates": [
          [
            76.4924619,
            9.6251989
          ],
          [
            76.4925135,
            9.6253414
          ],
          [
            76.4931196,
            9.6261268
          ],
          [
            76.4934737,
            9.6271317
          ],
          [
            76.4931304,
            9.6279039
          ],
          [
            76.4931123,
            9.6288499
          ],
          [
            76.4931089,
            9.6290251
          ],
          [
            76.4926368,
            9.6297973
          ],
          [
            76.4923901,
            9.6305377
          ],
          [
            76.4920575,
            9.6316484
          ],
          [
            76.4918107,
            9.6329494
          ],
          [
            76.4914574,
            9.6338694
          ],
          [
            76.4913923,
            9.6340389
          ],
          [
            76.4913342,
            9.6341233
          ],
          [
            76.4910061,
            9.6345995
          ],
          [
            76.4902391,
            9.6349667
          ],
          [
            76.4898795,
            9.6351389
          ],
          [
            76.4883024,
            9.6354457
          ],
          [
            76.4870042,
            9.6356995
          ],
          [
            76.4852864,
            9.6360864
          ],
          [
            76.4843864,
            9.6364505
          ],
          [
            76.4833993,
            9.6372121
          ],
          [
            76.4821655,
            9.6378468
          ],
          [
            76.4815003,
            9.6384603
          ],
          [
            76.4802987,
            9.6393488
          ],
          [
            76.4792151,
            9.6401844
          ],
          [
            76.4788595,
            9.6406849
          ],
          [
            76.4786143,
            9.6414854
          ],
          [
            76.4785606,
            9.6423527
          ],
          [
            76.4784211,
            9.6433364
          ],
          [
            76.4785614,
            9.6444399
          ]
        ]
      },
      "id": "way/884091188"
    },
    {
      "type": "Feature",
      "properties": {
        "@id": "way/856806122",
        "waterway": "stream"
      },
      "geometry": {
        "type": "LineString",
        "coordinates": [
          [
            76.441551,
            9.5703226
          ],
          [
            76.4416031,
            9.5700216
          ],
          [
            76.4414317,
            9.5684867
          ],
          [
            76.4413599,
            9.5678678
          ],
          [
            76.4412449,
            9.5668755
          ],
          [
            76.4408093,
            9.5638058
          ],
          [
            76.4406367,
            9.5621395
          ],
          [
            76.4403404,
            9.5604733
          ],
          [
            76.4404387,
            9.5603918
          ],
          [
            76.4408331,
            9.5552478
          ]
        ]
      },
      "id": "way/856806122"
    },
    {
      "type": "Feature",
      "properties": {
        "@id": "way/884025419",
        "waterway": "stream"
      },
      "geometry": {
        "type": "LineString",
        "coordinates": [
          [
            76.4865116,
            9.5368106
          ],
          [
            76.4815253,
            9.5376205
          ],
          [
            76.4772258,
            9.5383189
          ],
          [
            76.4677337,
            9.5415749
          ],
          [
            76.4656459,
            9.5422093
          ],
          [
            76.4656519,
            9.5423642
          ],
          [
            76.4660222,
            9.5519889
          ],
          [
            76.4660822,
            9.554243
          ],
          [
            76.4661678,
            9.5574592
          ],
          [
            76.4661841,
            9.5613385
          ],
          [
            76.4662088,
            9.5632452
          ]
        ]
      },
      "id": "way/884025419"
    },
    {
      "type": "Feature",
      "properties": {
        "@id": "way/884025528",
        "waterway": "stream"
      },
      "geometry": {
        "type": "LineString",
        "coordinates": [
          [
            76.46509,
            9.5291489
          ],
          [
            76.4651497,
            9.5314221
          ],
          [
            76.4652824,
            9.5343211
          ],
          [
            76.4652416,
            9.5357908
          ]
        ]
      },
      "id": "way/884025528"
    },
    {
      "type": "Feature",
      "properties": {
        "@id": "way/884027130",
        "waterway": "stream"
      },
      "geometry": {
        "type": "LineString",
        "coordinates": [
          [
            76.4427169,
            9.5498739
          ],
          [
            76.437296,
            9.5520082
          ],
          [
            76.4354895,
            9.5530066
          ]
        ]
      },
      "id": "way/884027130"
    },
    {
      "type": "Feature",
      "properties": {
        "@id": "way/884317669",
        "waterway": "stream"
      },
      "geometry": {
        "type": "LineString",
        "coordinates": [
          [
            76.4652416,
            9.5357908
          ],
          [
            76.4654176,
            9.5385848
          ],
          [
            76.4656459,
            9.5422093
          ],
          [
            76.4627387,
            9.5429873
          ],
          [
            76.456988,
            9.5450081
          ],
          [
            76.4540894,
            9.5460397
          ]
        ]
      },
      "id": "way/884317669"
    },
    {
      "type": "Feature",
      "properties": {
        "@id": "way/989847214",
        "waterway": "stream"
      },
      "geometry": {
        "type": "LineString",
        "coordinates": [
          [
            76.4845775,
            9.5294566
          ],
          [
            76.4857778,
            9.5299124
          ],
          [
            76.4863142,
            9.5308647
          ],
          [
            76.4886531,
            9.5321344
          ],
          [
            76.4913568,
            9.5324941
          ],
          [
            76.4960412,
            9.5313726
          ],
          [
            76.4964901,
            9.5312531
          ],
          [
            76.497393,
            9.5310128
          ],
          [
            76.5006185,
            9.5300307
          ]
        ]
      },
      "id": "way/989847214"
    },
    {
      "type": "Feature",
      "properties": {
        "@id": "way/989847505",
        "waterway": "stream"
      },
      "geometry": {
        "type": "LineString",
        "coordinates": [
          [
            76.4964901,
            9.5312531
          ],
          [
            76.4960018,
            9.5316605
          ],
          [
            76.4941331,
            9.5324982
          ],
          [
            76.4926874,
            9.5329562
          ],
          [
            76.4910453,
            9.5334728
          ],
          [
            76.4904648,
            9.5340731
          ],
          [
            76.4899269,
            9.5349387
          ],
          [
            76.4895871,
            9.5356507
          ],
          [
            76.4885678,
            9.5361673
          ],
          [
            76.4865116,
            9.5368106
          ]
        ]
      },
      "id": "way/989847505"
    },
    {
      "type": "Feature",
      "properties": {
        "@id": "way/1031072715",
        "waterway": "stream"
      },
      "geometry": {
        "type": "LineString",
        "coordinates": [
          [
            76.4650899,
            9.5291474
          ],
          [
            76.46509,
            9.5291489
          ],
          [
            76.4632093,
            9.5290882
          ]
        ]
      },
      "id": "way/1031072715"
    },
    {
      "type": "Feature",
      "properties": {
        "@id": "way/1031077625",
        "waterway": "stream"
      },
      "geometry": {
        "type": "LineString",
        "coordinates": [
          [
            76.4540894,
            9.5460397
          ],
          [
            76.4521566,
            9.5466857
          ],
          [
            76.4494842,
            9.5475789
          ],
          [
            76.4459648,
            9.5487724
          ],
          [
            76.4427169,
            9.5498739
          ]
        ]
      },
      "id": "way/1031077625"
    },
    {
      "type": "Feature",
      "properties": {
        "@id": "way/1037320215",
        "waterway": "canal"
      },
      "geometry": {
        "type": "LineString",
        "coordinates": [
          [
            76.4427236,
            9.490548
          ],
          [
            76.440904,
            9.4931217
          ],
          [
            76.4296602,
            9.4960635
          ],
          [
            76.4231671,
            9.4980107
          ]
        ]
      },
      "id": "way/1037320215"
    },
    {
      "type": "Feature",
      "properties": {
        "@id": "way/428709799",
        "bicycle": "yes",
        "duration": "40",
        "foot": "yes",
        "from": "Kumarakom Boat Jetty",
        "horse": "yes",
        "maxspeed": "40 mph",
        "motor_vehicle": "yes",
        "motorboat": "yes",
        "motorcar": "yes",
        "name": "Muhamma - Kumarakom",
        "operator": "Kerala State Water Transport Department",
        "route": "ferry",
        "to": "Muhamma Boat Jetty",
        "toll": "no"
      },
      "geometry": {
        "type": "LineString",
        "coordinates": [
          [
            76.4304857,
            9.5964495
          ],
          [
            76.4303613,
            9.5964957
          ],
          [
            76.4302698,
            9.5965231
          ],
          [
            76.4301982,
            9.5965446
          ],
          [
            76.4301647,
            9.5965546
          ],
          [
            76.4301241,
            9.5965668
          ],
          [
            76.4300621,
            9.5965854
          ],
          [
            76.4299806,
            9.5965941
          ],
          [
            76.4295912,
            9.5966357
          ],
          [
            76.4295502,
            9.5966315
          ],
          [
            76.4293364,
            9.5966097
          ],
          [
            76.429295,
            9.5966055
          ],
          [
            76.4292499,
            9.5965935
          ],
          [
            76.428926,
            9.5965072
          ],
          [
            76.4284625,
            9.5965749
          ],
          [
            76.4282837,
            9.5966898
          ],
          [
            76.4280676,
            9.5968287
          ],
          [
            76.4280436,
            9.5968381
          ],
          [
            76.4280118,
            9.5968507
          ],
          [
            76.427572,
            9.5970238
          ],
          [
            76.4270112,
            9.5972445
          ],
          [
            76.4261048,
            9.5974966
          ],
          [
            76.4252489,
            9.5977838
          ],
          [
            76.4239863,
            9.5981413
          ],
          [
            76.4225437,
            9.5985725
          ],
          [
            76.4194407,
            9.5993097
          ],
          [
            76.4156727,
            9.5997971
          ],
          [
            76.412042,
            9.6002305
          ],
          [
            76.4082636,
            9.6007574
          ],
          [
            76.4029462,
            9.6013439
          ],
          [
            76.3960714,
            9.6022325
          ],
          [
            76.3902832,
            9.6028644
          ],
          [
            76.3837711,
            9.6034447
          ],
          [
            76.3772805,
            9.6038949
          ],
          [
            76.3723582,
            9.6041846
          ],
          [
            76.3682629,
            9.6046575
          ],
          [
            76.3659902,
            9.6050311
          ],
          [
            76.3658903,
            9.6050461
          ]
        ]
      },
      "id": "way/428709799"
    },
    {
      "type": "Feature",
      "properties": {
        "@id": "way/1258205184",
        "waterway": "river"
      },
      "geometry": {
        "type": "LineString",
        "coordinates": [
          [
            76.4415297,
            9.5849886
          ],
          [
            76.4414724,
            9.5851634
          ],
          [
            76.4409088,
            9.5855105
          ],
          [
            76.4403085,
            9.5862438
          ],
          [
            76.4399164,
            9.5866532
          ],
          [
            76.4395748,
            9.5867399
          ],
          [
            76.4395215,
            9.5869258
          ],
          [
            76.439424,
            9.5876821
          ],
          [
            76.4392585,
            9.5887957
          ],
          [
            76.4392528,
            9.5888338
          ],
          [
            76.4392988,
            9.5897348
          ],
          [
            76.4393221,
            9.5901913
          ],
          [
            76.4393305,
            9.5904197
          ],
          [
            76.439345,
            9.5905322
          ],
          [
            76.4393572,
            9.5906167
          ],
          [
            76.4393693,
            9.5907869
          ],
          [
            76.4394083,
            9.5910428
          ],
          [
            76.4394371,
            9.5912921
          ],
          [
            76.4394649,
            9.5914645
          ],
          [
            76.4394668,
            9.5916592
          ],
          [
            76.4394657,
            9.5916758
          ],
          [
            76.4394528,
            9.5918672
          ],
          [
            76.4394221,
            9.5920228
          ],
          [
            76.4393991,
            9.5922141
          ],
          [
            76.4393675,
            9.5925628
          ]
        ]
      },
      "id": "way/1258205184"
    },
    {
      "type": "Feature",
      "properties": {
        "@id": "way/1258205185",
        "name": "Varapathra Canal",
        "name:ml": "വരാപത്ര തോട്",
        "waterway": "river"
      },
      "geometry": {
        "type": "LineString",
        "coordinates": [
          [
            76.4402676,
            9.5793814
          ],
          [
            76.4402916,
            9.5802797
          ],
          [
            76.4403974,
            9.5806719
          ],
          [
            76.4404895,
            9.5810131
          ],
          [
            76.4407253,
            9.5816498
          ],
          [
            76.4409828,
            9.5823903
          ],
          [
            76.4411344,
            9.5828796
          ],
          [
            76.4412188,
            9.583152
          ],
          [
            76.4415297,
            9.5849886
          ]
        ]
      },
      "id": "way/1258205185"
    },
    {
      "type": "Feature",
      "properties": {
        "@id": "way/1258205186",
        "name": "Kanjiram Valiyapalm Vettikkadu Thodu",
        "waterway": "river"
      },
      "geometry": {
        "type": "LineString",
        "coordinates": [
          [
            76.4875674,
            9.5824062
          ],
          [
            76.4871879,
            9.5824266
          ],
          [
            76.4870579,
            9.5824764
          ],
          [
            76.4866141,
            9.5826464
          ],
          [
            76.4863627,
            9.5830251
          ],
          [
            76.4860782,
            9.5834367
          ],
          [
            76.4856513,
            9.5832449
          ],
          [
            76.4855195,
            9.5832349
          ],
          [
            76.4851581,
            9.5832075
          ],
          [
            76.484755,
            9.5834133
          ],
          [
            76.4844372,
            9.5835255
          ],
          [
            76.4842418,
            9.583586
          ],
          [
            76.4841337,
            9.5834694
          ],
          [
            76.4843172,
            9.5830148
          ],
          [
            76.484249,
            9.5828631
          ],
          [
            76.4839156,
            9.5827071
          ],
          [
            76.4833038,
            9.5826183
          ],
          [
            76.4829101,
            9.5825294
          ],
          [
            76.48282,
            9.5823424
          ],
          [
            76.4829244,
            9.5820478
          ],
          [
            76.4829644,
            9.5819696
          ],
          [
            76.4828954,
            9.5818393
          ],
          [
            76.4826256,
            9.5816783
          ],
          [
            76.4822984,
            9.5815801
          ],
          [
            76.4819948,
            9.5816363
          ],
          [
            76.4817192,
            9.5816259
          ],
          [
            76.4812956,
            9.5814086
          ],
          [
            76.4809942,
            9.5812201
          ],
          [
            76.4803966,
            9.5808132
          ],
          [
            76.4797896,
            9.580542
          ],
          [
            76.4795893,
            9.5805788
          ],
          [
            76.4795062,
            9.5807747
          ],
          [
            76.4793921,
            9.5810107
          ],
          [
            76.4792348,
            9.5811278
          ],
          [
            76.4791725,
            9.5811665
          ],
          [
            76.4789421,
            9.5811929
          ],
          [
            76.4787995,
            9.5811836
          ],
          [
            76.4783306,
            9.580875
          ],
          [
            76.4781394,
            9.580732
          ],
          [
            76.4778851,
            9.5806609
          ],
          [
            76.4775034,
            9.5808008
          ],
          [
            76.4769047,
            9.5814111
          ],
          [
            76.476815,
            9.5814246
          ],
          [
            76.4764426,
            9.5812469
          ],
          [
            76.4764099,
            9.5811602
          ],
          [
            76.4764054,
            9.5811222
          ],
          [
            76.4764252,
            9.5810099
          ],
          [
            76.4764349,
            9.5804254
          ],
          [
            76.4763404,
            9.5801028
          ],
          [
            76.4760513,
            9.5800889
          ],
          [
            76.4759464,
            9.5802641
          ],
          [
            76.4757556,
            9.5805425
          ],
          [
            76.475448,
            9.5805297
          ],
          [
            76.4752166,
            9.5803261
          ],
          [
            76.4750693,
            9.5798169
          ],
          [
            76.4748372,
            9.5795175
          ],
          [
            76.4748177,
            9.5790543
          ],
          [
            76.4747298,
            9.5784616
          ],
          [
            76.4744352,
            9.5781757
          ],
          [
            76.4741099,
            9.5778114
          ],
          [
            76.4741499,
            9.5773507
          ],
          [
            76.4740871,
            9.57732
          ],
          [
            76.4737713,
            9.5771657
          ],
          [
            76.4732422,
            9.5769786
          ],
          [
            76.4730192,
            9.5773139
          ],
          [
            76.4727742,
            9.5774246
          ],
          [
            76.472518,
            9.5773725
          ],
          [
            76.4722452,
            9.5772562
          ],
          [
            76.4719849,
            9.5772477
          ],
          [
            76.471933,
            9.5774635
          ],
          [
            76.4718267,
            9.577829
          ],
          [
            76.4716822,
            9.5779303
          ],
          [
            76.4714273,
            9.577879
          ],
          [
            76.4708351,
            9.5777941
          ],
          [
            76.469936,
            9.5778812
          ],
          [
            76.4696212,
            9.5781549
          ],
          [
            76.4691565,
            9.578535
          ]
        ]
      },
      "id": "way/1258205186"
    }
  ]
}