{
    "type": "FeatureCollection",
    "bbox": [
        -73.567469,
        44.469133,
        -73.061317,
        45.501994
    ],
    "features": [
        {
            "bbox": [
                -73.567469,
                44.469133,
                -73.061317,
                45.501994
            ],
            "type": "Feature",
            "properties": {
                "segments": [
                    {
                        "distance": 154878.2,
                        "duration": 7605.0,
                        "steps": [
                            {
                                "distance": 82.4,
                                "duration": 19.8,
                                "type": 11,
                                "instruction": "Head east",
                                "name": "-",
                                "way_points": [
                                    0,
                                    1
                                ]
                            },
                            {
                                "distance": 90.8,
                                "duration": 21.8,
                                "type": 5,
                                "instruction": "Turn slight right onto Penny Lane",
                                "name": "Penny Lane",
                                "way_points": [
                                    1,
                                    8
                                ]
                            },
                            {
                                "distance": 541.1,
                                "duration": 129.9,
                                "type": 5,
                                "instruction": "Turn slight right onto Penny Lane",
                                "name": "Penny Lane",
                                "way_points": [
                                    8,
                                    20
                                ]
                            },
                            {
                                "distance": 169.7,
                                "duration": 27.6,
                                "type": 6,
                                "instruction": "Continue straight onto Main Street",
                                "name": "Main Street",
                                "way_points": [
                                    20,
                                    28
                                ]
                            },
                            {
                                "distance": 248.2,
                                "duration": 22.3,
                                "type": 1,
                                "instruction": "Turn right onto Battery Street",
                                "name": "Battery Street",
                                "way_points": [
                                    28,
                                    30
                                ]
                            },
                            {
                                "distance": 1422.5,
                                "duration": 117.8,
                                "type": 0,
                                "instruction": "Turn left onto Maple Street",
                                "name": "Maple Street",
                                "way_points": [
                                    30,
                                    44
                                ]
                            },
                            {
                                "distance": 249.9,
                                "duration": 35.4,
                                "type": 0,
                                "instruction": "Turn left onto South Prospect Street",
                                "name": "South Prospect Street",
                                "way_points": [
                                    44,
                                    46
                                ]
                            },
                            {
                                "distance": 1768.1,
                                "duration": 226.6,
                                "type": 1,
                                "instruction": "Turn right onto Main Street, US 2",
                                "name": "Main Street, US 2",
                                "way_points": [
                                    46,
                                    73
                                ]
                            },
                            {
                                "distance": 44.7,
                                "duration": 8.0,
                                "type": 2,
                                "instruction": "Turn sharp left onto Williston Road, US 2",
                                "name": "Williston Road, US 2",
                                "way_points": [
                                    73,
                                    75
                                ]
                            },
                            {
                                "distance": 66910.4,
                                "duration": 2704.9,
                                "type": 13,
                                "instruction": "Keep right",
                                "name": "-",
                                "way_points": [
                                    75,
                                    492
                                ]
                            },
                            {
                                "distance": 5879.1,
                                "duration": 324.0,
                                "type": 12,
                                "instruction": "Keep left onto 35",
                                "name": "35",
                                "way_points": [
                                    492,
                                    567
                                ]
                            },
                            {
                                "distance": 11242.2,
                                "duration": 493.9,
                                "type": 7,
                                "instruction": "Enter the roundabout and take the 3rd exit onto Route 133, 133",
                                "name": "Route 133, 133",
                                "exit_number": 3,
                                "way_points": [
                                    567,
                                    644
                                ]
                            },
                            {
                                "distance": 40353.6,
                                "duration": 1671.8,
                                "type": 1,
                                "instruction": "Turn right",
                                "name": "-",
                                "way_points": [
                                    644,
                                    838
                                ]
                            },
                            {
                                "distance": 20499.3,
                                "duration": 1168.4,
                                "type": 13,
                                "instruction": "Keep right",
                                "name": "-",
                                "way_points": [
                                    838,
                                    961
                                ]
                            },
                            {
                                "distance": 5334.5,
                                "duration": 621.0,
                                "type": 13,
                                "instruction": "Keep right onto 10",
                                "name": "10",
                                "way_points": [
                                    961,
                                    1059
                                ]
                            },
                            {
                                "distance": 41.6,
                                "duration": 11.7,
                                "type": 6,
                                "instruction": "Continue straight onto Boulevard Robert-Bourassa",
                                "name": "Boulevard Robert-Bourassa",
                                "way_points": [
                                    1059,
                                    1062
                                ]
                            },
                            {
                                "distance": 0.0,
                                "duration": 0.0,
                                "type": 10,
                                "instruction": "Arrive at Boulevard Robert-Bourassa, on the right",
                                "name": "-",
                                "way_points": [
                                    1062,
                                    1062
                                ]
                            }
                        ]
                    }
                ],
                "way_points": [
                    0,
                    1062
                ],
                "summary": {
                    "distance": 154878.2,
                    "duration": 7605.0
                }
            },
            "geometry": {
                "coordinates": [
                    [
                        -73.224556,
                        44.481297
                    ],
                    [
                        -73.223528,
                        44.481401
                    ],
                    [
                        -73.223327,
                        44.481345
                    ],
                    [
                        -73.22295,
                        44.481248
                    ],
                    [
                        -73.222899,
                        44.481233
                    ],
                    [
                        -73.222837,
                        44.481224
                    ],
                    [
                        -73.222676,
                        44.481208
                    ],
                    [
                        -73.222574,
                        44.481212
                    ],
                    [
                        -73.222434,
                        44.481185
                    ],
                    [
                        -73.222348,
                        44.481096
                    ],
                    [
                        -73.222265,
                        44.481048
                    ],
                    [
                        -73.221894,
                        44.480958
                    ],
                    [
                        -73.221784,
                        44.480829
                    ],
                    [
                        -73.221648,
                        44.480578
                    ],
                    [
                        -73.221423,
                        44.480142
                    ],
                    [
                        -73.22096,
                        44.479289
                    ],
                    [
                        -73.220892,
                        44.479122
                    ],
                    [
                        -73.220614,
                        44.478598
                    ],
                    [
                        -73.220262,
                        44.47792
                    ],
                    [
                        -73.219718,
                        44.476909
                    ],
                    [
                        -73.219701,
                        44.476847
                    ],
                    [
                        -73.219636,
                        44.476631
                    ],
                    [
                        -73.219626,
                        44.47661
                    ],
                    [
                        -73.21956,
                        44.476477
                    ],
                    [
                        -73.219261,
                        44.475844
                    ],
                    [
                        -73.219213,
                        44.475781
                    ],
                    [
                        -73.219099,
                        44.475719
                    ],
                    [
                        -73.218864,
                        44.475715
                    ],
                    [
                        -73.218679,
                        44.475719
                    ],
                    [
                        -73.218595,
                        44.474575
                    ],
                    [
                        -73.218507,
                        44.47349
                    ],
                    [
                        -73.216924,
                        44.473545
                    ],
                    [
                        -73.215412,
                        44.473596
                    ],
                    [
                        -73.213842,
                        44.47365
                    ],
                    [
                        -73.212361,
                        44.473727
                    ],
                    [
                        -73.210739,
                        44.473786
                    ],
                    [
                        -73.208816,
                        44.473844
                    ],
                    [
                        -73.20697,
                        44.473899
                    ],
                    [
                        -73.206388,
                        44.473917
                    ],
                    [
                        -73.205305,
                        44.473947
                    ],
                    [
                        -73.203689,
                        44.474003
                    ],
                    [
                        -73.203094,
                        44.474023
                    ],
                    [
                        -73.202574,
                        44.474041
                    ],
                    [
                        -73.202243,
                        44.474053
                    ],
                    [
                        -73.2006,
                        44.47411
                    ],
                    [
                        -73.200621,
                        44.474518
                    ],
                    [
                        -73.200689,
                        44.476356
                    ],
                    [
                        -73.199368,
                        44.476407
                    ],
                    [
                        -73.199083,
                        44.476399
                    ],
                    [
                        -73.198862,
                        44.476309
                    ],
                    [
                        -73.198279,
                        44.476109
                    ],
                    [
                        -73.196761,
                        44.475443
                    ],
                    [
                        -73.195128,
                        44.474712
                    ],
                    [
                        -73.194915,
                        44.474617
                    ],
                    [
                        -73.192413,
                        44.473495
                    ],
                    [
                        -73.191355,
                        44.473023
                    ],
                    [
                        -73.190282,
                        44.472527
                    ],
                    [
                        -73.189606,
                        44.472227
                    ],
                    [
                        -73.189193,
                        44.472038
                    ],
                    [
                        -73.189148,
                        44.472018
                    ],
                    [
                        -73.188725,
                        44.471827
                    ],
                    [
                        -73.188466,
                        44.471709
                    ],
                    [
                        -73.188364,
                        44.471661
                    ],
                    [
                        -73.187478,
                        44.47126
                    ],
                    [
                        -73.186852,
                        44.470975
                    ],
                    [
                        -73.185834,
                        44.470537
                    ],
                    [
                        -73.185098,
                        44.470263
                    ],
                    [
                        -73.184813,
                        44.47017
                    ],
                    [
                        -73.183904,
                        44.469882
                    ],
                    [
                        -73.183442,
                        44.469745
                    ],
                    [
                        -73.18196,
                        44.469294
                    ],
                    [
                        -73.181631,
                        44.469205
                    ],
                    [
                        -73.181325,
                        44.469133
                    ],
                    [
                        -73.181173,
                        44.469159
                    ],
                    [
                        -73.181283,
                        44.46923
                    ],
                    [
                        -73.181672,
                        44.469333
                    ],
                    [
                        -73.181806,
                        44.469445
                    ],
                    [
                        -73.181961,
                        44.469613
                    ],
                    [
                        -73.18204,
                        44.469774
                    ],
                    [
                        -73.182061,
                        44.469971
                    ],
                    [
                        -73.182021,
                        44.470467
                    ],
                    [
                        -73.182025,
                        44.470714
                    ],
                    [
                        -73.182078,
                        44.470858
                    ],
                    [
                        -73.182403,
                        44.471433
                    ],
                    [
                        -73.182527,
                        44.471772
                    ],
                    [
                        -73.182535,
                        44.472012
                    ],
                    [
                        -73.182483,
                        44.472246
                    ],
                    [
                        -73.182394,
                        44.472439
                    ],
                    [
                        -73.182126,
                        44.472861
                    ],
                    [
                        -73.180605,
                        44.474489
                    ],
                    [
                        -73.176105,
                        44.479315
                    ],
                    [
                        -73.175531,
                        44.479981
                    ],
                    [
                        -73.175263,
                        44.480329
                    ],
                    [
                        -73.174977,
                        44.48075
                    ],
                    [
                        -73.174755,
                        44.48113
                    ],
                    [
                        -73.174497,
                        44.481658
                    ],
                    [
                        -73.174224,
                        44.482482
                    ],
                    [
                        -73.174125,
                        44.48291
                    ],
                    [
                        -73.173916,
                        44.48421
                    ],
                    [
                        -73.173782,
                        44.485182
                    ],
                    [
                        -73.173344,
                        44.488084
                    ],
                    [
                        -73.173161,
                        44.489255
                    ],
                    [
                        -73.173036,
                        44.490309
                    ],
                    [
                        -73.173022,
                        44.490649
                    ],
                    [
                        -73.173024,
                        44.491513
                    ],
                    [
                        -73.173115,
                        44.492995
                    ],
                    [
                        -73.173151,
                        44.493481
                    ],
                    [
                        -73.173255,
                        44.495026
                    ],
                    [
                        -73.173286,
                        44.495434
                    ],
                    [
                        -73.173478,
                        44.498121
                    ],
                    [
                        -73.173555,
                        44.498849
                    ],
                    [
                        -73.173679,
                        44.499481
                    ],
                    [
                        -73.173951,
                        44.500292
                    ],
                    [
                        -73.174248,
                        44.500921
                    ],
                    [
                        -73.174428,
                        44.501234
                    ],
                    [
                        -73.174843,
                        44.501835
                    ],
                    [
                        -73.175073,
                        44.50212
                    ],
                    [
                        -73.175562,
                        44.502657
                    ],
                    [
                        -73.17607,
                        44.503126
                    ],
                    [
                        -73.176386,
                        44.50338
                    ],
                    [
                        -73.176973,
                        44.503811
                    ],
                    [
                        -73.177595,
                        44.5042
                    ],
                    [
                        -73.177993,
                        44.504427
                    ],
                    [
                        -73.178908,
                        44.504858
                    ],
                    [
                        -73.180802,
                        44.505591
                    ],
                    [
                        -73.181401,
                        44.505821
                    ],
                    [
                        -73.185002,
                        44.507198
                    ],
                    [
                        -73.185501,
                        44.507375
                    ],
                    [
                        -73.186502,
                        44.507803
                    ],
                    [
                        -73.187359,
                        44.508269
                    ],
                    [
                        -73.187855,
                        44.508576
                    ],
                    [
                        -73.188047,
                        44.508702
                    ],
                    [
                        -73.188551,
                        44.509073
                    ],
                    [
                        -73.189048,
                        44.509496
                    ],
                    [
                        -73.189662,
                        44.510122
                    ],
                    [
                        -73.190123,
                        44.510686
                    ],
                    [
                        -73.19037,
                        44.511044
                    ],
                    [
                        -73.190664,
                        44.511546
                    ],
                    [
                        -73.190858,
                        44.511941
                    ],
                    [
                        -73.190996,
                        44.512277
                    ],
                    [
                        -73.191251,
                        44.513192
                    ],
                    [
                        -73.192417,
                        44.519861
                    ],
                    [
                        -73.192461,
                        44.520222
                    ],
                    [
                        -73.192828,
                        44.522373
                    ],
                    [
                        -73.192907,
                        44.522729
                    ],
                    [
                        -73.193028,
                        44.523534
                    ],
                    [
                        -73.193505,
                        44.526311
                    ],
                    [
                        -73.19373,
                        44.527376
                    ],
                    [
                        -73.193926,
                        44.528081
                    ],
                    [
                        -73.194181,
                        44.52877
                    ],
                    [
                        -73.194466,
                        44.529438
                    ],
                    [
                        -73.196912,
                        44.534378
                    ],
                    [
                        -73.19718,
                        44.534988
                    ],
                    [
                        -73.197302,
                        44.535329
                    ],
                    [
                        -73.197401,
                        44.53568
                    ],
                    [
                        -73.19753,
                        44.536394
                    ],
                    [
                        -73.197571,
                        44.537125
                    ],
                    [
                        -73.197531,
                        44.537853
                    ],
                    [
                        -73.197386,
                        44.538565
                    ],
                    [
                        -73.197154,
                        44.539257
                    ],
                    [
                        -73.197011,
                        44.539587
                    ],
                    [
                        -73.196843,
                        44.539912
                    ],
                    [
                        -73.196662,
                        44.540227
                    ],
                    [
                        -73.196254,
                        44.540829
                    ],
                    [
                        -73.19578,
                        44.541386
                    ],
                    [
                        -73.195036,
                        44.542182
                    ],
                    [
                        -73.190239,
                        44.547186
                    ],
                    [
                        -73.188482,
                        44.549051
                    ],
                    [
                        -73.187996,
                        44.549595
                    ],
                    [
                        -73.18708,
                        44.55073
                    ],
                    [
                        -73.186201,
                        44.551901
                    ],
                    [
                        -73.185777,
                        44.552494
                    ],
                    [
                        -73.184625,
                        44.554272
                    ],
                    [
                        -73.184437,
                        44.554578
                    ],
                    [
                        -73.183897,
                        44.555356
                    ],
                    [
                        -73.181938,
                        44.558344
                    ],
                    [
                        -73.18109,
                        44.55964
                    ],
                    [
                        -73.180709,
                        44.560255
                    ],
                    [
                        -73.180194,
                        44.561224
                    ],
                    [
                        -73.179762,
                        44.562238
                    ],
                    [
                        -73.179528,
                        44.562934
                    ],
                    [
                        -73.179249,
                        44.563994
                    ],
                    [
                        -73.179123,
                        44.564709
                    ],
                    [
                        -73.177781,
                        44.571511
                    ],
                    [
                        -73.177673,
                        44.572071
                    ],
                    [
                        -73.176513,
                        44.578062
                    ],
                    [
                        -73.176225,
                        44.579118
                    ],
                    [
                        -73.175844,
                        44.580138
                    ],
                    [
                        -73.175381,
                        44.581115
                    ],
                    [
                        -73.175018,
                        44.581744
                    ],
                    [
                        -73.174438,
                        44.582665
                    ],
                    [
                        -73.173775,
                        44.583525
                    ],
                    [
                        -73.173352,
                        44.584107
                    ],
                    [
                        -73.173115,
                        44.584387
                    ],
                    [
                        -73.171566,
                        44.586413
                    ],
                    [
                        -73.171151,
                        44.587007
                    ],
                    [
                        -73.170773,
                        44.58764
                    ],
                    [
                        -73.170479,
                        44.588309
                    ],
                    [
                        -73.170282,
                        44.589009
                    ],
                    [
                        -73.170157,
                        44.589731
                    ],
                    [
                        -73.170124,
                        44.590339
                    ],
                    [
                        -73.170134,
                        44.590819
                    ],
                    [
                        -73.170262,
                        44.591611
                    ],
                    [
                        -73.170446,
                        44.592241
                    ],
                    [
                        -73.17075,
                        44.593001
                    ],
                    [
                        -73.172146,
                        44.596429
                    ],
                    [
                        -73.172255,
                        44.596777
                    ],
                    [
                        -73.172418,
                        44.597488
                    ],
                    [
                        -73.172519,
                        44.598211
                    ],
                    [
                        -73.172543,
                        44.598617
                    ],
                    [
                        -73.172539,
                        44.599301
                    ],
                    [
                        -73.172464,
                        44.600023
                    ],
                    [
                        -73.172399,
                        44.600384
                    ],
                    [
                        -73.172218,
                        44.601084
                    ],
                    [
                        -73.171978,
                        44.60177
                    ],
                    [
                        -73.171835,
                        44.602108
                    ],
                    [
                        -73.17151,
                        44.602758
                    ],
                    [
                        -73.171131,
                        44.603377
                    ],
                    [
                        -73.170476,
                        44.604248
                    ],
                    [
                        -73.153157,
                        44.624719
                    ],
                    [
                        -73.150889,
                        44.627371
                    ],
                    [
                        -73.150638,
                        44.627637
                    ],
                    [
                        -73.150116,
                        44.628138
                    ],
                    [
                        -73.149562,
                        44.628609
                    ],
                    [
                        -73.148977,
                        44.629055
                    ],
                    [
                        -73.148183,
                        44.62958
                    ],
                    [
                        -73.146923,
                        44.630355
                    ],
                    [
                        -73.145252,
                        44.631353
                    ],
                    [
                        -73.143171,
                        44.632637
                    ],
                    [
                        -73.142582,
                        44.633066
                    ],
                    [
                        -73.142303,
                        44.633307
                    ],
                    [
                        -73.142039,
                        44.633563
                    ],
                    [
                        -73.141792,
                        44.633834
                    ],
                    [
                        -73.141563,
                        44.634121
                    ],
                    [
                        -73.141354,
                        44.634426
                    ],
                    [
                        -73.141033,
                        44.635081
                    ],
                    [
                        -73.140908,
                        44.635427
                    ],
                    [
                        -73.140679,
                        44.636227
                    ],
                    [
                        -73.140332,
                        44.63766
                    ],
                    [
                        -73.140289,
                        44.637908
                    ],
                    [
                        -73.139839,
                        44.639638
                    ],
                    [
                        -73.139455,
                        44.641454
                    ],
                    [
                        -73.139406,
                        44.641815
                    ],
                    [
                        -73.139361,
                        44.642539
                    ],
                    [
                        -73.139376,
                        44.643262
                    ],
                    [
                        -73.139421,
                        44.643626
                    ],
                    [
                        -73.140008,
                        44.646843
                    ],
                    [
                        -73.140186,
                        44.647923
                    ],
                    [
                        -73.140212,
                        44.648289
                    ],
                    [
                        -73.140219,
                        44.648847
                    ],
                    [
                        -73.140178,
                        44.649376
                    ],
                    [
                        -73.140067,
                        44.650096
                    ],
                    [
                        -73.139854,
                        44.651166
                    ],
                    [
                        -73.138785,
                        44.656161
                    ],
                    [
                        -73.137965,
                        44.659902
                    ],
                    [
                        -73.137568,
                        44.661226
                    ],
                    [
                        -73.137332,
                        44.661919
                    ],
                    [
                        -73.136943,
                        44.662945
                    ],
                    [
                        -73.136361,
                        44.664274
                    ],
                    [
                        -73.135867,
                        44.665247
                    ],
                    [
                        -73.135519,
                        44.665886
                    ],
                    [
                        -73.133696,
                        44.669039
                    ],
                    [
                        -73.132999,
                        44.670333
                    ],
                    [
                        -73.132186,
                        44.671969
                    ],
                    [
                        -73.13129,
                        44.673955
                    ],
                    [
                        -73.130603,
                        44.675642
                    ],
                    [
                        -73.130098,
                        44.677013
                    ],
                    [
                        -73.129638,
                        44.6784
                    ],
                    [
                        -73.127564,
                        44.685515
                    ],
                    [
                        -73.127343,
                        44.686213
                    ],
                    [
                        -73.127073,
                        44.686889
                    ],
                    [
                        -73.126763,
                        44.687554
                    ],
                    [
                        -73.126224,
                        44.688514
                    ],
                    [
                        -73.125628,
                        44.689431
                    ],
                    [
                        -73.125129,
                        44.690075
                    ],
                    [
                        -73.124841,
                        44.690415
                    ],
                    [
                        -73.124097,
                        44.691226
                    ],
                    [
                        -73.12357,
                        44.691738
                    ],
                    [
                        -73.123018,
                        44.692214
                    ],
                    [
                        -73.122469,
                        44.692674
                    ],
                    [
                        -73.122162,
                        44.69288
                    ],
                    [
                        -73.121859,
                        44.693103
                    ],
                    [
                        -73.120955,
                        44.693747
                    ],
                    [
                        -73.119976,
                        44.694346
                    ],
                    [
                        -73.118946,
                        44.694898
                    ],
                    [
                        -73.117508,
                        44.69556
                    ],
                    [
                        -73.116763,
                        44.695858
                    ],
                    [
                        -73.115615,
                        44.696271
                    ],
                    [
                        -73.113644,
                        44.696864
                    ],
                    [
                        -73.110196,
                        44.697862
                    ],
                    [
                        -73.107705,
                        44.698616
                    ],
                    [
                        -73.106188,
                        44.699051
                    ],
                    [
                        -73.099863,
                        44.700924
                    ],
                    [
                        -73.098755,
                        44.701276
                    ],
                    [
                        -73.097669,
                        44.701674
                    ],
                    [
                        -73.096633,
                        44.702109
                    ],
                    [
                        -73.095877,
                        44.702465
                    ],
                    [
                        -73.094971,
                        44.702927
                    ],
                    [
                        -73.094026,
                        44.703471
                    ],
                    [
                        -73.093408,
                        44.703861
                    ],
                    [
                        -73.092802,
                        44.704274
                    ],
                    [
                        -73.092057,
                        44.704821
                    ],
                    [
                        -73.091364,
                        44.705392
                    ],
                    [
                        -73.091007,
                        44.70571
                    ],
                    [
                        -73.090248,
                        44.706422
                    ],
                    [
                        -73.089795,
                        44.706895
                    ],
                    [
                        -73.088852,
                        44.708047
                    ],
                    [
                        -73.088205,
                        44.708931
                    ],
                    [
                        -73.0876,
                        44.709842
                    ],
                    [
                        -73.086869,
                        44.711109
                    ],
                    [
                        -73.08625,
                        44.712418
                    ],
                    [
                        -73.085841,
                        44.713421
                    ],
                    [
                        -73.081454,
                        44.725268
                    ],
                    [
                        -73.081171,
                        44.726065
                    ],
                    [
                        -73.080725,
                        44.727447
                    ],
                    [
                        -73.080432,
                        44.728506
                    ],
                    [
                        -73.0801,
                        44.729929
                    ],
                    [
                        -73.079828,
                        44.731367
                    ],
                    [
                        -73.079639,
                        44.732799
                    ],
                    [
                        -73.079565,
                        44.733515
                    ],
                    [
                        -73.079473,
                        44.734969
                    ],
                    [
                        -73.07937,
                        44.738953
                    ],
                    [
                        -73.079262,
                        44.741142
                    ],
                    [
                        -73.079113,
                        44.742963
                    ],
                    [
                        -73.078944,
                        44.744515
                    ],
                    [
                        -73.078752,
                        44.746073
                    ],
                    [
                        -73.07863,
                        44.746794
                    ],
                    [
                        -73.078589,
                        44.747155
                    ],
                    [
                        -73.078287,
                        44.748915
                    ],
                    [
                        -73.077292,
                        44.754786
                    ],
                    [
                        -73.077083,
                        44.755871
                    ],
                    [
                        -73.076852,
                        44.757316
                    ],
                    [
                        -73.076661,
                        44.758317
                    ],
                    [
                        -73.076337,
                        44.760538
                    ],
                    [
                        -73.076314,
                        44.760737
                    ],
                    [
                        -73.076165,
                        44.762014
                    ],
                    [
                        -73.076047,
                        44.763466
                    ],
                    [
                        -73.075971,
                        44.764918
                    ],
                    [
                        -73.075815,
                        44.766743
                    ],
                    [
                        -73.075663,
                        44.767835
                    ],
                    [
                        -73.075422,
                        44.769276
                    ],
                    [
                        -73.073803,
                        44.777504
                    ],
                    [
                        -73.073288,
                        44.780025
                    ],
                    [
                        -73.071887,
                        44.787202
                    ],
                    [
                        -73.071304,
                        44.790067
                    ],
                    [
                        -73.071248,
                        44.790428
                    ],
                    [
                        -73.071172,
                        44.790788
                    ],
                    [
                        -73.070888,
                        44.791794
                    ],
                    [
                        -73.070761,
                        44.792275
                    ],
                    [
                        -73.070397,
                        44.793187
                    ],
                    [
                        -73.069819,
                        44.794255
                    ],
                    [
                        -73.069566,
                        44.794752
                    ],
                    [
                        -73.069314,
                        44.795154
                    ],
                    [
                        -73.066867,
                        44.798983
                    ],
                    [
                        -73.066289,
                        44.799913
                    ],
                    [
                        -73.0658,
                        44.800801
                    ],
                    [
                        -73.065397,
                        44.801745
                    ],
                    [
                        -73.065218,
                        44.802226
                    ],
                    [
                        -73.064929,
                        44.803189
                    ],
                    [
                        -73.064817,
                        44.803693
                    ],
                    [
                        -73.064732,
                        44.804173
                    ],
                    [
                        -73.064603,
                        44.80516
                    ],
                    [
                        -73.063496,
                        44.81426
                    ],
                    [
                        -73.06336,
                        44.815497
                    ],
                    [
                        -73.062983,
                        44.818457
                    ],
                    [
                        -73.062274,
                        44.824398
                    ],
                    [
                        -73.061418,
                        44.831319
                    ],
                    [
                        -73.061318,
                        44.832309
                    ],
                    [
                        -73.061317,
                        44.832804
                    ],
                    [
                        -73.061368,
                        44.833293
                    ],
                    [
                        -73.06148,
                        44.833782
                    ],
                    [
                        -73.061643,
                        44.834264
                    ],
                    [
                        -73.06186,
                        44.834735
                    ],
                    [
                        -73.062128,
                        44.835192
                    ],
                    [
                        -73.062812,
                        44.836063
                    ],
                    [
                        -73.063665,
                        44.836841
                    ],
                    [
                        -73.064253,
                        44.837283
                    ],
                    [
                        -73.064684,
                        44.837543
                    ],
                    [
                        -73.065823,
                        44.838064
                    ],
                    [
                        -73.067034,
                        44.838572
                    ],
                    [
                        -73.074338,
                        44.841541
                    ],
                    [
                        -73.075535,
                        44.842053
                    ],
                    [
                        -73.076486,
                        44.842427
                    ],
                    [
                        -73.077994,
                        44.84303
                    ],
                    [
                        -73.078558,
                        44.843264
                    ],
                    [
                        -73.079077,
                        44.843501
                    ],
                    [
                        -73.079267,
                        44.843608
                    ],
                    [
                        -73.07992,
                        44.843985
                    ],
                    [
                        -73.080399,
                        44.844304
                    ],
                    [
                        -73.080805,
                        44.844629
                    ],
                    [
                        -73.08118,
                        44.844974
                    ],
                    [
                        -73.081579,
                        44.8454
                    ],
                    [
                        -73.081785,
                        44.845653
                    ],
                    [
                        -73.082018,
                        44.845978
                    ],
                    [
                        -73.082233,
                        44.846356
                    ],
                    [
                        -73.082488,
                        44.846863
                    ],
                    [
                        -73.082658,
                        44.847358
                    ],
                    [
                        -73.082769,
                        44.847792
                    ],
                    [
                        -73.082829,
                        44.848225
                    ],
                    [
                        -73.082862,
                        44.848732
                    ],
                    [
                        -73.082803,
                        44.849386
                    ],
                    [
                        -73.08276,
                        44.84961
                    ],
                    [
                        -73.080937,
                        44.855976
                    ],
                    [
                        -73.08061,
                        44.857249
                    ],
                    [
                        -73.080416,
                        44.858536
                    ],
                    [
                        -73.080378,
                        44.859829
                    ],
                    [
                        -73.080484,
                        44.861117
                    ],
                    [
                        -73.081838,
                        44.870169
                    ],
                    [
                        -73.082633,
                        44.875346
                    ],
                    [
                        -73.082854,
                        44.876632
                    ],
                    [
                        -73.083154,
                        44.877915
                    ],
                    [
                        -73.085515,
                        44.886855
                    ],
                    [
                        -73.08586,
                        44.888133
                    ],
                    [
                        -73.086231,
                        44.889403
                    ],
                    [
                        -73.08655,
                        44.890235
                    ],
                    [
                        -73.086738,
                        44.890648
                    ],
                    [
                        -73.087151,
                        44.89146
                    ],
                    [
                        -73.087631,
                        44.892252
                    ],
                    [
                        -73.088942,
                        44.894168
                    ],
                    [
                        -73.089913,
                        44.895455
                    ],
                    [
                        -73.090131,
                        44.895719
                    ],
                    [
                        -73.092453,
                        44.898758
                    ],
                    [
                        -73.096747,
                        44.904483
                    ],
                    [
                        -73.09753,
                        44.905663
                    ],
                    [
                        -73.098247,
                        44.906855
                    ],
                    [
                        -73.098928,
                        44.908056
                    ],
                    [
                        -73.099423,
                        44.908842
                    ],
                    [
                        -73.102161,
                        44.912713
                    ],
                    [
                        -73.102954,
                        44.913874
                    ],
                    [
                        -73.103052,
                        44.913989
                    ],
                    [
                        -73.103324,
                        44.914468
                    ],
                    [
                        -73.103634,
                        44.914963
                    ],
                    [
                        -73.104349,
                        44.91627
                    ],
                    [
                        -73.105608,
                        44.91873
                    ],
                    [
                        -73.105828,
                        44.919156
                    ],
                    [
                        -73.106408,
                        44.920334
                    ],
                    [
                        -73.107246,
                        44.921944
                    ],
                    [
                        -73.107605,
                        44.92263
                    ],
                    [
                        -73.108558,
                        44.924551
                    ],
                    [
                        -73.109246,
                        44.92586
                    ],
                    [
                        -73.109822,
                        44.927078
                    ],
                    [
                        -73.110317,
                        44.928329
                    ],
                    [
                        -73.113847,
                        44.937909
                    ],
                    [
                        -73.114444,
                        44.939591
                    ],
                    [
                        -73.114565,
                        44.940019
                    ],
                    [
                        -73.11466,
                        44.940449
                    ],
                    [
                        -73.114725,
                        44.940881
                    ],
                    [
                        -73.11476,
                        44.941312
                    ],
                    [
                        -73.114771,
                        44.942178
                    ],
                    [
                        -73.114676,
                        44.94304
                    ],
                    [
                        -73.114479,
                        44.9439
                    ],
                    [
                        -73.114178,
                        44.944741
                    ],
                    [
                        -73.108329,
                        44.958367
                    ],
                    [
                        -73.107646,
                        44.960026
                    ],
                    [
                        -73.107221,
                        44.961279
                    ],
                    [
                        -73.106876,
                        44.962542
                    ],
                    [
                        -73.105943,
                        44.966376
                    ],
                    [
                        -73.104749,
                        44.97105
                    ],
                    [
                        -73.104266,
                        44.972294
                    ],
                    [
                        -73.103879,
                        44.973111
                    ],
                    [
                        -73.103156,
                        44.974314
                    ],
                    [
                        -73.102598,
                        44.975089
                    ],
                    [
                        -73.101826,
                        44.97601
                    ],
                    [
                        -73.100962,
                        44.976905
                    ],
                    [
                        -73.099818,
                        44.977915
                    ],
                    [
                        -73.098561,
                        44.978854
                    ],
                    [
                        -73.089514,
                        44.985251
                    ],
                    [
                        -73.088316,
                        44.986231
                    ],
                    [
                        -73.087957,
                        44.986579
                    ],
                    [
                        -73.087615,
                        44.986936
                    ],
                    [
                        -73.086996,
                        44.98768
                    ],
                    [
                        -73.086726,
                        44.988067
                    ],
                    [
                        -73.086244,
                        44.988862
                    ],
                    [
                        -73.085848,
                        44.989673
                    ],
                    [
                        -73.085557,
                        44.990512
                    ],
                    [
                        -73.085356,
                        44.991365
                    ],
                    [
                        -73.085264,
                        44.992221
                    ],
                    [
                        -73.08525,
                        44.992912
                    ],
                    [
                        -73.085293,
                        44.993596
                    ],
                    [
                        -73.085416,
                        44.994385
                    ],
                    [
                        -73.086566,
                        44.999923
                    ],
                    [
                        -73.086747,
                        45.001215
                    ],
                    [
                        -73.086773,
                        45.002073
                    ],
                    [
                        -73.086691,
                        45.003381
                    ],
                    [
                        -73.086557,
                        45.004239
                    ],
                    [
                        -73.08638,
                        45.005637
                    ],
                    [
                        -73.086231,
                        45.006494
                    ],
                    [
                        -73.085748,
                        45.008769
                    ],
                    [
                        -73.085642,
                        45.009336
                    ],
                    [
                        -73.08537,
                        45.010785
                    ],
                    [
                        -73.08509,
                        45.01219
                    ],
                    [
                        -73.084588,
                        45.01435
                    ],
                    [
                        -73.084459,
                        45.015332
                    ],
                    [
                        -73.084517,
                        45.015658
                    ],
                    [
                        -73.084474,
                        45.015966
                    ],
                    [
                        -73.08449,
                        45.016039
                    ],
                    [
                        -73.084533,
                        45.016098
                    ],
                    [
                        -73.084774,
                        45.0163
                    ],
                    [
                        -73.084795,
                        45.016384
                    ],
                    [
                        -73.084728,
                        45.016959
                    ],
                    [
                        -73.084662,
                        45.017269
                    ],
                    [
                        -73.084604,
                        45.017846
                    ],
                    [
                        -73.084287,
                        45.018572
                    ],
                    [
                        -73.084281,
                        45.018647
                    ],
                    [
                        -73.084153,
                        45.019814
                    ],
                    [
                        -73.084089,
                        45.020488
                    ],
                    [
                        -73.083989,
                        45.021138
                    ],
                    [
                        -73.08379,
                        45.021934
                    ],
                    [
                        -73.083527,
                        45.022827
                    ],
                    [
                        -73.083095,
                        45.024163
                    ],
                    [
                        -73.082918,
                        45.024645
                    ],
                    [
                        -73.08274,
                        45.025052
                    ],
                    [
                        -73.082654,
                        45.025227
                    ],
                    [
                        -73.082366,
                        45.025718
                    ],
                    [
                        -73.082143,
                        45.026053
                    ],
                    [
                        -73.081883,
                        45.02639
                    ],
                    [
                        -73.081592,
                        45.026725
                    ],
                    [
                        -73.080893,
                        45.027413
                    ],
                    [
                        -73.080499,
                        45.027745
                    ],
                    [
                        -73.079965,
                        45.028144
                    ],
                    [
                        -73.077347,
                        45.03002
                    ],
                    [
                        -73.076903,
                        45.030353
                    ],
                    [
                        -73.076514,
                        45.030684
                    ],
                    [
                        -73.076172,
                        45.031022
                    ],
                    [
                        -73.075854,
                        45.031368
                    ],
                    [
                        -73.075573,
                        45.031721
                    ],
                    [
                        -73.075309,
                        45.032116
                    ],
                    [
                        -73.07509,
                        45.032504
                    ],
                    [
                        -73.074906,
                        45.032889
                    ],
                    [
                        -73.074748,
                        45.033286
                    ],
                    [
                        -73.074617,
                        45.033721
                    ],
                    [
                        -73.073942,
                        45.03637
                    ],
                    [
                        -73.073867,
                        45.036602
                    ],
                    [
                        -73.073682,
                        45.037054
                    ],
                    [
                        -73.073452,
                        45.037486
                    ],
                    [
                        -73.073181,
                        45.03791
                    ],
                    [
                        -73.072868,
                        45.038326
                    ],
                    [
                        -73.072703,
                        45.038515
                    ],
                    [
                        -73.072484,
                        45.038747
                    ],
                    [
                        -73.070121,
                        45.041107
                    ],
                    [
                        -73.069744,
                        45.041502
                    ],
                    [
                        -73.069203,
                        45.042138
                    ],
                    [
                        -73.068904,
                        45.042553
                    ],
                    [
                        -73.06852,
                        45.043194
                    ],
                    [
                        -73.068205,
                        45.043885
                    ],
                    [
                        -73.067987,
                        45.044596
                    ],
                    [
                        -73.067714,
                        45.045855
                    ],
                    [
                        -73.067188,
                        45.048389
                    ],
                    [
                        -73.067138,
                        45.048769
                    ],
                    [
                        -73.067104,
                        45.049345
                    ],
                    [
                        -73.067105,
                        45.049759
                    ],
                    [
                        -73.067139,
                        45.050261
                    ],
                    [
                        -73.067343,
                        45.051815
                    ],
                    [
                        -73.06752,
                        45.053361
                    ],
                    [
                        -73.067658,
                        45.054539
                    ],
                    [
                        -73.067983,
                        45.057186
                    ],
                    [
                        -73.068072,
                        45.057775
                    ],
                    [
                        -73.068654,
                        45.062308
                    ],
                    [
                        -73.068577,
                        45.063641
                    ],
                    [
                        -73.068544,
                        45.063798
                    ],
                    [
                        -73.068468,
                        45.063963
                    ],
                    [
                        -73.068359,
                        45.064097
                    ],
                    [
                        -73.068291,
                        45.064147
                    ],
                    [
                        -73.068079,
                        45.064226
                    ],
                    [
                        -73.067879,
                        45.064248
                    ],
                    [
                        -73.06771,
                        45.064245
                    ],
                    [
                        -73.067559,
                        45.06421
                    ],
                    [
                        -73.067449,
                        45.064153
                    ],
                    [
                        -73.067433,
                        45.064126
                    ],
                    [
                        -73.067323,
                        45.064046
                    ],
                    [
                        -73.067252,
                        45.064026
                    ],
                    [
                        -73.067143,
                        45.064022
                    ],
                    [
                        -73.067035,
                        45.06405
                    ],
                    [
                        -73.066955,
                        45.064104
                    ],
                    [
                        -73.06692,
                        45.064152
                    ],
                    [
                        -73.066913,
                        45.064267
                    ],
                    [
                        -73.066935,
                        45.064309
                    ],
                    [
                        -73.066969,
                        45.064378
                    ],
                    [
                        -73.066969,
                        45.064424
                    ],
                    [
                        -73.066903,
                        45.064769
                    ],
                    [
                        -73.066874,
                        45.065049
                    ],
                    [
                        -73.066588,
                        45.066035
                    ],
                    [
                        -73.065468,
                        45.069892
                    ],
                    [
                        -73.065348,
                        45.070578
                    ],
                    [
                        -73.065318,
                        45.07126
                    ],
                    [
                        -73.06555,
                        45.078388
                    ],
                    [
                        -73.065635,
                        45.080993
                    ],
                    [
                        -73.065666,
                        45.081934
                    ],
                    [
                        -73.066008,
                        45.092325
                    ],
                    [
                        -73.066016,
                        45.092694
                    ],
                    [
                        -73.066103,
                        45.095767
                    ],
                    [
                        -73.066251,
                        45.101828
                    ],
                    [
                        -73.066344,
                        45.106543
                    ],
                    [
                        -73.066347,
                        45.106687
                    ],
                    [
                        -73.066459,
                        45.111448
                    ],
                    [
                        -73.06647,
                        45.111915
                    ],
                    [
                        -73.066501,
                        45.113222
                    ],
                    [
                        -73.066526,
                        45.115827
                    ],
                    [
                        -73.066552,
                        45.116671
                    ],
                    [
                        -73.066611,
                        45.117089
                    ],
                    [
                        -73.066656,
                        45.117276
                    ],
                    [
                        -73.066843,
                        45.117795
                    ],
                    [
                        -73.06883,
                        45.121763
                    ],
                    [
                        -73.069021,
                        45.122164
                    ],
                    [
                        -73.069069,
                        45.122355
                    ],
                    [
                        -73.069086,
                        45.122559
                    ],
                    [
                        -73.069125,
                        45.123357
                    ],
                    [
                        -73.069155,
                        45.124006
                    ],
                    [
                        -73.069176,
                        45.124279
                    ],
                    [
                        -73.069197,
                        45.124363
                    ],
                    [
                        -73.069274,
                        45.124504
                    ],
                    [
                        -73.069466,
                        45.124689
                    ],
                    [
                        -73.069671,
                        45.124804
                    ],
                    [
                        -73.069789,
                        45.124851
                    ],
                    [
                        -73.070031,
                        45.124911
                    ],
                    [
                        -73.07029,
                        45.124934
                    ],
                    [
                        -73.070947,
                        45.124953
                    ],
                    [
                        -73.075535,
                        45.125095
                    ],
                    [
                        -73.076861,
                        45.125131
                    ],
                    [
                        -73.077531,
                        45.12514
                    ],
                    [
                        -73.077991,
                        45.125142
                    ],
                    [
                        -73.079992,
                        45.125132
                    ],
                    [
                        -73.080555,
                        45.125129
                    ],
                    [
                        -73.082028,
                        45.125122
                    ],
                    [
                        -73.086878,
                        45.125096
                    ],
                    [
                        -73.087301,
                        45.125094
                    ],
                    [
                        -73.093994,
                        45.125056
                    ],
                    [
                        -73.094416,
                        45.125053
                    ],
                    [
                        -73.095121,
                        45.12505
                    ],
                    [
                        -73.099555,
                        45.125015
                    ],
                    [
                        -73.100267,
                        45.125011
                    ],
                    [
                        -73.101008,
                        45.125007
                    ],
                    [
                        -73.102701,
                        45.124999
                    ],
                    [
                        -73.103802,
                        45.124992
                    ],
                    [
                        -73.105641,
                        45.124986
                    ],
                    [
                        -73.106548,
                        45.124972
                    ],
                    [
                        -73.108202,
                        45.124938
                    ],
                    [
                        -73.109091,
                        45.124932
                    ],
                    [
                        -73.112628,
                        45.124913
                    ],
                    [
                        -73.118373,
                        45.124879
                    ],
                    [
                        -73.118716,
                        45.124876
                    ],
                    [
                        -73.119052,
                        45.124877
                    ],
                    [
                        -73.122998,
                        45.124847
                    ],
                    [
                        -73.124704,
                        45.124854
                    ],
                    [
                        -73.125508,
                        45.124849
                    ],
                    [
                        -73.125642,
                        45.1259
                    ],
                    [
                        -73.125744,
                        45.126527
                    ],
                    [
                        -73.125943,
                        45.127389
                    ],
                    [
                        -73.126236,
                        45.128431
                    ],
                    [
                        -73.126346,
                        45.128924
                    ],
                    [
                        -73.126426,
                        45.129446
                    ],
                    [
                        -73.126606,
                        45.131007
                    ],
                    [
                        -73.126751,
                        45.131918
                    ],
                    [
                        -73.126962,
                        45.133584
                    ],
                    [
                        -73.127475,
                        45.138263
                    ],
                    [
                        -73.127589,
                        45.139842
                    ],
                    [
                        -73.127645,
                        45.141473
                    ],
                    [
                        -73.128495,
                        45.223414
                    ],
                    [
                        -73.128546,
                        45.224062
                    ],
                    [
                        -73.128599,
                        45.224389
                    ],
                    [
                        -73.128716,
                        45.224874
                    ],
                    [
                        -73.128934,
                        45.225507
                    ],
                    [
                        -73.129147,
                        45.225972
                    ],
                    [
                        -73.129309,
                        45.226277
                    ],
                    [
                        -73.129692,
                        45.226874
                    ],
                    [
                        -73.130017,
                        45.227301
                    ],
                    [
                        -73.130513,
                        45.227854
                    ],
                    [
                        -73.131065,
                        45.228369
                    ],
                    [
                        -73.131684,
                        45.22886
                    ],
                    [
                        -73.132348,
                        45.229308
                    ],
                    [
                        -73.133023,
                        45.229695
                    ],
                    [
                        -73.133776,
                        45.230063
                    ],
                    [
                        -73.160488,
                        45.241235
                    ],
                    [
                        -73.163062,
                        45.242298
                    ],
                    [
                        -73.203564,
                        45.259209
                    ],
                    [
                        -73.204334,
                        45.259549
                    ],
                    [
                        -73.204775,
                        45.259773
                    ],
                    [
                        -73.20532,
                        45.260082
                    ],
                    [
                        -73.205741,
                        45.260351
                    ],
                    [
                        -73.206315,
                        45.260767
                    ],
                    [
                        -73.206877,
                        45.261246
                    ],
                    [
                        -73.20729,
                        45.261657
                    ],
                    [
                        -73.207608,
                        45.262016
                    ],
                    [
                        -73.207942,
                        45.262443
                    ],
                    [
                        -73.208346,
                        45.263082
                    ],
                    [
                        -73.208572,
                        45.263525
                    ],
                    [
                        -73.208782,
                        45.264038
                    ],
                    [
                        -73.208904,
                        45.264416
                    ],
                    [
                        -73.208996,
                        45.264802
                    ],
                    [
                        -73.209072,
                        45.265243
                    ],
                    [
                        -73.209103,
                        45.265565
                    ],
                    [
                        -73.209145,
                        45.272328
                    ],
                    [
                        -73.209205,
                        45.273082
                    ],
                    [
                        -73.209258,
                        45.273473
                    ],
                    [
                        -73.209454,
                        45.27447
                    ],
                    [
                        -73.209703,
                        45.275337
                    ],
                    [
                        -73.209921,
                        45.275948
                    ],
                    [
                        -73.210216,
                        45.27664
                    ],
                    [
                        -73.210534,
                        45.277276
                    ],
                    [
                        -73.210896,
                        45.277912
                    ],
                    [
                        -73.211342,
                        45.278604
                    ],
                    [
                        -73.211707,
                        45.279109
                    ],
                    [
                        -73.212493,
                        45.280134
                    ],
                    [
                        -73.213172,
                        45.281022
                    ],
                    [
                        -73.213378,
                        45.281291
                    ],
                    [
                        -73.220511,
                        45.290658
                    ],
                    [
                        -73.220793,
                        45.291071
                    ],
                    [
                        -73.221067,
                        45.291527
                    ],
                    [
                        -73.221356,
                        45.292082
                    ],
                    [
                        -73.22149,
                        45.292381
                    ],
                    [
                        -73.221659,
                        45.292811
                    ],
                    [
                        -73.221874,
                        45.293507
                    ],
                    [
                        -73.22201,
                        45.294159
                    ],
                    [
                        -73.222087,
                        45.294796
                    ],
                    [
                        -73.22221,
                        45.298457
                    ],
                    [
                        -73.222256,
                        45.302242
                    ],
                    [
                        -73.222263,
                        45.303077
                    ],
                    [
                        -73.222276,
                        45.304097
                    ],
                    [
                        -73.222281,
                        45.304904
                    ],
                    [
                        -73.222315,
                        45.308742
                    ],
                    [
                        -73.222321,
                        45.309263
                    ],
                    [
                        -73.222347,
                        45.311505
                    ],
                    [
                        -73.222353,
                        45.312156
                    ],
                    [
                        -73.222356,
                        45.312542
                    ],
                    [
                        -73.222354,
                        45.312801
                    ],
                    [
                        -73.222359,
                        45.312969
                    ],
                    [
                        -73.222391,
                        45.315309
                    ],
                    [
                        -73.22244,
                        45.31578
                    ],
                    [
                        -73.222509,
                        45.316089
                    ],
                    [
                        -73.222566,
                        45.316318
                    ],
                    [
                        -73.22271,
                        45.316728
                    ],
                    [
                        -73.222925,
                        45.317196
                    ],
                    [
                        -73.223288,
                        45.317801
                    ],
                    [
                        -73.223593,
                        45.3182
                    ],
                    [
                        -73.224089,
                        45.318739
                    ],
                    [
                        -73.224569,
                        45.31917
                    ],
                    [
                        -73.224967,
                        45.319476
                    ],
                    [
                        -73.225632,
                        45.319907
                    ],
                    [
                        -73.226259,
                        45.320242
                    ],
                    [
                        -73.22704,
                        45.320583
                    ],
                    [
                        -73.228141,
                        45.32098
                    ],
                    [
                        -73.240183,
                        45.32519
                    ],
                    [
                        -73.243153,
                        45.326227
                    ],
                    [
                        -73.243634,
                        45.326383
                    ],
                    [
                        -73.244136,
                        45.326522
                    ],
                    [
                        -73.244587,
                        45.326629
                    ],
                    [
                        -73.245083,
                        45.326724
                    ],
                    [
                        -73.245609,
                        45.326804
                    ],
                    [
                        -73.246582,
                        45.326891
                    ],
                    [
                        -73.247103,
                        45.326912
                    ],
                    [
                        -73.247763,
                        45.32691
                    ],
                    [
                        -73.248593,
                        45.326906
                    ],
                    [
                        -73.250435,
                        45.3269
                    ],
                    [
                        -73.252634,
                        45.326886
                    ],
                    [
                        -73.253826,
                        45.32688
                    ],
                    [
                        -73.255421,
                        45.326869
                    ],
                    [
                        -73.255907,
                        45.326867
                    ],
                    [
                        -73.263601,
                        45.326835
                    ],
                    [
                        -73.264279,
                        45.326832
                    ],
                    [
                        -73.265653,
                        45.326824
                    ],
                    [
                        -73.267413,
                        45.326818
                    ],
                    [
                        -73.26753,
                        45.326818
                    ],
                    [
                        -73.268146,
                        45.326816
                    ],
                    [
                        -73.269114,
                        45.326816
                    ],
                    [
                        -73.272562,
                        45.326825
                    ],
                    [
                        -73.272944,
                        45.326826
                    ],
                    [
                        -73.274717,
                        45.326828
                    ],
                    [
                        -73.276151,
                        45.326831
                    ],
                    [
                        -73.27998,
                        45.326819
                    ],
                    [
                        -73.280619,
                        45.32684
                    ],
                    [
                        -73.281119,
                        45.326881
                    ],
                    [
                        -73.28181,
                        45.326982
                    ],
                    [
                        -73.2827,
                        45.327186
                    ],
                    [
                        -73.283478,
                        45.327445
                    ],
                    [
                        -73.283882,
                        45.327614
                    ],
                    [
                        -73.28433,
                        45.327831
                    ],
                    [
                        -73.285005,
                        45.328237
                    ],
                    [
                        -73.285578,
                        45.328664
                    ],
                    [
                        -73.285968,
                        45.329019
                    ],
                    [
                        -73.286215,
                        45.329286
                    ],
                    [
                        -73.286452,
                        45.329588
                    ],
                    [
                        -73.286728,
                        45.330001
                    ],
                    [
                        -73.28701,
                        45.330586
                    ],
                    [
                        -73.287184,
                        45.331158
                    ],
                    [
                        -73.287258,
                        45.3317
                    ],
                    [
                        -73.287382,
                        45.333247
                    ],
                    [
                        -73.287444,
                        45.334107
                    ],
                    [
                        -73.287956,
                        45.341208
                    ],
                    [
                        -73.288021,
                        45.342117
                    ],
                    [
                        -73.287996,
                        45.342679
                    ],
                    [
                        -73.287893,
                        45.343359
                    ],
                    [
                        -73.28779,
                        45.343966
                    ],
                    [
                        -73.287733,
                        45.344294
                    ],
                    [
                        -73.287674,
                        45.34473
                    ],
                    [
                        -73.287663,
                        45.345347
                    ],
                    [
                        -73.287729,
                        45.345808
                    ],
                    [
                        -73.287881,
                        45.346347
                    ],
                    [
                        -73.288392,
                        45.347553
                    ],
                    [
                        -73.288492,
                        45.347842
                    ],
                    [
                        -73.288581,
                        45.348189
                    ],
                    [
                        -73.288633,
                        45.348534
                    ],
                    [
                        -73.288656,
                        45.348923
                    ],
                    [
                        -73.28864,
                        45.349264
                    ],
                    [
                        -73.288584,
                        45.349726
                    ],
                    [
                        -73.288353,
                        45.351433
                    ],
                    [
                        -73.288217,
                        45.352405
                    ],
                    [
                        -73.288126,
                        45.353065
                    ],
                    [
                        -73.285027,
                        45.375693
                    ],
                    [
                        -73.28489,
                        45.376696
                    ],
                    [
                        -73.284792,
                        45.377425
                    ],
                    [
                        -73.284758,
                        45.377678
                    ],
                    [
                        -73.284691,
                        45.378436
                    ],
                    [
                        -73.284702,
                        45.379002
                    ],
                    [
                        -73.284802,
                        45.37969
                    ],
                    [
                        -73.285007,
                        45.380436
                    ],
                    [
                        -73.28515,
                        45.380812
                    ],
                    [
                        -73.285322,
                        45.381187
                    ],
                    [
                        -73.285616,
                        45.381714
                    ],
                    [
                        -73.286028,
                        45.382315
                    ],
                    [
                        -73.286577,
                        45.382959
                    ],
                    [
                        -73.286846,
                        45.383229
                    ],
                    [
                        -73.287463,
                        45.383774
                    ],
                    [
                        -73.288173,
                        45.384315
                    ],
                    [
                        -73.28919,
                        45.385069
                    ],
                    [
                        -73.309535,
                        45.400142
                    ],
                    [
                        -73.313226,
                        45.402859
                    ],
                    [
                        -73.313637,
                        45.403185
                    ],
                    [
                        -73.313901,
                        45.40342
                    ],
                    [
                        -73.314281,
                        45.403855
                    ],
                    [
                        -73.31456,
                        45.404292
                    ],
                    [
                        -73.314774,
                        45.404788
                    ],
                    [
                        -73.314847,
                        45.40508
                    ],
                    [
                        -73.314891,
                        45.405399
                    ],
                    [
                        -73.314972,
                        45.407058
                    ],
                    [
                        -73.314995,
                        45.407485
                    ],
                    [
                        -73.315037,
                        45.408349
                    ],
                    [
                        -73.315057,
                        45.408784
                    ],
                    [
                        -73.315105,
                        45.409773
                    ],
                    [
                        -73.315124,
                        45.410149
                    ],
                    [
                        -73.314981,
                        45.410485
                    ],
                    [
                        -73.314874,
                        45.410773
                    ],
                    [
                        -73.314786,
                        45.410902
                    ],
                    [
                        -73.314685,
                        45.411006
                    ],
                    [
                        -73.31455,
                        45.411102
                    ],
                    [
                        -73.314347,
                        45.411205
                    ],
                    [
                        -73.3142,
                        45.411255
                    ],
                    [
                        -73.314008,
                        45.411289
                    ],
                    [
                        -73.313799,
                        45.411299
                    ],
                    [
                        -73.313584,
                        45.41128
                    ],
                    [
                        -73.313387,
                        45.411233
                    ],
                    [
                        -73.313208,
                        45.411165
                    ],
                    [
                        -73.313053,
                        45.411076
                    ],
                    [
                        -73.312925,
                        45.41097
                    ],
                    [
                        -73.312832,
                        45.410861
                    ],
                    [
                        -73.312766,
                        45.410741
                    ],
                    [
                        -73.312713,
                        45.410529
                    ],
                    [
                        -73.312722,
                        45.410406
                    ],
                    [
                        -73.312762,
                        45.410284
                    ],
                    [
                        -73.312909,
                        45.410073
                    ],
                    [
                        -73.313116,
                        45.409916
                    ],
                    [
                        -73.313387,
                        45.409794
                    ],
                    [
                        -73.313678,
                        45.409724
                    ],
                    [
                        -73.314085,
                        45.409672
                    ],
                    [
                        -73.314632,
                        45.409643
                    ],
                    [
                        -73.317873,
                        45.409568
                    ],
                    [
                        -73.31959,
                        45.40952
                    ],
                    [
                        -73.32038,
                        45.409481
                    ],
                    [
                        -73.321384,
                        45.409406
                    ],
                    [
                        -73.322619,
                        45.409281
                    ],
                    [
                        -73.323336,
                        45.409263
                    ],
                    [
                        -73.324752,
                        45.409228
                    ],
                    [
                        -73.326111,
                        45.409195
                    ],
                    [
                        -73.33954,
                        45.40888
                    ],
                    [
                        -73.367498,
                        45.408194
                    ],
                    [
                        -73.367924,
                        45.408183
                    ],
                    [
                        -73.376158,
                        45.407984
                    ],
                    [
                        -73.377013,
                        45.408005
                    ],
                    [
                        -73.37784,
                        45.408091
                    ],
                    [
                        -73.378491,
                        45.408209
                    ],
                    [
                        -73.379165,
                        45.408384
                    ],
                    [
                        -73.379773,
                        45.408588
                    ],
                    [
                        -73.380389,
                        45.408849
                    ],
                    [
                        -73.380849,
                        45.409085
                    ],
                    [
                        -73.381301,
                        45.409358
                    ],
                    [
                        -73.382613,
                        45.410289
                    ],
                    [
                        -73.38355,
                        45.410959
                    ],
                    [
                        -73.391287,
                        45.416521
                    ],
                    [
                        -73.393075,
                        45.417809
                    ],
                    [
                        -73.411697,
                        45.431192
                    ],
                    [
                        -73.412512,
                        45.431789
                    ],
                    [
                        -73.413221,
                        45.432349
                    ],
                    [
                        -73.413864,
                        45.432892
                    ],
                    [
                        -73.41538,
                        45.434295
                    ],
                    [
                        -73.417654,
                        45.436427
                    ],
                    [
                        -73.418532,
                        45.437136
                    ],
                    [
                        -73.418973,
                        45.437471
                    ],
                    [
                        -73.419934,
                        45.438177
                    ],
                    [
                        -73.420109,
                        45.438306
                    ],
                    [
                        -73.424891,
                        45.441775
                    ],
                    [
                        -73.426219,
                        45.442676
                    ],
                    [
                        -73.427448,
                        45.443417
                    ],
                    [
                        -73.431156,
                        45.445487
                    ],
                    [
                        -73.43188,
                        45.44592
                    ],
                    [
                        -73.432466,
                        45.446297
                    ],
                    [
                        -73.436018,
                        45.448804
                    ],
                    [
                        -73.441728,
                        45.452921
                    ],
                    [
                        -73.44205,
                        45.453152
                    ],
                    [
                        -73.444197,
                        45.454696
                    ],
                    [
                        -73.44591,
                        45.455933
                    ],
                    [
                        -73.446639,
                        45.456457
                    ],
                    [
                        -73.451985,
                        45.460318
                    ],
                    [
                        -73.452909,
                        45.460978
                    ],
                    [
                        -73.454184,
                        45.461923
                    ],
                    [
                        -73.45553,
                        45.462863
                    ],
                    [
                        -73.455719,
                        45.463006
                    ],
                    [
                        -73.456147,
                        45.463273
                    ],
                    [
                        -73.456627,
                        45.463537
                    ],
                    [
                        -73.457006,
                        45.463721
                    ],
                    [
                        -73.457544,
                        45.463951
                    ],
                    [
                        -73.457953,
                        45.464105
                    ],
                    [
                        -73.458477,
                        45.464276
                    ],
                    [
                        -73.458873,
                        45.464388
                    ],
                    [
                        -73.459852,
                        45.464601
                    ],
                    [
                        -73.460672,
                        45.464717
                    ],
                    [
                        -73.461313,
                        45.464772
                    ],
                    [
                        -73.463284,
                        45.46485
                    ],
                    [
                        -73.463675,
                        45.464864
                    ],
                    [
                        -73.465765,
                        45.464936
                    ],
                    [
                        -73.465841,
                        45.464941
                    ],
                    [
                        -73.466392,
                        45.46497
                    ],
                    [
                        -73.466763,
                        45.464989
                    ],
                    [
                        -73.468164,
                        45.46504
                    ],
                    [
                        -73.4696,
                        45.465096
                    ],
                    [
                        -73.469897,
                        45.465106
                    ],
                    [
                        -73.471233,
                        45.465138
                    ],
                    [
                        -73.473322,
                        45.465202
                    ],
                    [
                        -73.474227,
                        45.465241
                    ],
                    [
                        -73.475121,
                        45.465268
                    ],
                    [
                        -73.478131,
                        45.465403
                    ],
                    [
                        -73.479132,
                        45.465456
                    ],
                    [
                        -73.480322,
                        45.465523
                    ],
                    [
                        -73.481313,
                        45.465596
                    ],
                    [
                        -73.483289,
                        45.465778
                    ],
                    [
                        -73.484912,
                        45.465968
                    ],
                    [
                        -73.48885,
                        45.466529
                    ],
                    [
                        -73.491352,
                        45.46688
                    ],
                    [
                        -73.491948,
                        45.466962
                    ],
                    [
                        -73.493322,
                        45.467148
                    ],
                    [
                        -73.497316,
                        45.46763
                    ],
                    [
                        -73.498402,
                        45.467743
                    ],
                    [
                        -73.500271,
                        45.46795
                    ],
                    [
                        -73.508252,
                        45.468792
                    ],
                    [
                        -73.513394,
                        45.469312
                    ],
                    [
                        -73.515388,
                        45.469491
                    ],
                    [
                        -73.518444,
                        45.469739
                    ],
                    [
                        -73.521526,
                        45.469949
                    ],
                    [
                        -73.523786,
                        45.470085
                    ],
                    [
                        -73.527593,
                        45.470261
                    ],
                    [
                        -73.529736,
                        45.47035
                    ],
                    [
                        -73.531571,
                        45.470405
                    ],
                    [
                        -73.536126,
                        45.470504
                    ],
                    [
                        -73.536615,
                        45.470522
                    ],
                    [
                        -73.537528,
                        45.47062
                    ],
                    [
                        -73.537828,
                        45.470636
                    ],
                    [
                        -73.53825,
                        45.470658
                    ],
                    [
                        -73.538559,
                        45.470676
                    ],
                    [
                        -73.539225,
                        45.470697
                    ],
                    [
                        -73.539957,
                        45.470723
                    ],
                    [
                        -73.540501,
                        45.470704
                    ],
                    [
                        -73.541064,
                        45.470727
                    ],
                    [
                        -73.541483,
                        45.470767
                    ],
                    [
                        -73.542053,
                        45.470858
                    ],
                    [
                        -73.542612,
                        45.470996
                    ],
                    [
                        -73.542979,
                        45.471143
                    ],
                    [
                        -73.543095,
                        45.471207
                    ],
                    [
                        -73.543231,
                        45.47131
                    ],
                    [
                        -73.543328,
                        45.471418
                    ],
                    [
                        -73.543421,
                        45.471561
                    ],
                    [
                        -73.543477,
                        45.4717
                    ],
                    [
                        -73.543498,
                        45.47183
                    ],
                    [
                        -73.543491,
                        45.471955
                    ],
                    [
                        -73.543448,
                        45.472116
                    ],
                    [
                        -73.543288,
                        45.472417
                    ],
                    [
                        -73.543167,
                        45.472585
                    ],
                    [
                        -73.542931,
                        45.472911
                    ],
                    [
                        -73.542642,
                        45.47331
                    ],
                    [
                        -73.542046,
                        45.474174
                    ],
                    [
                        -73.541926,
                        45.474359
                    ],
                    [
                        -73.541599,
                        45.474879
                    ],
                    [
                        -73.540989,
                        45.475931
                    ],
                    [
                        -73.540268,
                        45.477328
                    ],
                    [
                        -73.539657,
                        45.478715
                    ],
                    [
                        -73.539014,
                        45.480462
                    ],
                    [
                        -73.538798,
                        45.481025
                    ],
                    [
                        -73.538698,
                        45.481307
                    ],
                    [
                        -73.538189,
                        45.482755
                    ],
                    [
                        -73.53775,
                        45.483981
                    ],
                    [
                        -73.537724,
                        45.484059
                    ],
                    [
                        -73.537566,
                        45.484521
                    ],
                    [
                        -73.537511,
                        45.484787
                    ],
                    [
                        -73.537486,
                        45.485252
                    ],
                    [
                        -73.537542,
                        45.485692
                    ],
                    [
                        -73.537704,
                        45.486181
                    ],
                    [
                        -73.537897,
                        45.486547
                    ],
                    [
                        -73.538228,
                        45.486997
                    ],
                    [
                        -73.538545,
                        45.487314
                    ],
                    [
                        -73.538953,
                        45.487638
                    ],
                    [
                        -73.539415,
                        45.487923
                    ],
                    [
                        -73.539712,
                        45.488074
                    ],
                    [
                        -73.54004,
                        45.488218
                    ],
                    [
                        -73.540311,
                        45.488317
                    ],
                    [
                        -73.540887,
                        45.488482
                    ],
                    [
                        -73.541453,
                        45.488594
                    ],
                    [
                        -73.541649,
                        45.488632
                    ],
                    [
                        -73.542041,
                        45.488708
                    ],
                    [
                        -73.542849,
                        45.488857
                    ],
                    [
                        -73.545244,
                        45.489311
                    ],
                    [
                        -73.546457,
                        45.489541
                    ],
                    [
                        -73.548842,
                        45.489994
                    ],
                    [
                        -73.549739,
                        45.490182
                    ],
                    [
                        -73.550438,
                        45.490386
                    ],
                    [
                        -73.551126,
                        45.490666
                    ],
                    [
                        -73.551405,
                        45.490805
                    ],
                    [
                        -73.55182,
                        45.491041
                    ],
                    [
                        -73.552121,
                        45.491236
                    ],
                    [
                        -73.552399,
                        45.491444
                    ],
                    [
                        -73.552648,
                        45.491655
                    ],
                    [
                        -73.552898,
                        45.491901
                    ],
                    [
                        -73.553299,
                        45.492392
                    ],
                    [
                        -73.553594,
                        45.492858
                    ],
                    [
                        -73.553823,
                        45.493365
                    ],
                    [
                        -73.554008,
                        45.493902
                    ],
                    [
                        -73.554343,
                        45.494812
                    ],
                    [
                        -73.55457,
                        45.495348
                    ],
                    [
                        -73.554671,
                        45.495517
                    ],
                    [
                        -73.55481,
                        45.495688
                    ],
                    [
                        -73.555021,
                        45.495875
                    ],
                    [
                        -73.555243,
                        45.496019
                    ],
                    [
                        -73.555695,
                        45.496224
                    ],
                    [
                        -73.556836,
                        45.496655
                    ],
                    [
                        -73.557273,
                        45.496819
                    ],
                    [
                        -73.558733,
                        45.497374
                    ],
                    [
                        -73.559125,
                        45.497548
                    ],
                    [
                        -73.559685,
                        45.497804
                    ],
                    [
                        -73.560229,
                        45.498076
                    ],
                    [
                        -73.560568,
                        45.498245
                    ],
                    [
                        -73.560717,
                        45.498316
                    ],
                    [
                        -73.561265,
                        45.498555
                    ],
                    [
                        -73.562057,
                        45.498882
                    ],
                    [
                        -73.562531,
                        45.499129
                    ],
                    [
                        -73.563394,
                        45.499703
                    ],
                    [
                        -73.564397,
                        45.500398
                    ],
                    [
                        -73.564553,
                        45.500504
                    ],
                    [
                        -73.564865,
                        45.500701
                    ],
                    [
                        -73.565197,
                        45.500879
                    ],
                    [
                        -73.566019,
                        45.501331
                    ],
                    [
                        -73.566372,
                        45.501508
                    ],
                    [
                        -73.566815,
                        45.501722
                    ],
                    [
                        -73.567236,
                        45.501928
                    ],
                    [
                        -73.567365,
                        45.501994
                    ],
                    [
                        -73.567469,
                        45.50188
                    ],
                    [
                        -73.567354,
                        45.501796
                    ],
                    [
                        -73.56722,
                        45.501718
                    ]
                ],
                "type": "LineString"
            }
        }
    ],
    "metadata": {
        "attribution": "openrouteservice.org | OpenStreetMap contributors",
        "service": "routing",
        "timestamp": 1756617881947,
        "query": {
            "coordinates": [
                [
                    -73.227345,
                    44.481923
                ],
                [
                    -73.567256,
                    45.501688
                ]
            ],
            "profile": "driving-car",
            "profileName": "driving-car",
            "format": "geojson"
        },
        "engine": {
            "version": "9.3.0",
            "build_date": "2025-06-06T15:39:25Z",
            "graph_date": "2025-08-24T11:22:16Z",
            "osm_date": "2025-08-18T00:00:00Z"
        }
    }
}