{
  "type": "FeatureCollection",
  "generator": "overpass-turbo",
  "copyright": "The data included in this document is from www.openstreetmap.org. The data is made available under ODbL.",
  "timestamp": "2025-09-13T01:46:02Z",
  "features": [
    {
      "type": "Feature",
      "properties": {
        "@id": "way/128538064",
        "bicycle": "no",
        "dog": "no",
        "foot": "designated",
        "highway": "path",
        "horse": "no",
        "lit": "no",
        "name": "The Precipice Trail",
        "operator": "National Park Service",
        "operator:short": "NPS",
        "operator:type": "public",
        "operator:wikidata": "Q308439",
        "sac_scale": "mountain_hiking",
        "source": "GPS",
        "surface": "rock"
      },
      "geometry": {
        "type": "LineString",
        "coordinates": [
          [
            -68.1939682,
            44.3506869
          ],
          [
            -68.193873,
            44.350633
          ],
          [
            -68.193701,
            44.350545
          ],
          [
            -68.1936408,
            44.3504945
          ],
          [
            -68.193577,
            44.3503941
          ],
          [
            -68.1935228,
            44.3503758
          ],
          [
            -68.19345,
            44.350451
          ],
          [
            -68.193408,
            44.350519
          ],
          [
            -68.193383,
            44.350635
          ],
          [
            -68.1932807,
            44.3507002
          ],
          [
            -68.193249,
            44.350701
          ],
          [
            -68.19298,
            44.350539
          ],
          [
            -68.192585,
            44.350349
          ],
          [
            -68.19242,
            44.350287
          ],
          [
            -68.192299,
            44.350215
          ],
          [
            -68.192192,
            44.350085
          ],
          [
            -68.191854,
            44.349842
          ],
          [
            -68.191726,
            44.34983
          ],
          [
            -68.1916133,
            44.349931
          ],
          [
            -68.1915298,
            44.3499147
          ],
          [
            -68.191414,
            44.349815
          ],
          [
            -68.1912671,
            44.3497891
          ],
          [
            -68.1911589,
            44.3494471
          ],
          [
            -68.1910055,
            44.3494665
          ],
          [
            -68.1910236,
            44.3496988
          ],
          [
            -68.191084,
            44.349899
          ],
          [
            -68.190891,
            44.350332
          ],
          [
            -68.190656,
            44.350591
          ],
          [
            -68.190592,
            44.350643
          ],
          [
            -68.190439,
            44.350727
          ],
          [
            -68.190295,
            44.350858
          ],
          [
            -68.190061,
            44.351009
          ],
          [
            -68.19,
            44.351084
          ],
          [
            -68.189891,
            44.351366
          ],
          [
            -68.189777,
            44.351404
          ],
          [
            -68.189746,
            44.351401
          ],
          [
            -68.189696,
            44.351322
          ],
          [
            -68.189673,
            44.351212
          ],
          [
            -68.189685,
            44.351081
          ],
          [
            -68.189743,
            44.350944
          ],
          [
            -68.189822,
            44.350834
          ],
          [
            -68.190114,
            44.350658
          ],
          [
            -68.190213,
            44.350545
          ],
          [
            -68.190264,
            44.350436
          ],
          [
            -68.190279,
            44.350267
          ],
          [
            -68.190334,
            44.35007
          ],
          [
            -68.190328,
            44.350003
          ],
          [
            -68.190254,
            44.349929
          ],
          [
            -68.190103,
            44.349843
          ]
        ]
      },
      "id": "way/128538064"
    },
    {
      "type": "Feature",
      "properties": {
        "@id": "way/150155538",
        "_TRAILNAME_": "Cadillac South Ridge Trail",
        "_TRAILNUM_": "26",
        "_TRAILTYPE_": "Existing/Maintained",
        "bicycle": "no",
        "foot": "designated",
        "highway": "path",
        "horse": "no",
        "lit": "no",
        "name": "Cadillac South Ridge Trail",
        "operator": "National Park Service",
        "operator:short": "NPS",
        "operator:type": "public",
        "operator:wikidata": "Q308439",
        "sac_scale": "mountain_hiking",
        "surface": "rock"
      },
      "geometry": {
        "type": "LineString",
        "coordinates": [
          [
            -68.2293885,
            44.3469467
          ],
          [
            -68.2293689,
            44.3468348
          ],
          [
            -68.22943,
            44.3466181
          ],
          [
            -68.2294392,
            44.3464319
          ],
          [
            -68.229377,
            44.346199
          ],
          [
            -68.229369,
            44.345939
          ],
          [
            -68.2294332,
            44.3456619
          ],
          [
            -68.229423,
            44.3452707
          ],
          [
            -68.229502,
            44.344901
          ],
          [
            -68.229586,
            44.344713
          ],
          [
            -68.2296965,
            44.3442341
          ],
          [
            -68.2297924,
            44.344042
          ],
          [
            -68.2298086,
            44.343852
          ],
          [
            -68.2298979,
            44.3437669
          ],
          [
            -68.229906,
            44.3436371
          ],
          [
            -68.2299179,
            44.3434877
          ],
          [
            -68.229848,
            44.343312
          ],
          [
            -68.2298956,
            44.3432558
          ],
          [
            -68.2298545,
            44.3431626
          ],
          [
            -68.2297666,
            44.3431143
          ],
          [
            -68.2297598,
            44.343058
          ],
          [
            -68.229794,
            44.342946
          ],
          [
            -68.2296973,
            44.342826
          ],
          [
            -68.2295964,
            44.3427705
          ],
          [
            -68.229562,
            44.342695
          ],
          [
            -68.2295339,
            44.3425431
          ],
          [
            -68.2294649,
            44.342394
          ],
          [
            -68.2293615,
            44.3422249
          ],
          [
            -68.2293379,
            44.3421138
          ],
          [
            -68.2292352,
            44.3420561
          ],
          [
            -68.2291133,
            44.3417904
          ],
          [
            -68.2289622,
            44.341604
          ],
          [
            -68.22891,
            44.341485
          ],
          [
            -68.2289095,
            44.3413783
          ],
          [
            -68.228841,
            44.341286
          ],
          [
            -68.2288025,
            44.341059
          ],
          [
            -68.2287829,
            44.3408092
          ],
          [
            -68.228654,
            44.340662
          ],
          [
            -68.228549,
            44.34055
          ],
          [
            -68.2284905,
            44.3404393
          ],
          [
            -68.2285113,
            44.3403586
          ],
          [
            -68.2286124,
            44.340158
          ],
          [
            -68.228652,
            44.340032
          ],
          [
            -68.228616,
            44.339927
          ],
          [
            -68.228517,
            44.339793
          ],
          [
            -68.2280825,
            44.3393747
          ],
          [
            -68.2279176,
            44.3393227
          ],
          [
            -68.227768,
            44.339306
          ],
          [
            -68.227479,
            44.3392729
          ],
          [
            -68.2273984,
            44.3392874
          ],
          [
            -68.2273464,
            44.3392527
          ],
          [
            -68.2272101,
            44.3392687
          ],
          [
            -68.2270277,
            44.3392292
          ],
          [
            -68.2268993,
            44.3391313
          ],
          [
            -68.2267237,
            44.3390674
          ],
          [
            -68.226695,
            44.338995
          ],
          [
            -68.226698,
            44.338925
          ],
          [
            -68.226749,
            44.3387798
          ],
          [
            -68.2268408,
            44.3387247
          ],
          [
            -68.2269015,
            44.3386474
          ],
          [
            -68.2269131,
            44.3385759
          ],
          [
            -68.2269015,
            44.3384791
          ]
        ]
      },
      "id": "way/150155538"
    },
    {
      "type": "Feature",
      "properties": {
        "@id": "way/150156475",
        "_ALTTRLNAME_": "Sieur de Monts-Tarn",
        "_TRAILNAME_": "Wild Gardens Path",
        "_TRAILNUM_": "71",
        "_TRAILTYPE_": "Existing/Maintained",
        "bicycle": "no",
        "foot": "designated",
        "highway": "path",
        "horse": "no",
        "name": "Wild Gardens Path",
        "operator": "National Park Service",
        "operator:short": "NPS",
        "operator:type": "public",
        "operator:wikidata": "Q308439"
      },
      "geometry": {
        "type": "LineString",
        "coordinates": [
          [
            -68.2067635,
            44.3600777
          ],
          [
            -68.206715,
            44.3602477
          ],
          [
            -68.2066678,
            44.3604201
          ],
          [
            -68.2063722,
            44.3607641
          ],
          [
            -68.206267,
            44.3609685
          ],
          [
            -68.2062525,
            44.3611122
          ],
          [
            -68.2062264,
            44.3612232
          ],
          [
            -68.2062267,
            44.361326
          ],
          [
            -68.2063115,
            44.3614655
          ],
          [
            -68.2062814,
            44.3615627
          ],
          [
            -68.2063293,
            44.3616015
          ],
          [
            -68.2064298,
            44.3616458
          ],
          [
            -68.2065363,
            44.3616781
          ],
          [
            -68.2066632,
            44.3616984
          ],
          [
            -68.2067813,
            44.3616637
          ],
          [
            -68.2070626,
            44.3616397
          ],
          [
            -68.2072153,
            44.3617322
          ],
          [
            -68.2074074,
            44.3618384
          ],
          [
            -68.2074715,
            44.3619134
          ],
          [
            -68.2075584,
            44.3619544
          ],
          [
            -68.2076458,
            44.3619452
          ],
          [
            -68.2077354,
            44.3619447
          ],
          [
            -68.2077757,
            44.3620023
          ],
          [
            -68.2077995,
            44.3620364
          ],
          [
            -68.2078111,
            44.3620531
          ]
        ]
      },
      "id": "way/150156475"
    },
    {
      "type": "Feature",
      "properties": {
        "@id": "way/150156624",
        "_ALTTRLNAME_": "Beechcroft Trail",
        "_TRAILNAME_": "Beachcroft Path",
        "_TRAILNUM_": "13",
        "_TRAILTYPE_": "Existing/Maintained",
        "bicycle": "no",
        "foot": "designated",
        "highway": "path",
        "horse": "no",
        "name": "Beachcroft Path",
        "operator": "National Park Service",
        "operator:short": "NPS",
        "operator:type": "public",
        "operator:wikidata": "Q308439"
      },
      "geometry": {
        "type": "LineString",
        "coordinates": [
          [
            -68.2069346,
            44.3584974
          ],
          [
            -68.206885,
            44.3584974
          ],
          [
            -68.2068274,
            44.3585113
          ],
          [
            -68.2067409,
            44.3585538
          ],
          [
            -68.2066695,
            44.3585638
          ],
          [
            -68.2065582,
            44.3585
          ],
          [
            -68.2064816,
            44.3584815
          ],
          [
            -68.2063937,
            44.3584899
          ],
          [
            -68.2063287,
            44.3584804
          ],
          [
            -68.2062564,
            44.3584889
          ],
          [
            -68.2061958,
            44.3585065
          ],
          [
            -68.206122,
            44.3585105
          ],
          [
            -68.2060514,
            44.3585145
          ],
          [
            -68.2059816,
            44.3585095
          ],
          [
            -68.2059105,
            44.3584955
          ],
          [
            -68.2058463,
            44.3584861
          ],
          [
            -68.2058031,
            44.3584858
          ],
          [
            -68.2057671,
            44.358481
          ],
          [
            -68.2055789,
            44.3584725
          ]
        ]
      },
      "id": "way/150156624"
    },
    {
      "type": "Feature",
      "properties": {
        "@id": "way/150157538",
        "_TRAILNAME_": "Cadillac North Ridge Trail",
        "_TRAILNUM_": "34",
        "_TRAILTYPE_": "Existing/Maintained",
        "bicycle": "no",
        "foot": "designated",
        "highway": "path",
        "horse": "no",
        "name": "Cadillac North Ridge Trail",
        "operator": "National Park Service",
        "operator:short": "NPS",
        "operator:type": "public",
        "operator:wikidata": "Q308439",
        "sac_scale": "mountain_hiking"
      },
      "geometry": {
        "type": "LineString",
        "coordinates": [
          [
            -68.2295537,
            44.3785489
          ],
          [
            -68.2296122,
            44.3784678
          ],
          [
            -68.2296207,
            44.378372
          ],
          [
            -68.2294884,
            44.3782643
          ],
          [
            -68.2293891,
            44.3782226
          ],
          [
            -68.2293617,
            44.3780474
          ],
          [
            -68.2292557,
            44.3780107
          ],
          [
            -68.22909,
            44.3778983
          ],
          [
            -68.2290125,
            44.3777988
          ],
          [
            -68.2288462,
            44.3777755
          ],
          [
            -68.2287238,
            44.3775858
          ],
          [
            -68.2286222,
            44.3773844
          ],
          [
            -68.2284568,
            44.3772598
          ],
          [
            -68.2284753,
            44.377104
          ],
          [
            -68.2283929,
            44.3770266
          ],
          [
            -68.2283977,
            44.3768909
          ],
          [
            -68.2286211,
            44.376719
          ],
          [
            -68.2287822,
            44.3767117
          ],
          [
            -68.2289029,
            44.3766443
          ],
          [
            -68.2289244,
            44.3765301
          ],
          [
            -68.2292266,
            44.3762043
          ],
          [
            -68.229309,
            44.3759555
          ],
          [
            -68.2294322,
            44.3758593
          ],
          [
            -68.2295092,
            44.3756479
          ],
          [
            -68.2297154,
            44.3754897
          ],
          [
            -68.2298274,
            44.3754583
          ],
          [
            -68.2300702,
            44.3752161
          ],
          [
            -68.2299791,
            44.3750675
          ],
          [
            -68.2300256,
            44.3750062
          ],
          [
            -68.2299885,
            44.3749677
          ],
          [
            -68.2298601,
            44.3749183
          ],
          [
            -68.2298052,
            44.3748296
          ],
          [
            -68.2296963,
            44.3747121
          ],
          [
            -68.2298621,
            44.3743035
          ],
          [
            -68.2298126,
            44.3742221
          ],
          [
            -68.2295353,
            44.3741333
          ],
          [
            -68.2294724,
            44.3740268
          ],
          [
            -68.2294681,
            44.3739199
          ],
          [
            -68.2293858,
            44.3738542
          ],
          [
            -68.2292359,
            44.3738023
          ],
          [
            -68.229172,
            44.3737206
          ],
          [
            -68.2291655,
            44.3735591
          ],
          [
            -68.2292457,
            44.3734609
          ],
          [
            -68.2293437,
            44.3733649
          ],
          [
            -68.229402,
            44.3732471
          ],
          [
            -68.2294013,
            44.3731166
          ],
          [
            -68.2294301,
            44.3730359
          ],
          [
            -68.2295346,
            44.3729414
          ],
          [
            -68.2295315,
            44.3727599
          ],
          [
            -68.2295852,
            44.372678
          ],
          [
            -68.2296182,
            44.3725896
          ],
          [
            -68.2295756,
            44.3723242
          ],
          [
            -68.2295877,
            44.3721993
          ],
          [
            -68.2295423,
            44.3721086
          ],
          [
            -68.229485,
            44.3717341
          ],
          [
            -68.2294009,
            44.3715771
          ],
          [
            -68.2292958,
            44.3714248
          ],
          [
            -68.2292107,
            44.371333
          ],
          [
            -68.2291273,
            44.3710323
          ],
          [
            -68.2290054,
            44.3708517
          ],
          [
            -68.2289375,
            44.3707336
          ],
          [
            -68.2289305,
            44.3705805
          ],
          [
            -68.2288148,
            44.3703954
          ],
          [
            -68.2287833,
            44.3701769
          ],
          [
            -68.2287294,
            44.3699765
          ],
          [
            -68.2285003,
            44.3693545
          ],
          [
            -68.2285142,
            44.3692083
          ],
          [
            -68.2285576,
            44.3691149
          ],
          [
            -68.2286471,
            44.3690301
          ],
          [
            -68.2288007,
            44.3689474
          ],
          [
            -68.2288974,
            44.368817
          ],
          [
            -68.2289689,
            44.3687814
          ],
          [
            -68.2290865,
            44.3687702
          ],
          [
            -68.2293156,
            44.3686185
          ],
          [
            -68.2295951,
            44.3683222
          ],
          [
            -68.2297425,
            44.3682255
          ],
          [
            -68.2300269,
            44.3681174
          ],
          [
            -68.2301247,
            44.3681057
          ],
          [
            -68.2302047,
            44.368077
          ],
          [
            -68.230304,
            44.3680049
          ],
          [
            -68.2304415,
            44.3679444
          ],
          [
            -68.2304937,
            44.3678566
          ],
          [
            -68.2304163,
            44.3676416
          ],
          [
            -68.230388,
            44.3671356
          ],
          [
            -68.2303574,
            44.3670504
          ],
          [
            -68.2304447,
            44.3668898
          ],
          [
            -68.2304519,
            44.3668449
          ],
          [
            -68.2304921,
            44.3667922
          ],
          [
            -68.2305897,
            44.366726
          ],
          [
            -68.2306502,
            44.3666408
          ],
          [
            -68.2307904,
            44.3664861
          ],
          [
            -68.2308972,
            44.3663567
          ],
          [
            -68.2309801,
            44.3663133
          ],
          [
            -68.2310733,
            44.3662211
          ],
          [
            -68.2311907,
            44.3659849
          ],
          [
            -68.2312772,
            44.365879
          ],
          [
            -68.2313517,
            44.3657105
          ],
          [
            -68.2314666,
            44.3654838
          ],
          [
            -68.2314926,
            44.3653638
          ],
          [
            -68.2314566,
            44.3651685
          ],
          [
            -68.2314741,
            44.3649652
          ],
          [
            -68.2315121,
            44.3648177
          ],
          [
            -68.2314892,
            44.3647312
          ],
          [
            -68.2313515,
            44.3645199
          ],
          [
            -68.2313143,
            44.3643336
          ],
          [
            -68.2313276,
            44.364196
          ],
          [
            -68.2312622,
            44.3640445
          ],
          [
            -68.2312488,
            44.3638951
          ],
          [
            -68.231003,
            44.3637549
          ],
          [
            -68.2308791,
            44.3637392
          ],
          [
            -68.2307033,
            44.3636773
          ],
          [
            -68.230565,
            44.3635148
          ],
          [
            -68.2304652,
            44.3633571
          ],
          [
            -68.2304201,
            44.3631938
          ],
          [
            -68.2304279,
            44.3631412
          ],
          [
            -68.2303659,
            44.3630354
          ],
          [
            -68.230217,
            44.3629354
          ],
          [
            -68.2302167,
            44.3627899
          ],
          [
            -68.2301522,
            44.3627627
          ],
          [
            -68.2301381,
            44.3626803
          ],
          [
            -68.2302405,
            44.3625665
          ],
          [
            -68.2303399,
            44.3625267
          ],
          [
            -68.2303777,
            44.3625616
          ],
          [
            -68.2304318,
            44.3625657
          ],
          [
            -68.2305623,
            44.362423
          ],
          [
            -68.2305365,
            44.3623497
          ],
          [
            -68.2306019,
            44.3623051
          ],
          [
            -68.2305662,
            44.3621814
          ],
          [
            -68.2304741,
            44.3619733
          ],
          [
            -68.2303864,
            44.3619139
          ],
          [
            -68.2302981,
            44.3618688
          ],
          [
            -68.2302191,
            44.3618692
          ],
          [
            -68.2301163,
            44.3618376
          ],
          [
            -68.2300583,
            44.3617572
          ],
          [
            -68.2300085,
            44.3617043
          ],
          [
            -68.2299854,
            44.361644
          ],
          [
            -68.229931,
            44.3616267
          ],
          [
            -68.2298618,
            44.3615299
          ],
          [
            -68.2298743,
            44.3614641
          ],
          [
            -68.2299045,
            44.3614037
          ],
          [
            -68.2298745,
            44.3613476
          ],
          [
            -68.2298015,
            44.3613069
          ],
          [
            -68.2298279,
            44.3611054
          ],
          [
            -68.2294801,
            44.3609169
          ],
          [
            -68.2293817,
            44.3608269
          ],
          [
            -68.2292545,
            44.3607379
          ],
          [
            -68.2292064,
            44.3606647
          ],
          [
            -68.2290515,
            44.3605459
          ],
          [
            -68.2289209,
            44.3604871
          ],
          [
            -68.228887,
            44.3604239
          ],
          [
            -68.2287847,
            44.3603435
          ],
          [
            -68.2287335,
            44.3603484
          ],
          [
            -68.2286824,
            44.360375
          ],
          [
            -68.2285357,
            44.3602716
          ],
          [
            -68.2284774,
            44.360056
          ],
          [
            -68.2284066,
            44.3599567
          ],
          [
            -68.2283968,
            44.3598277
          ],
          [
            -68.2283127,
            44.3597377
          ],
          [
            -68.228221,
            44.359707
          ],
          [
            -68.228127,
            44.3595723
          ],
          [
            -68.227927,
            44.3594643
          ],
          [
            -68.2277033,
            44.3593647
          ],
          [
            -68.2275476,
            44.3592819
          ],
          [
            -68.2272804,
            44.3590675
          ],
          [
            -68.2270845,
            44.3590249
          ],
          [
            -68.227016,
            44.3589626
          ],
          [
            -68.2269743,
            44.3588791
          ],
          [
            -68.2268106,
            44.3587614
          ],
          [
            -68.2265303,
            44.3583071
          ],
          [
            -68.226476,
            44.3581398
          ],
          [
            -68.2264928,
            44.3580807
          ],
          [
            -68.2262795,
            44.3578639
          ],
          [
            -68.226227,
            44.3576678
          ],
          [
            -68.2262322,
            44.3574827
          ],
          [
            -68.2261863,
            44.3571688
          ],
          [
            -68.2262118,
            44.3570586
          ],
          [
            -68.2261711,
            44.3568616
          ],
          [
            -68.2260027,
            44.35662
          ],
          [
            -68.225865,
            44.3563701
          ],
          [
            -68.2258038,
            44.3561603
          ],
          [
            -68.2258391,
            44.3560979
          ],
          [
            -68.225765,
            44.3558124
          ],
          [
            -68.225729,
            44.3556441
          ],
          [
            -68.2257508,
            44.3555013
          ],
          [
            -68.2257112,
            44.3553265
          ],
          [
            -68.225675,
            44.3552832
          ],
          [
            -68.2256218,
            44.3549782
          ],
          [
            -68.2256486,
            44.3549213
          ],
          [
            -68.2257333,
            44.3548592
          ],
          [
            -68.2257097,
            44.3547768
          ],
          [
            -68.2256854,
            44.3545506
          ],
          [
            -68.2256313,
            44.3544866
          ],
          [
            -68.225666,
            44.354366
          ],
          [
            -68.2257421,
            44.3543089
          ],
          [
            -68.2257041,
            44.3541429
          ],
          [
            -68.2256735,
            44.3541203
          ],
          [
            -68.2256414,
            44.3540255
          ],
          [
            -68.2255668,
            44.3539579
          ],
          [
            -68.2255391,
            44.3537851
          ],
          [
            -68.2254312,
            44.3536866
          ],
          [
            -68.2255503,
            44.3536102
          ],
          [
            -68.2256347,
            44.3534853
          ],
          [
            -68.2256775,
            44.3533552
          ],
          [
            -68.2256295,
            44.3532528
          ],
          [
            -68.225514,
            44.3531691
          ],
          [
            -68.2254287,
            44.353146
          ],
          [
            -68.2253,
            44.3530356
          ]
        ]
      },
      "id": "way/150157538"
    },
    {
      "type": "Feature",
      "properties": {
        "@id": "way/150158109",
        "bicycle": "no",
        "foot": "designated",
        "highway": "path",
        "horse": "no",
        "lit": "no",
        "name": "Great Head Trail",
        "operator": "National Park Service",
        "operator:short": "NPS",
        "operator:type": "public",
        "operator:wikidata": "Q308439",
        "surface": "compacted"
      },
      "geometry": {
        "type": "LineString",
        "coordinates": [
          [
            -68.1806821,
            44.3294044
          ],
          [
            -68.1806417,
            44.3294311
          ],
          [
            -68.1805957,
            44.3294713
          ],
          [
            -68.180547,
            44.3294799
          ],
          [
            -68.1805324,
            44.3295113
          ],
          [
            -68.1805414,
            44.3295429
          ],
          [
            -68.180552,
            44.3295655
          ],
          [
            -68.1805467,
            44.3296105
          ],
          [
            -68.1805449,
            44.3296285
          ],
          [
            -68.1805289,
            44.3296509
          ],
          [
            -68.1805091,
            44.3296642
          ]
        ]
      },
      "id": "way/150158109"
    },
    {
      "type": "Feature",
      "properties": {
        "@id": "way/150201927",
        "_ALTTRLNAME_": "East Face Connector",
        "_TRAILNAME_": "Orange & Black Path",
        "_TRAILNUM_": "12",
        "_TRAILTYPE_": "Existing/Maintained",
        "bicycle": "no",
        "foot": "designated",
        "highway": "path",
        "horse": "no",
        "name": "Orange & Black Path",
        "operator": "National Park Service",
        "operator:short": "NPS",
        "operator:type": "public",
        "operator:wikidata": "Q308439",
        "surface": "rock"
      },
      "geometry": {
        "type": "LineString",
        "coordinates": [
          [
            -68.1851623,
            44.3560817
          ],
          [
            -68.1852028,
            44.3560664
          ],
          [
            -68.1852083,
            44.3560625
          ],
          [
            -68.1852114,
            44.3560591
          ],
          [
            -68.1852101,
            44.3560514
          ],
          [
            -68.1852087,
            44.356041
          ],
          [
            -68.1852056,
            44.3560342
          ],
          [
            -68.1852041,
            44.356028
          ],
          [
            -68.1852027,
            44.3560224
          ],
          [
            -68.1852038,
            44.3560189
          ],
          [
            -68.1852008,
            44.3560124
          ],
          [
            -68.1851969,
            44.3560052
          ],
          [
            -68.1851939,
            44.3559996
          ],
          [
            -68.1851892,
            44.3559908
          ],
          [
            -68.1851879,
            44.3559869
          ],
          [
            -68.1851905,
            44.355981
          ],
          [
            -68.1851936,
            44.3559758
          ],
          [
            -68.1851985,
            44.3559688
          ],
          [
            -68.185202,
            44.3559476
          ],
          [
            -68.185219,
            44.3559297
          ],
          [
            -68.1853195,
            44.3559294
          ],
          [
            -68.1854682,
            44.3560234
          ],
          [
            -68.185754,
            44.3563065
          ],
          [
            -68.1858071,
            44.3563424
          ],
          [
            -68.185873,
            44.356284
          ],
          [
            -68.1859384,
            44.3562314
          ],
          [
            -68.186021,
            44.356257
          ],
          [
            -68.186135,
            44.356275
          ],
          [
            -68.186202,
            44.356311
          ],
          [
            -68.186297,
            44.356403
          ],
          [
            -68.18637,
            44.35643
          ],
          [
            -68.186421,
            44.356423
          ],
          [
            -68.186563,
            44.356341
          ],
          [
            -68.186656,
            44.35633
          ],
          [
            -68.186879,
            44.356423
          ],
          [
            -68.187079,
            44.356486
          ],
          [
            -68.187325,
            44.356515
          ],
          [
            -68.187416,
            44.356542
          ],
          [
            -68.187496,
            44.356594
          ],
          [
            -68.187668,
            44.356821
          ],
          [
            -68.187773,
            44.356921
          ],
          [
            -68.187842,
            44.35697
          ],
          [
            -68.187963,
            44.357003
          ],
          [
            -68.188061,
            44.357
          ],
          [
            -68.188186,
            44.356964
          ],
          [
            -68.188338,
            44.356885
          ],
          [
            -68.188483,
            44.356832
          ],
          [
            -68.188692,
            44.356836
          ],
          [
            -68.188859,
            44.356867
          ],
          [
            -68.189054,
            44.356947
          ],
          [
            -68.189186,
            44.356981
          ],
          [
            -68.189407,
            44.356932
          ],
          [
            -68.189642,
            44.356934
          ],
          [
            -68.189739,
            44.356921
          ],
          [
            -68.189823,
            44.35689
          ],
          [
            -68.190106,
            44.356703
          ],
          [
            -68.19039,
            44.356613
          ],
          [
            -68.190571,
            44.356595
          ],
          [
            -68.19078,
            44.356602
          ],
          [
            -68.190986,
            44.356572
          ]
        ]
      },
      "id": "way/150201927"
    },
    {
      "type": "Feature",
      "properties": {
        "@id": "way/150201946",
        "bicycle": "no",
        "foot": "designated",
        "highway": "path",
        "horse": "no",
        "name": "Murphy Lane",
        "operator": "National Park Service",
        "operator:short": "NPS",
        "operator:type": "public",
        "operator:wikidata": "Q308439"
      },
      "geometry": {
        "type": "LineString",
        "coordinates": [
          [
            -68.1877729,
            44.3489785
          ],
          [
            -68.1876613,
            44.3489322
          ],
          [
            -68.1875994,
            44.3487405
          ],
          [
            -68.1871748,
            44.3486602
          ],
          [
            -68.1868602,
            44.3486562
          ],
          [
            -68.1868402,
            44.3486173
          ],
          [
            -68.1861638,
            44.3484977
          ],
          [
            -68.1855629,
            44.3485206
          ],
          [
            -68.1851838,
            44.3486121
          ],
          [
            -68.1842524,
            44.3485015
          ],
          [
            -68.1835102,
            44.3488141
          ],
          [
            -68.1820596,
            44.3488189
          ],
          [
            -68.1818692,
            44.348866
          ]
        ]
      },
      "id": "way/150201946"
    },
    {
      "type": "Feature",
      "properties": {
        "@id": "way/150205165",
        "bicycle": "no",
        "foot": "designated",
        "highway": "path",
        "horse": "no",
        "lit": "no",
        "name": "Great Head Trail",
        "operator": "National Park Service",
        "operator:short": "NPS",
        "operator:type": "public",
        "operator:wikidata": "Q308439",
        "surface": "compacted"
      },
      "geometry": {
        "type": "LineString",
        "coordinates": [
          [
            -68.1790586,
            44.333228
          ],
          [
            -68.1791265,
            44.3331924
          ],
          [
            -68.1792086,
            44.3331525
          ],
          [
            -68.1793276,
            44.3331039
          ],
          [
            -68.1793448,
            44.33305
          ],
          [
            -68.1794214,
            44.3330145
          ],
          [
            -68.1794971,
            44.332979
          ],
          [
            -68.1795538,
            44.3329029
          ],
          [
            -68.1795735,
            44.3328445
          ],
          [
            -68.1796745,
            44.3327417
          ],
          [
            -68.1797682,
            44.3324318
          ],
          [
            -68.1798219,
            44.3322881
          ],
          [
            -68.1798965,
            44.3322212
          ],
          [
            -68.1799046,
            44.3321492
          ],
          [
            -68.1799478,
            44.3320865
          ],
          [
            -68.1800852,
            44.3319569
          ],
          [
            -68.1801146,
            44.3319301
          ],
          [
            -68.1803187,
            44.331684
          ],
          [
            -68.1804202,
            44.3315452
          ],
          [
            -68.1804217,
            44.3314372
          ],
          [
            -68.1804322,
            44.3314147
          ],
          [
            -68.1804806,
            44.3313161
          ],
          [
            -68.1804879,
            44.3312441
          ],
          [
            -68.1804952,
            44.3311676
          ],
          [
            -68.1805071,
            44.3311047
          ],
          [
            -68.1805245,
            44.3310373
          ],
          [
            -68.1805307,
            44.3308753
          ],
          [
            -68.1805465,
            44.3307219
          ],
          [
            -68.1805428,
            44.3306654
          ],
          [
            -68.1805218,
            44.3305379
          ],
          [
            -68.1805247,
            44.3303444
          ],
          [
            -68.1805343,
            44.3300373
          ],
          [
            -68.1805314,
            44.3299795
          ],
          [
            -68.1805385,
            44.3298625
          ],
          [
            -68.1805552,
            44.3298446
          ],
          [
            -68.1805466,
            44.329786
          ],
          [
            -68.18053,
            44.3297409
          ],
          [
            -68.1805314,
            44.3296959
          ],
          [
            -68.1805091,
            44.3296642
          ]
        ]
      },
      "id": "way/150205165"
    },
    {
      "type": "Feature",
      "properties": {
        "@id": "way/150350680",
        "_ALTTRLNAME_": "Beehive/Bowl // Beehive West",
        "_TRAILNAME_": "Beehive Trail",
        "_TRAILNUM_": "7",
        "_TRAILTYPE_": "Existing/Maintained",
        "bicycle": "no",
        "dog": "no",
        "foot": "designated",
        "highway": "path",
        "horse": "no",
        "name": "Beehive Trail",
        "operator": "National Park Service",
        "operator:short": "NPS",
        "operator:type": "public",
        "operator:wikidata": "Q308439"
      },
      "geometry": {
        "type": "LineString",
        "coordinates": [
          [
            -68.1875799,
            44.3316757
          ],
          [
            -68.1877396,
            44.3318281
          ],
          [
            -68.1879353,
            44.3318525
          ],
          [
            -68.1880592,
            44.3319905
          ],
          [
            -68.1881935,
            44.3320121
          ],
          [
            -68.1881878,
            44.3321083
          ],
          [
            -68.1881016,
            44.3321503
          ],
          [
            -68.1879623,
            44.3322353
          ],
          [
            -68.1878737,
            44.3322659
          ],
          [
            -68.1878064,
            44.3323338
          ],
          [
            -68.188005,
            44.3323467
          ],
          [
            -68.1880012,
            44.3323897
          ],
          [
            -68.1877677,
            44.3323926
          ],
          [
            -68.1876346,
            44.3324739
          ],
          [
            -68.1877098,
            44.3324719
          ],
          [
            -68.1876834,
            44.3325086
          ],
          [
            -68.1879317,
            44.3325031
          ],
          [
            -68.1881029,
            44.3326492
          ],
          [
            -68.1877526,
            44.3326264
          ],
          [
            -68.187816,
            44.3326761
          ],
          [
            -68.1877058,
            44.3327378
          ],
          [
            -68.1878292,
            44.3327391
          ],
          [
            -68.1878877,
            44.3330194
          ],
          [
            -68.1878794,
            44.3331464
          ],
          [
            -68.1879493,
            44.3332336
          ],
          [
            -68.1880157,
            44.3332655
          ],
          [
            -68.1880787,
            44.3333783
          ],
          [
            -68.1880561,
            44.3334584
          ],
          [
            -68.1880299,
            44.3335008
          ],
          [
            -68.1879652,
            44.33361
          ],
          [
            -68.1879931,
            44.3336914
          ],
          [
            -68.1880451,
            44.3337382
          ],
          [
            -68.1880478,
            44.3338782
          ],
          [
            -68.1881075,
            44.3339479
          ],
          [
            -68.1882336,
            44.3339597
          ],
          [
            -68.1883808,
            44.3339413
          ],
          [
            -68.1885243,
            44.3339572
          ],
          [
            -68.1887542,
            44.3338639
          ],
          [
            -68.1889412,
            44.3338384
          ],
          [
            -68.1890527,
            44.3338217
          ],
          [
            -68.1895031,
            44.3339663
          ],
          [
            -68.1896044,
            44.3340235
          ],
          [
            -68.1896173,
            44.3341377
          ],
          [
            -68.1896719,
            44.3341873
          ],
          [
            -68.1897335,
            44.3341968
          ],
          [
            -68.1897798,
            44.3342629
          ],
          [
            -68.1898785,
            44.3342732
          ],
          [
            -68.1898989,
            44.3343196
          ],
          [
            -68.1900254,
            44.3343571
          ],
          [
            -68.1901518,
            44.3343469
          ],
          [
            -68.1904492,
            44.3343563
          ],
          [
            -68.1905091,
            44.3343737
          ],
          [
            -68.1905885,
            44.3346097
          ],
          [
            -68.1906876,
            44.3346769
          ],
          [
            -68.1907227,
            44.3347579
          ],
          [
            -68.1907243,
            44.3348989
          ],
          [
            -68.1907898,
            44.3350032
          ],
          [
            -68.1908058,
            44.3351023
          ],
          [
            -68.1909412,
            44.3352316
          ],
          [
            -68.1909936,
            44.3353929
          ],
          [
            -68.1909926,
            44.335677
          ],
          [
            -68.1911897,
            44.3359255
          ],
          [
            -68.191699,
            44.3360193
          ],
          [
            -68.191976,
            44.3357062
          ],
          [
            -68.192482,
            44.3356559
          ]
        ]
      },
      "id": "way/150350680"
    },
    {
      "type": "Feature",
      "properties": {
        "@id": "way/150350812",
        "bicycle": "no",
        "foot": "designated",
        "highway": "path",
        "horse": "no",
        "lit": "no",
        "name": "Great Head Trail",
        "operator": "National Park Service",
        "operator:short": "NPS",
        "operator:type": "public",
        "operator:wikidata": "Q308439",
        "surface": "compacted"
      },
      "geometry": {
        "type": "LineString",
        "coordinates": [
          [
            -68.1805091,
            44.3296642
          ],
          [
            -68.1804832,
            44.3296685
          ],
          [
            -68.1804312,
            44.3296321
          ],
          [
            -68.1803584,
            44.3296309
          ],
          [
            -68.1803246,
            44.3296329
          ],
          [
            -68.1802457,
            44.3296349
          ],
          [
            -68.1801667,
            44.3296208
          ],
          [
            -68.1801301,
            44.3295845
          ],
          [
            -68.180116,
            44.3295361
          ],
          [
            -68.180099,
            44.3294837
          ],
          [
            -68.1800878,
            44.3294413
          ],
          [
            -68.1800624,
            44.3293969
          ],
          [
            -68.1800314,
            44.3293707
          ],
          [
            -68.1799637,
            44.3293324
          ],
          [
            -68.1799355,
            44.3293142
          ],
          [
            -68.1799073,
            44.3292658
          ],
          [
            -68.1798615,
            44.3292229
          ],
          [
            -68.1798267,
            44.3291867
          ],
          [
            -68.1798279,
            44.3291597
          ],
          [
            -68.1798113,
            44.32911
          ],
          [
            -68.1797899,
            44.3290739
          ],
          [
            -68.1797568,
            44.3290286
          ],
          [
            -68.1797331,
            44.3290419
          ],
          [
            -68.1797311,
            44.3290734
          ],
          [
            -68.1797274,
            44.3291139
          ],
          [
            -68.1796889,
            44.3291181
          ],
          [
            -68.17967,
            44.329073
          ],
          [
            -68.1796329,
            44.3290322
          ],
          [
            -68.179595,
            44.3289959
          ],
          [
            -68.17958,
            44.3289463
          ],
          [
            -68.1795697,
            44.3288967
          ],
          [
            -68.179549,
            44.3288651
          ],
          [
            -68.1795191,
            44.3288153
          ],
          [
            -68.1794896,
            44.3287926
          ],
          [
            -68.1794678,
            44.3287835
          ],
          [
            -68.1794303,
            44.3287787
          ],
          [
            -68.179389,
            44.3287559
          ],
          [
            -68.1793613,
            44.3287197
          ],
          [
            -68.1793172,
            44.3286788
          ],
          [
            -68.1792664,
            44.328665
          ],
          [
            -68.1792191,
            44.3286286
          ],
          [
            -68.1791763,
            44.3286058
          ],
          [
            -68.1791184,
            44.3286009
          ],
          [
            -68.1790871,
            44.3285962
          ],
          [
            -68.1790359,
            44.3285598
          ],
          [
            -68.1790084,
            44.3285641
          ],
          [
            -68.178993,
            44.328546
          ],
          [
            -68.1788788,
            44.3285271
          ]
        ]
      },
      "id": "way/150350812"
    },
    {
      "type": "Feature",
      "properties": {
        "@id": "way/150351430",
        "bicycle": "no",
        "foot": "designated",
        "highway": "path",
        "horse": "no",
        "lit": "no",
        "name": "Champlain South Ridge Trail",
        "operator": "National Park Service",
        "operator:short": "NPS",
        "operator:type": "public",
        "operator:wikidata": "Q308439",
        "sac_scale": "mountain_hiking",
        "surface": "rock"
      },
      "geometry": {
        "type": "LineString",
        "coordinates": [
          [
            -68.197265,
            44.336981
          ],
          [
            -68.19728,
            44.337148
          ],
          [
            -68.19726,
            44.337389
          ],
          [
            -68.197231,
            44.337491
          ],
          [
            -68.197176,
            44.337549
          ],
          [
            -68.197014,
            44.337648
          ],
          [
            -68.196552,
            44.337809
          ],
          [
            -68.196451,
            44.337857
          ],
          [
            -68.196295,
            44.33804
          ],
          [
            -68.196202,
            44.338192
          ],
          [
            -68.195939,
            44.338422
          ],
          [
            -68.195921,
            44.33848
          ],
          [
            -68.195988,
            44.338706
          ],
          [
            -68.196012,
            44.338972
          ],
          [
            -68.195988,
            44.339039
          ],
          [
            -68.195768,
            44.339318
          ],
          [
            -68.19554,
            44.339928
          ],
          [
            -68.195561,
            44.340042
          ],
          [
            -68.195619,
            44.340188
          ],
          [
            -68.195679,
            44.340487
          ],
          [
            -68.195679,
            44.340798
          ],
          [
            -68.19565,
            44.340852
          ],
          [
            -68.19558,
            44.340898
          ],
          [
            -68.195356,
            44.340994
          ],
          [
            -68.195153,
            44.341185
          ],
          [
            -68.195026,
            44.341268
          ],
          [
            -68.194966,
            44.341334
          ],
          [
            -68.194749,
            44.341716
          ],
          [
            -68.194628,
            44.341827
          ],
          [
            -68.194476,
            44.342108
          ],
          [
            -68.194357,
            44.342208
          ],
          [
            -68.194333,
            44.342299
          ],
          [
            -68.194404,
            44.342402
          ],
          [
            -68.194402,
            44.342467
          ],
          [
            -68.194275,
            44.342591
          ],
          [
            -68.194227,
            44.342709
          ],
          [
            -68.194107,
            44.342869
          ],
          [
            -68.194098,
            44.342939
          ],
          [
            -68.194151,
            44.34323
          ],
          [
            -68.19415,
            44.34335
          ],
          [
            -68.194092,
            44.343413
          ],
          [
            -68.193739,
            44.34362
          ],
          [
            -68.193692,
            44.343683
          ],
          [
            -68.193661,
            44.343896
          ],
          [
            -68.19359,
            44.343999
          ],
          [
            -68.19346,
            44.344116
          ],
          [
            -68.193415,
            44.344223
          ],
          [
            -68.193457,
            44.3446
          ],
          [
            -68.193307,
            44.345325
          ],
          [
            -68.193325,
            44.345396
          ],
          [
            -68.193407,
            44.345552
          ],
          [
            -68.193436,
            44.345673
          ],
          [
            -68.193416,
            44.34586
          ],
          [
            -68.193426,
            44.345975
          ],
          [
            -68.193385,
            44.346083
          ],
          [
            -68.193305,
            44.346204
          ],
          [
            -68.193231,
            44.346424
          ],
          [
            -68.193286,
            44.346604
          ],
          [
            -68.193305,
            44.346836
          ],
          [
            -68.193262,
            44.347044
          ],
          [
            -68.193302,
            44.347479
          ],
          [
            -68.19328,
            44.347611
          ],
          [
            -68.193101,
            44.347852
          ],
          [
            -68.193094,
            44.348034
          ],
          [
            -68.192982,
            44.348198
          ],
          [
            -68.192965,
            44.348302
          ],
          [
            -68.193003,
            44.348386
          ],
          [
            -68.19312,
            44.348532
          ],
          [
            -68.193155,
            44.348733
          ],
          [
            -68.19341,
            44.349137
          ],
          [
            -68.193523,
            44.349364
          ],
          [
            -68.193668,
            44.349562
          ],
          [
            -68.193907,
            44.350029
          ],
          [
            -68.193926,
            44.35015
          ],
          [
            -68.19389,
            44.350415
          ],
          [
            -68.1939682,
            44.3506869
          ],
          [
            -68.194037,
            44.350845
          ]
        ]
      },
      "id": "way/150351430"
    },
    {
      "type": "Feature",
      "properties": {
        "@id": "way/150351431",
        "bicycle": "no",
        "foot": "designated",
        "highway": "path",
        "horse": "no",
        "name": "Champlain South Ridge Trail",
        "operator": "National Park Service",
        "operator:short": "NPS",
        "operator:type": "public",
        "operator:wikidata": "Q308439",
        "sac_scale": "mountain_hiking"
      },
      "geometry": {
        "type": "LineString",
        "coordinates": [
          [
            -68.192482,
            44.3356559
          ],
          [
            -68.1925328,
            44.3356683
          ],
          [
            -68.192817,
            44.335732
          ],
          [
            -68.193255,
            44.335903
          ],
          [
            -68.193411,
            44.335927
          ],
          [
            -68.193718,
            44.33594
          ],
          [
            -68.193881,
            44.336019
          ],
          [
            -68.194122,
            44.336213
          ],
          [
            -68.194236,
            44.336263
          ],
          [
            -68.194357,
            44.336288
          ],
          [
            -68.194762,
            44.336337
          ],
          [
            -68.194982,
            44.336329
          ],
          [
            -68.195201,
            44.336362
          ],
          [
            -68.195424,
            44.336367
          ],
          [
            -68.195574,
            44.336396
          ],
          [
            -68.195802,
            44.336546
          ],
          [
            -68.195864,
            44.336565
          ],
          [
            -68.195957,
            44.336561
          ],
          [
            -68.19611,
            44.336516
          ],
          [
            -68.196542,
            44.336442
          ],
          [
            -68.196641,
            44.33645
          ],
          [
            -68.196769,
            44.336484
          ],
          [
            -68.196846,
            44.336526
          ],
          [
            -68.19715,
            44.336763
          ],
          [
            -68.197265,
            44.336981
          ]
        ]
      },
      "id": "way/150351431"
    },
    {
      "type": "Feature",
      "properties": {
        "@id": "way/150351712",
        "_TRAILNAME_": "Bowl Trail",
        "_TRAILNUM_": "6",
        "_TRAILTYPE_": "Existing/Maintained",
        "bicycle": "no",
        "foot": "designated",
        "highway": "path",
        "horse": "no",
        "name": "Bowl Trail",
        "operator": "National Park Service",
        "operator:short": "NPS",
        "operator:type": "public",
        "operator:wikidata": "Q308439"
      },
      "geometry": {
        "type": "LineString",
        "coordinates": [
          [
            -68.1875799,
            44.3316757
          ],
          [
            -68.187291,
            44.331935
          ],
          [
            -68.187202,
            44.331982
          ],
          [
            -68.187084,
            44.332002
          ],
          [
            -68.18681,
            44.331973
          ],
          [
            -68.186649,
            44.331973
          ],
          [
            -68.186369,
            44.332015
          ],
          [
            -68.186259,
            44.332003
          ],
          [
            -68.185903,
            44.331914
          ],
          [
            -68.1858518,
            44.3318872
          ],
          [
            -68.185794,
            44.331857
          ],
          [
            -68.185635,
            44.331675
          ],
          [
            -68.185567,
            44.331611
          ],
          [
            -68.185481,
            44.331563
          ],
          [
            -68.185338,
            44.331534
          ],
          [
            -68.185149,
            44.331539
          ]
        ]
      },
      "id": "way/150351712"
    },
    {
      "type": "Feature",
      "properties": {
        "@id": "way/150351832",
        "bicycle": "no",
        "foot": "designated",
        "highway": "path",
        "horse": "no",
        "lit": "no",
        "name": "Great Head Trail",
        "operator": "National Park Service",
        "operator:short": "NPS",
        "operator:type": "public",
        "operator:wikidata": "Q308439",
        "surface": "gravel"
      },
      "geometry": {
        "type": "LineString",
        "coordinates": [
          [
            -68.1788788,
            44.3285271
          ],
          [
            -68.1787862,
            44.3285245
          ],
          [
            -68.1787355,
            44.3285023
          ],
          [
            -68.1787132,
            44.3284809
          ],
          [
            -68.1787041,
            44.3284584
          ],
          [
            -68.1787078,
            44.3284179
          ],
          [
            -68.1786995,
            44.3283998
          ],
          [
            -68.1787379,
            44.3283461
          ],
          [
            -68.1787561,
            44.3283282
          ],
          [
            -68.1787557,
            44.3283057
          ],
          [
            -68.1787623,
            44.3282787
          ],
          [
            -68.1787999,
            44.328225
          ],
          [
            -68.1788783,
            44.328167
          ],
          [
            -68.1789131,
            44.3281493
          ],
          [
            -68.1789443,
            44.328154
          ],
          [
            -68.1789626,
            44.3281361
          ],
          [
            -68.1789669,
            44.3281091
          ],
          [
            -68.178959,
            44.3280596
          ],
          [
            -68.1789609,
            44.3280326
          ],
          [
            -68.1789884,
            44.3279742
          ],
          [
            -68.1789961,
            44.3279248
          ],
          [
            -68.179005,
            44.3279068
          ],
          [
            -68.1790369,
            44.3278007
          ],
          [
            -68.1790236,
            44.3277407
          ],
          [
            -68.1789882,
            44.3276964
          ],
          [
            -68.178898,
            44.327654
          ],
          [
            -68.1788329,
            44.3275995
          ],
          [
            -68.1787682,
            44.327518
          ],
          [
            -68.1787377,
            44.3274593
          ],
          [
            -68.1787337,
            44.3274052
          ],
          [
            -68.1787008,
            44.3273465
          ],
          [
            -68.1786927,
            44.3273104
          ],
          [
            -68.1786868,
            44.3272833
          ],
          [
            -68.178693,
            44.3272339
          ],
          [
            -68.1787036,
            44.3272024
          ],
          [
            -68.1787409,
            44.3271757
          ],
          [
            -68.178743,
            44.3271352
          ],
          [
            -68.1787136,
            44.3271035
          ],
          [
            -68.1787305,
            44.3270766
          ],
          [
            -68.1787294,
            44.3270406
          ],
          [
            -68.1787556,
            44.3270183
          ],
          [
            -68.1786979,
            44.3268828
          ],
          [
            -68.1785868,
            44.326756
          ],
          [
            -68.178625,
            44.3265492
          ],
          [
            -68.1786483,
            44.3265043
          ],
          [
            -68.1786949,
            44.3264281
          ],
          [
            -68.1786802,
            44.32641
          ],
          [
            -68.1786606,
            44.3262433
          ],
          [
            -68.1786323,
            44.3260944
          ],
          [
            -68.1785932,
            44.3260111
          ],
          [
            -68.1784866,
            44.3258459
          ],
          [
            -68.1784547,
            44.3258277
          ],
          [
            -68.1784101,
            44.3258274
          ],
          [
            -68.178378,
            44.3258226
          ],
          [
            -68.1783265,
            44.3258043
          ],
          [
            -68.1782899,
            44.3257905
          ],
          [
            -68.1782415,
            44.3257766
          ],
          [
            -68.1781912,
            44.3257808
          ],
          [
            -68.1781645,
            44.3257851
          ],
          [
            -68.178093,
            44.3258026
          ],
          [
            -68.1780314,
            44.3258292
          ],
          [
            -68.177988,
            44.3258558
          ],
          [
            -68.1779974,
            44.3259099
          ],
          [
            -68.1779986,
            44.3259325
          ],
          [
            -68.1779277,
            44.3259634
          ],
          [
            -68.1778915,
            44.3259722
          ],
          [
            -68.1778473,
            44.3259856
          ],
          [
            -68.1778411,
            44.3259898
          ],
          [
            -68.1778063,
            44.3260076
          ],
          [
            -68.1777515,
            44.3260072
          ],
          [
            -68.1777138,
            44.3260114
          ],
          [
            -68.1776824,
            44.3260157
          ],
          [
            -68.1776477,
            44.326029
          ],
          [
            -68.1776646,
            44.3260561
          ],
          [
            -68.1776901,
            44.3260833
          ],
          [
            -68.177715,
            44.3260925
          ],
          [
            -68.1777517,
            44.3261062
          ],
          [
            -68.1777723,
            44.3261469
          ],
          [
            -68.1777639,
            44.3261828
          ],
          [
            -68.1777388,
            44.3261872
          ],
          [
            -68.1777058,
            44.3261914
          ],
          [
            -68.177668,
            44.3262002
          ],
          [
            -68.1776521,
            44.3262226
          ],
          [
            -68.1776284,
            44.3262359
          ],
          [
            -68.177609,
            44.3262763
          ],
          [
            -68.1775891,
            44.3262986
          ],
          [
            -68.177562,
            44.3263299
          ],
          [
            -68.1775581,
            44.3263794
          ],
          [
            -68.1775472,
            44.3264334
          ],
          [
            -68.1775296,
            44.3264557
          ],
          [
            -68.1774864,
            44.3264644
          ],
          [
            -68.1775,
            44.3265005
          ],
          [
            -68.1774833,
            44.3265184
          ],
          [
            -68.1774426,
            44.3265136
          ],
          [
            -68.1774515,
            44.3265542
          ],
          [
            -68.1773966,
            44.3265493
          ],
          [
            -68.1773854,
            44.3265717
          ],
          [
            -68.1773562,
            44.326585
          ],
          [
            -68.1773255,
            44.3265938
          ],
          [
            -68.17729,
            44.3266116
          ],
          [
            -68.17726,
            44.3266204
          ],
          [
            -68.1772075,
            44.3266245
          ],
          [
            -68.1771877,
            44.3266378
          ],
          [
            -68.1771865,
            44.3266648
          ],
          [
            -68.1771722,
            44.3266827
          ],
          [
            -68.1771438,
            44.326696
          ],
          [
            -68.1771223,
            44.3267139
          ],
          [
            -68.1771024,
            44.3267363
          ],
          [
            -68.1770629,
            44.326763
          ],
          [
            -68.1770236,
            44.3267672
          ],
          [
            -68.1769748,
            44.3267804
          ],
          [
            -68.1769337,
            44.3268071
          ],
          [
            -68.1768924,
            44.3268473
          ],
          [
            -68.1768819,
            44.3268697
          ],
          [
            -68.1768428,
            44.326919
          ],
          [
            -68.1768182,
            44.3269413
          ],
          [
            -68.1767708,
            44.3269635
          ],
          [
            -68.1767642,
            44.3269904
          ],
          [
            -68.1767599,
            44.3270174
          ],
          [
            -68.1767486,
            44.3270398
          ],
          [
            -68.1767318,
            44.3270667
          ],
          [
            -68.1767133,
            44.3270936
          ],
          [
            -68.1767045,
            44.3271115
          ],
          [
            -68.1767166,
            44.3271431
          ],
          [
            -68.1767091,
            44.3271701
          ],
          [
            -68.1766497,
            44.3272192
          ],
          [
            -68.1766305,
            44.3272415
          ],
          [
            -68.1765786,
            44.3272547
          ],
          [
            -68.1765558,
            44.3272635
          ],
          [
            -68.1765266,
            44.3272768
          ],
          [
            -68.1765091,
            44.3272947
          ],
          [
            -68.1764841,
            44.3272855
          ],
          [
            -68.1764576,
            44.3272763
          ],
          [
            -68.176436,
            44.3272536
          ],
          [
            -68.1764173,
            44.32724
          ],
          [
            -68.1763902,
            44.3272218
          ],
          [
            -68.1763702,
            44.3271946
          ],
          [
            -68.1763263,
            44.3271943
          ],
          [
            -68.1762857,
            44.3271805
          ],
          [
            -68.1762489,
            44.3271803
          ],
          [
            -68.1762049,
            44.3271844
          ],
          [
            -68.1761737,
            44.3271707
          ],
          [
            -68.176122,
            44.3271703
          ],
          [
            -68.176092,
            44.3271881
          ],
          [
            -68.1760414,
            44.3272148
          ],
          [
            -68.1760094,
            44.32721
          ],
          [
            -68.1759756,
            44.3272143
          ],
          [
            -68.1759294,
            44.327214
          ],
          [
            -68.1759087,
            44.3272318
          ],
          [
            -68.1758666,
            44.327218
          ],
          [
            -68.1758499,
            44.3272359
          ],
          [
            -68.1758276,
            44.3272582
          ],
          [
            -68.1758163,
            44.3272807
          ],
          [
            -68.1757681,
            44.3273073
          ],
          [
            -68.1757428,
            44.3273252
          ],
          [
            -68.1757345,
            44.3273566
          ],
          [
            -68.1757061,
            44.3273699
          ],
          [
            -68.1756894,
            44.3273878
          ],
          [
            -68.1756545,
            44.3274191
          ],
          [
            -68.175642,
            44.3274685
          ],
          [
            -68.1756215,
            44.3274818
          ],
          [
            -68.1755317,
            44.3275082
          ],
          [
            -68.1754698,
            44.3275077
          ],
          [
            -68.1754259,
            44.3275074
          ],
          [
            -68.1753946,
            44.3275072
          ],
          [
            -68.1753652,
            44.32748
          ],
          [
            -68.1753401,
            44.3274753
          ],
          [
            -68.175315,
            44.3274796
          ],
          [
            -68.1753127,
            44.3275291
          ],
          [
            -68.1753054,
            44.3275516
          ],
          [
            -68.1752917,
            44.327574
          ],
          [
            -68.1752665,
            44.3275873
          ],
          [
            -68.1752606,
            44.3276143
          ],
          [
            -68.1752445,
            44.3276457
          ],
          [
            -68.1752184,
            44.3276635
          ],
          [
            -68.1751991,
            44.3276949
          ],
          [
            -68.175179,
            44.3277307
          ],
          [
            -68.1751584,
            44.3277486
          ],
          [
            -68.1751424,
            44.3277665
          ],
          [
            -68.1751156,
            44.3277798
          ],
          [
            -68.1750879,
            44.3277976
          ],
          [
            -68.1750625,
            44.3278199
          ],
          [
            -68.1750443,
            44.3278333
          ],
          [
            -68.175015,
            44.3278556
          ],
          [
            -68.1749936,
            44.3278734
          ],
          [
            -68.1749628,
            44.3278867
          ],
          [
            -68.1749368,
            44.3278955
          ],
          [
            -68.1748911,
            44.3279132
          ],
          [
            -68.1748641,
            44.3279355
          ],
          [
            -68.1748339,
            44.3279668
          ],
          [
            -68.1748227,
            44.3279847
          ],
          [
            -68.1747965,
            44.3280116
          ],
          [
            -68.1747711,
            44.3280339
          ],
          [
            -68.1747149,
            44.3280695
          ],
          [
            -68.1747137,
            44.328101
          ],
          [
            -68.1747118,
            44.3281235
          ],
          [
            -68.1747074,
            44.328155
          ],
          [
            -68.1747079,
            44.3281775
          ],
          [
            -68.1746735,
            44.3281682
          ],
          [
            -68.1746499,
            44.328177
          ],
          [
            -68.174598,
            44.3281857
          ],
          [
            -68.1745796,
            44.3282171
          ],
          [
            -68.1745714,
            44.3282395
          ],
          [
            -68.1747098,
            44.3284926
          ],
          [
            -68.1747552,
            44.3284974
          ],
          [
            -68.1747972,
            44.3285202
          ],
          [
            -68.1748923,
            44.3284984
          ],
          [
            -68.1749345,
            44.3285077
          ],
          [
            -68.1749752,
            44.3285125
          ],
          [
            -68.175023,
            44.3285174
          ],
          [
            -68.175079,
            44.3285448
          ],
          [
            -68.1751086,
            44.3285585
          ],
          [
            -68.1751405,
            44.3285767
          ],
          [
            -68.1751662,
            44.3285904
          ],
          [
            -68.175198,
            44.3286132
          ],
          [
            -68.1752483,
            44.3286585
          ],
          [
            -68.1752748,
            44.3286722
          ],
          [
            -68.175302,
            44.3286904
          ],
          [
            -68.1753434,
            44.3286997
          ],
          [
            -68.1753858,
            44.3286955
          ],
          [
            -68.1754413,
            44.3287004
          ],
          [
            -68.1754711,
            44.3287052
          ],
          [
            -68.1755055,
            44.3287099
          ],
          [
            -68.1755711,
            44.3287284
          ],
          [
            -68.1756147,
            44.3287467
          ],
          [
            -68.1756867,
            44.3287562
          ],
          [
            -68.1757171,
            44.3287654
          ],
          [
            -68.1758,
            44.3287841
          ],
          [
            -68.1758624,
            44.3288025
          ],
          [
            -68.1759382,
            44.3288211
          ],
          [
            -68.1759742,
            44.3288258
          ],
          [
            -68.1760228,
            44.3288262
          ],
          [
            -68.176174,
            44.3288126
          ],
          [
            -68.1763621,
            44.3288331
          ],
          [
            -68.1764098,
            44.328847
          ],
          [
            -68.1764905,
            44.3288476
          ],
          [
            -68.1765517,
            44.328839
          ],
          [
            -68.1766492,
            44.3288757
          ]
        ]
      },
      "id": "way/150351832"
    },
    {
      "type": "Feature",
      "properties": {
        "@id": "way/150351854",
        "bicycle": "no",
        "foot": "designated",
        "highway": "path",
        "horse": "no",
        "name": "Great Head Trail",
        "operator": "National Park Service",
        "operator:short": "NPS",
        "operator:type": "public",
        "operator:wikidata": "Q308439",
        "surface": "rock"
      },
      "geometry": {
        "type": "LineString",
        "coordinates": [
          [
            -68.1775674,
            44.3303768
          ],
          [
            -68.177507,
            44.3304889
          ],
          [
            -68.1774765,
            44.3305382
          ],
          [
            -68.1773836,
            44.3306231
          ],
          [
            -68.1773568,
            44.3306364
          ],
          [
            -68.177344,
            44.3306543
          ],
          [
            -68.1773365,
            44.3306858
          ],
          [
            -68.1773438,
            44.3307263
          ],
          [
            -68.1773466,
            44.3307488
          ],
          [
            -68.1773429,
            44.3310144
          ],
          [
            -68.1773175,
            44.3310757
          ],
          [
            -68.177266,
            44.3311849
          ],
          [
            -68.1772133,
            44.3313235
          ],
          [
            -68.1772198,
            44.3314006
          ],
          [
            -68.1772302,
            44.3314998
          ],
          [
            -68.1772612,
            44.3316395
          ],
          [
            -68.1773819,
            44.3319195
          ],
          [
            -68.1774033,
            44.3319647
          ],
          [
            -68.1775824,
            44.3323261
          ],
          [
            -68.1776113,
            44.3323893
          ],
          [
            -68.177615,
            44.3324613
          ],
          [
            -68.1776117,
            44.3325288
          ],
          [
            -68.1776173,
            44.3325784
          ],
          [
            -68.1776511,
            44.3326282
          ],
          [
            -68.1776922,
            44.3326645
          ],
          [
            -68.1777534,
            44.3327144
          ],
          [
            -68.1778147,
            44.3327599
          ],
          [
            -68.1778541,
            44.3328007
          ],
          [
            -68.1778504,
            44.3328412
          ],
          [
            -68.177886,
            44.3328774
          ],
          [
            -68.1779237,
            44.3329227
          ],
          [
            -68.1779875,
            44.3329592
          ],
          [
            -68.178059,
            44.3330047
          ],
          [
            -68.1781196,
            44.3330412
          ],
          [
            -68.1781845,
            44.3330551
          ],
          [
            -68.1782919,
            44.3330559
          ],
          [
            -68.1783735,
            44.333052
          ],
          [
            -68.1784534,
            44.3330571
          ],
          [
            -68.1785324,
            44.3330711
          ],
          [
            -68.1786115,
            44.3330717
          ],
          [
            -68.1786856,
            44.3331038
          ],
          [
            -68.1787634,
            44.3331448
          ],
          [
            -68.1788478,
            44.3331634
          ],
          [
            -68.1789345,
            44.3331866
          ],
          [
            -68.1790173,
            44.3332097
          ],
          [
            -68.1790586,
            44.333228
          ]
        ]
      },
      "id": "way/150351854"
    },
    {
      "type": "Feature",
      "properties": {
        "@id": "way/162933097",
        "bicycle": "no",
        "foot": "designated",
        "highway": "path",
        "horse": "no",
        "lit": "no",
        "name": "Champlain North Ridge Trail",
        "operator": "National Park Service",
        "operator:short": "NPS",
        "operator:type": "public",
        "operator:wikidata": "Q308439",
        "surface": "rock"
      },
      "geometry": {
        "type": "LineString",
        "coordinates": [
          [
            -68.1917768,
            44.3578112
          ],
          [
            -68.192122,
            44.357713
          ],
          [
            -68.192437,
            44.357467
          ],
          [
            -68.192467,
            44.357403
          ],
          [
            -68.192423,
            44.357168
          ],
          [
            -68.192465,
            44.356975
          ],
          [
            -68.192498,
            44.356627
          ],
          [
            -68.192493,
            44.356541
          ],
          [
            -68.192441,
            44.356413
          ],
          [
            -68.192415,
            44.356208
          ],
          [
            -68.192427,
            44.356132
          ],
          [
            -68.192558,
            44.355981
          ],
          [
            -68.1926,
            44.355787
          ],
          [
            -68.192675,
            44.355599
          ],
          [
            -68.192675,
            44.355351
          ],
          [
            -68.192816,
            44.355057
          ],
          [
            -68.192846,
            44.35488
          ],
          [
            -68.19293,
            44.354757
          ],
          [
            -68.193053,
            44.354666
          ],
          [
            -68.19313,
            44.354579
          ],
          [
            -68.193136,
            44.354511
          ],
          [
            -68.193085,
            44.35432
          ],
          [
            -68.193124,
            44.354027
          ],
          [
            -68.193193,
            44.353893
          ],
          [
            -68.193441,
            44.353605
          ],
          [
            -68.193678,
            44.353435
          ],
          [
            -68.193756,
            44.353314
          ],
          [
            -68.193812,
            44.353167
          ],
          [
            -68.193895,
            44.353029
          ],
          [
            -68.194077,
            44.352852
          ],
          [
            -68.194084,
            44.352786
          ],
          [
            -68.19405,
            44.352519
          ],
          [
            -68.194002,
            44.352399
          ],
          [
            -68.193996,
            44.352294
          ],
          [
            -68.194057,
            44.351985
          ],
          [
            -68.194238,
            44.351614
          ],
          [
            -68.194245,
            44.351544
          ],
          [
            -68.194098,
            44.351175
          ],
          [
            -68.193971,
            44.351035
          ],
          [
            -68.1939798,
            44.3509284
          ],
          [
            -68.194037,
            44.350845
          ]
        ]
      },
      "id": "way/162933097"
    },
    {
      "type": "Feature",
      "properties": {
        "@id": "way/162933136",
        "bicycle": "no",
        "dog": "discouraged",
        "foot": "designated",
        "highway": "path",
        "horse": "no",
        "lit": "no",
        "name": "Beachcroft Path",
        "operator": "National Park Service",
        "operator:short": "NPS",
        "operator:type": "public",
        "operator:wikidata": "Q308439",
        "sac_scale": "mountain_hiking",
        "surface": "rock"
      },
      "geometry": {
        "type": "LineString",
        "coordinates": [
          [
            -68.2055097,
            44.358385
          ],
          [
            -68.205309,
            44.358423
          ],
          [
            -68.205211,
            44.358406
          ],
          [
            -68.20514,
            44.35836
          ],
          [
            -68.2046368,
            44.3578329
          ],
          [
            -68.2043829,
            44.3576724
          ],
          [
            -68.2039555,
            44.3575476
          ],
          [
            -68.2038519,
            44.3575903
          ],
          [
            -68.2032203,
            44.3573809
          ],
          [
            -68.202823,
            44.357352
          ],
          [
            -68.202729,
            44.35731
          ],
          [
            -68.202669,
            44.357247
          ],
          [
            -68.202656,
            44.357179
          ],
          [
            -68.202705,
            44.357038
          ],
          [
            -68.202916,
            44.356735
          ],
          [
            -68.20299,
            44.356565
          ],
          [
            -68.202996,
            44.356442
          ],
          [
            -68.202945,
            44.356187
          ],
          [
            -68.20304,
            44.355756
          ],
          [
            -68.203099,
            44.3556725
          ],
          [
            -68.2030777,
            44.3554991
          ],
          [
            -68.2029318,
            44.3555896
          ],
          [
            -68.202806,
            44.355454
          ],
          [
            -68.202736,
            44.355129
          ],
          [
            -68.202724,
            44.354692
          ],
          [
            -68.2028144,
            44.3544002
          ],
          [
            -68.202571,
            44.3546381
          ],
          [
            -68.2024732,
            44.3543117
          ],
          [
            -68.202405,
            44.354367
          ],
          [
            -68.2023536,
            44.354304
          ],
          [
            -68.2022855,
            44.3543491
          ],
          [
            -68.202198,
            44.35425
          ],
          [
            -68.2021622,
            44.354015
          ],
          [
            -68.2021402,
            44.3539264
          ],
          [
            -68.2020925,
            44.3539441
          ],
          [
            -68.2020717,
            44.3540043
          ],
          [
            -68.2019896,
            44.3538696
          ],
          [
            -68.2019359,
            44.3537594
          ],
          [
            -68.2019038,
            44.3535973
          ],
          [
            -68.2018945,
            44.3535183
          ],
          [
            -68.2018413,
            44.3534662
          ],
          [
            -68.2017512,
            44.3533905
          ],
          [
            -68.2016889,
            44.3534248
          ],
          [
            -68.2016575,
            44.3535667
          ],
          [
            -68.2016279,
            44.3536024
          ],
          [
            -68.2015921,
            44.3536032
          ],
          [
            -68.201549,
            44.353488
          ],
          [
            -68.201496,
            44.353118
          ],
          [
            -68.201393,
            44.352936
          ],
          [
            -68.201299,
            44.352843
          ],
          [
            -68.201109,
            44.35274
          ],
          [
            -68.200433,
            44.352434
          ],
          [
            -68.200278,
            44.352386
          ],
          [
            -68.199971,
            44.352349
          ],
          [
            -68.199799,
            44.352357
          ],
          [
            -68.19967,
            44.352388
          ],
          [
            -68.199545,
            44.352447
          ],
          [
            -68.199348,
            44.352608
          ],
          [
            -68.199208,
            44.352695
          ],
          [
            -68.199146,
            44.352778
          ],
          [
            -68.199066,
            44.352965
          ],
          [
            -68.198941,
            44.353059
          ],
          [
            -68.198768,
            44.353108
          ],
          [
            -68.198645,
            44.353118
          ],
          [
            -68.198267,
            44.353081
          ],
          [
            -68.198033,
            44.352965
          ],
          [
            -68.19785,
            44.352919
          ],
          [
            -68.197768,
            44.352846
          ],
          [
            -68.197732,
            44.352729
          ],
          [
            -68.197692,
            44.352668
          ],
          [
            -68.197618,
            44.35263
          ],
          [
            -68.197131,
            44.352548
          ],
          [
            -68.197023,
            44.352508
          ],
          [
            -68.196834,
            44.352334
          ],
          [
            -68.196728,
            44.352295
          ],
          [
            -68.196544,
            44.352264
          ],
          [
            -68.19639,
            44.35221
          ],
          [
            -68.195937,
            44.351878
          ],
          [
            -68.195847,
            44.351834
          ],
          [
            -68.195715,
            44.351818
          ],
          [
            -68.195194,
            44.351852
          ],
          [
            -68.195088,
            44.351845
          ],
          [
            -68.195022,
            44.351822
          ],
          [
            -68.194937,
            44.35175
          ],
          [
            -68.194856,
            44.351613
          ],
          [
            -68.194729,
            44.351518
          ],
          [
            -68.194607,
            44.351393
          ],
          [
            -68.194526,
            44.351274
          ],
          [
            -68.194443,
            44.3511
          ],
          [
            -68.194231,
            44.350986
          ],
          [
            -68.194037,
            44.350845
          ]
        ]
      },
      "id": "way/162933136"
    },
    {
      "type": "Feature",
      "properties": {
        "@id": "way/162933559",
        "bicycle": "no",
        "foot": "designated",
        "highway": "path",
        "horse": "no",
        "name": "Cadillac South Ridge Trail",
        "operator": "National Park Service",
        "operator:short": "NPS",
        "operator:type": "public",
        "operator:wikidata": "Q308439",
        "surface": "rock"
      },
      "geometry": {
        "type": "LineString",
        "coordinates": [
          [
            -68.2269015,
            44.3384791
          ],
          [
            -68.226682,
            44.338343
          ],
          [
            -68.226619,
            44.338289
          ],
          [
            -68.226581,
            44.338179
          ],
          [
            -68.226675,
            44.337845
          ],
          [
            -68.226648,
            44.337723
          ],
          [
            -68.22651,
            44.337464
          ],
          [
            -68.226343,
            44.337242
          ],
          [
            -68.226256,
            44.336736
          ],
          [
            -68.226289,
            44.336569
          ],
          [
            -68.226291,
            44.336382
          ],
          [
            -68.226256,
            44.336244
          ],
          [
            -68.2261,
            44.335999
          ],
          [
            -68.225849,
            44.335491
          ],
          [
            -68.225813,
            44.335364
          ],
          [
            -68.225847,
            44.335235
          ],
          [
            -68.225841,
            44.335161
          ],
          [
            -68.225815,
            44.335122
          ],
          [
            -68.225549,
            44.334857
          ],
          [
            -68.225373,
            44.3346
          ],
          [
            -68.225281,
            44.33442
          ],
          [
            -68.2251,
            44.334277
          ],
          [
            -68.224757,
            44.333952
          ],
          [
            -68.224502,
            44.333586
          ],
          [
            -68.224295,
            44.333435
          ],
          [
            -68.224132,
            44.33328
          ],
          [
            -68.223912,
            44.333137
          ],
          [
            -68.223668,
            44.332915
          ],
          [
            -68.223466,
            44.332761
          ],
          [
            -68.223197,
            44.332455
          ],
          [
            -68.223128,
            44.332334
          ],
          [
            -68.223049,
            44.332059
          ],
          [
            -68.223006,
            44.33199
          ],
          [
            -68.222592,
            44.331723
          ],
          [
            -68.22241,
            44.331637
          ],
          [
            -68.222351,
            44.331595
          ],
          [
            -68.222224,
            44.331426
          ],
          [
            -68.222094,
            44.331319
          ],
          [
            -68.221688,
            44.3311
          ],
          [
            -68.221417,
            44.33088
          ],
          [
            -68.221361,
            44.330814
          ],
          [
            -68.221307,
            44.330616
          ],
          [
            -68.221384,
            44.33023
          ],
          [
            -68.221383,
            44.330151
          ],
          [
            -68.221355,
            44.330065
          ],
          [
            -68.221204,
            44.329744
          ],
          [
            -68.221051,
            44.329545
          ],
          [
            -68.220891,
            44.329412
          ],
          [
            -68.220844,
            44.329352
          ],
          [
            -68.220758,
            44.329044
          ],
          [
            -68.220586,
            44.32871
          ],
          [
            -68.220534,
            44.328529
          ],
          [
            -68.220442,
            44.328387
          ],
          [
            -68.220266,
            44.328226
          ],
          [
            -68.22019,
            44.32809
          ],
          [
            -68.220184,
            44.327993
          ],
          [
            -68.220226,
            44.32782
          ],
          [
            -68.220231,
            44.327677
          ],
          [
            -68.220303,
            44.327502
          ],
          [
            -68.220315,
            44.327398
          ],
          [
            -68.220279,
            44.327214
          ],
          [
            -68.220371,
            44.326724
          ],
          [
            -68.22044,
            44.326524
          ],
          [
            -68.220417,
            44.326448
          ],
          [
            -68.220231,
            44.326208
          ],
          [
            -68.2201931,
            44.3261096
          ],
          [
            -68.220185,
            44.325886
          ],
          [
            -68.220227,
            44.325695
          ],
          [
            -68.220222,
            44.325616
          ],
          [
            -68.220144,
            44.325377
          ],
          [
            -68.220142,
            44.32475
          ],
          [
            -68.220115,
            44.324611
          ],
          [
            -68.220013,
            44.324464
          ],
          [
            -68.219903,
            44.324381
          ],
          [
            -68.219418,
            44.324116
          ],
          [
            -68.219312,
            44.324022
          ],
          [
            -68.219312,
            44.32394
          ],
          [
            -68.219372,
            44.323851
          ],
          [
            -68.219393,
            44.32377
          ],
          [
            -68.219365,
            44.323714
          ],
          [
            -68.219209,
            44.323572
          ],
          [
            -68.219125,
            44.323445
          ],
          [
            -68.219082,
            44.323198
          ],
          [
            -68.219019,
            44.323074
          ],
          [
            -68.218599,
            44.322503
          ],
          [
            -68.218497,
            44.322298
          ],
          [
            -68.21827,
            44.321937
          ],
          [
            -68.218215,
            44.321756
          ],
          [
            -68.218012,
            44.321342
          ],
          [
            -68.217988,
            44.321229
          ],
          [
            -68.21803,
            44.320974
          ],
          [
            -68.218034,
            44.320804
          ],
          [
            -68.217844,
            44.320221
          ],
          [
            -68.21779,
            44.319922
          ],
          [
            -68.217747,
            44.31983
          ],
          [
            -68.217564,
            44.319629
          ],
          [
            -68.217504,
            44.319533
          ],
          [
            -68.217358,
            44.319022
          ],
          [
            -68.217205,
            44.318679
          ],
          [
            -68.217097,
            44.31856
          ],
          [
            -68.216781,
            44.318317
          ],
          [
            -68.216529,
            44.318032
          ],
          [
            -68.216459,
            44.317872
          ],
          [
            -68.216354,
            44.31709
          ],
          [
            -68.216297,
            44.316844
          ],
          [
            -68.21626,
            44.31678
          ],
          [
            -68.216119,
            44.316682
          ],
          [
            -68.215716,
            44.316491
          ],
          [
            -68.215454,
            44.316298
          ],
          [
            -68.214894,
            44.315987
          ],
          [
            -68.214827,
            44.315934
          ],
          [
            -68.214733,
            44.31582
          ],
          [
            -68.214651,
            44.315673
          ],
          [
            -68.214652,
            44.315571
          ],
          [
            -68.214698,
            44.315511
          ],
          [
            -68.215105,
            44.315247
          ],
          [
            -68.215185,
            44.315128
          ],
          [
            -68.2152,
            44.315058
          ],
          [
            -68.215161,
            44.314764
          ],
          [
            -68.215157,
            44.314486
          ],
          [
            -68.21517,
            44.314398
          ],
          [
            -68.215245,
            44.314184
          ],
          [
            -68.215238,
            44.314062
          ],
          [
            -68.215104,
            44.313903
          ],
          [
            -68.215075,
            44.313837
          ],
          [
            -68.215067,
            44.313424
          ],
          [
            -68.215035,
            44.313283
          ],
          [
            -68.215029,
            44.313042
          ],
          [
            -68.214984,
            44.312895
          ]
        ]
      },
      "id": "way/162933559"
    },
    {
      "type": "Feature",
      "properties": {
        "@id": "way/164557798",
        "_TRAILNUM_": "26",
        "_TRAILTYPE_": "Existing/Maintained",
        "bicycle": "no",
        "foot": "designated",
        "highway": "path",
        "horse": "no",
        "lit": "no",
        "name": "Cadillac South Ridge Trail",
        "operator": "National Park Service",
        "operator:short": "NPS",
        "operator:type": "public",
        "operator:wikidata": "Q308439",
        "sac_scale": "mountain_hiking",
        "surface": "rock"
      },
      "geometry": {
        "type": "LineString",
        "coordinates": [
          [
            -68.2263386,
            44.3512531
          ],
          [
            -68.22646,
            44.351181
          ],
          [
            -68.2265804,
            44.3510607
          ],
          [
            -68.2268248,
            44.3509859
          ],
          [
            -68.226924,
            44.3508348
          ],
          [
            -68.2270819,
            44.3506996
          ],
          [
            -68.2272895,
            44.3505306
          ],
          [
            -68.2277081,
            44.3502634
          ],
          [
            -68.2277344,
            44.3502172
          ],
          [
            -68.227702,
            44.35014
          ],
          [
            -68.2277347,
            44.3501007
          ],
          [
            -68.2279417,
            44.3500035
          ],
          [
            -68.228034,
            44.3500099
          ],
          [
            -68.2281155,
            44.3500484
          ],
          [
            -68.2282119,
            44.3500435
          ],
          [
            -68.22829,
            44.3499837
          ],
          [
            -68.2285175,
            44.3499229
          ],
          [
            -68.228562,
            44.3498874
          ],
          [
            -68.2285516,
            44.3498301
          ],
          [
            -68.2285882,
            44.3497655
          ],
          [
            -68.228631,
            44.3497197
          ],
          [
            -68.2286834,
            44.3496286
          ],
          [
            -68.2286487,
            44.3495939
          ],
          [
            -68.2285336,
            44.3494906
          ],
          [
            -68.228484,
            44.349389
          ],
          [
            -68.228477,
            44.3493
          ],
          [
            -68.228522,
            44.349161
          ],
          [
            -68.2286106,
            44.3490795
          ],
          [
            -68.2286922,
            44.3489389
          ],
          [
            -68.2286898,
            44.3487883
          ],
          [
            -68.22872,
            44.348631
          ],
          [
            -68.228727,
            44.348464
          ],
          [
            -68.2286957,
            44.3482453
          ],
          [
            -68.228656,
            44.3481162
          ],
          [
            -68.2288165,
            44.3480188
          ],
          [
            -68.2288635,
            44.3479554
          ],
          [
            -68.2288,
            44.3478232
          ],
          [
            -68.2288151,
            44.347751
          ],
          [
            -68.228907,
            44.347583
          ],
          [
            -68.2289305,
            44.3475202
          ],
          [
            -68.2289897,
            44.3474667
          ],
          [
            -68.2291841,
            44.3474378
          ],
          [
            -68.2292706,
            44.3473852
          ],
          [
            -68.2292917,
            44.3472842
          ],
          [
            -68.2292765,
            44.3471826
          ],
          [
            -68.2293294,
            44.347123
          ],
          [
            -68.2293885,
            44.3469467
          ]
        ]
      },
      "id": "way/164557798"
    },
    {
      "type": "Feature",
      "properties": {
        "@id": "way/164557806",
        "bicycle": "no",
        "foot": "designated",
        "highway": "path",
        "horse": "no",
        "lit": "no",
        "name": "Middle Peak Road",
        "operator": "National Park Service",
        "operator:short": "NPS",
        "operator:type": "public",
        "operator:wikidata": "Q308439",
        "sac_scale": "hiking",
        "surface": "pebblestone",
        "tracktype": "grade2"
      },
      "geometry": {
        "type": "LineString",
        "coordinates": [
          [
            -68.2254606,
            44.3522954
          ],
          [
            -68.2254916,
            44.3522743
          ],
          [
            -68.2258258,
            44.3520878
          ],
          [
            -68.2261233,
            44.3518232
          ],
          [
            -68.2262324,
            44.3515998
          ],
          [
            -68.2262654,
            44.3513703
          ],
          [
            -68.2263386,
            44.3512531
          ]
        ]
      },
      "id": "way/164557806"
    },
    {
      "type": "Feature",
      "properties": {
        "@id": "way/1183061762",
        "_ALTTRLNAME_": "Sieur de Monts-Tarn",
        "_TRAILNAME_": "Wild Gardens Path",
        "_TRAILNUM_": "71",
        "_TRAILTYPE_": "Existing/Maintained",
        "bicycle": "no",
        "foot": "designated",
        "highway": "path",
        "horse": "no",
        "name": "Wild Gardens Path",
        "operator": "National Park Service",
        "operator:short": "NPS",
        "operator:type": "public",
        "operator:wikidata": "Q308439"
      },
      "geometry": {
        "type": "LineString",
        "coordinates": [
          [
            -68.2069346,
            44.3584974
          ],
          [
            -68.2069453,
            44.3585592
          ],
          [
            -68.2070401,
            44.358823
          ],
          [
            -68.2070573,
            44.3588906
          ],
          [
            -68.2070807,
            44.3589538
          ],
          [
            -68.2070988,
            44.3590079
          ],
          [
            -68.2071193,
            44.3590631
          ],
          [
            -68.2071281,
            44.3591212
          ],
          [
            -68.2071526,
            44.3591895
          ],
          [
            -68.2071593,
            44.3592729
          ],
          [
            -68.2071181,
            44.3593801
          ],
          [
            -68.2070626,
            44.3594848
          ],
          [
            -68.2070304,
            44.3595861
          ],
          [
            -68.206976,
            44.3596376
          ],
          [
            -68.2068991,
            44.3597015
          ],
          [
            -68.2068372,
            44.3597398
          ],
          [
            -68.2067622,
            44.3597753
          ],
          [
            -68.2067575,
            44.3598522
          ],
          [
            -68.2067667,
            44.3599984
          ]
        ]
      },
      "id": "way/1183061762"
    },
    {
      "type": "Feature",
      "properties": {
        "@id": "way/1183061763",
        "_ALTTRLNAME_": "Sieur de Monts-Tarn",
        "_TRAILNAME_": "Wild Gardens Path",
        "_TRAILNUM_": "71",
        "_TRAILTYPE_": "Existing/Maintained",
        "bicycle": "no",
        "bridge": "yes",
        "foot": "designated",
        "highway": "path",
        "horse": "no",
        "layer": "1",
        "name": "Wild Gardens Path",
        "operator": "National Park Service",
        "operator:short": "NPS",
        "operator:type": "public",
        "operator:wikidata": "Q308439"
      },
      "geometry": {
        "type": "LineString",
        "coordinates": [
          [
            -68.2067667,
            44.3599984
          ],
          [
            -68.2067635,
            44.3600777
          ]
        ]
      },
      "id": "way/1183061763"
    },
    {
      "type": "Feature",
      "properties": {
        "@id": "way/1316039176",
        "bicycle": "no",
        "dog": "no",
        "foot": "designated",
        "highway": "path",
        "horse": "no",
        "lit": "no",
        "name": "The Precipice Trail",
        "operator": "National Park Service",
        "operator:short": "NPS",
        "operator:type": "public",
        "operator:wikidata": "Q308439",
        "sac_scale": "mountain_hiking",
        "source": "GPS",
        "surface": "rock"
      },
      "geometry": {
        "type": "LineString",
        "coordinates": [
          [
            -68.189896,
            44.349657
          ],
          [
            -68.189758,
            44.349651
          ],
          [
            -68.1897028,
            44.3496676
          ],
          [
            -68.189565,
            44.349709
          ],
          [
            -68.189485,
            44.349707
          ],
          [
            -68.189399,
            44.349673
          ],
          [
            -68.189329,
            44.349622
          ],
          [
            -68.189273,
            44.349546
          ],
          [
            -68.189273,
            44.349461
          ],
          [
            -68.189371,
            44.349271
          ],
          [
            -68.189368,
            44.349221
          ],
          [
            -68.189311,
            44.349144
          ],
          [
            -68.189246,
            44.349103
          ],
          [
            -68.189181,
            44.349084
          ],
          [
            -68.189067,
            44.349094
          ],
          [
            -68.188988,
            44.349136
          ],
          [
            -68.188833,
            44.349346
          ],
          [
            -68.188725,
            44.349444
          ],
          [
            -68.188553,
            44.349528
          ],
          [
            -68.188463,
            44.349549
          ],
          [
            -68.188376,
            44.349541
          ],
          [
            -68.188233,
            44.349492
          ],
          [
            -68.188136,
            44.349482
          ],
          [
            -68.1879225,
            44.3495114
          ]
        ]
      },
      "id": "way/1316039176"
    },
    {
      "type": "Feature",
      "properties": {
        "@id": "way/1316039177",
        "bicycle": "no",
        "dog": "no",
        "foot": "designated",
        "highway": "path",
        "horse": "no",
        "layer": "-1",
        "lit": "no",
        "name": "The Precipice Trail",
        "operator": "National Park Service",
        "operator:short": "NPS",
        "operator:type": "public",
        "operator:wikidata": "Q308439",
        "sac_scale": "mountain_hiking",
        "source": "GPS",
        "surface": "rock",
        "tunnel": "yes"
      },
      "geometry": {
        "type": "LineString",
        "coordinates": [
          [
            -68.190103,
            44.349843
          ],
          [
            -68.189969,
            44.349698
          ],
          [
            -68.189896,
            44.349657
          ]
        ]
      },
      "id": "way/1316039177"
    },
    {
      "type": "Feature",
      "properties": {
        "@id": "way/1410340941",
        "bicycle": "no",
        "foot": "designated",
        "highway": "path",
        "horse": "no",
        "name": "Orange & Black Path",
        "operator": "National Park Service",
        "operator:short": "NPS",
        "operator:type": "public",
        "operator:wikidata": "Q308439",
        "surface": "rock"
      },
      "geometry": {
        "type": "LineString",
        "coordinates": [
          [
            -68.190986,
            44.356572
          ],
          [
            -68.1910446,
            44.3565904
          ],
          [
            -68.1910844,
            44.3566145
          ],
          [
            -68.1911089,
            44.3566561
          ],
          [
            -68.1911273,
            44.3566932
          ],
          [
            -68.1911579,
            44.3567304
          ],
          [
            -68.1911364,
            44.3567633
          ],
          [
            -68.1910936,
            44.3568048
          ],
          [
            -68.1910661,
            44.3568355
          ],
          [
            -68.1910355,
            44.3568639
          ],
          [
            -68.191011,
            44.3568923
          ],
          [
            -68.1909804,
            44.3569208
          ],
          [
            -68.190962,
            44.3569536
          ],
          [
            -68.190962,
            44.3570061
          ],
          [
            -68.1909743,
            44.3570433
          ],
          [
            -68.1909926,
            44.3570805
          ],
          [
            -68.1910355,
            44.3571002
          ],
          [
            -68.191063,
            44.3571308
          ],
          [
            -68.1910783,
            44.3571658
          ],
          [
            -68.1910905,
            44.3572052
          ],
          [
            -68.1910997,
            44.3572402
          ],
          [
            -68.191115,
            44.3572752
          ],
          [
            -68.1911273,
            44.3573146
          ],
          [
            -68.191167,
            44.3573452
          ],
          [
            -68.1912313,
            44.3573518
          ],
          [
            -68.1912864,
            44.3573671
          ],
          [
            -68.191317,
            44.3574393
          ],
          [
            -68.1913716,
            44.3575022
          ],
          [
            -68.191398,
            44.3575204
          ],
          [
            -68.1914999,
            44.3575301
          ],
          [
            -68.191524,
            44.3575438
          ],
          [
            -68.191578,
            44.3575487
          ],
          [
            -68.1916047,
            44.3576074
          ],
          [
            -68.191642,
            44.3576302
          ],
          [
            -68.1916878,
            44.357662
          ],
          [
            -68.1917455,
            44.3577479
          ],
          [
            -68.1917668,
            44.3577931
          ],
          [
            -68.1917768,
            44.3578112
          ]
        ]
      },
      "id": "way/1410340941"
    },
    {
      "type": "Feature",
      "properties": {
        "@id": "way/1428373590",
        "bicycle": "no",
        "foot": "designated",
        "highway": "path",
        "horse": "no",
        "lit": "no",
        "name": "Great Head Trail",
        "operator": "National Park Service",
        "operator:short": "NPS",
        "operator:type": "public",
        "operator:wikidata": "Q308439",
        "surface": "gravel"
      },
      "geometry": {
        "type": "LineString",
        "coordinates": [
          [
            -68.1768657,
            44.3290607
          ],
          [
            -68.1771848,
            44.3293702
          ],
          [
            -68.1772802,
            44.3294384
          ],
          [
            -68.1773151,
            44.3294657
          ],
          [
            -68.1773481,
            44.32952
          ],
          [
            -68.1774353,
            44.3296736
          ],
          [
            -68.177591,
            44.3298098
          ],
          [
            -68.1776079,
            44.3298279
          ],
          [
            -68.1776247,
            44.3298641
          ],
          [
            -68.1776418,
            44.3299317
          ],
          [
            -68.1776721,
            44.3300039
          ],
          [
            -68.1776282,
            44.3301162
          ],
          [
            -68.1776441,
            44.3302153
          ],
          [
            -68.1775674,
            44.3303768
          ]
        ]
      },
      "id": "way/1428373590"
    },
    {
      "type": "Feature",
      "properties": {
        "@id": "way/1428373826",
        "bicycle": "no",
        "foot": "designated",
        "highway": "path",
        "horse": "no",
        "lit": "no",
        "name": "Great Head Trail",
        "operator": "National Park Service",
        "operator:short": "NPS",
        "operator:type": "public",
        "operator:wikidata": "Q308439",
        "surface": "wood"
      },
      "geometry": {
        "type": "LineString",
        "coordinates": [
          [
            -68.1766492,
            44.3288757
          ],
          [
            -68.1767733,
            44.3289711
          ],
          [
            -68.1768657,
            44.3290607
          ]
        ]
      },
      "id": "way/1428373826"
    },
    {
      "type": "Feature",
      "geometry": {
        "type": "LineString",
        "coordinates": [
          [
            -68.185219,
            44.35593
          ],
          [
            -68.185177,
            44.355877
          ],
          [
            -68.18479,
            44.355208
          ],
          [
            -68.184352,
            44.353587
          ],
          [
            -68.184044,
            44.35285
          ],
          [
            -68.183524,
            44.351999
          ],
          [
            -68.182624,
            44.350094
          ],
          [
            -68.182429,
            44.349854
          ],
          [
            -68.18227,
            44.349498
          ],
          [
            -68.182431,
            44.349163
          ],
          [
            -68.18206,
            44.348819
          ]
        ]
      },
      "properties": {
        "@id": "way/150201906",
        "_TRAILNAME_": "Schooner Head Path",
        "_TRAILNUM_": "76",
        "_TRAILTYPE_": "Existing/Maintained",
        "bicycle": "no",
        "foot": "designated",
        "highway": "path",
        "horse": "no",
        "name": "Schooner Head Path",
        "operator": "National Park Service",
        "operator:short": "NPS",
        "operator:type": "public",
        "operator:wikidata": "Q308439"
      }
    }
  ]
}